client_request_id,databricks_request_id,date,timestamp_ms,status_code,execution_time_ms,request,response,sampling_fraction,request_metadata
null,5ee94835-60dc-40ac-90f8-266449b01981,2024-09-28,1727528582880,200,5,"{""dataframe_split"": {""index"": [23720, 23721, 23722, 23723, 23724, 23725, 23726, 23727, 23728, 23729], ""columns"": [""index"", ""HighBP"", ""HighChol"", ""CholCheck"", ""BMI"", ""Smoker"", ""Stroke"", ""HeartDiseaseorAttack"", ""PhysActivity"", ""Fruits"", ""Veggies"", ""HvyAlcoholConsump"", ""AnyHealthcare"", ""NoDocbcCost"", ""GenHlth"", ""MentHlth"", ""PhysHlth"", ""DiffWalk"", ""Sex"", ""Age"", ""Education"", ""Income"", ""id""], ""data"": [[59044, 1.0, 1.0, 1.0, 54.0, 1.0, 0.0, 1.0, 0.0, 1.0, 1.0, 0.0, 1.0, 0.0, 4.0, 3.0, 2.0, 1.0, 0.0, 11.0, 5.0, 2.0, 59044], [59046, 0.0, 1.0, 1.0, 26.0, 0.0, 0.0, 0.0, 1.0, 1.0, 1.0, 0.0, 1.0, 0.0, 2.0, 0.0, 0.0, 0.0, 1.0, 10.0, 6.0, 6.0, 59046], [59048, 1.0, 0.0, 1.0, 26.0, 0.0, 1.0, 0.0, 0.0, 1.0, 0.0, 0.0, 1.0, 0.0, 3.0, 0.0, 0.0, 1.0, 1.0, 12.0, 4.0, 3.0, 59048], [59049, 1.0, 0.0, 1.0, 27.0, 0.0, 0.0, 0.0, 1.0, 1.0, 1.0, 0.0, 1.0, 0.0, 2.0, 0.0, 1.0, 0.0, 0.0, 11.0, 4.0, 4.0, 59049], [59052, 0.0, 1.0, 1.0, 22.0, 1.0, 1.0, 1.0, 1.0, 0.0, 0.0, 0.0, 1.0, 0.0, 5.0, 0.0, 5.0, 0.0, 1.0, 12.0, 2.0, 2.0, 59052], [59054, 1.0, 0.0, 1.0, 26.0, 1.0, 0.0, 0.0, 1.0, 1.0, 1.0, 0.0, 1.0, 0.0, 2.0, 0.0, 0.0, 0.0, 1.0, 11.0, 5.0, 4.0, 59054], [59058, 1.0, 0.0, 1.0, 47.0, 0.0, 0.0, 0.0, 1.0, 1.0, 1.0, 0.0, 1.0, 0.0, 3.0, 0.0, 0.0, 0.0, 1.0, 10.0, 6.0, 6.0, 59058], [59059, 1.0, 1.0, 1.0, 27.0, 1.0, 0.0, 0.0, 1.0, 1.0, 1.0, 0.0, 1.0, 0.0, 3.0, 0.0, 0.0, 0.0, 1.0, 10.0, 3.0, 6.0, 59059], [59060, 1.0, 1.0, 1.0, 46.0, 0.0, 0.0, 0.0, 1.0, 0.0, 1.0, 0.0, 1.0, 0.0, 2.0, 0.0, 2.0, 0.0, 1.0, 11.0, 3.0, 7.0, 59060], [59061, 1.0, 1.0, 1.0, 28.0, 0.0, 0.0, 0.0, 1.0, 1.0, 1.0, 0.0, 1.0, 0.0, 3.0, 0.0, 0.0, 0.0, 0.0, 10.0, 4.0, 5.0, 59061]]}}","{""predictions"": [1.0, 0.0, 1.0, 1.0, 1.0, 0.0, 1.0, 1.0, 1.0, 1.0]}",1,"{""model_name"":""demo_faddadbfcefc_model_monitor.ws_3551974319838082.diabetes_mo"",""endpoint_name"":""anupriya-malik-databricks-com_ML_AS04_Demo_3b"",""model_version"":""1""}"
null,27083e15-5eeb-4c9c-9d3d-138e9eee6081,2024-09-28,1727528582913,200,5,"{""dataframe_split"": {""index"": [23730, 23731, 23732, 23733, 23734, 23735, 23736, 23737, 23738, 23739], ""columns"": [""index"", ""HighBP"", ""HighChol"", ""CholCheck"", ""BMI"", ""Smoker"", ""Stroke"", ""HeartDiseaseorAttack"", ""PhysActivity"", ""Fruits"", ""Veggies"", ""HvyAlcoholConsump"", ""AnyHealthcare"", ""NoDocbcCost"", ""GenHlth"", ""MentHlth"", ""PhysHlth"", ""DiffWalk"", ""Sex"", ""Age"", ""Education"", ""Income"", ""id""], ""data"": [[59062, 1.0, 1.0, 1.0, 31.0, 0.0, 0.0, 1.0, 1.0, 0.0, 1.0, 0.0, 1.0, 0.0, 5.0, 0.0, 25.0, 0.0, 1.0, 13.0, 4.0, 5.0, 59062], [59064, 1.0, 0.0, 1.0, 20.0, 1.0, 0.0, 0.0, 1.0, 0.0, 1.0, 0.0, 1.0, 0.0, 3.0, 0.0, 1.0, 0.0, 1.0, 13.0, 4.0, 6.0, 59064], [59065, 1.0, 1.0, 1.0, 33.0, 0.0, 0.0, 1.0, 0.0, 1.0, 1.0, 0.0, 1.0, 0.0, 3.0, 0.0, 2.0, 1.0, 1.0, 10.0, 5.0, 5.0, 59065], [59067, 0.0, 1.0, 1.0, 33.0, 1.0, 0.0, 1.0, 0.0, 0.0, 1.0, 0.0, 1.0, 0.0, 5.0, 4.0, 30.0, 1.0, 0.0, 12.0, 6.0, 6.0, 59067], [59068, 1.0, 1.0, 1.0, 41.0, 0.0, 0.0, 0.0, 0.0, 1.0, 1.0, 0.0, 1.0, 0.0, 3.0, 0.0, 3.0, 0.0, 0.0, 13.0, 6.0, 6.0, 59068], [59069, 1.0, 0.0, 1.0, 27.0, 0.0, 0.0, 0.0, 1.0, 1.0, 1.0, 0.0, 1.0, 0.0, 3.0, 0.0, 0.0, 0.0, 0.0, 11.0, 4.0, 2.0, 59069], [59071, 1.0, 1.0, 1.0, 23.0, 0.0, 0.0, 0.0, 1.0, 1.0, 1.0, 0.0, 1.0, 0.0, 3.0, 2.0, 0.0, 0.0, 0.0, 10.0, 6.0, 8.0, 59071], [59072, 1.0, 1.0, 1.0, 31.0, 0.0, 1.0, 0.0, 0.0, 0.0, 0.0, 0.0, 1.0, 0.0, 5.0, 0.0, 30.0, 1.0, 0.0, 12.0, 4.0, 7.0, 59072], [59073, 0.0, 0.0, 1.0, 29.0, 0.0, 0.0, 0.0, 1.0, 1.0, 1.0, 0.0, 1.0, 0.0, 2.0, 0.0, 0.0, 0.0, 0.0, 12.0, 5.0, 5.0, 59073], [59075, 1.0, 0.0, 1.0, 24.0, 0.0, 0.0, 0.0, 1.0, 1.0, 1.0, 0.0, 1.0, 0.0, 2.0, 0.0, 30.0, 0.0, 1.0, 13.0, 4.0, 4.0, 59075]]}}","{""predictions"": [1.0, 1.0, 1.0, 1.0, 1.0, 1.0, 1.0, 0.0, 1.0, 1.0]}",1,"{""model_name"":""demo_faddadbfcefc_model_monitor.ws_3551974319838082.diabetes_mo"",""endpoint_name"":""anupriya-malik-databricks-com_ML_AS04_Demo_3b"",""model_version"":""1""}"
null,767a9376-b935-4dfb-ac00-8f153f0f8734,2024-09-28,1727528583116,200,5,"{""dataframe_split"": {""index"": [23800, 23801, 23802, 23803, 23804, 23805, 23806, 23807, 23808, 23809], ""columns"": [""index"", ""HighBP"", ""HighChol"", ""CholCheck"", ""BMI"", ""Smoker"", ""Stroke"", ""HeartDiseaseorAttack"", ""PhysActivity"", ""Fruits"", ""Veggies"", ""HvyAlcoholConsump"", ""AnyHealthcare"", ""NoDocbcCost"", ""GenHlth"", ""MentHlth"", ""PhysHlth"", ""DiffWalk"", ""Sex"", ""Age"", ""Education"", ""Income"", ""id""], ""data"": [[59180, 1.0, 1.0, 1.0, 26.0, 1.0, 0.0, 1.0, 0.0, 0.0, 0.0, 0.0, 1.0, 0.0, 2.0, 0.0, 0.0, 0.0, 0.0, 12.0, 3.0, 5.0, 59180], [59184, 0.0, 1.0, 1.0, 21.0, 1.0, 0.0, 0.0, 0.0, 1.0, 0.0, 0.0, 1.0, 0.0, 3.0, 0.0, 0.0, 0.0, 1.0, 12.0, 4.0, 4.0, 59184], [59185, 1.0, 1.0, 1.0, 24.0, 1.0, 1.0, 1.0, 1.0, 1.0, 1.0, 0.0, 1.0, 0.0, 5.0, 0.0, 30.0, 1.0, 0.0, 13.0, 5.0, 5.0, 59185], [59186, 0.0, 0.0, 1.0, 34.0, 0.0, 0.0, 0.0, 1.0, 1.0, 1.0, 0.0, 1.0, 0.0, 3.0, 0.0, 0.0, 0.0, 0.0, 11.0, 6.0, 8.0, 59186], [59187, 1.0, 1.0, 1.0, 26.0, 0.0, 1.0, 1.0, 1.0, 1.0, 0.0, 0.0, 1.0, 0.0, 2.0, 0.0, 0.0, 0.0, 1.0, 11.0, 6.0, 6.0, 59187], [59188, 1.0, 1.0, 1.0, 27.0, 1.0, 0.0, 0.0, 1.0, 1.0, 0.0, 0.0, 1.0, 0.0, 2.0, 0.0, 0.0, 0.0, 0.0, 11.0, 4.0, 5.0, 59188], [59189, 1.0, 0.0, 1.0, 33.0, 1.0, 0.0, 1.0, 1.0, 1.0, 1.0, 0.0, 1.0, 0.0, 4.0, 0.0, 0.0, 0.0, 1.0, 10.0, 3.0, 7.0, 59189], [59190, 1.0, 0.0, 1.0, 33.0, 1.0, 0.0, 0.0, 1.0, 1.0, 1.0, 0.0, 1.0, 0.0, 3.0, 0.0, 0.0, 0.0, 0.0, 10.0, 4.0, 4.0, 59190], [59191, 0.0, 1.0, 1.0, 27.0, 1.0, 0.0, 1.0, 1.0, 0.0, 1.0, 0.0, 1.0, 0.0, 2.0, 0.0, 0.0, 0.0, 1.0, 11.0, 3.0, 6.0, 59191], [59195, 1.0, 1.0, 1.0, 26.0, 0.0, 1.0, 0.0, 0.0, 1.0, 1.0, 0.0, 1.0, 0.0, 3.0, 20.0, 30.0, 0.0, 0.0, 11.0, 4.0, 5.0, 59195]]}}","{""predictions"": [1.0, 1.0, 1.0, 0.0, 1.0, 1.0, 1.0, 1.0, 1.0, 0.0]}",1,"{""model_name"":""demo_faddadbfcefc_model_monitor.ws_3551974319838082.diabetes_mo"",""endpoint_name"":""anupriya-malik-databricks-com_ML_AS04_Demo_3b"",""model_version"":""1""}"
null,faebd025-edd3-44cd-a373-2dadc559ca9f,2024-09-28,1727528583176,200,5,"{""dataframe_split"": {""index"": [23820, 23821, 23822, 23823, 23824, 23825, 23826, 23827, 23828, 23829], ""columns"": [""index"", ""HighBP"", ""HighChol"", ""CholCheck"", ""BMI"", ""Smoker"", ""Stroke"", ""HeartDiseaseorAttack"", ""PhysActivity"", ""Fruits"", ""Veggies"", ""HvyAlcoholConsump"", ""AnyHealthcare"", ""NoDocbcCost"", ""GenHlth"", ""MentHlth"", ""PhysHlth"", ""DiffWalk"", ""Sex"", ""Age"", ""Education"", ""Income"", ""id""], ""data"": [[59211, 1.0, 1.0, 1.0, 38.0, 0.0, 0.0, 0.0, 0.0, 0.0, 0.0, 0.0, 1.0, 0.0, 2.0, 0.0, 0.0, 0.0, 0.0, 11.0, 5.0, 7.0, 59211], [59214, 0.0, 0.0, 1.0, 22.0, 0.0, 0.0, 1.0, 0.0, 1.0, 1.0, 0.0, 1.0, 0.0, 1.0, 0.0, 30.0, 0.0, 0.0, 13.0, 4.0, 6.0, 59214], [59215, 0.0, 0.0, 1.0, 25.0, 1.0, 0.0, 0.0, 1.0, 1.0, 1.0, 0.0, 1.0, 0.0, 4.0, 0.0, 30.0, 0.0, 1.0, 11.0, 4.0, 5.0, 59215], [59216, 1.0, 1.0, 1.0, 25.0, 1.0, 0.0, 0.0, 1.0, 1.0, 1.0, 0.0, 1.0, 0.0, 2.0, 0.0, 0.0, 0.0, 1.0, 10.0, 5.0, 4.0, 59216], [59218, 0.0, 0.0, 1.0, 25.0, 1.0, 0.0, 0.0, 0.0, 1.0, 1.0, 0.0, 1.0, 0.0, 3.0, 0.0, 0.0, 1.0, 1.0, 13.0, 4.0, 7.0, 59218], [59219, 1.0, 1.0, 1.0, 39.0, 1.0, 0.0, 1.0, 0.0, 0.0, 0.0, 0.0, 1.0, 0.0, 4.0, 0.0, 0.0, 1.0, 0.0, 13.0, 3.0, 5.0, 59219], [59220, 1.0, 1.0, 1.0, 25.0, 1.0, 0.0, 0.0, 1.0, 1.0, 1.0, 0.0, 1.0, 0.0, 2.0, 0.0, 0.0, 0.0, 0.0, 10.0, 5.0, 8.0, 59220], [59221, 1.0, 1.0, 1.0, 28.0, 0.0, 1.0, 0.0, 0.0, 1.0, 1.0, 0.0, 1.0, 0.0, 3.0, 2.0, 5.0, 1.0, 1.0, 12.0, 5.0, 7.0, 59221], [59222, 1.0, 1.0, 1.0, 23.0, 0.0, 0.0, 1.0, 1.0, 1.0, 1.0, 0.0, 1.0, 0.0, 4.0, 0.0, 10.0, 1.0, 1.0, 13.0, 4.0, 6.0, 59222], [59223, 1.0, 1.0, 1.0, 32.0, 0.0, 1.0, 1.0, 1.0, 1.0, 1.0, 0.0, 1.0, 0.0, 4.0, 1.0, 7.0, 1.0, 0.0, 10.0, 6.0, 3.0, 59223]]}}","{""predictions"": [1.0, 0.0, 1.0, 1.0, 0.0, 1.0, 0.0, 0.0, 1.0, 1.0]}",1,"{""model_name"":""demo_faddadbfcefc_model_monitor.ws_3551974319838082.diabetes_mo"",""endpoint_name"":""anupriya-malik-databricks-com_ML_AS04_Demo_3b"",""model_version"":""1""}"
null,a0f2b7f1-438b-4a74-8647-e09c5f43c070,2024-09-28,1727528583205,200,5,"{""dataframe_split"": {""index"": [23830, 23831, 23832, 23833, 23834, 23835, 23836, 23837, 23838, 23839], ""columns"": [""index"", ""HighBP"", ""HighChol"", ""CholCheck"", ""BMI"", ""Smoker"", ""Stroke"", ""HeartDiseaseorAttack"", ""PhysActivity"", ""Fruits"", ""Veggies"", ""HvyAlcoholConsump"", ""AnyHealthcare"", ""NoDocbcCost"", ""GenHlth"", ""MentHlth"", ""PhysHlth"", ""DiffWalk"", ""Sex"", ""Age"", ""Education"", ""Income"", ""id""], ""data"": [[59224, 0.0, 1.0, 1.0, 27.0, 1.0, 0.0, 1.0, 1.0, 0.0, 1.0, 0.0, 1.0, 0.0, 3.0, 0.0, 4.0, 0.0, 1.0, 13.0, 5.0, 6.0, 59224], [59225, 1.0, 1.0, 1.0, 39.0, 0.0, 0.0, 0.0, 1.0, 1.0, 0.0, 0.0, 1.0, 0.0, 3.0, 0.0, 0.0, 1.0, 0.0, 10.0, 6.0, 6.0, 59225], [59230, 1.0, 0.0, 1.0, 23.0, 0.0, 0.0, 0.0, 1.0, 1.0, 1.0, 0.0, 1.0, 0.0, 4.0, 30.0, 25.0, 1.0, 0.0, 12.0, 5.0, 4.0, 59230], [59233, 0.0, 1.0, 1.0, 30.0, 1.0, 0.0, 0.0, 1.0, 1.0, 1.0, 0.0, 1.0, 0.0, 3.0, 0.0, 0.0, 0.0, 1.0, 11.0, 6.0, 8.0, 59233], [59235, 0.0, 0.0, 1.0, 26.0, 1.0, 1.0, 1.0, 1.0, 1.0, 0.0, 0.0, 1.0, 0.0, 4.0, 15.0, 15.0, 0.0, 0.0, 10.0, 4.0, 4.0, 59235], [59237, 1.0, 1.0, 1.0, 43.0, 1.0, 0.0, 0.0, 0.0, 1.0, 1.0, 0.0, 1.0, 0.0, 4.0, 0.0, 5.0, 0.0, 1.0, 11.0, 3.0, 5.0, 59237], [59238, 1.0, 1.0, 1.0, 29.0, 0.0, 0.0, 0.0, 0.0, 1.0, 1.0, 0.0, 1.0, 0.0, 4.0, 0.0, 5.0, 1.0, 0.0, 11.0, 4.0, 3.0, 59238], [59242, 1.0, 1.0, 1.0, 35.0, 0.0, 0.0, 0.0, 1.0, 0.0, 0.0, 0.0, 1.0, 0.0, 3.0, 0.0, 8.0, 0.0, 0.0, 11.0, 4.0, 5.0, 59242], [59243, 1.0, 1.0, 1.0, 36.0, 1.0, 1.0, 0.0, 1.0, 0.0, 1.0, 0.0, 1.0, 0.0, 3.0, 0.0, 0.0, 0.0, 1.0, 10.0, 5.0, 7.0, 59243], [59244, 0.0, 1.0, 1.0, 42.0, 0.0, 0.0, 0.0, 0.0, 0.0, 1.0, 0.0, 1.0, 0.0, 5.0, 30.0, 30.0, 1.0, 0.0, 10.0, 6.0, 6.0, 59244]]}}","{""predictions"": [0.0, 1.0, 1.0, 1.0, 0.0, 1.0, 1.0, 0.0, 1.0, 1.0]}",1,"{""model_name"":""demo_faddadbfcefc_model_monitor.ws_3551974319838082.diabetes_mo"",""endpoint_name"":""anupriya-malik-databricks-com_ML_AS04_Demo_3b"",""model_version"":""1""}"
null,e0c8a08f-2f0f-4d22-9428-ac1bf876d8c7,2024-09-28,1727528583235,200,5,"{""dataframe_split"": {""index"": [23840, 23841, 23842, 23843, 23844, 23845, 23846, 23847, 23848, 23849], ""columns"": [""index"", ""HighBP"", ""HighChol"", ""CholCheck"", ""BMI"", ""Smoker"", ""Stroke"", ""HeartDiseaseorAttack"", ""PhysActivity"", ""Fruits"", ""Veggies"", ""HvyAlcoholConsump"", ""AnyHealthcare"", ""NoDocbcCost"", ""GenHlth"", ""MentHlth"", ""PhysHlth"", ""DiffWalk"", ""Sex"", ""Age"", ""Education"", ""Income"", ""id""], ""data"": [[59245, 0.0, 0.0, 1.0, 35.0, 0.0, 0.0, 0.0, 1.0, 1.0, 1.0, 0.0, 1.0, 0.0, 2.0, 0.0, 0.0, 0.0, 0.0, 11.0, 5.0, 4.0, 59245], [59246, 1.0, 1.0, 1.0, 29.0, 0.0, 0.0, 1.0, 1.0, 1.0, 1.0, 0.0, 1.0, 0.0, 2.0, 0.0, 5.0, 0.0, 1.0, 11.0, 6.0, 6.0, 59246], [59247, 1.0, 1.0, 1.0, 37.0, 0.0, 0.0, 1.0, 1.0, 1.0, 1.0, 0.0, 1.0, 0.0, 3.0, 0.0, 3.0, 0.0, 0.0, 11.0, 4.0, 4.0, 59247], [59249, 1.0, 1.0, 1.0, 33.0, 0.0, 0.0, 0.0, 1.0, 0.0, 0.0, 0.0, 1.0, 0.0, 3.0, 25.0, 0.0, 0.0, 0.0, 11.0, 4.0, 2.0, 59249], [59251, 1.0, 1.0, 1.0, 29.0, 1.0, 0.0, 1.0, 1.0, 1.0, 1.0, 0.0, 1.0, 0.0, 5.0, 10.0, 30.0, 1.0, 1.0, 10.0, 4.0, 7.0, 59251], [59254, 1.0, 1.0, 1.0, 26.0, 1.0, 0.0, 0.0, 0.0, 1.0, 0.0, 0.0, 1.0, 0.0, 3.0, 0.0, 7.0, 0.0, 0.0, 13.0, 4.0, 6.0, 59254], [59255, 1.0, 1.0, 1.0, 29.0, 1.0, 0.0, 0.0, 0.0, 0.0, 0.0, 1.0, 1.0, 0.0, 5.0, 0.0, 30.0, 1.0, 0.0, 11.0, 6.0, 4.0, 59255], [59256, 0.0, 0.0, 1.0, 32.0, 0.0, 0.0, 0.0, 1.0, 1.0, 0.0, 0.0, 1.0, 0.0, 3.0, 0.0, 0.0, 1.0, 0.0, 13.0, 4.0, 6.0, 59256], [59258, 1.0, 0.0, 1.0, 27.0, 0.0, 0.0, 0.0, 0.0, 0.0, 1.0, 0.0, 1.0, 1.0, 5.0, 2.0, 10.0, 1.0, 0.0, 12.0, 4.0, 2.0, 59258], [59259, 0.0, 0.0, 1.0, 29.0, 1.0, 0.0, 1.0, 1.0, 1.0, 1.0, 0.0, 1.0, 0.0, 4.0, 0.0, 30.0, 1.0, 1.0, 12.0, 6.0, 8.0, 59259]]}}","{""predictions"": [1.0, 1.0, 1.0, 1.0, 1.0, 1.0, 0.0, 0.0, 1.0, 0.0]}",1,"{""model_name"":""demo_faddadbfcefc_model_monitor.ws_3551974319838082.diabetes_mo"",""endpoint_name"":""anupriya-malik-databricks-com_ML_AS04_Demo_3b"",""model_version"":""1""}"
null,cc7ccef8-2d15-4508-b16f-ef940001c097,2024-09-28,1727528583265,200,5,"{""dataframe_split"": {""index"": [23850, 23851, 23852, 23853, 23854, 23855, 23856, 23857, 23858, 23859], ""columns"": [""index"", ""HighBP"", ""HighChol"", ""CholCheck"", ""BMI"", ""Smoker"", ""Stroke"", ""HeartDiseaseorAttack"", ""PhysActivity"", ""Fruits"", ""Veggies"", ""HvyAlcoholConsump"", ""AnyHealthcare"", ""NoDocbcCost"", ""GenHlth"", ""MentHlth"", ""PhysHlth"", ""DiffWalk"", ""Sex"", ""Age"", ""Education"", ""Income"", ""id""], ""data"": [[59260, 1.0, 1.0, 1.0, 34.0, 0.0, 1.0, 0.0, 1.0, 1.0, 1.0, 0.0, 1.0, 0.0, 5.0, 30.0, 15.0, 1.0, 0.0, 10.0, 6.0, 2.0, 59260], [59261, 1.0, 1.0, 1.0, 31.0, 1.0, 0.0, 1.0, 1.0, 1.0, 1.0, 0.0, 1.0, 0.0, 5.0, 0.0, 15.0, 1.0, 1.0, 12.0, 6.0, 6.0, 59261], [59262, 0.0, 1.0, 1.0, 38.0, 0.0, 0.0, 0.0, 1.0, 0.0, 0.0, 0.0, 1.0, 0.0, 4.0, 0.0, 0.0, 0.0, 0.0, 10.0, 5.0, 6.0, 59262], [59264, 0.0, 0.0, 1.0, 24.0, 1.0, 0.0, 0.0, 1.0, 0.0, 1.0, 0.0, 1.0, 0.0, 4.0, 0.0, 0.0, 0.0, 0.0, 10.0, 4.0, 4.0, 59264], [59265, 1.0, 1.0, 1.0, 32.0, 0.0, 0.0, 0.0, 0.0, 0.0, 0.0, 0.0, 1.0, 0.0, 2.0, 3.0, 0.0, 0.0, 1.0, 11.0, 4.0, 7.0, 59265], [59266, 1.0, 1.0, 1.0, 33.0, 0.0, 1.0, 1.0, 1.0, 1.0, 1.0, 0.0, 1.0, 0.0, 3.0, 0.0, 6.0, 0.0, 0.0, 11.0, 5.0, 6.0, 59266], [59267, 1.0, 1.0, 1.0, 30.0, 1.0, 0.0, 1.0, 0.0, 1.0, 1.0, 0.0, 1.0, 0.0, 2.0, 0.0, 0.0, 0.0, 0.0, 10.0, 4.0, 8.0, 59267], [59268, 1.0, 1.0, 1.0, 39.0, 0.0, 0.0, 0.0, 0.0, 0.0, 1.0, 0.0, 1.0, 0.0, 3.0, 0.0, 0.0, 1.0, 0.0, 11.0, 6.0, 6.0, 59268], [59269, 1.0, 0.0, 1.0, 30.0, 0.0, 0.0, 0.0, 0.0, 1.0, 1.0, 0.0, 1.0, 0.0, 3.0, 0.0, 3.0, 0.0, 0.0, 10.0, 6.0, 7.0, 59269], [59270, 1.0, 0.0, 1.0, 34.0, 0.0, 1.0, 0.0, 1.0, 1.0, 0.0, 0.0, 1.0, 1.0, 4.0, 0.0, 1.0, 0.0, 0.0, 10.0, 5.0, 5.0, 59270]]}}","{""predictions"": [1.0, 1.0, 0.0, 0.0, 1.0, 1.0, 0.0, 1.0, 1.0, 1.0]}",1,"{""model_name"":""demo_faddadbfcefc_model_monitor.ws_3551974319838082.diabetes_mo"",""endpoint_name"":""anupriya-malik-databricks-com_ML_AS04_Demo_3b"",""model_version"":""1""}"
null,ae19c45e-abe5-4cfe-93b3-01b2d4bf78fb,2024-09-28,1727528583294,200,5,"{""dataframe_split"": {""index"": [23860, 23861, 23862, 23863, 23864, 23865, 23866, 23867, 23868, 23869], ""columns"": [""index"", ""HighBP"", ""HighChol"", ""CholCheck"", ""BMI"", ""Smoker"", ""Stroke"", ""HeartDiseaseorAttack"", ""PhysActivity"", ""Fruits"", ""Veggies"", ""HvyAlcoholConsump"", ""AnyHealthcare"", ""NoDocbcCost"", ""GenHlth"", ""MentHlth"", ""PhysHlth"", ""DiffWalk"", ""Sex"", ""Age"", ""Education"", ""Income"", ""id""], ""data"": [[59272, 0.0, 1.0, 1.0, 32.0, 0.0, 0.0, 0.0, 1.0, 0.0, 1.0, 0.0, 1.0, 0.0, 3.0, 0.0, 5.0, 0.0, 1.0, 10.0, 6.0, 8.0, 59272], [59273, 1.0, 1.0, 1.0, 37.0, 0.0, 0.0, 0.0, 0.0, 0.0, 0.0, 0.0, 1.0, 0.0, 3.0, 10.0, 1.0, 1.0, 0.0, 10.0, 4.0, 7.0, 59273], [59277, 1.0, 1.0, 1.0, 43.0, 1.0, 0.0, 1.0, 0.0, 0.0, 0.0, 0.0, 1.0, 0.0, 4.0, 0.0, 0.0, 1.0, 1.0, 11.0, 4.0, 2.0, 59277], [59278, 1.0, 1.0, 1.0, 31.0, 0.0, 0.0, 0.0, 1.0, 0.0, 1.0, 0.0, 1.0, 0.0, 3.0, 0.0, 0.0, 1.0, 0.0, 11.0, 4.0, 4.0, 59278], [59279, 1.0, 0.0, 1.0, 26.0, 0.0, 0.0, 0.0, 0.0, 0.0, 1.0, 0.0, 1.0, 0.0, 3.0, 0.0, 25.0, 0.0, 1.0, 11.0, 4.0, 7.0, 59279], [59280, 1.0, 1.0, 1.0, 29.0, 1.0, 0.0, 0.0, 0.0, 1.0, 1.0, 0.0, 1.0, 0.0, 3.0, 30.0, 30.0, 1.0, 0.0, 11.0, 4.0, 2.0, 59280], [59281, 0.0, 0.0, 1.0, 23.0, 0.0, 0.0, 0.0, 1.0, 0.0, 1.0, 0.0, 1.0, 0.0, 2.0, 0.0, 1.0, 0.0, 0.0, 10.0, 6.0, 6.0, 59281], [59282, 0.0, 0.0, 1.0, 27.0, 1.0, 0.0, 0.0, 1.0, 1.0, 1.0, 0.0, 1.0, 0.0, 3.0, 10.0, 0.0, 0.0, 1.0, 12.0, 6.0, 6.0, 59282], [59283, 1.0, 1.0, 1.0, 22.0, 1.0, 0.0, 1.0, 0.0, 0.0, 1.0, 0.0, 1.0, 1.0, 3.0, 0.0, 30.0, 0.0, 1.0, 10.0, 2.0, 1.0, 59283], [59284, 1.0, 0.0, 1.0, 30.0, 1.0, 0.0, 1.0, 1.0, 1.0, 1.0, 0.0, 1.0, 0.0, 3.0, 0.0, 0.0, 1.0, 1.0, 11.0, 5.0, 5.0, 59284]]}}","{""predictions"": [0.0, 1.0, 1.0, 0.0, 0.0, 1.0, 0.0, 0.0, 1.0, 0.0]}",1,"{""model_name"":""demo_faddadbfcefc_model_monitor.ws_3551974319838082.diabetes_mo"",""endpoint_name"":""anupriya-malik-databricks-com_ML_AS04_Demo_3b"",""model_version"":""1""}"
null,5b57c7ab-87e2-4142-a8f3-9b9fa31e6bd0,2024-09-28,1727528583324,200,5,"{""dataframe_split"": {""index"": [23870, 23871, 23872, 23873, 23874, 23875, 23876, 23877, 23878, 23879], ""columns"": [""index"", ""HighBP"", ""HighChol"", ""CholCheck"", ""BMI"", ""Smoker"", ""Stroke"", ""HeartDiseaseorAttack"", ""PhysActivity"", ""Fruits"", ""Veggies"", ""HvyAlcoholConsump"", ""AnyHealthcare"", ""NoDocbcCost"", ""GenHlth"", ""MentHlth"", ""PhysHlth"", ""DiffWalk"", ""Sex"", ""Age"", ""Education"", ""Income"", ""id""], ""data"": [[59285, 1.0, 0.0, 1.0, 40.0, 0.0, 0.0, 0.0, 1.0, 1.0, 1.0, 0.0, 1.0, 0.0, 3.0, 0.0, 0.0, 0.0, 0.0, 10.0, 5.0, 4.0, 59285], [59287, 1.0, 0.0, 1.0, 36.0, 0.0, 0.0, 0.0, 1.0, 0.0, 0.0, 0.0, 1.0, 0.0, 2.0, 0.0, 0.0, 0.0, 1.0, 10.0, 4.0, 5.0, 59287], [59290, 1.0, 1.0, 1.0, 37.0, 0.0, 0.0, 0.0, 0.0, 1.0, 1.0, 0.0, 1.0, 0.0, 4.0, 7.0, 1.0, 1.0, 0.0, 10.0, 4.0, 3.0, 59290], [59291, 0.0, 0.0, 1.0, 25.0, 0.0, 0.0, 1.0, 1.0, 0.0, 1.0, 0.0, 1.0, 0.0, 5.0, 20.0, 20.0, 1.0, 0.0, 11.0, 3.0, 2.0, 59291], [59297, 1.0, 1.0, 1.0, 22.0, 1.0, 0.0, 0.0, 1.0, 0.0, 0.0, 0.0, 1.0, 0.0, 1.0, 0.0, 0.0, 0.0, 0.0, 10.0, 5.0, 6.0, 59297], [59298, 0.0, 0.0, 1.0, 27.0, 0.0, 0.0, 0.0, 1.0, 1.0, 1.0, 0.0, 1.0, 0.0, 4.0, 0.0, 0.0, 0.0, 1.0, 13.0, 4.0, 5.0, 59298], [59301, 1.0, 1.0, 1.0, 27.0, 0.0, 0.0, 0.0, 1.0, 0.0, 0.0, 0.0, 1.0, 0.0, 4.0, 0.0, 2.0, 0.0, 1.0, 10.0, 4.0, 2.0, 59301], [59302, 1.0, 1.0, 1.0, 30.0, 0.0, 0.0, 0.0, 1.0, 1.0, 1.0, 0.0, 1.0, 0.0, 3.0, 0.0, 0.0, 0.0, 1.0, 10.0, 6.0, 7.0, 59302], [59303, 1.0, 1.0, 1.0, 45.0, 0.0, 0.0, 0.0, 0.0, 1.0, 1.0, 0.0, 1.0, 0.0, 4.0, 3.0, 25.0, 1.0, 0.0, 12.0, 5.0, 2.0, 59303], [59304, 1.0, 0.0, 1.0, 29.0, 0.0, 0.0, 0.0, 0.0, 0.0, 0.0, 0.0, 1.0, 0.0, 5.0, 30.0, 30.0, 1.0, 0.0, 10.0, 4.0, 6.0, 59304]]}}","{""predictions"": [1.0, 1.0, 1.0, 0.0, 0.0, 0.0, 1.0, 0.0, 1.0, 1.0]}",1,"{""model_name"":""demo_faddadbfcefc_model_monitor.ws_3551974319838082.diabetes_mo"",""endpoint_name"":""anupriya-malik-databricks-com_ML_AS04_Demo_3b"",""model_version"":""1""}"
null,369ab270-0419-4d4a-94ad-3451bb20e8bb,2024-09-28,1727528583354,200,5,"{""dataframe_split"": {""index"": [23880, 23881, 23882, 23883, 23884, 23885, 23886, 23887, 23888, 23889], ""columns"": [""index"", ""HighBP"", ""HighChol"", ""CholCheck"", ""BMI"", ""Smoker"", ""Stroke"", ""HeartDiseaseorAttack"", ""PhysActivity"", ""Fruits"", ""Veggies"", ""HvyAlcoholConsump"", ""AnyHealthcare"", ""NoDocbcCost"", ""GenHlth"", ""MentHlth"", ""PhysHlth"", ""DiffWalk"", ""Sex"", ""Age"", ""Education"", ""Income"", ""id""], ""data"": [[59306, 1.0, 1.0, 1.0, 31.0, 1.0, 0.0, 1.0, 1.0, 1.0, 1.0, 0.0, 1.0, 0.0, 1.0, 0.0, 0.0, 1.0, 1.0, 12.0, 5.0, 5.0, 59306], [59309, 0.0, 1.0, 1.0, 27.0, 0.0, 0.0, 0.0, 0.0, 1.0, 1.0, 0.0, 1.0, 0.0, 3.0, 0.0, 0.0, 0.0, 0.0, 10.0, 4.0, 6.0, 59309], [59310, 1.0, 1.0, 1.0, 27.0, 1.0, 0.0, 0.0, 1.0, 1.0, 1.0, 0.0, 1.0, 0.0, 1.0, 0.0, 0.0, 0.0, 1.0, 12.0, 6.0, 8.0, 59310], [59312, 1.0, 0.0, 1.0, 30.0, 0.0, 0.0, 0.0, 1.0, 0.0, 1.0, 0.0, 1.0, 0.0, 3.0, 0.0, 2.0, 0.0, 1.0, 12.0, 6.0, 3.0, 59312], [59313, 1.0, 0.0, 1.0, 20.0, 0.0, 1.0, 0.0, 1.0, 1.0, 1.0, 0.0, 1.0, 0.0, 2.0, 0.0, 0.0, 0.0, 0.0, 13.0, 5.0, 3.0, 59313], [59314, 1.0, 0.0, 1.0, 31.0, 1.0, 0.0, 0.0, 1.0, 1.0, 0.0, 0.0, 1.0, 0.0, 3.0, 30.0, 0.0, 0.0, 0.0, 10.0, 5.0, 5.0, 59314], [59319, 1.0, 1.0, 1.0, 32.0, 0.0, 0.0, 0.0, 0.0, 1.0, 1.0, 0.0, 1.0, 0.0, 3.0, 0.0, 0.0, 0.0, 0.0, 12.0, 6.0, 7.0, 59319], [59320, 1.0, 0.0, 1.0, 21.0, 1.0, 0.0, 0.0, 1.0, 0.0, 1.0, 0.0, 1.0, 0.0, 4.0, 0.0, 0.0, 0.0, 1.0, 13.0, 5.0, 5.0, 59320], [59321, 1.0, 1.0, 1.0, 35.0, 0.0, 0.0, 0.0, 1.0, 1.0, 1.0, 0.0, 1.0, 0.0, 4.0, 3.0, 0.0, 0.0, 0.0, 10.0, 6.0, 6.0, 59321], [59322, 1.0, 1.0, 1.0, 32.0, 1.0, 0.0, 0.0, 0.0, 1.0, 1.0, 0.0, 1.0, 0.0, 4.0, 0.0, 4.0, 0.0, 1.0, 12.0, 4.0, 5.0, 59322]]}}","{""predictions"": [0.0, 1.0, 0.0, 1.0, 0.0, 1.0, 1.0, 0.0, 1.0, 1.0]}",1,"{""model_name"":""demo_faddadbfcefc_model_monitor.ws_3551974319838082.diabetes_mo"",""endpoint_name"":""anupriya-malik-databricks-com_ML_AS04_Demo_3b"",""model_version"":""1""}"
null,91e754e7-c1e6-497d-9ebd-566722bca431,2024-09-28,1727528583421,200,5,"{""dataframe_split"": {""index"": [23900, 23901, 23902, 23903, 23904, 23905, 23906, 23907, 23908, 23909], ""columns"": [""index"", ""HighBP"", ""HighChol"", ""CholCheck"", ""BMI"", ""Smoker"", ""Stroke"", ""HeartDiseaseorAttack"", ""PhysActivity"", ""Fruits"", ""Veggies"", ""HvyAlcoholConsump"", ""AnyHealthcare"", ""NoDocbcCost"", ""GenHlth"", ""MentHlth"", ""PhysHlth"", ""DiffWalk"", ""Sex"", ""Age"", ""Education"", ""Income"", ""id""], ""data"": [[59340, 1.0, 1.0, 1.0, 23.0, 0.0, 0.0, 0.0, 1.0, 1.0, 0.0, 0.0, 1.0, 0.0, 2.0, 0.0, 0.0, 0.0, 0.0, 13.0, 4.0, 6.0, 59340], [59341, 1.0, 0.0, 1.0, 24.0, 1.0, 0.0, 0.0, 1.0, 0.0, 1.0, 0.0, 1.0, 0.0, 2.0, 0.0, 0.0, 0.0, 1.0, 13.0, 4.0, 6.0, 59341], [59344, 1.0, 0.0, 1.0, 33.0, 1.0, 0.0, 0.0, 1.0, 1.0, 1.0, 0.0, 1.0, 0.0, 2.0, 0.0, 0.0, 0.0, 0.0, 11.0, 4.0, 7.0, 59344], [59345, 1.0, 0.0, 1.0, 37.0, 0.0, 0.0, 0.0, 1.0, 1.0, 1.0, 0.0, 1.0, 0.0, 3.0, 0.0, 1.0, 0.0, 0.0, 11.0, 4.0, 6.0, 59345], [59346, 1.0, 1.0, 1.0, 27.0, 0.0, 0.0, 0.0, 0.0, 1.0, 1.0, 0.0, 1.0, 0.0, 3.0, 0.0, 0.0, 0.0, 0.0, 12.0, 5.0, 6.0, 59346], [59347, 0.0, 0.0, 1.0, 33.0, 1.0, 0.0, 0.0, 0.0, 1.0, 1.0, 0.0, 1.0, 0.0, 4.0, 1.0, 1.0, 1.0, 0.0, 11.0, 4.0, 5.0, 59347], [59348, 1.0, 1.0, 1.0, 30.0, 1.0, 0.0, 0.0, 1.0, 1.0, 1.0, 0.0, 1.0, 0.0, 3.0, 0.0, 30.0, 1.0, 1.0, 10.0, 4.0, 3.0, 59348], [59350, 0.0, 0.0, 1.0, 20.0, 0.0, 0.0, 0.0, 1.0, 1.0, 1.0, 0.0, 1.0, 0.0, 2.0, 0.0, 0.0, 0.0, 0.0, 10.0, 5.0, 8.0, 59350], [59352, 0.0, 0.0, 1.0, 30.0, 0.0, 0.0, 1.0, 1.0, 1.0, 1.0, 0.0, 1.0, 0.0, 2.0, 0.0, 0.0, 1.0, 1.0, 13.0, 6.0, 8.0, 59352], [59353, 1.0, 1.0, 1.0, 35.0, 0.0, 0.0, 1.0, 1.0, 0.0, 0.0, 0.0, 1.0, 0.0, 5.0, 4.0, 10.0, 1.0, 0.0, 10.0, 4.0, 2.0, 59353]]}}","{""predictions"": [1.0, 1.0, 0.0, 1.0, 1.0, 0.0, 1.0, 0.0, 1.0, 1.0]}",1,"{""model_name"":""demo_faddadbfcefc_model_monitor.ws_3551974319838082.diabetes_mo"",""endpoint_name"":""anupriya-malik-databricks-com_ML_AS04_Demo_3b"",""model_version"":""1""}"
null,db21a283-5f46-4029-9fc5-29c2c9aec0bf,2024-09-28,1727528583788,200,5,"{""dataframe_split"": {""index"": [24020, 24021, 24022, 24023, 24024, 24025, 24026, 24027, 24028, 24029], ""columns"": [""index"", ""HighBP"", ""HighChol"", ""CholCheck"", ""BMI"", ""Smoker"", ""Stroke"", ""HeartDiseaseorAttack"", ""PhysActivity"", ""Fruits"", ""Veggies"", ""HvyAlcoholConsump"", ""AnyHealthcare"", ""NoDocbcCost"", ""GenHlth"", ""MentHlth"", ""PhysHlth"", ""DiffWalk"", ""Sex"", ""Age"", ""Education"", ""Income"", ""id""], ""data"": [[59549, 1.0, 1.0, 1.0, 32.0, 1.0, 0.0, 0.0, 0.0, 0.0, 1.0, 0.0, 1.0, 0.0, 4.0, 0.0, 30.0, 1.0, 0.0, 10.0, 4.0, 3.0, 59549], [59551, 0.0, 1.0, 1.0, 24.0, 1.0, 0.0, 0.0, 1.0, 1.0, 1.0, 0.0, 1.0, 0.0, 3.0, 15.0, 0.0, 0.0, 1.0, 12.0, 6.0, 7.0, 59551], [59552, 1.0, 1.0, 1.0, 38.0, 1.0, 0.0, 1.0, 0.0, 1.0, 1.0, 0.0, 1.0, 0.0, 3.0, 0.0, 2.0, 1.0, 0.0, 12.0, 4.0, 6.0, 59552], [59553, 1.0, 1.0, 1.0, 48.0, 0.0, 0.0, 0.0, 0.0, 0.0, 1.0, 0.0, 1.0, 0.0, 4.0, 0.0, 20.0, 1.0, 0.0, 10.0, 5.0, 6.0, 59553], [59554, 1.0, 1.0, 1.0, 34.0, 0.0, 0.0, 0.0, 0.0, 1.0, 1.0, 0.0, 1.0, 0.0, 2.0, 0.0, 0.0, 0.0, 0.0, 11.0, 4.0, 4.0, 59554], [59555, 1.0, 0.0, 1.0, 37.0, 0.0, 0.0, 0.0, 1.0, 1.0, 1.0, 0.0, 1.0, 0.0, 2.0, 0.0, 0.0, 0.0, 0.0, 10.0, 4.0, 7.0, 59555], [59556, 1.0, 1.0, 1.0, 28.0, 0.0, 1.0, 0.0, 1.0, 1.0, 1.0, 0.0, 1.0, 0.0, 3.0, 0.0, 0.0, 1.0, 1.0, 12.0, 5.0, 8.0, 59556], [59557, 1.0, 0.0, 1.0, 32.0, 0.0, 0.0, 1.0, 0.0, 1.0, 1.0, 0.0, 1.0, 0.0, 2.0, 0.0, 15.0, 1.0, 0.0, 13.0, 4.0, 2.0, 59557], [59558, 1.0, 1.0, 1.0, 32.0, 1.0, 1.0, 1.0, 1.0, 1.0, 1.0, 0.0, 1.0, 0.0, 3.0, 0.0, 0.0, 0.0, 1.0, 13.0, 3.0, 4.0, 59558], [59559, 1.0, 0.0, 1.0, 30.0, 0.0, 1.0, 0.0, 0.0, 1.0, 1.0, 0.0, 1.0, 0.0, 3.0, 10.0, 10.0, 0.0, 0.0, 13.0, 4.0, 4.0, 59559]]}}","{""predictions"": [1.0, 1.0, 0.0, 1.0, 0.0, 1.0, 1.0, 1.0, 1.0, 0.0]}",1,"{""model_name"":""demo_faddadbfcefc_model_monitor.ws_3551974319838082.diabetes_mo"",""endpoint_name"":""anupriya-malik-databricks-com_ML_AS04_Demo_3b"",""model_version"":""1""}"
null,e070c93d-5bb2-47a0-b00c-4791d7e09ee5,2024-09-28,1727528583819,200,5,"{""dataframe_split"": {""index"": [24030, 24031, 24032, 24033, 24034, 24035, 24036, 24037, 24038, 24039], ""columns"": [""index"", ""HighBP"", ""HighChol"", ""CholCheck"", ""BMI"", ""Smoker"", ""Stroke"", ""HeartDiseaseorAttack"", ""PhysActivity"", ""Fruits"", ""Veggies"", ""HvyAlcoholConsump"", ""AnyHealthcare"", ""NoDocbcCost"", ""GenHlth"", ""MentHlth"", ""PhysHlth"", ""DiffWalk"", ""Sex"", ""Age"", ""Education"", ""Income"", ""id""], ""data"": [[59561, 0.0, 1.0, 1.0, 28.0, 1.0, 0.0, 0.0, 1.0, 1.0, 1.0, 0.0, 1.0, 0.0, 1.0, 0.0, 0.0, 0.0, 1.0, 12.0, 5.0, 8.0, 59561], [59562, 1.0, 1.0, 1.0, 35.0, 1.0, 0.0, 0.0, 0.0, 0.0, 1.0, 0.0, 1.0, 0.0, 4.0, 0.0, 30.0, 1.0, 0.0, 13.0, 4.0, 5.0, 59562], [59567, 1.0, 0.0, 1.0, 29.0, 1.0, 0.0, 0.0, 1.0, 1.0, 1.0, 0.0, 1.0, 0.0, 5.0, 0.0, 30.0, 0.0, 1.0, 10.0, 5.0, 8.0, 59567], [59568, 1.0, 1.0, 1.0, 23.0, 0.0, 0.0, 1.0, 0.0, 1.0, 1.0, 0.0, 1.0, 0.0, 4.0, 10.0, 20.0, 1.0, 0.0, 10.0, 5.0, 7.0, 59568], [59572, 1.0, 0.0, 1.0, 27.0, 1.0, 0.0, 0.0, 0.0, 1.0, 0.0, 0.0, 1.0, 0.0, 4.0, 0.0, 25.0, 0.0, 0.0, 13.0, 5.0, 3.0, 59572], [59573, 1.0, 1.0, 1.0, 31.0, 1.0, 0.0, 0.0, 1.0, 1.0, 0.0, 0.0, 1.0, 0.0, 3.0, 5.0, 14.0, 0.0, 0.0, 11.0, 4.0, 3.0, 59573], [59579, 1.0, 0.0, 1.0, 23.0, 1.0, 0.0, 0.0, 0.0, 0.0, 0.0, 0.0, 1.0, 0.0, 4.0, 0.0, 0.0, 0.0, 1.0, 11.0, 2.0, 2.0, 59579], [59581, 1.0, 0.0, 1.0, 28.0, 1.0, 0.0, 0.0, 0.0, 1.0, 0.0, 0.0, 1.0, 0.0, 5.0, 0.0, 30.0, 1.0, 0.0, 11.0, 4.0, 4.0, 59581], [59582, 1.0, 1.0, 1.0, 27.0, 1.0, 0.0, 1.0, 1.0, 0.0, 1.0, 0.0, 1.0, 0.0, 3.0, 0.0, 0.0, 0.0, 1.0, 12.0, 6.0, 8.0, 59582], [59583, 1.0, 0.0, 1.0, 36.0, 1.0, 0.0, 1.0, 1.0, 1.0, 1.0, 0.0, 1.0, 0.0, 4.0, 0.0, 0.0, 0.0, 1.0, 11.0, 6.0, 5.0, 59583]]}}","{""predictions"": [0.0, 1.0, 1.0, 0.0, 1.0, 0.0, 0.0, 0.0, 0.0, 0.0]}",1,"{""model_name"":""demo_faddadbfcefc_model_monitor.ws_3551974319838082.diabetes_mo"",""endpoint_name"":""anupriya-malik-databricks-com_ML_AS04_Demo_3b"",""model_version"":""1""}"
null,179a60a3-db60-486e-a883-f3c7be29ad9a,2024-09-28,1727528583910,200,5,"{""dataframe_split"": {""index"": [24060, 24061, 24062, 24063, 24064, 24065, 24066, 24067, 24068, 24069], ""columns"": [""index"", ""HighBP"", ""HighChol"", ""CholCheck"", ""BMI"", ""Smoker"", ""Stroke"", ""HeartDiseaseorAttack"", ""PhysActivity"", ""Fruits"", ""Veggies"", ""HvyAlcoholConsump"", ""AnyHealthcare"", ""NoDocbcCost"", ""GenHlth"", ""MentHlth"", ""PhysHlth"", ""DiffWalk"", ""Sex"", ""Age"", ""Education"", ""Income"", ""id""], ""data"": [[59621, 1.0, 1.0, 1.0, 22.0, 0.0, 0.0, 1.0, 0.0, 1.0, 1.0, 0.0, 1.0, 0.0, 3.0, 0.0, 7.0, 1.0, 0.0, 13.0, 6.0, 5.0, 59621], [59622, 0.0, 0.0, 1.0, 38.0, 1.0, 0.0, 0.0, 1.0, 1.0, 0.0, 0.0, 1.0, 0.0, 1.0, 0.0, 30.0, 1.0, 1.0, 13.0, 4.0, 3.0, 59622], [59626, 0.0, 1.0, 1.0, 29.0, 1.0, 0.0, 0.0, 0.0, 0.0, 1.0, 0.0, 1.0, 0.0, 3.0, 0.0, 0.0, 0.0, 0.0, 11.0, 4.0, 2.0, 59626], [59627, 1.0, 1.0, 1.0, 31.0, 1.0, 0.0, 1.0, 0.0, 1.0, 0.0, 0.0, 1.0, 0.0, 4.0, 7.0, 3.0, 1.0, 1.0, 11.0, 4.0, 4.0, 59627], [59628, 0.0, 1.0, 1.0, 25.0, 0.0, 0.0, 0.0, 1.0, 0.0, 0.0, 0.0, 1.0, 0.0, 4.0, 8.0, 7.0, 1.0, 0.0, 13.0, 4.0, 4.0, 59628], [59633, 1.0, 0.0, 1.0, 27.0, 0.0, 0.0, 1.0, 0.0, 0.0, 0.0, 0.0, 1.0, 1.0, 4.0, 0.0, 30.0, 0.0, 1.0, 13.0, 4.0, 3.0, 59633], [59635, 1.0, 1.0, 1.0, 21.0, 0.0, 0.0, 0.0, 0.0, 0.0, 1.0, 0.0, 1.0, 0.0, 3.0, 3.0, 5.0, 0.0, 0.0, 12.0, 4.0, 6.0, 59635], [59636, 1.0, 1.0, 1.0, 32.0, 0.0, 0.0, 0.0, 0.0, 0.0, 1.0, 0.0, 1.0, 0.0, 2.0, 0.0, 0.0, 0.0, 0.0, 11.0, 5.0, 7.0, 59636], [59638, 1.0, 0.0, 1.0, 30.0, 0.0, 0.0, 0.0, 0.0, 1.0, 1.0, 0.0, 1.0, 0.0, 2.0, 0.0, 0.0, 0.0, 1.0, 12.0, 4.0, 6.0, 59638], [59640, 1.0, 1.0, 1.0, 33.0, 0.0, 0.0, 1.0, 0.0, 1.0, 1.0, 0.0, 1.0, 0.0, 5.0, 20.0, 30.0, 1.0, 1.0, 10.0, 6.0, 2.0, 59640]]}}","{""predictions"": [1.0, 1.0, 1.0, 1.0, 1.0, 1.0, 0.0, 0.0, 1.0, 1.0]}",1,"{""model_name"":""demo_faddadbfcefc_model_monitor.ws_3551974319838082.diabetes_mo"",""endpoint_name"":""anupriya-malik-databricks-com_ML_AS04_Demo_3b"",""model_version"":""1""}"
null,bf43a6e2-38d4-437e-827b-5ae60ff24970,2024-09-28,1727528584007,200,5,"{""dataframe_split"": {""index"": [24090, 24091, 24092, 24093, 24094, 24095, 24096, 24097, 24098, 24099], ""columns"": [""index"", ""HighBP"", ""HighChol"", ""CholCheck"", ""BMI"", ""Smoker"", ""Stroke"", ""HeartDiseaseorAttack"", ""PhysActivity"", ""Fruits"", ""Veggies"", ""HvyAlcoholConsump"", ""AnyHealthcare"", ""NoDocbcCost"", ""GenHlth"", ""MentHlth"", ""PhysHlth"", ""DiffWalk"", ""Sex"", ""Age"", ""Education"", ""Income"", ""id""], ""data"": [[59691, 1.0, 0.0, 1.0, 18.0, 1.0, 0.0, 0.0, 0.0, 1.0, 0.0, 0.0, 1.0, 0.0, 4.0, 0.0, 0.0, 0.0, 1.0, 10.0, 4.0, 4.0, 59691], [59699, 1.0, 1.0, 1.0, 50.0, 0.0, 0.0, 0.0, 0.0, 0.0, 0.0, 0.0, 1.0, 0.0, 2.0, 0.0, 15.0, 1.0, 1.0, 10.0, 4.0, 4.0, 59699], [59700, 1.0, 1.0, 1.0, 37.0, 1.0, 0.0, 0.0, 1.0, 1.0, 1.0, 0.0, 1.0, 0.0, 2.0, 4.0, 0.0, 0.0, 0.0, 10.0, 6.0, 5.0, 59700], [59701, 1.0, 1.0, 1.0, 40.0, 0.0, 0.0, 0.0, 0.0, 1.0, 1.0, 0.0, 1.0, 1.0, 5.0, 30.0, 0.0, 1.0, 0.0, 11.0, 4.0, 1.0, 59701], [59709, 1.0, 1.0, 1.0, 27.0, 1.0, 0.0, 1.0, 0.0, 1.0, 1.0, 0.0, 1.0, 0.0, 4.0, 0.0, 30.0, 1.0, 0.0, 11.0, 6.0, 5.0, 59709], [59711, 1.0, 1.0, 1.0, 26.0, 0.0, 0.0, 0.0, 0.0, 1.0, 0.0, 0.0, 1.0, 0.0, 4.0, 0.0, 0.0, 1.0, 1.0, 12.0, 2.0, 4.0, 59711], [59712, 1.0, 0.0, 1.0, 27.0, 0.0, 0.0, 0.0, 1.0, 1.0, 0.0, 0.0, 1.0, 0.0, 4.0, 0.0, 0.0, 1.0, 0.0, 12.0, 5.0, 6.0, 59712], [59713, 0.0, 0.0, 1.0, 31.0, 0.0, 0.0, 0.0, 0.0, 0.0, 1.0, 0.0, 1.0, 0.0, 1.0, 0.0, 15.0, 0.0, 1.0, 10.0, 5.0, 7.0, 59713], [59714, 0.0, 1.0, 1.0, 30.0, 1.0, 1.0, 0.0, 1.0, 1.0, 1.0, 0.0, 1.0, 0.0, 4.0, 0.0, 0.0, 0.0, 1.0, 13.0, 4.0, 7.0, 59714], [59719, 0.0, 1.0, 1.0, 22.0, 0.0, 0.0, 0.0, 1.0, 1.0, 1.0, 0.0, 1.0, 0.0, 4.0, 0.0, 30.0, 0.0, 0.0, 12.0, 6.0, 8.0, 59719]]}}","{""predictions"": [0.0, 1.0, 1.0, 1.0, 1.0, 1.0, 0.0, 1.0, 0.0, 0.0]}",1,"{""model_name"":""demo_faddadbfcefc_model_monitor.ws_3551974319838082.diabetes_mo"",""endpoint_name"":""anupriya-malik-databricks-com_ML_AS04_Demo_3b"",""model_version"":""1""}"
null,97d368a8-d486-42c8-9475-18ee5807232e,2024-09-28,1727528584400,200,5,"{""dataframe_split"": {""index"": [24220, 24221, 24222, 24223, 24224, 24225, 24226, 24227, 24228, 24229], ""columns"": [""index"", ""HighBP"", ""HighChol"", ""CholCheck"", ""BMI"", ""Smoker"", ""Stroke"", ""HeartDiseaseorAttack"", ""PhysActivity"", ""Fruits"", ""Veggies"", ""HvyAlcoholConsump"", ""AnyHealthcare"", ""NoDocbcCost"", ""GenHlth"", ""MentHlth"", ""PhysHlth"", ""DiffWalk"", ""Sex"", ""Age"", ""Education"", ""Income"", ""id""], ""data"": [[59959, 1.0, 1.0, 1.0, 28.0, 1.0, 0.0, 1.0, 1.0, 0.0, 1.0, 0.0, 1.0, 0.0, 4.0, 0.0, 0.0, 0.0, 1.0, 13.0, 4.0, 5.0, 59959], [59968, 1.0, 0.0, 1.0, 31.0, 0.0, 0.0, 0.0, 0.0, 0.0, 0.0, 0.0, 1.0, 0.0, 2.0, 0.0, 0.0, 0.0, 1.0, 10.0, 6.0, 7.0, 59968], [59971, 1.0, 0.0, 1.0, 27.0, 0.0, 0.0, 0.0, 1.0, 1.0, 1.0, 0.0, 1.0, 0.0, 2.0, 0.0, 0.0, 0.0, 0.0, 11.0, 5.0, 8.0, 59971], [59972, 1.0, 1.0, 1.0, 51.0, 0.0, 0.0, 1.0, 1.0, 0.0, 1.0, 0.0, 1.0, 1.0, 3.0, 0.0, 2.0, 1.0, 1.0, 11.0, 6.0, 4.0, 59972], [59974, 1.0, 1.0, 1.0, 22.0, 1.0, 0.0, 0.0, 0.0, 1.0, 1.0, 0.0, 1.0, 0.0, 4.0, 0.0, 2.0, 1.0, 0.0, 13.0, 5.0, 3.0, 59974], [59975, 1.0, 1.0, 1.0, 20.0, 1.0, 0.0, 0.0, 1.0, 0.0, 1.0, 0.0, 1.0, 1.0, 3.0, 0.0, 0.0, 0.0, 0.0, 13.0, 2.0, 1.0, 59975], [59978, 1.0, 0.0, 1.0, 34.0, 1.0, 0.0, 0.0, 1.0, 1.0, 1.0, 0.0, 1.0, 0.0, 4.0, 0.0, 0.0, 1.0, 0.0, 12.0, 5.0, 4.0, 59978], [59979, 1.0, 1.0, 1.0, 36.0, 1.0, 0.0, 1.0, 1.0, 0.0, 0.0, 0.0, 1.0, 0.0, 4.0, 2.0, 2.0, 1.0, 1.0, 11.0, 4.0, 4.0, 59979], [59982, 1.0, 1.0, 1.0, 29.0, 1.0, 1.0, 1.0, 0.0, 1.0, 1.0, 0.0, 1.0, 0.0, 5.0, 5.0, 20.0, 1.0, 1.0, 13.0, 6.0, 3.0, 59982], [59984, 1.0, 0.0, 1.0, 29.0, 1.0, 0.0, 0.0, 1.0, 0.0, 0.0, 1.0, 1.0, 0.0, 3.0, 0.0, 0.0, 0.0, 1.0, 12.0, 6.0, 6.0, 59984]]}}","{""predictions"": [1.0, 1.0, 0.0, 1.0, 1.0, 0.0, 1.0, 1.0, 1.0, 1.0]}",1,"{""model_name"":""demo_faddadbfcefc_model_monitor.ws_3551974319838082.diabetes_mo"",""endpoint_name"":""anupriya-malik-databricks-com_ML_AS04_Demo_3b"",""model_version"":""1""}"
null,31ed475c-d2da-44dd-bd9c-5b4d0b04dfd9,2024-09-28,1727528584487,200,6,"{""dataframe_split"": {""index"": [24250, 24251, 24252, 24253, 24254, 24255, 24256, 24257, 24258, 24259], ""columns"": [""index"", ""HighBP"", ""HighChol"", ""CholCheck"", ""BMI"", ""Smoker"", ""Stroke"", ""HeartDiseaseorAttack"", ""PhysActivity"", ""Fruits"", ""Veggies"", ""HvyAlcoholConsump"", ""AnyHealthcare"", ""NoDocbcCost"", ""GenHlth"", ""MentHlth"", ""PhysHlth"", ""DiffWalk"", ""Sex"", ""Age"", ""Education"", ""Income"", ""id""], ""data"": [[60022, 1.0, 1.0, 1.0, 45.0, 1.0, 0.0, 0.0, 0.0, 1.0, 1.0, 0.0, 1.0, 0.0, 4.0, 0.0, 4.0, 1.0, 0.0, 10.0, 4.0, 3.0, 60022], [60023, 1.0, 0.0, 1.0, 26.0, 0.0, 0.0, 1.0, 1.0, 0.0, 1.0, 0.0, 1.0, 0.0, 5.0, 0.0, 0.0, 1.0, 0.0, 13.0, 5.0, 3.0, 60023], [60027, 1.0, 1.0, 1.0, 47.0, 0.0, 0.0, 0.0, 1.0, 0.0, 1.0, 0.0, 1.0, 0.0, 2.0, 0.0, 0.0, 0.0, 1.0, 10.0, 6.0, 6.0, 60027], [60028, 1.0, 0.0, 1.0, 31.0, 0.0, 0.0, 0.0, 1.0, 0.0, 1.0, 0.0, 1.0, 0.0, 5.0, 0.0, 14.0, 0.0, 0.0, 10.0, 5.0, 1.0, 60028], [60029, 1.0, 1.0, 1.0, 31.0, 0.0, 0.0, 1.0, 0.0, 0.0, 1.0, 0.0, 1.0, 0.0, 5.0, 0.0, 30.0, 1.0, 0.0, 11.0, 5.0, 6.0, 60029], [60034, 1.0, 1.0, 1.0, 41.0, 0.0, 0.0, 1.0, 1.0, 1.0, 1.0, 0.0, 1.0, 0.0, 3.0, 0.0, 0.0, 0.0, 1.0, 11.0, 4.0, 6.0, 60034], [60036, 1.0, 1.0, 1.0, 23.0, 1.0, 1.0, 0.0, 0.0, 0.0, 0.0, 0.0, 1.0, 0.0, 4.0, 0.0, 0.0, 0.0, 1.0, 12.0, 4.0, 6.0, 60036], [60037, 1.0, 1.0, 1.0, 40.0, 0.0, 0.0, 0.0, 1.0, 0.0, 0.0, 0.0, 1.0, 0.0, 3.0, 5.0, 0.0, 1.0, 0.0, 10.0, 4.0, 4.0, 60037], [60040, 0.0, 1.0, 1.0, 36.0, 0.0, 1.0, 1.0, 0.0, 0.0, 0.0, 0.0, 0.0, 0.0, 4.0, 30.0, 30.0, 1.0, 0.0, 13.0, 5.0, 2.0, 60040], [60044, 1.0, 0.0, 1.0, 24.0, 0.0, 0.0, 1.0, 0.0, 1.0, 0.0, 0.0, 1.0, 1.0, 5.0, 10.0, 30.0, 1.0, 1.0, 13.0, 6.0, 6.0, 60044]]}}","{""predictions"": [1.0, 1.0, 1.0, 0.0, 1.0, 1.0, 0.0, 1.0, 1.0, 0.0]}",1,"{""model_name"":""demo_faddadbfcefc_model_monitor.ws_3551974319838082.diabetes_mo"",""endpoint_name"":""anupriya-malik-databricks-com_ML_AS04_Demo_3b"",""model_version"":""1""}"
null,33d05f1c-2384-4cc7-8bdf-9bbea4f6790f,2024-09-28,1727528584517,200,5,"{""dataframe_split"": {""index"": [24260, 24261, 24262, 24263, 24264, 24265, 24266, 24267, 24268, 24269], ""columns"": [""index"", ""HighBP"", ""HighChol"", ""CholCheck"", ""BMI"", ""Smoker"", ""Stroke"", ""HeartDiseaseorAttack"", ""PhysActivity"", ""Fruits"", ""Veggies"", ""HvyAlcoholConsump"", ""AnyHealthcare"", ""NoDocbcCost"", ""GenHlth"", ""MentHlth"", ""PhysHlth"", ""DiffWalk"", ""Sex"", ""Age"", ""Education"", ""Income"", ""id""], ""data"": [[60045, 1.0, 1.0, 1.0, 36.0, 1.0, 0.0, 0.0, 0.0, 1.0, 1.0, 0.0, 1.0, 0.0, 3.0, 0.0, 3.0, 0.0, 1.0, 10.0, 6.0, 4.0, 60045], [60052, 1.0, 1.0, 1.0, 38.0, 0.0, 0.0, 1.0, 1.0, 0.0, 0.0, 0.0, 1.0, 0.0, 3.0, 0.0, 0.0, 1.0, 1.0, 12.0, 4.0, 4.0, 60052], [60054, 1.0, 0.0, 1.0, 35.0, 1.0, 0.0, 0.0, 0.0, 1.0, 1.0, 0.0, 1.0, 0.0, 2.0, 0.0, 0.0, 1.0, 0.0, 13.0, 5.0, 6.0, 60054], [60055, 0.0, 1.0, 1.0, 34.0, 1.0, 0.0, 1.0, 1.0, 1.0, 1.0, 0.0, 1.0, 0.0, 2.0, 0.0, 0.0, 1.0, 0.0, 10.0, 4.0, 3.0, 60055], [60056, 1.0, 1.0, 1.0, 40.0, 0.0, 0.0, 0.0, 1.0, 1.0, 1.0, 0.0, 1.0, 0.0, 5.0, 30.0, 0.0, 1.0, 0.0, 11.0, 4.0, 2.0, 60056], [60058, 0.0, 0.0, 1.0, 42.0, 1.0, 1.0, 1.0, 1.0, 0.0, 1.0, 0.0, 1.0, 0.0, 5.0, 0.0, 30.0, 1.0, 0.0, 12.0, 5.0, 1.0, 60058], [60060, 1.0, 1.0, 1.0, 26.0, 1.0, 0.0, 0.0, 1.0, 1.0, 1.0, 0.0, 1.0, 0.0, 2.0, 0.0, 0.0, 0.0, 0.0, 12.0, 3.0, 2.0, 60060], [60063, 1.0, 0.0, 1.0, 36.0, 0.0, 1.0, 0.0, 1.0, 0.0, 1.0, 0.0, 1.0, 0.0, 3.0, 0.0, 0.0, 1.0, 1.0, 10.0, 6.0, 6.0, 60063], [60065, 1.0, 1.0, 1.0, 26.0, 0.0, 0.0, 0.0, 1.0, 0.0, 1.0, 0.0, 1.0, 0.0, 3.0, 0.0, 0.0, 0.0, 0.0, 10.0, 6.0, 7.0, 60065], [60070, 1.0, 1.0, 1.0, 26.0, 0.0, 1.0, 0.0, 0.0, 1.0, 1.0, 0.0, 1.0, 0.0, 3.0, 0.0, 7.0, 0.0, 0.0, 13.0, 5.0, 5.0, 60070]]}}","{""predictions"": [1.0, 1.0, 1.0, 1.0, 1.0, 1.0, 1.0, 1.0, 1.0, 0.0]}",1,"{""model_name"":""demo_faddadbfcefc_model_monitor.ws_3551974319838082.diabetes_mo"",""endpoint_name"":""anupriya-malik-databricks-com_ML_AS04_Demo_3b"",""model_version"":""1""}"
null,8c30fc4b-abc7-41ce-983c-78b988b8d42d,2024-09-28,1727528584609,200,5,"{""dataframe_split"": {""index"": [24290, 24291, 24292, 24293, 24294, 24295, 24296, 24297, 24298, 24299], ""columns"": [""index"", ""HighBP"", ""HighChol"", ""CholCheck"", ""BMI"", ""Smoker"", ""Stroke"", ""HeartDiseaseorAttack"", ""PhysActivity"", ""Fruits"", ""Veggies"", ""HvyAlcoholConsump"", ""AnyHealthcare"", ""NoDocbcCost"", ""GenHlth"", ""MentHlth"", ""PhysHlth"", ""DiffWalk"", ""Sex"", ""Age"", ""Education"", ""Income"", ""id""], ""data"": [[60106, 1.0, 1.0, 1.0, 36.0, 1.0, 0.0, 0.0, 1.0, 1.0, 1.0, 0.0, 1.0, 0.0, 4.0, 0.0, 0.0, 1.0, 1.0, 10.0, 4.0, 5.0, 60106], [60107, 1.0, 1.0, 1.0, 32.0, 0.0, 0.0, 0.0, 1.0, 1.0, 1.0, 0.0, 1.0, 0.0, 4.0, 0.0, 0.0, 0.0, 0.0, 13.0, 4.0, 5.0, 60107], [60108, 1.0, 0.0, 1.0, 26.0, 0.0, 0.0, 1.0, 0.0, 0.0, 0.0, 0.0, 1.0, 0.0, 4.0, 0.0, 0.0, 1.0, 1.0, 13.0, 6.0, 6.0, 60108], [60111, 0.0, 1.0, 1.0, 25.0, 1.0, 0.0, 0.0, 0.0, 0.0, 1.0, 0.0, 1.0, 0.0, 3.0, 0.0, 0.0, 0.0, 1.0, 11.0, 4.0, 6.0, 60111], [60114, 1.0, 0.0, 1.0, 27.0, 1.0, 0.0, 0.0, 1.0, 1.0, 1.0, 0.0, 1.0, 0.0, 3.0, 0.0, 0.0, 0.0, 0.0, 12.0, 5.0, 8.0, 60114], [60116, 1.0, 1.0, 1.0, 27.0, 0.0, 0.0, 0.0, 1.0, 1.0, 1.0, 0.0, 1.0, 0.0, 4.0, 0.0, 3.0, 1.0, 0.0, 13.0, 4.0, 5.0, 60116], [60117, 1.0, 1.0, 1.0, 39.0, 1.0, 0.0, 1.0, 1.0, 1.0, 1.0, 0.0, 1.0, 0.0, 4.0, 0.0, 8.0, 1.0, 0.0, 10.0, 5.0, 2.0, 60117], [60119, 1.0, 1.0, 1.0, 46.0, 1.0, 0.0, 0.0, 0.0, 0.0, 0.0, 0.0, 1.0, 0.0, 5.0, 3.0, 30.0, 1.0, 1.0, 10.0, 4.0, 4.0, 60119], [60123, 1.0, 1.0, 1.0, 28.0, 1.0, 0.0, 0.0, 1.0, 0.0, 0.0, 0.0, 1.0, 0.0, 3.0, 0.0, 0.0, 0.0, 1.0, 10.0, 5.0, 8.0, 60123], [60124, 1.0, 1.0, 1.0, 27.0, 1.0, 0.0, 0.0, 0.0, 0.0, 1.0, 0.0, 1.0, 0.0, 3.0, 0.0, 0.0, 0.0, 1.0, 10.0, 4.0, 6.0, 60124]]}}","{""predictions"": [1.0, 1.0, 0.0, 1.0, 1.0, 1.0, 1.0, 1.0, 1.0, 1.0]}",1,"{""model_name"":""demo_faddadbfcefc_model_monitor.ws_3551974319838082.diabetes_mo"",""endpoint_name"":""anupriya-malik-databricks-com_ML_AS04_Demo_3b"",""model_version"":""1""}"
null,d4691edc-7c86-4e19-9240-064039dd9291,2024-09-28,1727528584674,200,6,"{""dataframe_split"": {""index"": [24310, 24311, 24312, 24313, 24314, 24315, 24316, 24317, 24318, 24319], ""columns"": [""index"", ""HighBP"", ""HighChol"", ""CholCheck"", ""BMI"", ""Smoker"", ""Stroke"", ""HeartDiseaseorAttack"", ""PhysActivity"", ""Fruits"", ""Veggies"", ""HvyAlcoholConsump"", ""AnyHealthcare"", ""NoDocbcCost"", ""GenHlth"", ""MentHlth"", ""PhysHlth"", ""DiffWalk"", ""Sex"", ""Age"", ""Education"", ""Income"", ""id""], ""data"": [[60142, 1.0, 1.0, 1.0, 28.0, 0.0, 0.0, 1.0, 0.0, 0.0, 0.0, 0.0, 1.0, 0.0, 3.0, 0.0, 2.0, 0.0, 1.0, 10.0, 6.0, 8.0, 60142], [60143, 1.0, 0.0, 1.0, 30.0, 0.0, 0.0, 0.0, 1.0, 1.0, 0.0, 0.0, 1.0, 0.0, 3.0, 0.0, 0.0, 0.0, 0.0, 12.0, 4.0, 4.0, 60143], [60144, 1.0, 1.0, 1.0, 27.0, 0.0, 0.0, 0.0, 0.0, 1.0, 0.0, 0.0, 1.0, 0.0, 2.0, 0.0, 0.0, 0.0, 1.0, 10.0, 5.0, 8.0, 60144], [60147, 1.0, 1.0, 1.0, 27.0, 1.0, 0.0, 0.0, 0.0, 1.0, 1.0, 0.0, 1.0, 0.0, 3.0, 0.0, 0.0, 1.0, 0.0, 10.0, 6.0, 7.0, 60147], [60150, 1.0, 1.0, 1.0, 24.0, 1.0, 0.0, 0.0, 0.0, 0.0, 0.0, 0.0, 1.0, 0.0, 4.0, 30.0, 30.0, 1.0, 0.0, 13.0, 4.0, 1.0, 60150], [60153, 1.0, 1.0, 1.0, 31.0, 1.0, 0.0, 0.0, 0.0, 1.0, 1.0, 0.0, 0.0, 0.0, 2.0, 0.0, 0.0, 0.0, 0.0, 11.0, 5.0, 7.0, 60153], [60154, 1.0, 0.0, 1.0, 27.0, 1.0, 0.0, 0.0, 0.0, 1.0, 1.0, 0.0, 1.0, 0.0, 3.0, 0.0, 2.0, 1.0, 0.0, 13.0, 4.0, 5.0, 60154], [60155, 1.0, 0.0, 1.0, 22.0, 0.0, 0.0, 0.0, 0.0, 1.0, 0.0, 0.0, 1.0, 0.0, 3.0, 0.0, 15.0, 0.0, 0.0, 12.0, 3.0, 3.0, 60155], [60156, 1.0, 0.0, 1.0, 33.0, 0.0, 1.0, 1.0, 1.0, 1.0, 1.0, 1.0, 1.0, 0.0, 5.0, 6.0, 24.0, 1.0, 0.0, 11.0, 6.0, 6.0, 60156], [60158, 0.0, 1.0, 1.0, 29.0, 0.0, 1.0, 1.0, 1.0, 1.0, 1.0, 0.0, 1.0, 0.0, 3.0, 0.0, 0.0, 1.0, 0.0, 13.0, 6.0, 7.0, 60158]]}}","{""predictions"": [0.0, 0.0, 1.0, 1.0, 0.0, 0.0, 1.0, 0.0, 1.0, 1.0]}",1,"{""model_name"":""demo_faddadbfcefc_model_monitor.ws_3551974319838082.diabetes_mo"",""endpoint_name"":""anupriya-malik-databricks-com_ML_AS04_Demo_3b"",""model_version"":""1""}"
null,84bac0df-2b4e-4f35-b776-b3dd3e8599c1,2024-09-28,1727528584922,200,5,"{""dataframe_split"": {""index"": [24390, 24391, 24392, 24393, 24394, 24395, 24396, 24397, 24398, 24399], ""columns"": [""index"", ""HighBP"", ""HighChol"", ""CholCheck"", ""BMI"", ""Smoker"", ""Stroke"", ""HeartDiseaseorAttack"", ""PhysActivity"", ""Fruits"", ""Veggies"", ""HvyAlcoholConsump"", ""AnyHealthcare"", ""NoDocbcCost"", ""GenHlth"", ""MentHlth"", ""PhysHlth"", ""DiffWalk"", ""Sex"", ""Age"", ""Education"", ""Income"", ""id""], ""data"": [[60253, 1.0, 1.0, 1.0, 28.0, 0.0, 0.0, 0.0, 1.0, 0.0, 1.0, 0.0, 1.0, 0.0, 2.0, 0.0, 0.0, 0.0, 1.0, 13.0, 6.0, 7.0, 60253], [60255, 1.0, 1.0, 1.0, 34.0, 0.0, 0.0, 0.0, 1.0, 1.0, 1.0, 0.0, 1.0, 0.0, 3.0, 3.0, 0.0, 0.0, 0.0, 10.0, 5.0, 6.0, 60255], [60257, 1.0, 0.0, 1.0, 32.0, 0.0, 0.0, 0.0, 1.0, 1.0, 1.0, 0.0, 1.0, 0.0, 3.0, 0.0, 0.0, 0.0, 0.0, 10.0, 4.0, 2.0, 60257], [60258, 0.0, 1.0, 1.0, 29.0, 0.0, 0.0, 0.0, 0.0, 0.0, 1.0, 0.0, 1.0, 0.0, 4.0, 5.0, 0.0, 1.0, 0.0, 10.0, 5.0, 6.0, 60258], [60263, 1.0, 1.0, 1.0, 21.0, 0.0, 0.0, 1.0, 1.0, 1.0, 1.0, 0.0, 1.0, 0.0, 4.0, 2.0, 10.0, 0.0, 0.0, 11.0, 5.0, 3.0, 60263], [60264, 1.0, 1.0, 1.0, 35.0, 1.0, 0.0, 0.0, 0.0, 1.0, 0.0, 0.0, 1.0, 0.0, 4.0, 2.0, 0.0, 1.0, 0.0, 10.0, 2.0, 3.0, 60264], [60265, 1.0, 0.0, 1.0, 22.0, 1.0, 0.0, 1.0, 1.0, 0.0, 1.0, 0.0, 1.0, 0.0, 4.0, 20.0, 15.0, 1.0, 0.0, 11.0, 3.0, 4.0, 60265], [60266, 1.0, 0.0, 1.0, 35.0, 0.0, 0.0, 0.0, 1.0, 1.0, 1.0, 0.0, 1.0, 0.0, 3.0, 0.0, 2.0, 0.0, 0.0, 10.0, 5.0, 7.0, 60266], [60267, 1.0, 0.0, 1.0, 25.0, 0.0, 0.0, 0.0, 1.0, 1.0, 1.0, 0.0, 1.0, 0.0, 3.0, 0.0, 0.0, 0.0, 0.0, 12.0, 6.0, 4.0, 60267], [60268, 1.0, 1.0, 1.0, 29.0, 0.0, 0.0, 0.0, 1.0, 1.0, 1.0, 0.0, 1.0, 0.0, 2.0, 0.0, 0.0, 0.0, 1.0, 11.0, 6.0, 8.0, 60268]]}}","{""predictions"": [0.0, 0.0, 1.0, 1.0, 0.0, 1.0, 1.0, 1.0, 0.0, 0.0]}",1,"{""model_name"":""demo_faddadbfcefc_model_monitor.ws_3551974319838082.diabetes_mo"",""endpoint_name"":""anupriya-malik-databricks-com_ML_AS04_Demo_3b"",""model_version"":""1""}"
null,a2d4073d-9a82-45d5-8fc9-dc4f59af230a,2024-09-28,1727528584956,200,5,"{""dataframe_split"": {""index"": [24400, 24401, 24402, 24403, 24404, 24405, 24406, 24407, 24408, 24409], ""columns"": [""index"", ""HighBP"", ""HighChol"", ""CholCheck"", ""BMI"", ""Smoker"", ""Stroke"", ""HeartDiseaseorAttack"", ""PhysActivity"", ""Fruits"", ""Veggies"", ""HvyAlcoholConsump"", ""AnyHealthcare"", ""NoDocbcCost"", ""GenHlth"", ""MentHlth"", ""PhysHlth"", ""DiffWalk"", ""Sex"", ""Age"", ""Education"", ""Income"", ""id""], ""data"": [[60269, 1.0, 0.0, 1.0, 50.0, 1.0, 0.0, 1.0, 0.0, 1.0, 1.0, 0.0, 1.0, 1.0, 5.0, 25.0, 30.0, 1.0, 0.0, 10.0, 5.0, 4.0, 60269], [60272, 1.0, 0.0, 1.0, 30.0, 0.0, 0.0, 0.0, 1.0, 0.0, 1.0, 0.0, 1.0, 0.0, 2.0, 10.0, 0.0, 0.0, 1.0, 10.0, 6.0, 8.0, 60272], [60273, 1.0, 1.0, 1.0, 32.0, 0.0, 0.0, 0.0, 0.0, 1.0, 1.0, 0.0, 1.0, 0.0, 2.0, 0.0, 0.0, 0.0, 0.0, 10.0, 5.0, 3.0, 60273], [60275, 1.0, 0.0, 1.0, 29.0, 0.0, 1.0, 0.0, 1.0, 0.0, 0.0, 0.0, 1.0, 0.0, 2.0, 0.0, 0.0, 1.0, 0.0, 13.0, 4.0, 6.0, 60275], [60276, 1.0, 1.0, 1.0, 24.0, 1.0, 1.0, 1.0, 0.0, 1.0, 1.0, 0.0, 1.0, 0.0, 5.0, 0.0, 30.0, 1.0, 1.0, 12.0, 2.0, 4.0, 60276], [60277, 1.0, 1.0, 1.0, 36.0, 0.0, 1.0, 0.0, 1.0, 0.0, 1.0, 0.0, 1.0, 0.0, 3.0, 0.0, 0.0, 0.0, 0.0, 12.0, 4.0, 5.0, 60277], [60278, 1.0, 0.0, 1.0, 28.0, 1.0, 0.0, 1.0, 0.0, 0.0, 0.0, 1.0, 1.0, 0.0, 5.0, 0.0, 30.0, 1.0, 0.0, 10.0, 4.0, 3.0, 60278], [60279, 1.0, 1.0, 1.0, 27.0, 0.0, 1.0, 0.0, 1.0, 1.0, 1.0, 0.0, 1.0, 0.0, 3.0, 0.0, 15.0, 0.0, 0.0, 13.0, 5.0, 3.0, 60279], [60281, 0.0, 1.0, 1.0, 23.0, 1.0, 0.0, 0.0, 0.0, 1.0, 1.0, 0.0, 1.0, 0.0, 1.0, 0.0, 0.0, 0.0, 0.0, 10.0, 6.0, 8.0, 60281], [60282, 1.0, 1.0, 1.0, 26.0, 1.0, 0.0, 1.0, 0.0, 1.0, 0.0, 0.0, 1.0, 0.0, 3.0, 0.0, 0.0, 0.0, 1.0, 13.0, 4.0, 5.0, 60282]]}}","{""predictions"": [1.0, 1.0, 1.0, 1.0, 1.0, 1.0, 0.0, 1.0, 0.0, 1.0]}",1,"{""model_name"":""demo_faddadbfcefc_model_monitor.ws_3551974319838082.diabetes_mo"",""endpoint_name"":""anupriya-malik-databricks-com_ML_AS04_Demo_3b"",""model_version"":""1""}"
null,2c1d8053-27bb-48f3-9fe3-f0f46add7ea8,2024-09-28,1727528584985,200,5,"{""dataframe_split"": {""index"": [24410, 24411, 24412, 24413, 24414, 24415, 24416, 24417, 24418, 24419], ""columns"": [""index"", ""HighBP"", ""HighChol"", ""CholCheck"", ""BMI"", ""Smoker"", ""Stroke"", ""HeartDiseaseorAttack"", ""PhysActivity"", ""Fruits"", ""Veggies"", ""HvyAlcoholConsump"", ""AnyHealthcare"", ""NoDocbcCost"", ""GenHlth"", ""MentHlth"", ""PhysHlth"", ""DiffWalk"", ""Sex"", ""Age"", ""Education"", ""Income"", ""id""], ""data"": [[60283, 1.0, 1.0, 1.0, 26.0, 1.0, 0.0, 0.0, 1.0, 0.0, 1.0, 0.0, 1.0, 0.0, 2.0, 0.0, 0.0, 0.0, 1.0, 11.0, 5.0, 8.0, 60283], [60284, 1.0, 1.0, 1.0, 44.0, 1.0, 0.0, 0.0, 0.0, 1.0, 1.0, 0.0, 1.0, 0.0, 4.0, 2.0, 2.0, 1.0, 0.0, 12.0, 4.0, 3.0, 60284], [60285, 1.0, 0.0, 1.0, 24.0, 1.0, 0.0, 1.0, 1.0, 1.0, 0.0, 0.0, 1.0, 0.0, 4.0, 0.0, 10.0, 0.0, 0.0, 13.0, 4.0, 3.0, 60285], [60286, 0.0, 1.0, 1.0, 28.0, 1.0, 0.0, 0.0, 1.0, 1.0, 1.0, 0.0, 1.0, 0.0, 4.0, 0.0, 30.0, 1.0, 0.0, 13.0, 3.0, 3.0, 60286], [60288, 1.0, 0.0, 1.0, 30.0, 1.0, 0.0, 1.0, 0.0, 0.0, 0.0, 0.0, 1.0, 0.0, 4.0, 10.0, 3.0, 1.0, 1.0, 10.0, 4.0, 7.0, 60288], [60289, 1.0, 0.0, 1.0, 30.0, 1.0, 0.0, 0.0, 1.0, 1.0, 1.0, 0.0, 1.0, 0.0, 2.0, 2.0, 0.0, 1.0, 1.0, 10.0, 5.0, 6.0, 60289], [60292, 1.0, 1.0, 1.0, 36.0, 0.0, 0.0, 0.0, 0.0, 1.0, 0.0, 0.0, 1.0, 0.0, 2.0, 0.0, 0.0, 0.0, 1.0, 13.0, 4.0, 8.0, 60292], [60294, 0.0, 0.0, 1.0, 19.0, 1.0, 0.0, 0.0, 1.0, 1.0, 1.0, 0.0, 1.0, 0.0, 3.0, 0.0, 15.0, 0.0, 0.0, 13.0, 6.0, 4.0, 60294], [60295, 1.0, 0.0, 1.0, 33.0, 0.0, 1.0, 0.0, 0.0, 1.0, 1.0, 0.0, 1.0, 0.0, 5.0, 0.0, 30.0, 1.0, 0.0, 11.0, 3.0, 5.0, 60295], [60298, 1.0, 1.0, 1.0, 28.0, 1.0, 0.0, 0.0, 1.0, 1.0, 0.0, 0.0, 1.0, 0.0, 3.0, 0.0, 10.0, 1.0, 1.0, 13.0, 4.0, 3.0, 60298]]}}","{""predictions"": [0.0, 1.0, 1.0, 1.0, 1.0, 0.0, 1.0, 0.0, 1.0, 0.0]}",1,"{""model_name"":""demo_faddadbfcefc_model_monitor.ws_3551974319838082.diabetes_mo"",""endpoint_name"":""anupriya-malik-databricks-com_ML_AS04_Demo_3b"",""model_version"":""1""}"
null,a6abf265-9062-4ba4-b93e-4520c2c59277,2024-09-28,1727528585015,200,5,"{""dataframe_split"": {""index"": [24420, 24421, 24422, 24423, 24424, 24425, 24426, 24427, 24428, 24429], ""columns"": [""index"", ""HighBP"", ""HighChol"", ""CholCheck"", ""BMI"", ""Smoker"", ""Stroke"", ""HeartDiseaseorAttack"", ""PhysActivity"", ""Fruits"", ""Veggies"", ""HvyAlcoholConsump"", ""AnyHealthcare"", ""NoDocbcCost"", ""GenHlth"", ""MentHlth"", ""PhysHlth"", ""DiffWalk"", ""Sex"", ""Age"", ""Education"", ""Income"", ""id""], ""data"": [[60300, 0.0, 1.0, 1.0, 28.0, 1.0, 0.0, 0.0, 1.0, 1.0, 0.0, 0.0, 1.0, 0.0, 2.0, 0.0, 0.0, 0.0, 1.0, 10.0, 6.0, 8.0, 60300], [60302, 1.0, 0.0, 1.0, 26.0, 1.0, 0.0, 1.0, 1.0, 1.0, 1.0, 0.0, 1.0, 0.0, 3.0, 0.0, 0.0, 1.0, 1.0, 12.0, 5.0, 7.0, 60302], [60304, 1.0, 1.0, 1.0, 29.0, 0.0, 0.0, 0.0, 0.0, 0.0, 1.0, 0.0, 1.0, 0.0, 3.0, 0.0, 0.0, 0.0, 0.0, 10.0, 6.0, 8.0, 60304], [60306, 0.0, 0.0, 1.0, 23.0, 0.0, 0.0, 0.0, 1.0, 1.0, 1.0, 0.0, 1.0, 0.0, 4.0, 0.0, 0.0, 0.0, 1.0, 10.0, 5.0, 4.0, 60306], [60307, 1.0, 0.0, 1.0, 31.0, 0.0, 0.0, 0.0, 1.0, 1.0, 1.0, 0.0, 1.0, 0.0, 3.0, 0.0, 0.0, 1.0, 0.0, 10.0, 5.0, 1.0, 60307], [60309, 1.0, 1.0, 1.0, 28.0, 1.0, 0.0, 1.0, 0.0, 0.0, 1.0, 1.0, 1.0, 0.0, 3.0, 0.0, 2.0, 0.0, 1.0, 11.0, 4.0, 5.0, 60309], [60310, 1.0, 1.0, 1.0, 31.0, 0.0, 0.0, 1.0, 1.0, 1.0, 1.0, 0.0, 1.0, 0.0, 4.0, 14.0, 0.0, 1.0, 0.0, 13.0, 4.0, 7.0, 60310], [60315, 1.0, 0.0, 1.0, 29.0, 1.0, 0.0, 0.0, 0.0, 1.0, 1.0, 0.0, 1.0, 0.0, 3.0, 0.0, 10.0, 1.0, 0.0, 10.0, 3.0, 6.0, 60315], [60319, 1.0, 0.0, 1.0, 27.0, 0.0, 0.0, 0.0, 1.0, 1.0, 1.0, 0.0, 1.0, 0.0, 1.0, 0.0, 0.0, 0.0, 1.0, 13.0, 6.0, 6.0, 60319], [60323, 1.0, 1.0, 1.0, 24.0, 1.0, 0.0, 1.0, 1.0, 1.0, 1.0, 0.0, 1.0, 0.0, 3.0, 0.0, 0.0, 0.0, 0.0, 10.0, 6.0, 7.0, 60323]]}}","{""predictions"": [0.0, 1.0, 1.0, 0.0, 1.0, 1.0, 1.0, 0.0, 0.0, 1.0]}",1,"{""model_name"":""demo_faddadbfcefc_model_monitor.ws_3551974319838082.diabetes_mo"",""endpoint_name"":""anupriya-malik-databricks-com_ML_AS04_Demo_3b"",""model_version"":""1""}"
null,43389abb-3744-4513-a79d-9284a1686cde,2024-09-28,1727528585169,200,5,"{""dataframe_split"": {""index"": [24470, 24471, 24472, 24473, 24474, 24475, 24476, 24477, 24478, 24479], ""columns"": [""index"", ""HighBP"", ""HighChol"", ""CholCheck"", ""BMI"", ""Smoker"", ""Stroke"", ""HeartDiseaseorAttack"", ""PhysActivity"", ""Fruits"", ""Veggies"", ""HvyAlcoholConsump"", ""AnyHealthcare"", ""NoDocbcCost"", ""GenHlth"", ""MentHlth"", ""PhysHlth"", ""DiffWalk"", ""Sex"", ""Age"", ""Education"", ""Income"", ""id""], ""data"": [[60407, 1.0, 1.0, 1.0, 51.0, 1.0, 0.0, 0.0, 0.0, 0.0, 1.0, 0.0, 1.0, 0.0, 4.0, 0.0, 3.0, 1.0, 1.0, 10.0, 5.0, 2.0, 60407], [60411, 1.0, 1.0, 1.0, 55.0, 1.0, 0.0, 0.0, 0.0, 0.0, 1.0, 0.0, 1.0, 0.0, 2.0, 0.0, 0.0, 0.0, 1.0, 11.0, 5.0, 4.0, 60411], [60413, 1.0, 0.0, 1.0, 31.0, 1.0, 0.0, 0.0, 1.0, 0.0, 1.0, 0.0, 1.0, 0.0, 4.0, 0.0, 0.0, 0.0, 1.0, 11.0, 5.0, 5.0, 60413], [60416, 1.0, 1.0, 1.0, 29.0, 1.0, 0.0, 0.0, 1.0, 1.0, 1.0, 0.0, 1.0, 0.0, 3.0, 0.0, 0.0, 0.0, 1.0, 11.0, 6.0, 7.0, 60416], [60425, 1.0, 1.0, 1.0, 27.0, 0.0, 1.0, 0.0, 0.0, 0.0, 0.0, 0.0, 1.0, 0.0, 4.0, 0.0, 30.0, 1.0, 0.0, 11.0, 6.0, 5.0, 60425], [60429, 1.0, 1.0, 1.0, 30.0, 0.0, 0.0, 0.0, 0.0, 1.0, 1.0, 0.0, 1.0, 0.0, 4.0, 0.0, 30.0, 1.0, 1.0, 11.0, 5.0, 8.0, 60429], [60435, 1.0, 1.0, 1.0, 32.0, 0.0, 0.0, 0.0, 1.0, 1.0, 1.0, 0.0, 1.0, 0.0, 5.0, 0.0, 30.0, 0.0, 0.0, 13.0, 4.0, 5.0, 60435], [60438, 1.0, 0.0, 1.0, 27.0, 1.0, 1.0, 1.0, 1.0, 1.0, 0.0, 0.0, 1.0, 0.0, 2.0, 2.0, 0.0, 0.0, 1.0, 10.0, 3.0, 5.0, 60438], [60439, 1.0, 1.0, 1.0, 27.0, 1.0, 0.0, 1.0, 1.0, 1.0, 1.0, 0.0, 1.0, 0.0, 2.0, 10.0, 0.0, 0.0, 1.0, 10.0, 4.0, 5.0, 60439], [60440, 1.0, 1.0, 1.0, 34.0, 1.0, 0.0, 1.0, 1.0, 1.0, 1.0, 0.0, 1.0, 0.0, 5.0, 0.0, 30.0, 1.0, 0.0, 11.0, 4.0, 4.0, 60440]]}}","{""predictions"": [1.0, 1.0, 1.0, 1.0, 0.0, 1.0, 1.0, 1.0, 1.0, 1.0]}",1,"{""model_name"":""demo_faddadbfcefc_model_monitor.ws_3551974319838082.diabetes_mo"",""endpoint_name"":""anupriya-malik-databricks-com_ML_AS04_Demo_3b"",""model_version"":""1""}"
null,1abdba3e-588b-4f19-ba6a-d85a8d9facb6,2024-09-28,1727528585263,200,5,"{""dataframe_split"": {""index"": [24500, 24501, 24502, 24503, 24504, 24505, 24506, 24507, 24508, 24509], ""columns"": [""index"", ""HighBP"", ""HighChol"", ""CholCheck"", ""BMI"", ""Smoker"", ""Stroke"", ""HeartDiseaseorAttack"", ""PhysActivity"", ""Fruits"", ""Veggies"", ""HvyAlcoholConsump"", ""AnyHealthcare"", ""NoDocbcCost"", ""GenHlth"", ""MentHlth"", ""PhysHlth"", ""DiffWalk"", ""Sex"", ""Age"", ""Education"", ""Income"", ""id""], ""data"": [[60493, 0.0, 0.0, 1.0, 30.0, 1.0, 1.0, 1.0, 1.0, 1.0, 1.0, 0.0, 1.0, 0.0, 3.0, 0.0, 0.0, 0.0, 1.0, 10.0, 6.0, 5.0, 60493], [60494, 0.0, 0.0, 1.0, 27.0, 1.0, 0.0, 0.0, 1.0, 1.0, 1.0, 0.0, 1.0, 0.0, 2.0, 0.0, 0.0, 0.0, 1.0, 11.0, 6.0, 7.0, 60494], [60499, 1.0, 1.0, 1.0, 18.0, 1.0, 0.0, 0.0, 1.0, 1.0, 1.0, 0.0, 1.0, 0.0, 4.0, 0.0, 4.0, 1.0, 1.0, 13.0, 4.0, 5.0, 60499], [60504, 0.0, 1.0, 1.0, 32.0, 1.0, 0.0, 0.0, 0.0, 0.0, 1.0, 0.0, 1.0, 0.0, 2.0, 0.0, 0.0, 0.0, 1.0, 10.0, 4.0, 4.0, 60504], [60506, 0.0, 1.0, 1.0, 27.0, 1.0, 1.0, 1.0, 1.0, 0.0, 1.0, 0.0, 1.0, 0.0, 4.0, 0.0, 1.0, 1.0, 0.0, 13.0, 3.0, 4.0, 60506], [60507, 1.0, 1.0, 1.0, 31.0, 1.0, 0.0, 1.0, 0.0, 1.0, 0.0, 0.0, 1.0, 0.0, 4.0, 30.0, 30.0, 1.0, 1.0, 10.0, 6.0, 7.0, 60507], [60509, 1.0, 0.0, 1.0, 32.0, 0.0, 0.0, 0.0, 0.0, 1.0, 1.0, 0.0, 1.0, 0.0, 4.0, 0.0, 9.0, 0.0, 1.0, 10.0, 6.0, 8.0, 60509], [60510, 1.0, 1.0, 1.0, 35.0, 0.0, 0.0, 0.0, 1.0, 0.0, 0.0, 0.0, 1.0, 0.0, 3.0, 0.0, 0.0, 0.0, 1.0, 10.0, 6.0, 7.0, 60510], [60511, 1.0, 1.0, 1.0, 28.0, 0.0, 0.0, 0.0, 1.0, 1.0, 1.0, 0.0, 1.0, 0.0, 4.0, 2.0, 2.0, 0.0, 1.0, 10.0, 5.0, 7.0, 60511], [60512, 1.0, 1.0, 1.0, 27.0, 0.0, 0.0, 1.0, 1.0, 1.0, 1.0, 0.0, 1.0, 0.0, 4.0, 0.0, 30.0, 1.0, 0.0, 13.0, 6.0, 6.0, 60512]]}}","{""predictions"": [1.0, 0.0, 1.0, 1.0, 1.0, 1.0, 1.0, 1.0, 1.0, 0.0]}",1,"{""model_name"":""demo_faddadbfcefc_model_monitor.ws_3551974319838082.diabetes_mo"",""endpoint_name"":""anupriya-malik-databricks-com_ML_AS04_Demo_3b"",""model_version"":""1""}"
null,999719f7-3de3-451d-9147-15b12130dbc3,2024-09-28,1727528585522,200,5,"{""dataframe_split"": {""index"": [24580, 24581, 24582, 24583, 24584, 24585, 24586, 24587, 24588, 24589], ""columns"": [""index"", ""HighBP"", ""HighChol"", ""CholCheck"", ""BMI"", ""Smoker"", ""Stroke"", ""HeartDiseaseorAttack"", ""PhysActivity"", ""Fruits"", ""Veggies"", ""HvyAlcoholConsump"", ""AnyHealthcare"", ""NoDocbcCost"", ""GenHlth"", ""MentHlth"", ""PhysHlth"", ""DiffWalk"", ""Sex"", ""Age"", ""Education"", ""Income"", ""id""], ""data"": [[60640, 1.0, 1.0, 1.0, 32.0, 0.0, 0.0, 0.0, 1.0, 1.0, 1.0, 0.0, 1.0, 0.0, 3.0, 2.0, 7.0, 0.0, 0.0, 12.0, 5.0, 3.0, 60640], [60641, 1.0, 0.0, 1.0, 40.0, 0.0, 0.0, 0.0, 1.0, 1.0, 1.0, 0.0, 1.0, 0.0, 3.0, 0.0, 0.0, 1.0, 1.0, 13.0, 6.0, 8.0, 60641], [60642, 1.0, 0.0, 1.0, 22.0, 1.0, 0.0, 0.0, 0.0, 1.0, 0.0, 0.0, 1.0, 0.0, 5.0, 14.0, 7.0, 0.0, 1.0, 10.0, 6.0, 6.0, 60642], [60644, 1.0, 1.0, 1.0, 18.0, 1.0, 0.0, 0.0, 1.0, 1.0, 1.0, 0.0, 1.0, 0.0, 2.0, 0.0, 0.0, 0.0, 0.0, 13.0, 5.0, 6.0, 60644], [60646, 1.0, 1.0, 1.0, 34.0, 1.0, 0.0, 1.0, 1.0, 1.0, 1.0, 0.0, 1.0, 0.0, 3.0, 0.0, 0.0, 0.0, 1.0, 10.0, 6.0, 6.0, 60646], [60648, 1.0, 1.0, 1.0, 25.0, 1.0, 0.0, 1.0, 1.0, 1.0, 1.0, 0.0, 1.0, 0.0, 3.0, 1.0, 5.0, 1.0, 1.0, 13.0, 5.0, 8.0, 60648], [60649, 1.0, 1.0, 1.0, 25.0, 0.0, 0.0, 1.0, 0.0, 1.0, 1.0, 0.0, 1.0, 0.0, 3.0, 0.0, 0.0, 0.0, 1.0, 13.0, 5.0, 4.0, 60649], [60651, 0.0, 0.0, 1.0, 30.0, 1.0, 0.0, 0.0, 1.0, 0.0, 1.0, 0.0, 1.0, 0.0, 4.0, 0.0, 10.0, 0.0, 1.0, 12.0, 6.0, 3.0, 60651], [60652, 1.0, 0.0, 1.0, 35.0, 1.0, 1.0, 0.0, 1.0, 1.0, 1.0, 0.0, 1.0, 0.0, 2.0, 5.0, 3.0, 1.0, 0.0, 13.0, 3.0, 4.0, 60652], [60654, 1.0, 1.0, 1.0, 26.0, 1.0, 0.0, 0.0, 1.0, 1.0, 1.0, 0.0, 1.0, 0.0, 2.0, 0.0, 0.0, 0.0, 0.0, 12.0, 5.0, 4.0, 60654]]}}","{""predictions"": [0.0, 1.0, 1.0, 1.0, 1.0, 0.0, 1.0, 1.0, 1.0, 0.0]}",1,"{""model_name"":""demo_faddadbfcefc_model_monitor.ws_3551974319838082.diabetes_mo"",""endpoint_name"":""anupriya-malik-databricks-com_ML_AS04_Demo_3b"",""model_version"":""1""}"
null,2feca2ca-a951-4bf1-a9c3-13f427781bac,2024-09-28,1727528585647,200,5,"{""dataframe_split"": {""index"": [24620, 24621, 24622, 24623, 24624, 24625, 24626, 24627, 24628, 24629], ""columns"": [""index"", ""HighBP"", ""HighChol"", ""CholCheck"", ""BMI"", ""Smoker"", ""Stroke"", ""HeartDiseaseorAttack"", ""PhysActivity"", ""Fruits"", ""Veggies"", ""HvyAlcoholConsump"", ""AnyHealthcare"", ""NoDocbcCost"", ""GenHlth"", ""MentHlth"", ""PhysHlth"", ""DiffWalk"", ""Sex"", ""Age"", ""Education"", ""Income"", ""id""], ""data"": [[60700, 0.0, 1.0, 1.0, 26.0, 0.0, 0.0, 0.0, 1.0, 1.0, 0.0, 0.0, 1.0, 0.0, 3.0, 2.0, 2.0, 0.0, 1.0, 11.0, 6.0, 6.0, 60700], [60701, 1.0, 1.0, 1.0, 31.0, 1.0, 0.0, 0.0, 1.0, 0.0, 1.0, 0.0, 1.0, 0.0, 4.0, 5.0, 0.0, 0.0, 1.0, 11.0, 6.0, 8.0, 60701], [60702, 0.0, 1.0, 1.0, 28.0, 1.0, 0.0, 0.0, 1.0, 0.0, 1.0, 0.0, 1.0, 0.0, 3.0, 3.0, 2.0, 0.0, 1.0, 10.0, 5.0, 7.0, 60702], [60703, 1.0, 1.0, 1.0, 21.0, 1.0, 0.0, 1.0, 1.0, 1.0, 1.0, 0.0, 1.0, 0.0, 4.0, 0.0, 14.0, 0.0, 1.0, 13.0, 5.0, 5.0, 60703], [60706, 1.0, 1.0, 1.0, 26.0, 1.0, 0.0, 1.0, 1.0, 1.0, 1.0, 0.0, 1.0, 0.0, 2.0, 1.0, 0.0, 1.0, 0.0, 13.0, 4.0, 4.0, 60706], [60708, 1.0, 1.0, 1.0, 33.0, 0.0, 0.0, 0.0, 1.0, 1.0, 1.0, 0.0, 1.0, 0.0, 2.0, 0.0, 5.0, 1.0, 0.0, 13.0, 6.0, 6.0, 60708], [60713, 1.0, 1.0, 1.0, 32.0, 1.0, 0.0, 0.0, 0.0, 1.0, 1.0, 0.0, 1.0, 0.0, 3.0, 0.0, 0.0, 0.0, 1.0, 11.0, 5.0, 7.0, 60713], [60714, 0.0, 0.0, 1.0, 28.0, 0.0, 0.0, 0.0, 1.0, 1.0, 1.0, 0.0, 1.0, 0.0, 2.0, 0.0, 0.0, 0.0, 1.0, 13.0, 4.0, 8.0, 60714], [60718, 1.0, 1.0, 1.0, 28.0, 0.0, 0.0, 0.0, 1.0, 1.0, 1.0, 0.0, 1.0, 0.0, 2.0, 0.0, 3.0, 0.0, 1.0, 12.0, 6.0, 7.0, 60718], [60719, 0.0, 0.0, 1.0, 30.0, 0.0, 0.0, 0.0, 1.0, 1.0, 1.0, 0.0, 1.0, 1.0, 3.0, 0.0, 0.0, 1.0, 0.0, 10.0, 4.0, 1.0, 60719]]}}","{""predictions"": [0.0, 1.0, 0.0, 0.0, 1.0, 0.0, 1.0, 0.0, 0.0, 0.0]}",1,"{""model_name"":""demo_faddadbfcefc_model_monitor.ws_3551974319838082.diabetes_mo"",""endpoint_name"":""anupriya-malik-databricks-com_ML_AS04_Demo_3b"",""model_version"":""1""}"
null,8d63b768-5f27-48b3-ab3c-b5ba5b70b071,2024-09-28,1727528585677,200,5,"{""dataframe_split"": {""index"": [24630, 24631, 24632, 24633, 24634, 24635, 24636, 24637, 24638, 24639], ""columns"": [""index"", ""HighBP"", ""HighChol"", ""CholCheck"", ""BMI"", ""Smoker"", ""Stroke"", ""HeartDiseaseorAttack"", ""PhysActivity"", ""Fruits"", ""Veggies"", ""HvyAlcoholConsump"", ""AnyHealthcare"", ""NoDocbcCost"", ""GenHlth"", ""MentHlth"", ""PhysHlth"", ""DiffWalk"", ""Sex"", ""Age"", ""Education"", ""Income"", ""id""], ""data"": [[60720, 0.0, 1.0, 1.0, 26.0, 1.0, 0.0, 1.0, 0.0, 1.0, 1.0, 0.0, 1.0, 0.0, 3.0, 0.0, 0.0, 0.0, 0.0, 13.0, 4.0, 5.0, 60720], [60721, 1.0, 1.0, 1.0, 39.0, 0.0, 0.0, 1.0, 0.0, 0.0, 1.0, 0.0, 1.0, 0.0, 4.0, 0.0, 30.0, 1.0, 1.0, 10.0, 5.0, 4.0, 60721], [60724, 1.0, 1.0, 1.0, 27.0, 1.0, 0.0, 1.0, 1.0, 1.0, 1.0, 0.0, 1.0, 0.0, 3.0, 0.0, 0.0, 0.0, 1.0, 12.0, 5.0, 6.0, 60724], [60727, 1.0, 1.0, 1.0, 24.0, 1.0, 0.0, 0.0, 1.0, 1.0, 1.0, 0.0, 1.0, 0.0, 1.0, 5.0, 0.0, 0.0, 0.0, 12.0, 4.0, 4.0, 60727], [60729, 1.0, 1.0, 1.0, 33.0, 1.0, 0.0, 0.0, 0.0, 0.0, 1.0, 0.0, 1.0, 1.0, 4.0, 6.0, 0.0, 1.0, 0.0, 13.0, 6.0, 6.0, 60729], [60730, 1.0, 1.0, 1.0, 32.0, 1.0, 0.0, 0.0, 1.0, 1.0, 1.0, 0.0, 1.0, 0.0, 2.0, 0.0, 0.0, 0.0, 1.0, 13.0, 6.0, 8.0, 60730], [60733, 1.0, 1.0, 1.0, 43.0, 1.0, 1.0, 0.0, 0.0, 0.0, 1.0, 0.0, 1.0, 0.0, 4.0, 0.0, 30.0, 1.0, 0.0, 12.0, 4.0, 2.0, 60733], [60734, 1.0, 1.0, 1.0, 33.0, 1.0, 0.0, 0.0, 1.0, 0.0, 1.0, 0.0, 1.0, 0.0, 3.0, 0.0, 0.0, 1.0, 0.0, 10.0, 5.0, 6.0, 60734], [60735, 1.0, 1.0, 1.0, 35.0, 1.0, 0.0, 0.0, 1.0, 0.0, 0.0, 0.0, 1.0, 0.0, 3.0, 0.0, 5.0, 1.0, 1.0, 12.0, 6.0, 6.0, 60735], [60736, 0.0, 0.0, 1.0, 27.0, 1.0, 0.0, 1.0, 1.0, 1.0, 1.0, 0.0, 1.0, 0.0, 4.0, 0.0, 0.0, 0.0, 1.0, 11.0, 5.0, 5.0, 60736]]}}","{""predictions"": [1.0, 1.0, 0.0, 0.0, 1.0, 1.0, 1.0, 1.0, 1.0, 1.0]}",1,"{""model_name"":""demo_faddadbfcefc_model_monitor.ws_3551974319838082.diabetes_mo"",""endpoint_name"":""anupriya-malik-databricks-com_ML_AS04_Demo_3b"",""model_version"":""1""}"
null,ce516273-73e7-4e9b-a249-01120c7efbe1,2024-09-28,1727528585707,200,5,"{""dataframe_split"": {""index"": [24640, 24641, 24642, 24643, 24644, 24645, 24646, 24647, 24648, 24649], ""columns"": [""index"", ""HighBP"", ""HighChol"", ""CholCheck"", ""BMI"", ""Smoker"", ""Stroke"", ""HeartDiseaseorAttack"", ""PhysActivity"", ""Fruits"", ""Veggies"", ""HvyAlcoholConsump"", ""AnyHealthcare"", ""NoDocbcCost"", ""GenHlth"", ""MentHlth"", ""PhysHlth"", ""DiffWalk"", ""Sex"", ""Age"", ""Education"", ""Income"", ""id""], ""data"": [[60738, 1.0, 1.0, 1.0, 24.0, 1.0, 0.0, 0.0, 1.0, 1.0, 1.0, 0.0, 1.0, 0.0, 2.0, 0.0, 0.0, 0.0, 1.0, 13.0, 6.0, 7.0, 60738], [60742, 1.0, 1.0, 1.0, 25.0, 1.0, 0.0, 0.0, 1.0, 1.0, 1.0, 0.0, 1.0, 0.0, 1.0, 0.0, 15.0, 0.0, 0.0, 11.0, 6.0, 8.0, 60742], [60743, 1.0, 1.0, 1.0, 24.0, 1.0, 0.0, 0.0, 0.0, 1.0, 1.0, 0.0, 1.0, 0.0, 3.0, 0.0, 0.0, 0.0, 0.0, 11.0, 6.0, 5.0, 60743], [60744, 1.0, 1.0, 1.0, 28.0, 0.0, 0.0, 0.0, 1.0, 1.0, 1.0, 0.0, 1.0, 0.0, 2.0, 0.0, 0.0, 0.0, 0.0, 12.0, 5.0, 7.0, 60744], [60745, 0.0, 0.0, 1.0, 27.0, 0.0, 0.0, 1.0, 0.0, 1.0, 1.0, 0.0, 1.0, 0.0, 3.0, 0.0, 0.0, 1.0, 0.0, 10.0, 4.0, 4.0, 60745], [60746, 0.0, 1.0, 1.0, 26.0, 1.0, 0.0, 0.0, 1.0, 1.0, 1.0, 0.0, 1.0, 0.0, 2.0, 0.0, 0.0, 0.0, 0.0, 10.0, 5.0, 6.0, 60746], [60747, 1.0, 1.0, 1.0, 30.0, 1.0, 0.0, 0.0, 1.0, 1.0, 1.0, 0.0, 1.0, 0.0, 3.0, 0.0, 0.0, 1.0, 0.0, 11.0, 5.0, 4.0, 60747], [60749, 1.0, 0.0, 1.0, 31.0, 1.0, 0.0, 1.0, 0.0, 1.0, 1.0, 0.0, 1.0, 0.0, 5.0, 20.0, 29.0, 1.0, 0.0, 12.0, 4.0, 8.0, 60749], [60750, 1.0, 1.0, 1.0, 39.0, 0.0, 0.0, 0.0, 1.0, 1.0, 1.0, 0.0, 1.0, 0.0, 3.0, 0.0, 0.0, 0.0, 1.0, 10.0, 4.0, 8.0, 60750], [60751, 1.0, 1.0, 1.0, 30.0, 0.0, 1.0, 1.0, 1.0, 1.0, 0.0, 0.0, 1.0, 0.0, 5.0, 30.0, 30.0, 1.0, 1.0, 12.0, 6.0, 5.0, 60751]]}}","{""predictions"": [1.0, 0.0, 1.0, 0.0, 1.0, 0.0, 1.0, 1.0, 1.0, 1.0]}",1,"{""model_name"":""demo_faddadbfcefc_model_monitor.ws_3551974319838082.diabetes_mo"",""endpoint_name"":""anupriya-malik-databricks-com_ML_AS04_Demo_3b"",""model_version"":""1""}"
null,0f1be5c1-2b9c-4b63-9830-0fbe4ea7ee2c,2024-09-28,1727528585829,200,5,"{""dataframe_split"": {""index"": [24680, 24681, 24682, 24683, 24684, 24685, 24686, 24687, 24688, 24689], ""columns"": [""index"", ""HighBP"", ""HighChol"", ""CholCheck"", ""BMI"", ""Smoker"", ""Stroke"", ""HeartDiseaseorAttack"", ""PhysActivity"", ""Fruits"", ""Veggies"", ""HvyAlcoholConsump"", ""AnyHealthcare"", ""NoDocbcCost"", ""GenHlth"", ""MentHlth"", ""PhysHlth"", ""DiffWalk"", ""Sex"", ""Age"", ""Education"", ""Income"", ""id""], ""data"": [[60809, 0.0, 1.0, 1.0, 37.0, 0.0, 0.0, 0.0, 1.0, 1.0, 1.0, 0.0, 1.0, 0.0, 4.0, 5.0, 25.0, 1.0, 0.0, 10.0, 5.0, 7.0, 60809], [60813, 0.0, 0.0, 1.0, 31.0, 0.0, 0.0, 0.0, 0.0, 0.0, 1.0, 0.0, 1.0, 0.0, 2.0, 0.0, 0.0, 0.0, 1.0, 10.0, 6.0, 8.0, 60813], [60818, 0.0, 0.0, 1.0, 31.0, 0.0, 0.0, 0.0, 1.0, 1.0, 1.0, 0.0, 1.0, 0.0, 1.0, 0.0, 0.0, 0.0, 1.0, 11.0, 6.0, 5.0, 60818], [60822, 1.0, 1.0, 1.0, 32.0, 1.0, 1.0, 0.0, 1.0, 0.0, 1.0, 0.0, 1.0, 0.0, 4.0, 15.0, 29.0, 0.0, 1.0, 10.0, 3.0, 2.0, 60822], [60827, 1.0, 1.0, 1.0, 24.0, 0.0, 0.0, 0.0, 1.0, 1.0, 1.0, 0.0, 1.0, 0.0, 4.0, 0.0, 10.0, 0.0, 1.0, 10.0, 6.0, 8.0, 60827], [60828, 0.0, 1.0, 1.0, 22.0, 0.0, 0.0, 0.0, 1.0, 0.0, 0.0, 0.0, 1.0, 0.0, 2.0, 0.0, 0.0, 0.0, 1.0, 10.0, 4.0, 7.0, 60828], [60829, 1.0, 1.0, 1.0, 32.0, 1.0, 0.0, 0.0, 1.0, 1.0, 1.0, 0.0, 1.0, 0.0, 3.0, 0.0, 15.0, 0.0, 0.0, 10.0, 6.0, 6.0, 60829], [60831, 1.0, 1.0, 1.0, 25.0, 1.0, 1.0, 0.0, 1.0, 0.0, 1.0, 0.0, 1.0, 0.0, 3.0, 1.0, 0.0, 0.0, 1.0, 13.0, 6.0, 8.0, 60831], [60837, 0.0, 1.0, 1.0, 38.0, 0.0, 0.0, 0.0, 0.0, 0.0, 0.0, 0.0, 1.0, 0.0, 4.0, 0.0, 0.0, 0.0, 0.0, 12.0, 5.0, 6.0, 60837], [60838, 1.0, 1.0, 1.0, 37.0, 0.0, 0.0, 1.0, 0.0, 0.0, 0.0, 0.0, 1.0, 0.0, 5.0, 0.0, 25.0, 1.0, 1.0, 10.0, 5.0, 5.0, 60838]]}}","{""predictions"": [1.0, 0.0, 0.0, 1.0, 1.0, 0.0, 1.0, 1.0, 1.0, 1.0]}",1,"{""model_name"":""demo_faddadbfcefc_model_monitor.ws_3551974319838082.diabetes_mo"",""endpoint_name"":""anupriya-malik-databricks-com_ML_AS04_Demo_3b"",""model_version"":""1""}"
null,4eb1362b-9839-4a4e-b158-771f600cafbd,2024-09-28,1727528585890,200,5,"{""dataframe_split"": {""index"": [24700, 24701, 24702, 24703, 24704, 24705, 24706, 24707, 24708, 24709], ""columns"": [""index"", ""HighBP"", ""HighChol"", ""CholCheck"", ""BMI"", ""Smoker"", ""Stroke"", ""HeartDiseaseorAttack"", ""PhysActivity"", ""Fruits"", ""Veggies"", ""HvyAlcoholConsump"", ""AnyHealthcare"", ""NoDocbcCost"", ""GenHlth"", ""MentHlth"", ""PhysHlth"", ""DiffWalk"", ""Sex"", ""Age"", ""Education"", ""Income"", ""id""], ""data"": [[60854, 1.0, 1.0, 1.0, 34.0, 1.0, 1.0, 0.0, 1.0, 0.0, 1.0, 0.0, 1.0, 0.0, 3.0, 30.0, 10.0, 0.0, 0.0, 12.0, 5.0, 4.0, 60854], [60855, 1.0, 0.0, 1.0, 30.0, 0.0, 0.0, 1.0, 1.0, 1.0, 1.0, 0.0, 1.0, 0.0, 4.0, 0.0, 30.0, 1.0, 0.0, 11.0, 5.0, 5.0, 60855], [60856, 1.0, 0.0, 1.0, 30.0, 1.0, 0.0, 0.0, 0.0, 1.0, 1.0, 0.0, 1.0, 0.0, 2.0, 0.0, 0.0, 0.0, 1.0, 11.0, 5.0, 7.0, 60856], [60857, 1.0, 1.0, 1.0, 31.0, 0.0, 0.0, 0.0, 0.0, 0.0, 0.0, 0.0, 1.0, 0.0, 4.0, 20.0, 30.0, 1.0, 1.0, 11.0, 6.0, 3.0, 60857], [60858, 0.0, 1.0, 1.0, 39.0, 0.0, 0.0, 0.0, 1.0, 1.0, 1.0, 0.0, 1.0, 0.0, 2.0, 0.0, 0.0, 0.0, 0.0, 11.0, 6.0, 4.0, 60858], [60859, 1.0, 1.0, 1.0, 33.0, 1.0, 1.0, 1.0, 1.0, 0.0, 1.0, 0.0, 1.0, 0.0, 4.0, 2.0, 3.0, 1.0, 0.0, 11.0, 5.0, 5.0, 60859], [60860, 1.0, 1.0, 1.0, 35.0, 1.0, 0.0, 0.0, 0.0, 0.0, 1.0, 0.0, 1.0, 0.0, 5.0, 10.0, 6.0, 1.0, 0.0, 10.0, 4.0, 4.0, 60860], [60861, 0.0, 0.0, 1.0, 32.0, 0.0, 0.0, 0.0, 0.0, 1.0, 1.0, 0.0, 1.0, 0.0, 2.0, 0.0, 10.0, 1.0, 1.0, 11.0, 4.0, 7.0, 60861], [60863, 1.0, 1.0, 1.0, 32.0, 0.0, 1.0, 0.0, 0.0, 0.0, 1.0, 0.0, 1.0, 0.0, 4.0, 0.0, 0.0, 1.0, 0.0, 11.0, 6.0, 6.0, 60863], [60864, 0.0, 1.0, 1.0, 29.0, 1.0, 0.0, 0.0, 1.0, 0.0, 1.0, 1.0, 1.0, 0.0, 2.0, 0.0, 0.0, 0.0, 1.0, 10.0, 6.0, 7.0, 60864]]}}","{""predictions"": [1.0, 1.0, 0.0, 1.0, 1.0, 1.0, 1.0, 1.0, 1.0, 0.0]}",1,"{""model_name"":""demo_faddadbfcefc_model_monitor.ws_3551974319838082.diabetes_mo"",""endpoint_name"":""anupriya-malik-databricks-com_ML_AS04_Demo_3b"",""model_version"":""1""}"
null,400c6daf-737f-40b1-8483-299639b7af4c,2024-09-28,1727528585950,200,5,"{""dataframe_split"": {""index"": [24720, 24721, 24722, 24723, 24724, 24725, 24726, 24727, 24728, 24729], ""columns"": [""index"", ""HighBP"", ""HighChol"", ""CholCheck"", ""BMI"", ""Smoker"", ""Stroke"", ""HeartDiseaseorAttack"", ""PhysActivity"", ""Fruits"", ""Veggies"", ""HvyAlcoholConsump"", ""AnyHealthcare"", ""NoDocbcCost"", ""GenHlth"", ""MentHlth"", ""PhysHlth"", ""DiffWalk"", ""Sex"", ""Age"", ""Education"", ""Income"", ""id""], ""data"": [[60896, 1.0, 1.0, 1.0, 33.0, 1.0, 1.0, 1.0, 0.0, 1.0, 1.0, 0.0, 1.0, 0.0, 3.0, 3.0, 0.0, 0.0, 1.0, 11.0, 5.0, 4.0, 60896], [60898, 1.0, 0.0, 1.0, 27.0, 0.0, 0.0, 0.0, 0.0, 0.0, 1.0, 0.0, 1.0, 0.0, 2.0, 30.0, 0.0, 0.0, 0.0, 12.0, 5.0, 6.0, 60898], [60899, 1.0, 1.0, 1.0, 30.0, 1.0, 1.0, 1.0, 1.0, 1.0, 1.0, 0.0, 1.0, 0.0, 4.0, 0.0, 0.0, 1.0, 0.0, 10.0, 5.0, 8.0, 60899], [60902, 0.0, 0.0, 1.0, 31.0, 1.0, 1.0, 1.0, 1.0, 0.0, 1.0, 0.0, 1.0, 0.0, 5.0, 5.0, 20.0, 1.0, 1.0, 10.0, 4.0, 3.0, 60902], [60903, 0.0, 1.0, 1.0, 50.0, 1.0, 0.0, 0.0, 0.0, 0.0, 1.0, 0.0, 1.0, 0.0, 4.0, 5.0, 30.0, 1.0, 0.0, 10.0, 6.0, 8.0, 60903], [60911, 1.0, 1.0, 1.0, 37.0, 1.0, 1.0, 0.0, 1.0, 1.0, 1.0, 0.0, 1.0, 0.0, 3.0, 0.0, 0.0, 0.0, 0.0, 10.0, 6.0, 5.0, 60911], [60912, 0.0, 1.0, 1.0, 29.0, 1.0, 0.0, 0.0, 1.0, 1.0, 1.0, 0.0, 1.0, 0.0, 3.0, 1.0, 0.0, 0.0, 1.0, 11.0, 6.0, 5.0, 60912], [60922, 1.0, 1.0, 1.0, 37.0, 1.0, 0.0, 0.0, 0.0, 0.0, 1.0, 0.0, 1.0, 0.0, 4.0, 5.0, 5.0, 1.0, 1.0, 10.0, 5.0, 7.0, 60922], [60926, 1.0, 0.0, 1.0, 23.0, 0.0, 0.0, 1.0, 1.0, 1.0, 0.0, 0.0, 1.0, 0.0, 3.0, 0.0, 0.0, 0.0, 1.0, 10.0, 6.0, 8.0, 60926], [60927, 1.0, 1.0, 1.0, 26.0, 0.0, 0.0, 1.0, 1.0, 1.0, 1.0, 0.0, 1.0, 0.0, 2.0, 0.0, 1.0, 0.0, 0.0, 13.0, 6.0, 6.0, 60927]]}}","{""predictions"": [1.0, 1.0, 1.0, 1.0, 1.0, 1.0, 1.0, 1.0, 0.0, 1.0]}",1,"{""model_name"":""demo_faddadbfcefc_model_monitor.ws_3551974319838082.diabetes_mo"",""endpoint_name"":""anupriya-malik-databricks-com_ML_AS04_Demo_3b"",""model_version"":""1""}"
null,91368efc-0aff-4f86-b866-98fa25730654,2024-09-28,1727528585980,200,5,"{""dataframe_split"": {""index"": [24730, 24731, 24732, 24733, 24734, 24735, 24736, 24737, 24738, 24739], ""columns"": [""index"", ""HighBP"", ""HighChol"", ""CholCheck"", ""BMI"", ""Smoker"", ""Stroke"", ""HeartDiseaseorAttack"", ""PhysActivity"", ""Fruits"", ""Veggies"", ""HvyAlcoholConsump"", ""AnyHealthcare"", ""NoDocbcCost"", ""GenHlth"", ""MentHlth"", ""PhysHlth"", ""DiffWalk"", ""Sex"", ""Age"", ""Education"", ""Income"", ""id""], ""data"": [[60928, 1.0, 1.0, 1.0, 37.0, 1.0, 0.0, 1.0, 0.0, 0.0, 0.0, 0.0, 1.0, 0.0, 3.0, 0.0, 0.0, 1.0, 1.0, 10.0, 4.0, 6.0, 60928], [60930, 1.0, 1.0, 1.0, 33.0, 1.0, 0.0, 0.0, 0.0, 1.0, 0.0, 0.0, 1.0, 0.0, 2.0, 3.0, 15.0, 1.0, 0.0, 13.0, 4.0, 3.0, 60930], [60941, 1.0, 0.0, 1.0, 28.0, 1.0, 0.0, 0.0, 1.0, 1.0, 1.0, 0.0, 1.0, 0.0, 1.0, 0.0, 2.0, 0.0, 0.0, 10.0, 6.0, 8.0, 60941], [60944, 1.0, 1.0, 1.0, 52.0, 0.0, 0.0, 0.0, 0.0, 1.0, 0.0, 0.0, 1.0, 0.0, 4.0, 2.0, 3.0, 1.0, 1.0, 11.0, 4.0, 7.0, 60944], [60945, 1.0, 0.0, 1.0, 26.0, 0.0, 0.0, 0.0, 1.0, 1.0, 1.0, 0.0, 0.0, 1.0, 4.0, 0.0, 12.0, 0.0, 0.0, 10.0, 6.0, 1.0, 60945], [60946, 1.0, 1.0, 1.0, 38.0, 1.0, 0.0, 0.0, 1.0, 1.0, 1.0, 0.0, 1.0, 0.0, 4.0, 0.0, 0.0, 0.0, 0.0, 10.0, 6.0, 8.0, 60946], [60947, 1.0, 1.0, 1.0, 27.0, 0.0, 0.0, 0.0, 1.0, 1.0, 1.0, 0.0, 1.0, 0.0, 2.0, 0.0, 0.0, 1.0, 0.0, 12.0, 4.0, 6.0, 60947], [60948, 1.0, 1.0, 1.0, 30.0, 0.0, 0.0, 1.0, 1.0, 1.0, 1.0, 0.0, 1.0, 0.0, 5.0, 10.0, 20.0, 1.0, 1.0, 10.0, 6.0, 5.0, 60948], [60949, 1.0, 1.0, 1.0, 32.0, 1.0, 0.0, 1.0, 1.0, 1.0, 0.0, 0.0, 1.0, 0.0, 4.0, 2.0, 0.0, 0.0, 1.0, 12.0, 6.0, 8.0, 60949], [60950, 1.0, 0.0, 1.0, 32.0, 0.0, 0.0, 0.0, 1.0, 1.0, 1.0, 0.0, 1.0, 0.0, 4.0, 0.0, 10.0, 0.0, 0.0, 13.0, 6.0, 7.0, 60950]]}}","{""predictions"": [1.0, 1.0, 0.0, 1.0, 1.0, 1.0, 1.0, 0.0, 1.0, 1.0]}",1,"{""model_name"":""demo_faddadbfcefc_model_monitor.ws_3551974319838082.diabetes_mo"",""endpoint_name"":""anupriya-malik-databricks-com_ML_AS04_Demo_3b"",""model_version"":""1""}"
null,e7d38311-5343-4e93-a9ae-73f4d15c027a,2024-09-28,1727528586011,200,5,"{""dataframe_split"": {""index"": [24740, 24741, 24742, 24743, 24744, 24745, 24746, 24747, 24748, 24749], ""columns"": [""index"", ""HighBP"", ""HighChol"", ""CholCheck"", ""BMI"", ""Smoker"", ""Stroke"", ""HeartDiseaseorAttack"", ""PhysActivity"", ""Fruits"", ""Veggies"", ""HvyAlcoholConsump"", ""AnyHealthcare"", ""NoDocbcCost"", ""GenHlth"", ""MentHlth"", ""PhysHlth"", ""DiffWalk"", ""Sex"", ""Age"", ""Education"", ""Income"", ""id""], ""data"": [[60951, 1.0, 1.0, 1.0, 29.0, 0.0, 0.0, 1.0, 1.0, 1.0, 1.0, 0.0, 1.0, 0.0, 3.0, 2.0, 15.0, 1.0, 1.0, 13.0, 6.0, 3.0, 60951], [60954, 1.0, 0.0, 1.0, 47.0, 1.0, 0.0, 1.0, 0.0, 0.0, 0.0, 0.0, 1.0, 0.0, 4.0, 15.0, 30.0, 1.0, 0.0, 11.0, 4.0, 1.0, 60954], [60955, 0.0, 1.0, 1.0, 27.0, 0.0, 0.0, 0.0, 0.0, 1.0, 1.0, 1.0, 1.0, 0.0, 2.0, 4.0, 0.0, 0.0, 0.0, 10.0, 6.0, 8.0, 60955], [60956, 1.0, 1.0, 1.0, 26.0, 0.0, 0.0, 0.0, 1.0, 1.0, 1.0, 0.0, 1.0, 0.0, 2.0, 2.0, 0.0, 0.0, 0.0, 10.0, 5.0, 6.0, 60956], [60960, 0.0, 1.0, 1.0, 28.0, 1.0, 0.0, 0.0, 1.0, 1.0, 1.0, 0.0, 1.0, 0.0, 2.0, 0.0, 1.0, 0.0, 0.0, 10.0, 5.0, 3.0, 60960], [60961, 0.0, 1.0, 1.0, 28.0, 1.0, 0.0, 0.0, 0.0, 1.0, 0.0, 0.0, 1.0, 0.0, 4.0, 1.0, 30.0, 0.0, 1.0, 10.0, 4.0, 1.0, 60961], [60964, 1.0, 1.0, 1.0, 27.0, 0.0, 1.0, 0.0, 0.0, 0.0, 0.0, 0.0, 1.0, 0.0, 3.0, 5.0, 2.0, 0.0, 0.0, 11.0, 4.0, 4.0, 60964], [60965, 0.0, 0.0, 1.0, 24.0, 0.0, 0.0, 0.0, 0.0, 1.0, 1.0, 0.0, 1.0, 0.0, 3.0, 0.0, 0.0, 0.0, 1.0, 12.0, 4.0, 5.0, 60965], [60969, 1.0, 1.0, 1.0, 31.0, 1.0, 0.0, 1.0, 1.0, 1.0, 1.0, 0.0, 1.0, 0.0, 3.0, 0.0, 1.0, 1.0, 0.0, 10.0, 5.0, 5.0, 60969], [60970, 0.0, 0.0, 1.0, 25.0, 0.0, 0.0, 1.0, 1.0, 0.0, 0.0, 0.0, 1.0, 0.0, 3.0, 0.0, 0.0, 0.0, 0.0, 13.0, 3.0, 2.0, 60970]]}}","{""predictions"": [0.0, 1.0, 0.0, 1.0, 0.0, 0.0, 1.0, 1.0, 1.0, 1.0]}",1,"{""model_name"":""demo_faddadbfcefc_model_monitor.ws_3551974319838082.diabetes_mo"",""endpoint_name"":""anupriya-malik-databricks-com_ML_AS04_Demo_3b"",""model_version"":""1""}"
null,c1e52461-d75c-45f8-b96c-b91ac383cb92,2024-09-28,1727528586046,200,5,"{""dataframe_split"": {""index"": [24750, 24751, 24752, 24753, 24754, 24755, 24756, 24757, 24758, 24759], ""columns"": [""index"", ""HighBP"", ""HighChol"", ""CholCheck"", ""BMI"", ""Smoker"", ""Stroke"", ""HeartDiseaseorAttack"", ""PhysActivity"", ""Fruits"", ""Veggies"", ""HvyAlcoholConsump"", ""AnyHealthcare"", ""NoDocbcCost"", ""GenHlth"", ""MentHlth"", ""PhysHlth"", ""DiffWalk"", ""Sex"", ""Age"", ""Education"", ""Income"", ""id""], ""data"": [[60971, 1.0, 1.0, 1.0, 30.0, 1.0, 0.0, 0.0, 0.0, 1.0, 1.0, 0.0, 1.0, 0.0, 3.0, 0.0, 5.0, 0.0, 0.0, 12.0, 5.0, 4.0, 60971], [60973, 1.0, 1.0, 1.0, 31.0, 0.0, 0.0, 0.0, 1.0, 0.0, 1.0, 0.0, 1.0, 0.0, 2.0, 0.0, 0.0, 0.0, 1.0, 10.0, 4.0, 7.0, 60973], [60974, 0.0, 1.0, 1.0, 23.0, 1.0, 0.0, 0.0, 0.0, 0.0, 0.0, 0.0, 1.0, 0.0, 2.0, 0.0, 0.0, 0.0, 0.0, 10.0, 5.0, 6.0, 60974], [60977, 1.0, 1.0, 1.0, 32.0, 1.0, 1.0, 0.0, 0.0, 1.0, 0.0, 0.0, 1.0, 0.0, 4.0, 5.0, 15.0, 1.0, 0.0, 11.0, 4.0, 3.0, 60977], [60978, 1.0, 1.0, 1.0, 27.0, 1.0, 0.0, 0.0, 1.0, 0.0, 1.0, 0.0, 1.0, 0.0, 3.0, 0.0, 0.0, 0.0, 1.0, 10.0, 3.0, 4.0, 60978], [60979, 1.0, 1.0, 1.0, 29.0, 0.0, 0.0, 0.0, 0.0, 0.0, 1.0, 0.0, 1.0, 0.0, 4.0, 0.0, 4.0, 1.0, 1.0, 10.0, 4.0, 5.0, 60979], [60980, 1.0, 0.0, 1.0, 32.0, 0.0, 0.0, 0.0, 1.0, 1.0, 1.0, 0.0, 1.0, 0.0, 3.0, 0.0, 3.0, 0.0, 0.0, 12.0, 6.0, 6.0, 60980], [60981, 1.0, 1.0, 1.0, 30.0, 1.0, 0.0, 0.0, 1.0, 0.0, 1.0, 0.0, 1.0, 0.0, 3.0, 0.0, 0.0, 0.0, 1.0, 13.0, 6.0, 8.0, 60981], [60982, 1.0, 1.0, 1.0, 43.0, 0.0, 0.0, 0.0, 1.0, 1.0, 1.0, 0.0, 1.0, 0.0, 4.0, 0.0, 2.0, 1.0, 0.0, 10.0, 6.0, 2.0, 60982], [60983, 1.0, 1.0, 1.0, 27.0, 0.0, 0.0, 1.0, 1.0, 0.0, 1.0, 0.0, 1.0, 0.0, 4.0, 30.0, 30.0, 1.0, 1.0, 13.0, 6.0, 5.0, 60983]]}}","{""predictions"": [1.0, 1.0, 0.0, 1.0, 1.0, 1.0, 1.0, 1.0, 1.0, 1.0]}",1,"{""model_name"":""demo_faddadbfcefc_model_monitor.ws_3551974319838082.diabetes_mo"",""endpoint_name"":""anupriya-malik-databricks-com_ML_AS04_Demo_3b"",""model_version"":""1""}"
null,1fd9589b-f00e-4963-890e-3a18e39053fc,2024-09-28,1727528586075,200,5,"{""dataframe_split"": {""index"": [24760, 24761, 24762, 24763, 24764, 24765, 24766, 24767, 24768, 24769], ""columns"": [""index"", ""HighBP"", ""HighChol"", ""CholCheck"", ""BMI"", ""Smoker"", ""Stroke"", ""HeartDiseaseorAttack"", ""PhysActivity"", ""Fruits"", ""Veggies"", ""HvyAlcoholConsump"", ""AnyHealthcare"", ""NoDocbcCost"", ""GenHlth"", ""MentHlth"", ""PhysHlth"", ""DiffWalk"", ""Sex"", ""Age"", ""Education"", ""Income"", ""id""], ""data"": [[60984, 1.0, 1.0, 1.0, 38.0, 1.0, 1.0, 0.0, 0.0, 0.0, 0.0, 0.0, 1.0, 0.0, 4.0, 0.0, 30.0, 0.0, 1.0, 12.0, 4.0, 5.0, 60984], [60985, 1.0, 1.0, 1.0, 31.0, 1.0, 0.0, 1.0, 0.0, 1.0, 1.0, 0.0, 1.0, 0.0, 3.0, 0.0, 2.0, 1.0, 1.0, 10.0, 6.0, 4.0, 60985], [60989, 1.0, 1.0, 1.0, 31.0, 1.0, 0.0, 0.0, 0.0, 1.0, 1.0, 0.0, 1.0, 0.0, 2.0, 12.0, 0.0, 0.0, 0.0, 10.0, 6.0, 6.0, 60989], [60990, 1.0, 0.0, 1.0, 33.0, 0.0, 0.0, 1.0, 0.0, 0.0, 1.0, 0.0, 1.0, 0.0, 3.0, 0.0, 3.0, 0.0, 1.0, 12.0, 6.0, 5.0, 60990], [60991, 1.0, 0.0, 1.0, 37.0, 0.0, 0.0, 0.0, 1.0, 0.0, 1.0, 0.0, 1.0, 0.0, 3.0, 0.0, 0.0, 1.0, 0.0, 12.0, 4.0, 2.0, 60991], [60992, 0.0, 1.0, 1.0, 34.0, 1.0, 0.0, 0.0, 0.0, 1.0, 1.0, 0.0, 1.0, 0.0, 4.0, 0.0, 7.0, 1.0, 0.0, 10.0, 6.0, 7.0, 60992], [60994, 1.0, 1.0, 1.0, 39.0, 1.0, 0.0, 1.0, 0.0, 1.0, 1.0, 0.0, 1.0, 0.0, 3.0, 7.0, 0.0, 0.0, 1.0, 11.0, 6.0, 7.0, 60994], [60995, 1.0, 1.0, 1.0, 30.0, 1.0, 0.0, 0.0, 0.0, 1.0, 1.0, 0.0, 1.0, 0.0, 1.0, 0.0, 0.0, 0.0, 1.0, 11.0, 6.0, 7.0, 60995], [60998, 0.0, 1.0, 1.0, 35.0, 0.0, 0.0, 0.0, 1.0, 1.0, 1.0, 0.0, 1.0, 0.0, 4.0, 5.0, 10.0, 1.0, 0.0, 10.0, 6.0, 7.0, 60998], [60999, 1.0, 1.0, 1.0, 35.0, 1.0, 0.0, 0.0, 1.0, 1.0, 1.0, 0.0, 1.0, 0.0, 2.0, 0.0, 3.0, 0.0, 0.0, 11.0, 5.0, 5.0, 60999]]}}","{""predictions"": [1.0, 1.0, 0.0, 0.0, 1.0, 1.0, 1.0, 1.0, 1.0, 0.0]}",1,"{""model_name"":""demo_faddadbfcefc_model_monitor.ws_3551974319838082.diabetes_mo"",""endpoint_name"":""anupriya-malik-databricks-com_ML_AS04_Demo_3b"",""model_version"":""1""}"
null,e20c4d76-40c5-489e-9e4f-68f3082126ed,2024-09-28,1727528586107,200,6,"{""dataframe_split"": {""index"": [24770, 24771, 24772, 24773, 24774, 24775, 24776, 24777, 24778, 24779], ""columns"": [""index"", ""HighBP"", ""HighChol"", ""CholCheck"", ""BMI"", ""Smoker"", ""Stroke"", ""HeartDiseaseorAttack"", ""PhysActivity"", ""Fruits"", ""Veggies"", ""HvyAlcoholConsump"", ""AnyHealthcare"", ""NoDocbcCost"", ""GenHlth"", ""MentHlth"", ""PhysHlth"", ""DiffWalk"", ""Sex"", ""Age"", ""Education"", ""Income"", ""id""], ""data"": [[61001, 1.0, 1.0, 1.0, 31.0, 1.0, 0.0, 0.0, 0.0, 1.0, 1.0, 0.0, 1.0, 0.0, 4.0, 0.0, 30.0, 1.0, 1.0, 10.0, 4.0, 6.0, 61001], [61002, 1.0, 0.0, 1.0, 35.0, 1.0, 0.0, 0.0, 1.0, 0.0, 1.0, 0.0, 1.0, 0.0, 2.0, 0.0, 0.0, 0.0, 1.0, 10.0, 6.0, 6.0, 61002], [61003, 1.0, 1.0, 1.0, 36.0, 1.0, 0.0, 0.0, 1.0, 1.0, 1.0, 0.0, 1.0, 0.0, 3.0, 4.0, 4.0, 0.0, 0.0, 12.0, 4.0, 6.0, 61003], [61005, 0.0, 0.0, 1.0, 28.0, 1.0, 0.0, 0.0, 1.0, 1.0, 1.0, 0.0, 1.0, 0.0, 3.0, 0.0, 0.0, 0.0, 0.0, 11.0, 4.0, 5.0, 61005], [61006, 1.0, 1.0, 1.0, 38.0, 0.0, 0.0, 0.0, 0.0, 0.0, 0.0, 0.0, 1.0, 0.0, 5.0, 15.0, 20.0, 1.0, 0.0, 12.0, 2.0, 2.0, 61006], [61007, 1.0, 0.0, 1.0, 34.0, 1.0, 0.0, 0.0, 1.0, 1.0, 1.0, 0.0, 1.0, 0.0, 3.0, 0.0, 0.0, 1.0, 0.0, 10.0, 5.0, 6.0, 61007], [61008, 1.0, 1.0, 1.0, 57.0, 0.0, 0.0, 0.0, 1.0, 0.0, 0.0, 0.0, 1.0, 1.0, 4.0, 30.0, 28.0, 1.0, 0.0, 10.0, 3.0, 4.0, 61008], [61009, 1.0, 0.0, 1.0, 28.0, 1.0, 0.0, 0.0, 0.0, 0.0, 0.0, 0.0, 1.0, 1.0, 5.0, 30.0, 30.0, 1.0, 1.0, 10.0, 4.0, 7.0, 61009], [61012, 1.0, 0.0, 1.0, 30.0, 0.0, 0.0, 1.0, 1.0, 0.0, 0.0, 0.0, 1.0, 0.0, 2.0, 0.0, 0.0, 0.0, 1.0, 10.0, 6.0, 8.0, 61012], [61014, 0.0, 0.0, 1.0, 33.0, 0.0, 1.0, 1.0, 0.0, 0.0, 1.0, 0.0, 1.0, 0.0, 5.0, 0.0, 30.0, 1.0, 1.0, 13.0, 5.0, 6.0, 61014]]}}","{""predictions"": [1.0, 1.0, 0.0, 0.0, 1.0, 1.0, 1.0, 1.0, 0.0, 1.0]}",1,"{""model_name"":""demo_faddadbfcefc_model_monitor.ws_3551974319838082.diabetes_mo"",""endpoint_name"":""anupriya-malik-databricks-com_ML_AS04_Demo_3b"",""model_version"":""1""}"
null,3ba14df7-4e5b-4df8-a7f4-d5885da857bd,2024-09-28,1727528586140,200,5,"{""dataframe_split"": {""index"": [24780, 24781, 24782, 24783, 24784, 24785, 24786, 24787, 24788, 24789], ""columns"": [""index"", ""HighBP"", ""HighChol"", ""CholCheck"", ""BMI"", ""Smoker"", ""Stroke"", ""HeartDiseaseorAttack"", ""PhysActivity"", ""Fruits"", ""Veggies"", ""HvyAlcoholConsump"", ""AnyHealthcare"", ""NoDocbcCost"", ""GenHlth"", ""MentHlth"", ""PhysHlth"", ""DiffWalk"", ""Sex"", ""Age"", ""Education"", ""Income"", ""id""], ""data"": [[61016, 1.0, 1.0, 1.0, 26.0, 1.0, 0.0, 0.0, 1.0, 1.0, 0.0, 0.0, 1.0, 0.0, 3.0, 10.0, 0.0, 0.0, 0.0, 12.0, 4.0, 4.0, 61016], [61021, 0.0, 1.0, 1.0, 25.0, 1.0, 0.0, 0.0, 1.0, 1.0, 1.0, 0.0, 1.0, 0.0, 3.0, 0.0, 6.0, 0.0, 0.0, 12.0, 6.0, 5.0, 61021], [61024, 1.0, 1.0, 1.0, 49.0, 1.0, 0.0, 0.0, 0.0, 0.0, 1.0, 0.0, 1.0, 1.0, 4.0, 7.0, 30.0, 1.0, 0.0, 11.0, 5.0, 4.0, 61024], [61026, 1.0, 1.0, 1.0, 31.0, 1.0, 0.0, 0.0, 1.0, 0.0, 0.0, 0.0, 1.0, 0.0, 3.0, 0.0, 4.0, 0.0, 1.0, 10.0, 5.0, 6.0, 61026], [61027, 1.0, 0.0, 1.0, 20.0, 1.0, 0.0, 0.0, 1.0, 1.0, 1.0, 0.0, 1.0, 0.0, 3.0, 2.0, 0.0, 0.0, 0.0, 13.0, 6.0, 8.0, 61027], [61028, 1.0, 1.0, 1.0, 41.0, 0.0, 0.0, 0.0, 1.0, 1.0, 1.0, 0.0, 1.0, 0.0, 5.0, 15.0, 2.0, 1.0, 0.0, 10.0, 6.0, 8.0, 61028], [61030, 0.0, 1.0, 1.0, 39.0, 1.0, 0.0, 1.0, 1.0, 0.0, 1.0, 0.0, 0.0, 0.0, 3.0, 0.0, 0.0, 0.0, 1.0, 11.0, 4.0, 7.0, 61030], [61032, 1.0, 1.0, 1.0, 32.0, 1.0, 0.0, 0.0, 0.0, 0.0, 1.0, 0.0, 1.0, 0.0, 4.0, 0.0, 4.0, 1.0, 1.0, 12.0, 3.0, 2.0, 61032], [61033, 1.0, 1.0, 1.0, 26.0, 1.0, 0.0, 0.0, 1.0, 1.0, 1.0, 0.0, 1.0, 0.0, 3.0, 0.0, 0.0, 0.0, 1.0, 12.0, 5.0, 4.0, 61033], [61034, 1.0, 1.0, 1.0, 33.0, 1.0, 0.0, 1.0, 0.0, 1.0, 1.0, 0.0, 1.0, 1.0, 5.0, 30.0, 2.0, 1.0, 0.0, 10.0, 5.0, 3.0, 61034]]}}","{""predictions"": [1.0, 0.0, 1.0, 1.0, 1.0, 1.0, 1.0, 0.0, 0.0, 1.0]}",1,"{""model_name"":""demo_faddadbfcefc_model_monitor.ws_3551974319838082.diabetes_mo"",""endpoint_name"":""anupriya-malik-databricks-com_ML_AS04_Demo_3b"",""model_version"":""1""}"
null,6265193c-ec41-43a1-85a5-d05ea7223a5a,2024-09-28,1727528586326,200,5,"{""dataframe_split"": {""index"": [24840, 24841, 24842, 24843, 24844, 24845, 24846, 24847, 24848, 24849], ""columns"": [""index"", ""HighBP"", ""HighChol"", ""CholCheck"", ""BMI"", ""Smoker"", ""Stroke"", ""HeartDiseaseorAttack"", ""PhysActivity"", ""Fruits"", ""Veggies"", ""HvyAlcoholConsump"", ""AnyHealthcare"", ""NoDocbcCost"", ""GenHlth"", ""MentHlth"", ""PhysHlth"", ""DiffWalk"", ""Sex"", ""Age"", ""Education"", ""Income"", ""id""], ""data"": [[61109, 1.0, 1.0, 1.0, 27.0, 1.0, 1.0, 1.0, 0.0, 0.0, 1.0, 0.0, 1.0, 0.0, 4.0, 0.0, 30.0, 1.0, 0.0, 10.0, 5.0, 3.0, 61109], [61110, 1.0, 1.0, 1.0, 30.0, 1.0, 0.0, 0.0, 1.0, 1.0, 0.0, 0.0, 0.0, 0.0, 2.0, 0.0, 0.0, 1.0, 0.0, 11.0, 5.0, 3.0, 61110], [61111, 1.0, 1.0, 1.0, 32.0, 1.0, 0.0, 0.0, 0.0, 0.0, 1.0, 0.0, 1.0, 0.0, 4.0, 0.0, 0.0, 0.0, 1.0, 10.0, 4.0, 3.0, 61111], [61112, 1.0, 1.0, 1.0, 30.0, 1.0, 0.0, 1.0, 0.0, 0.0, 0.0, 0.0, 1.0, 0.0, 5.0, 0.0, 30.0, 1.0, 1.0, 11.0, 3.0, 3.0, 61112], [61113, 1.0, 1.0, 1.0, 25.0, 0.0, 0.0, 0.0, 1.0, 1.0, 1.0, 0.0, 1.0, 0.0, 3.0, 2.0, 0.0, 0.0, 0.0, 12.0, 6.0, 8.0, 61113], [61114, 1.0, 1.0, 1.0, 36.0, 1.0, 0.0, 0.0, 0.0, 0.0, 0.0, 0.0, 1.0, 0.0, 4.0, 0.0, 30.0, 1.0, 0.0, 11.0, 5.0, 5.0, 61114], [61115, 0.0, 1.0, 1.0, 30.0, 1.0, 0.0, 0.0, 1.0, 1.0, 1.0, 0.0, 1.0, 0.0, 3.0, 0.0, 0.0, 0.0, 1.0, 11.0, 4.0, 2.0, 61115], [61117, 1.0, 1.0, 1.0, 42.0, 1.0, 0.0, 1.0, 0.0, 0.0, 1.0, 0.0, 1.0, 1.0, 4.0, 0.0, 15.0, 1.0, 1.0, 12.0, 3.0, 4.0, 61117], [61118, 1.0, 1.0, 1.0, 29.0, 1.0, 0.0, 0.0, 1.0, 1.0, 1.0, 0.0, 1.0, 0.0, 2.0, 0.0, 0.0, 0.0, 0.0, 11.0, 4.0, 6.0, 61118], [61119, 1.0, 0.0, 1.0, 24.0, 0.0, 0.0, 0.0, 1.0, 1.0, 1.0, 0.0, 1.0, 0.0, 3.0, 0.0, 0.0, 1.0, 0.0, 13.0, 5.0, 4.0, 61119]]}}","{""predictions"": [0.0, 1.0, 1.0, 1.0, 1.0, 1.0, 1.0, 0.0, 1.0, 1.0]}",1,"{""model_name"":""demo_faddadbfcefc_model_monitor.ws_3551974319838082.diabetes_mo"",""endpoint_name"":""anupriya-malik-databricks-com_ML_AS04_Demo_3b"",""model_version"":""1""}"
null,a7783461-b4d4-4b06-973e-da1ce72c0762,2024-09-28,1727528586357,200,5,"{""dataframe_split"": {""index"": [24850, 24851, 24852, 24853, 24854, 24855, 24856, 24857, 24858, 24859], ""columns"": [""index"", ""HighBP"", ""HighChol"", ""CholCheck"", ""BMI"", ""Smoker"", ""Stroke"", ""HeartDiseaseorAttack"", ""PhysActivity"", ""Fruits"", ""Veggies"", ""HvyAlcoholConsump"", ""AnyHealthcare"", ""NoDocbcCost"", ""GenHlth"", ""MentHlth"", ""PhysHlth"", ""DiffWalk"", ""Sex"", ""Age"", ""Education"", ""Income"", ""id""], ""data"": [[61120, 1.0, 1.0, 1.0, 33.0, 1.0, 1.0, 1.0, 1.0, 1.0, 1.0, 0.0, 1.0, 0.0, 2.0, 2.0, 2.0, 1.0, 1.0, 10.0, 4.0, 1.0, 61120], [61121, 1.0, 0.0, 1.0, 31.0, 1.0, 1.0, 1.0, 1.0, 1.0, 1.0, 0.0, 1.0, 0.0, 3.0, 5.0, 2.0, 1.0, 1.0, 11.0, 4.0, 8.0, 61121], [61125, 1.0, 0.0, 1.0, 39.0, 1.0, 0.0, 0.0, 1.0, 0.0, 0.0, 0.0, 1.0, 0.0, 2.0, 0.0, 0.0, 0.0, 0.0, 10.0, 5.0, 7.0, 61125], [61130, 1.0, 1.0, 1.0, 33.0, 1.0, 0.0, 0.0, 1.0, 1.0, 1.0, 0.0, 1.0, 0.0, 2.0, 0.0, 4.0, 0.0, 0.0, 11.0, 4.0, 6.0, 61130], [61131, 1.0, 1.0, 1.0, 50.0, 0.0, 0.0, 0.0, 0.0, 1.0, 1.0, 0.0, 1.0, 0.0, 4.0, 30.0, 21.0, 1.0, 0.0, 10.0, 4.0, 5.0, 61131], [61132, 0.0, 0.0, 1.0, 31.0, 0.0, 0.0, 1.0, 1.0, 1.0, 0.0, 0.0, 1.0, 0.0, 3.0, 0.0, 0.0, 0.0, 1.0, 10.0, 5.0, 6.0, 61132], [61133, 1.0, 1.0, 1.0, 30.0, 0.0, 0.0, 0.0, 1.0, 1.0, 1.0, 0.0, 1.0, 0.0, 3.0, 0.0, 0.0, 0.0, 0.0, 11.0, 4.0, 7.0, 61133], [61134, 1.0, 0.0, 1.0, 29.0, 1.0, 1.0, 1.0, 0.0, 1.0, 1.0, 0.0, 1.0, 1.0, 5.0, 2.0, 6.0, 1.0, 1.0, 13.0, 3.0, 2.0, 61134], [61135, 1.0, 1.0, 1.0, 35.0, 1.0, 0.0, 0.0, 1.0, 1.0, 1.0, 0.0, 1.0, 1.0, 3.0, 0.0, 5.0, 0.0, 0.0, 11.0, 4.0, 3.0, 61135], [61136, 1.0, 0.0, 1.0, 23.0, 1.0, 0.0, 0.0, 1.0, 1.0, 1.0, 0.0, 1.0, 0.0, 1.0, 0.0, 0.0, 0.0, 1.0, 12.0, 3.0, 6.0, 61136]]}}","{""predictions"": [1.0, 1.0, 0.0, 1.0, 1.0, 1.0, 1.0, 1.0, 1.0, 1.0]}",1,"{""model_name"":""demo_faddadbfcefc_model_monitor.ws_3551974319838082.diabetes_mo"",""endpoint_name"":""anupriya-malik-databricks-com_ML_AS04_Demo_3b"",""model_version"":""1""}"
null,bd33fba6-6073-4e53-bf1a-994786cb9b00,2024-09-28,1727528586387,200,5,"{""dataframe_split"": {""index"": [24860, 24861, 24862, 24863, 24864, 24865, 24866, 24867, 24868, 24869], ""columns"": [""index"", ""HighBP"", ""HighChol"", ""CholCheck"", ""BMI"", ""Smoker"", ""Stroke"", ""HeartDiseaseorAttack"", ""PhysActivity"", ""Fruits"", ""Veggies"", ""HvyAlcoholConsump"", ""AnyHealthcare"", ""NoDocbcCost"", ""GenHlth"", ""MentHlth"", ""PhysHlth"", ""DiffWalk"", ""Sex"", ""Age"", ""Education"", ""Income"", ""id""], ""data"": [[61139, 1.0, 1.0, 1.0, 33.0, 1.0, 0.0, 0.0, 1.0, 1.0, 1.0, 0.0, 1.0, 0.0, 3.0, 0.0, 0.0, 0.0, 0.0, 10.0, 5.0, 2.0, 61139], [61140, 0.0, 0.0, 1.0, 27.0, 1.0, 0.0, 0.0, 1.0, 1.0, 1.0, 0.0, 1.0, 0.0, 3.0, 0.0, 0.0, 0.0, 0.0, 10.0, 4.0, 7.0, 61140], [61141, 1.0, 1.0, 1.0, 27.0, 0.0, 0.0, 0.0, 1.0, 1.0, 1.0, 0.0, 1.0, 1.0, 4.0, 0.0, 30.0, 1.0, 0.0, 11.0, 6.0, 6.0, 61141], [61143, 0.0, 0.0, 1.0, 25.0, 1.0, 0.0, 0.0, 1.0, 0.0, 0.0, 0.0, 1.0, 0.0, 2.0, 0.0, 0.0, 0.0, 1.0, 11.0, 4.0, 7.0, 61143], [61144, 1.0, 1.0, 1.0, 24.0, 0.0, 0.0, 0.0, 0.0, 1.0, 0.0, 0.0, 1.0, 0.0, 4.0, 0.0, 5.0, 0.0, 1.0, 11.0, 2.0, 1.0, 61144], [61146, 1.0, 1.0, 1.0, 36.0, 0.0, 0.0, 1.0, 0.0, 1.0, 1.0, 0.0, 1.0, 0.0, 5.0, 1.0, 30.0, 1.0, 0.0, 13.0, 3.0, 2.0, 61146], [61148, 1.0, 0.0, 1.0, 36.0, 1.0, 0.0, 0.0, 0.0, 0.0, 1.0, 0.0, 1.0, 0.0, 3.0, 0.0, 10.0, 1.0, 1.0, 11.0, 3.0, 3.0, 61148], [61151, 1.0, 1.0, 1.0, 30.0, 1.0, 0.0, 1.0, 1.0, 1.0, 0.0, 0.0, 1.0, 0.0, 3.0, 0.0, 0.0, 0.0, 1.0, 11.0, 5.0, 6.0, 61151], [61152, 0.0, 0.0, 1.0, 28.0, 1.0, 0.0, 1.0, 1.0, 0.0, 1.0, 0.0, 1.0, 0.0, 4.0, 0.0, 30.0, 1.0, 1.0, 13.0, 6.0, 6.0, 61152], [61155, 1.0, 1.0, 1.0, 29.0, 1.0, 0.0, 0.0, 0.0, 0.0, 1.0, 0.0, 1.0, 0.0, 4.0, 0.0, 30.0, 0.0, 0.0, 12.0, 4.0, 2.0, 61155]]}}","{""predictions"": [1.0, 1.0, 1.0, 0.0, 1.0, 1.0, 1.0, 1.0, 0.0, 1.0]}",1,"{""model_name"":""demo_faddadbfcefc_model_monitor.ws_3551974319838082.diabetes_mo"",""endpoint_name"":""anupriya-malik-databricks-com_ML_AS04_Demo_3b"",""model_version"":""1""}"
null,2ed4ba46-42b9-4a62-ba58-e92e63e3916b,2024-09-28,1727528586418,200,5,"{""dataframe_split"": {""index"": [24870, 24871, 24872, 24873, 24874, 24875, 24876, 24877, 24878, 24879], ""columns"": [""index"", ""HighBP"", ""HighChol"", ""CholCheck"", ""BMI"", ""Smoker"", ""Stroke"", ""HeartDiseaseorAttack"", ""PhysActivity"", ""Fruits"", ""Veggies"", ""HvyAlcoholConsump"", ""AnyHealthcare"", ""NoDocbcCost"", ""GenHlth"", ""MentHlth"", ""PhysHlth"", ""DiffWalk"", ""Sex"", ""Age"", ""Education"", ""Income"", ""id""], ""data"": [[61156, 1.0, 0.0, 1.0, 23.0, 1.0, 0.0, 0.0, 1.0, 0.0, 1.0, 0.0, 1.0, 0.0, 1.0, 0.0, 5.0, 0.0, 1.0, 11.0, 3.0, 4.0, 61156], [61158, 1.0, 0.0, 1.0, 30.0, 1.0, 0.0, 0.0, 1.0, 0.0, 0.0, 0.0, 1.0, 0.0, 2.0, 1.0, 0.0, 0.0, 1.0, 11.0, 5.0, 7.0, 61158], [61160, 1.0, 1.0, 1.0, 29.0, 1.0, 0.0, 0.0, 1.0, 0.0, 1.0, 0.0, 1.0, 0.0, 3.0, 0.0, 0.0, 1.0, 1.0, 12.0, 4.0, 3.0, 61160], [61161, 0.0, 0.0, 1.0, 41.0, 0.0, 0.0, 1.0, 1.0, 0.0, 1.0, 0.0, 1.0, 0.0, 3.0, 0.0, 15.0, 0.0, 1.0, 10.0, 6.0, 7.0, 61161], [61162, 1.0, 1.0, 1.0, 38.0, 0.0, 0.0, 0.0, 1.0, 1.0, 1.0, 0.0, 1.0, 0.0, 2.0, 5.0, 2.0, 1.0, 1.0, 11.0, 6.0, 6.0, 61162], [61163, 1.0, 1.0, 1.0, 55.0, 1.0, 0.0, 0.0, 0.0, 0.0, 1.0, 0.0, 1.0, 0.0, 4.0, 0.0, 11.0, 1.0, 0.0, 12.0, 4.0, 4.0, 61163], [61165, 1.0, 1.0, 1.0, 34.0, 0.0, 0.0, 0.0, 1.0, 1.0, 1.0, 0.0, 1.0, 0.0, 2.0, 0.0, 0.0, 0.0, 1.0, 11.0, 6.0, 6.0, 61165], [61166, 1.0, 1.0, 1.0, 32.0, 1.0, 0.0, 1.0, 1.0, 1.0, 0.0, 0.0, 1.0, 0.0, 4.0, 0.0, 0.0, 0.0, 1.0, 11.0, 4.0, 7.0, 61166], [61167, 1.0, 1.0, 1.0, 28.0, 1.0, 0.0, 0.0, 0.0, 1.0, 1.0, 0.0, 1.0, 0.0, 4.0, 0.0, 5.0, 1.0, 0.0, 11.0, 6.0, 7.0, 61167], [61171, 1.0, 0.0, 1.0, 39.0, 1.0, 0.0, 1.0, 1.0, 0.0, 0.0, 0.0, 1.0, 1.0, 3.0, 30.0, 1.0, 0.0, 1.0, 10.0, 6.0, 6.0, 61171]]}}","{""predictions"": [1.0, 0.0, 1.0, 1.0, 0.0, 1.0, 1.0, 1.0, 1.0, 0.0]}",1,"{""model_name"":""demo_faddadbfcefc_model_monitor.ws_3551974319838082.diabetes_mo"",""endpoint_name"":""anupriya-malik-databricks-com_ML_AS04_Demo_3b"",""model_version"":""1""}"
null,27d6a7cd-b16b-48a0-86bb-1bc3cc1ba602,2024-09-28,1727528586450,200,5,"{""dataframe_split"": {""index"": [24880, 24881, 24882, 24883, 24884, 24885, 24886, 24887, 24888, 24889], ""columns"": [""index"", ""HighBP"", ""HighChol"", ""CholCheck"", ""BMI"", ""Smoker"", ""Stroke"", ""HeartDiseaseorAttack"", ""PhysActivity"", ""Fruits"", ""Veggies"", ""HvyAlcoholConsump"", ""AnyHealthcare"", ""NoDocbcCost"", ""GenHlth"", ""MentHlth"", ""PhysHlth"", ""DiffWalk"", ""Sex"", ""Age"", ""Education"", ""Income"", ""id""], ""data"": [[61173, 1.0, 0.0, 1.0, 23.0, 1.0, 0.0, 0.0, 1.0, 1.0, 1.0, 0.0, 1.0, 0.0, 3.0, 2.0, 0.0, 0.0, 1.0, 10.0, 6.0, 6.0, 61173], [61174, 1.0, 1.0, 1.0, 22.0, 1.0, 1.0, 0.0, 1.0, 0.0, 0.0, 0.0, 1.0, 0.0, 4.0, 0.0, 0.0, 0.0, 1.0, 11.0, 4.0, 4.0, 61174], [61175, 1.0, 1.0, 1.0, 26.0, 0.0, 0.0, 1.0, 0.0, 1.0, 1.0, 0.0, 1.0, 0.0, 4.0, 0.0, 1.0, 0.0, 0.0, 13.0, 6.0, 5.0, 61175], [61178, 0.0, 0.0, 1.0, 29.0, 0.0, 0.0, 1.0, 1.0, 0.0, 0.0, 0.0, 1.0, 0.0, 3.0, 0.0, 0.0, 0.0, 1.0, 12.0, 5.0, 7.0, 61178], [61179, 1.0, 0.0, 1.0, 26.0, 1.0, 0.0, 0.0, 0.0, 0.0, 1.0, 0.0, 1.0, 0.0, 3.0, 30.0, 0.0, 0.0, 0.0, 10.0, 4.0, 6.0, 61179], [61180, 1.0, 1.0, 1.0, 30.0, 1.0, 0.0, 1.0, 1.0, 1.0, 0.0, 0.0, 1.0, 0.0, 3.0, 0.0, 1.0, 0.0, 0.0, 12.0, 4.0, 4.0, 61180], [61182, 1.0, 1.0, 1.0, 28.0, 0.0, 0.0, 1.0, 1.0, 1.0, 1.0, 0.0, 1.0, 0.0, 5.0, 0.0, 30.0, 1.0, 1.0, 10.0, 6.0, 7.0, 61182], [61183, 1.0, 1.0, 1.0, 37.0, 1.0, 0.0, 1.0, 1.0, 0.0, 1.0, 0.0, 1.0, 0.0, 3.0, 0.0, 0.0, 0.0, 1.0, 11.0, 5.0, 6.0, 61183], [61184, 1.0, 1.0, 1.0, 29.0, 1.0, 1.0, 0.0, 0.0, 0.0, 0.0, 0.0, 1.0, 1.0, 4.0, 0.0, 25.0, 0.0, 0.0, 10.0, 4.0, 4.0, 61184], [61185, 1.0, 1.0, 1.0, 27.0, 1.0, 0.0, 0.0, 0.0, 0.0, 1.0, 0.0, 1.0, 0.0, 4.0, 2.0, 7.0, 0.0, 1.0, 11.0, 5.0, 4.0, 61185]]}}","{""predictions"": [0.0, 0.0, 1.0, 0.0, 1.0, 1.0, 1.0, 1.0, 0.0, 1.0]}",1,"{""model_name"":""demo_faddadbfcefc_model_monitor.ws_3551974319838082.diabetes_mo"",""endpoint_name"":""anupriya-malik-databricks-com_ML_AS04_Demo_3b"",""model_version"":""1""}"
null,37a6509c-5bad-4543-b554-6e014d5728f6,2024-09-28,1727528586482,200,5,"{""dataframe_split"": {""index"": [24890, 24891, 24892, 24893, 24894, 24895, 24896, 24897, 24898, 24899], ""columns"": [""index"", ""HighBP"", ""HighChol"", ""CholCheck"", ""BMI"", ""Smoker"", ""Stroke"", ""HeartDiseaseorAttack"", ""PhysActivity"", ""Fruits"", ""Veggies"", ""HvyAlcoholConsump"", ""AnyHealthcare"", ""NoDocbcCost"", ""GenHlth"", ""MentHlth"", ""PhysHlth"", ""DiffWalk"", ""Sex"", ""Age"", ""Education"", ""Income"", ""id""], ""data"": [[61187, 0.0, 0.0, 1.0, 33.0, 1.0, 0.0, 1.0, 1.0, 0.0, 0.0, 0.0, 1.0, 0.0, 3.0, 0.0, 0.0, 0.0, 0.0, 12.0, 4.0, 4.0, 61187], [61193, 0.0, 1.0, 1.0, 42.0, 1.0, 1.0, 1.0, 0.0, 0.0, 1.0, 0.0, 1.0, 0.0, 3.0, 0.0, 0.0, 0.0, 1.0, 12.0, 4.0, 6.0, 61193], [61194, 1.0, 1.0, 1.0, 27.0, 0.0, 0.0, 0.0, 0.0, 0.0, 1.0, 0.0, 1.0, 0.0, 4.0, 0.0, 0.0, 0.0, 0.0, 11.0, 4.0, 4.0, 61194], [61195, 1.0, 1.0, 1.0, 36.0, 0.0, 0.0, 1.0, 1.0, 1.0, 1.0, 0.0, 1.0, 0.0, 4.0, 0.0, 10.0, 0.0, 1.0, 10.0, 6.0, 7.0, 61195], [61199, 1.0, 1.0, 1.0, 24.0, 1.0, 0.0, 0.0, 1.0, 1.0, 1.0, 0.0, 1.0, 0.0, 3.0, 0.0, 0.0, 0.0, 1.0, 12.0, 6.0, 5.0, 61199], [61200, 1.0, 1.0, 1.0, 20.0, 0.0, 1.0, 0.0, 0.0, 1.0, 0.0, 0.0, 1.0, 0.0, 5.0, 0.0, 30.0, 1.0, 1.0, 13.0, 6.0, 8.0, 61200], [61201, 1.0, 1.0, 1.0, 30.0, 1.0, 0.0, 1.0, 1.0, 1.0, 1.0, 0.0, 1.0, 0.0, 3.0, 0.0, 6.0, 1.0, 1.0, 11.0, 6.0, 6.0, 61201], [61203, 1.0, 1.0, 1.0, 31.0, 0.0, 0.0, 1.0, 1.0, 1.0, 1.0, 0.0, 1.0, 0.0, 4.0, 0.0, 0.0, 0.0, 1.0, 11.0, 6.0, 8.0, 61203], [61205, 0.0, 1.0, 1.0, 23.0, 0.0, 0.0, 0.0, 0.0, 1.0, 1.0, 0.0, 1.0, 0.0, 2.0, 0.0, 0.0, 1.0, 0.0, 12.0, 4.0, 5.0, 61205], [61206, 0.0, 0.0, 1.0, 27.0, 1.0, 0.0, 0.0, 0.0, 1.0, 0.0, 0.0, 1.0, 0.0, 3.0, 0.0, 0.0, 0.0, 1.0, 10.0, 4.0, 6.0, 61206]]}}","{""predictions"": [1.0, 0.0, 0.0, 0.0, 1.0, 0.0, 1.0, 1.0, 0.0, 0.0]}",1,"{""model_name"":""demo_faddadbfcefc_model_monitor.ws_3551974319838082.diabetes_mo"",""endpoint_name"":""anupriya-malik-databricks-com_ML_AS04_Demo_3b"",""model_version"":""1""}"
null,bc6c0e56-22d0-464b-b15d-40bf0660b680,2024-09-28,1727528586513,200,5,"{""dataframe_split"": {""index"": [24900, 24901, 24902, 24903, 24904, 24905, 24906, 24907, 24908, 24909], ""columns"": [""index"", ""HighBP"", ""HighChol"", ""CholCheck"", ""BMI"", ""Smoker"", ""Stroke"", ""HeartDiseaseorAttack"", ""PhysActivity"", ""Fruits"", ""Veggies"", ""HvyAlcoholConsump"", ""AnyHealthcare"", ""NoDocbcCost"", ""GenHlth"", ""MentHlth"", ""PhysHlth"", ""DiffWalk"", ""Sex"", ""Age"", ""Education"", ""Income"", ""id""], ""data"": [[61207, 1.0, 1.0, 1.0, 28.0, 0.0, 0.0, 0.0, 0.0, 0.0, 1.0, 0.0, 1.0, 0.0, 5.0, 20.0, 15.0, 1.0, 1.0, 11.0, 4.0, 4.0, 61207], [61208, 1.0, 0.0, 1.0, 43.0, 0.0, 1.0, 0.0, 0.0, 1.0, 1.0, 0.0, 1.0, 0.0, 2.0, 0.0, 0.0, 1.0, 0.0, 10.0, 6.0, 7.0, 61208], [61209, 1.0, 0.0, 1.0, 30.0, 1.0, 0.0, 1.0, 0.0, 1.0, 1.0, 0.0, 1.0, 0.0, 3.0, 0.0, 0.0, 0.0, 0.0, 11.0, 4.0, 3.0, 61209], [61210, 1.0, 1.0, 1.0, 30.0, 0.0, 0.0, 0.0, 1.0, 1.0, 1.0, 0.0, 1.0, 0.0, 2.0, 0.0, 0.0, 0.0, 0.0, 10.0, 6.0, 7.0, 61210], [61211, 1.0, 1.0, 1.0, 35.0, 0.0, 0.0, 0.0, 0.0, 1.0, 0.0, 0.0, 1.0, 0.0, 3.0, 0.0, 0.0, 0.0, 0.0, 13.0, 3.0, 1.0, 61211], [61215, 0.0, 1.0, 1.0, 34.0, 0.0, 0.0, 1.0, 1.0, 0.0, 1.0, 0.0, 1.0, 0.0, 3.0, 0.0, 30.0, 0.0, 1.0, 10.0, 6.0, 8.0, 61215], [61219, 1.0, 1.0, 1.0, 33.0, 1.0, 1.0, 1.0, 1.0, 1.0, 1.0, 0.0, 1.0, 0.0, 4.0, 0.0, 0.0, 1.0, 1.0, 11.0, 6.0, 6.0, 61219], [61220, 1.0, 0.0, 1.0, 31.0, 0.0, 1.0, 0.0, 1.0, 0.0, 1.0, 0.0, 1.0, 0.0, 2.0, 2.0, 30.0, 1.0, 1.0, 11.0, 3.0, 3.0, 61220], [61221, 1.0, 0.0, 1.0, 39.0, 1.0, 0.0, 0.0, 1.0, 1.0, 0.0, 0.0, 1.0, 0.0, 3.0, 0.0, 3.0, 1.0, 1.0, 11.0, 6.0, 8.0, 61221], [61228, 1.0, 0.0, 1.0, 29.0, 1.0, 0.0, 0.0, 1.0, 1.0, 1.0, 0.0, 1.0, 0.0, 3.0, 0.0, 0.0, 0.0, 0.0, 11.0, 5.0, 4.0, 61228]]}}","{""predictions"": [1.0, 1.0, 0.0, 1.0, 1.0, 1.0, 1.0, 0.0, 0.0, 1.0]}",1,"{""model_name"":""demo_faddadbfcefc_model_monitor.ws_3551974319838082.diabetes_mo"",""endpoint_name"":""anupriya-malik-databricks-com_ML_AS04_Demo_3b"",""model_version"":""1""}"
null,1285b144-4fb1-4629-9366-d75e8d208d83,2024-09-28,1727528586711,200,9,"{""dataframe_split"": {""index"": [24960, 24961, 24962, 24963, 24964, 24965, 24966, 24967, 24968, 24969], ""columns"": [""index"", ""HighBP"", ""HighChol"", ""CholCheck"", ""BMI"", ""Smoker"", ""Stroke"", ""HeartDiseaseorAttack"", ""PhysActivity"", ""Fruits"", ""Veggies"", ""HvyAlcoholConsump"", ""AnyHealthcare"", ""NoDocbcCost"", ""GenHlth"", ""MentHlth"", ""PhysHlth"", ""DiffWalk"", ""Sex"", ""Age"", ""Education"", ""Income"", ""id""], ""data"": [[61381, 1.0, 1.0, 1.0, 24.0, 1.0, 0.0, 0.0, 1.0, 1.0, 0.0, 0.0, 1.0, 0.0, 2.0, 0.0, 0.0, 0.0, 1.0, 12.0, 5.0, 6.0, 61381], [61382, 0.0, 1.0, 1.0, 33.0, 1.0, 0.0, 0.0, 1.0, 0.0, 1.0, 0.0, 1.0, 0.0, 3.0, 0.0, 0.0, 0.0, 1.0, 10.0, 5.0, 6.0, 61382], [61383, 1.0, 0.0, 1.0, 27.0, 1.0, 1.0, 0.0, 1.0, 1.0, 1.0, 0.0, 1.0, 1.0, 4.0, 0.0, 30.0, 1.0, 1.0, 11.0, 4.0, 3.0, 61383], [61384, 1.0, 1.0, 1.0, 31.0, 1.0, 1.0, 1.0, 0.0, 0.0, 0.0, 0.0, 0.0, 0.0, 4.0, 0.0, 0.0, 1.0, 1.0, 10.0, 4.0, 3.0, 61384], [61387, 1.0, 1.0, 1.0, 43.0, 0.0, 0.0, 0.0, 1.0, 0.0, 0.0, 0.0, 1.0, 0.0, 4.0, 0.0, 20.0, 1.0, 0.0, 10.0, 4.0, 3.0, 61387], [61395, 1.0, 1.0, 1.0, 30.0, 1.0, 0.0, 0.0, 1.0, 1.0, 1.0, 0.0, 1.0, 0.0, 3.0, 0.0, 0.0, 0.0, 1.0, 10.0, 5.0, 8.0, 61395], [61397, 1.0, 1.0, 1.0, 32.0, 1.0, 0.0, 0.0, 0.0, 0.0, 0.0, 0.0, 1.0, 0.0, 4.0, 15.0, 30.0, 1.0, 1.0, 10.0, 4.0, 4.0, 61397], [61398, 1.0, 1.0, 1.0, 37.0, 1.0, 1.0, 1.0, 0.0, 1.0, 0.0, 0.0, 1.0, 0.0, 5.0, 0.0, 30.0, 1.0, 0.0, 12.0, 4.0, 3.0, 61398], [61399, 1.0, 1.0, 1.0, 21.0, 1.0, 0.0, 0.0, 1.0, 1.0, 1.0, 0.0, 1.0, 0.0, 3.0, 0.0, 0.0, 0.0, 0.0, 12.0, 5.0, 7.0, 61399], [61400, 0.0, 1.0, 1.0, 28.0, 1.0, 0.0, 0.0, 1.0, 1.0, 1.0, 0.0, 1.0, 0.0, 3.0, 0.0, 0.0, 0.0, 1.0, 10.0, 6.0, 4.0, 61400]]}}","{""predictions"": [0.0, 1.0, 1.0, 0.0, 1.0, 1.0, 1.0, 0.0, 0.0, 1.0]}",1,"{""model_name"":""demo_faddadbfcefc_model_monitor.ws_3551974319838082.diabetes_mo"",""endpoint_name"":""anupriya-malik-databricks-com_ML_AS04_Demo_3b"",""model_version"":""1""}"
null,7237ff6d-f85c-4371-8145-9e27cc5b0b28,2024-09-28,1727528586952,200,5,"{""dataframe_split"": {""index"": [25030, 25031, 25032, 25033, 25034, 25035, 25036, 25037, 25038, 25039], ""columns"": [""index"", ""HighBP"", ""HighChol"", ""CholCheck"", ""BMI"", ""Smoker"", ""Stroke"", ""HeartDiseaseorAttack"", ""PhysActivity"", ""Fruits"", ""Veggies"", ""HvyAlcoholConsump"", ""AnyHealthcare"", ""NoDocbcCost"", ""GenHlth"", ""MentHlth"", ""PhysHlth"", ""DiffWalk"", ""Sex"", ""Age"", ""Education"", ""Income"", ""id""], ""data"": [[61497, 1.0, 1.0, 1.0, 29.0, 0.0, 1.0, 1.0, 0.0, 1.0, 0.0, 0.0, 1.0, 1.0, 5.0, 30.0, 30.0, 1.0, 0.0, 11.0, 1.0, 1.0, 61497], [61498, 1.0, 0.0, 1.0, 30.0, 0.0, 0.0, 0.0, 1.0, 1.0, 0.0, 0.0, 1.0, 0.0, 3.0, 0.0, 0.0, 0.0, 1.0, 12.0, 4.0, 5.0, 61498], [61499, 1.0, 1.0, 1.0, 23.0, 1.0, 0.0, 0.0, 0.0, 1.0, 1.0, 0.0, 1.0, 0.0, 4.0, 0.0, 30.0, 0.0, 0.0, 13.0, 6.0, 8.0, 61499], [61500, 1.0, 1.0, 1.0, 26.0, 1.0, 0.0, 0.0, 0.0, 0.0, 0.0, 0.0, 1.0, 0.0, 5.0, 0.0, 6.0, 0.0, 0.0, 12.0, 4.0, 3.0, 61500], [61503, 1.0, 1.0, 1.0, 32.0, 1.0, 0.0, 0.0, 0.0, 0.0, 1.0, 0.0, 1.0, 0.0, 4.0, 0.0, 2.0, 0.0, 0.0, 11.0, 4.0, 6.0, 61503], [61504, 1.0, 0.0, 1.0, 28.0, 1.0, 0.0, 0.0, 0.0, 0.0, 0.0, 0.0, 1.0, 0.0, 1.0, 0.0, 0.0, 0.0, 1.0, 13.0, 5.0, 7.0, 61504], [61508, 0.0, 1.0, 1.0, 31.0, 1.0, 0.0, 0.0, 1.0, 1.0, 1.0, 0.0, 1.0, 0.0, 2.0, 0.0, 3.0, 0.0, 0.0, 10.0, 6.0, 6.0, 61508], [61510, 1.0, 1.0, 1.0, 30.0, 1.0, 0.0, 1.0, 0.0, 1.0, 0.0, 0.0, 1.0, 0.0, 3.0, 0.0, 30.0, 0.0, 1.0, 10.0, 5.0, 7.0, 61510], [61511, 0.0, 0.0, 1.0, 33.0, 0.0, 0.0, 1.0, 1.0, 1.0, 1.0, 0.0, 1.0, 0.0, 3.0, 0.0, 30.0, 1.0, 0.0, 11.0, 4.0, 6.0, 61511], [61512, 1.0, 1.0, 1.0, 41.0, 1.0, 0.0, 0.0, 1.0, 0.0, 0.0, 0.0, 1.0, 1.0, 3.0, 3.0, 5.0, 1.0, 0.0, 10.0, 5.0, 2.0, 61512]]}}","{""predictions"": [1.0, 1.0, 1.0, 0.0, 1.0, 0.0, 0.0, 0.0, 1.0, 1.0]}",1,"{""model_name"":""demo_faddadbfcefc_model_monitor.ws_3551974319838082.diabetes_mo"",""endpoint_name"":""anupriya-malik-databricks-com_ML_AS04_Demo_3b"",""model_version"":""1""}"
null,88d9995e-470f-478a-b04e-a4eeb8c79ebe,2024-09-28,1727528586984,200,6,"{""dataframe_split"": {""index"": [25040, 25041, 25042, 25043, 25044, 25045, 25046, 25047, 25048, 25049], ""columns"": [""index"", ""HighBP"", ""HighChol"", ""CholCheck"", ""BMI"", ""Smoker"", ""Stroke"", ""HeartDiseaseorAttack"", ""PhysActivity"", ""Fruits"", ""Veggies"", ""HvyAlcoholConsump"", ""AnyHealthcare"", ""NoDocbcCost"", ""GenHlth"", ""MentHlth"", ""PhysHlth"", ""DiffWalk"", ""Sex"", ""Age"", ""Education"", ""Income"", ""id""], ""data"": [[61514, 1.0, 1.0, 1.0, 21.0, 1.0, 0.0, 0.0, 0.0, 1.0, 1.0, 0.0, 1.0, 0.0, 2.0, 0.0, 0.0, 1.0, 0.0, 13.0, 5.0, 4.0, 61514], [61515, 1.0, 1.0, 1.0, 40.0, 1.0, 0.0, 1.0, 1.0, 1.0, 0.0, 0.0, 1.0, 0.0, 3.0, 0.0, 10.0, 1.0, 0.0, 10.0, 5.0, 7.0, 61515], [61517, 1.0, 0.0, 1.0, 29.0, 0.0, 0.0, 0.0, 1.0, 1.0, 1.0, 0.0, 1.0, 0.0, 1.0, 0.0, 0.0, 1.0, 0.0, 11.0, 5.0, 3.0, 61517], [61518, 1.0, 1.0, 1.0, 21.0, 1.0, 0.0, 0.0, 1.0, 0.0, 1.0, 0.0, 1.0, 0.0, 4.0, 0.0, 30.0, 0.0, 0.0, 10.0, 4.0, 5.0, 61518], [61519, 1.0, 1.0, 1.0, 26.0, 0.0, 0.0, 0.0, 1.0, 1.0, 0.0, 0.0, 1.0, 0.0, 3.0, 0.0, 0.0, 0.0, 0.0, 13.0, 4.0, 6.0, 61519], [61521, 1.0, 1.0, 1.0, 29.0, 0.0, 0.0, 0.0, 0.0, 1.0, 1.0, 0.0, 1.0, 0.0, 5.0, 0.0, 30.0, 1.0, 1.0, 13.0, 6.0, 6.0, 61521], [61522, 0.0, 0.0, 1.0, 41.0, 0.0, 0.0, 0.0, 0.0, 1.0, 1.0, 0.0, 1.0, 0.0, 1.0, 2.0, 2.0, 0.0, 1.0, 12.0, 5.0, 5.0, 61522], [61523, 1.0, 0.0, 1.0, 28.0, 1.0, 0.0, 1.0, 1.0, 1.0, 1.0, 1.0, 1.0, 0.0, 2.0, 0.0, 0.0, 1.0, 1.0, 12.0, 4.0, 8.0, 61523], [61525, 1.0, 1.0, 1.0, 25.0, 1.0, 0.0, 1.0, 1.0, 1.0, 0.0, 0.0, 1.0, 0.0, 4.0, 0.0, 2.0, 1.0, 0.0, 11.0, 4.0, 7.0, 61525], [61526, 1.0, 1.0, 1.0, 26.0, 1.0, 0.0, 0.0, 1.0, 1.0, 1.0, 0.0, 1.0, 0.0, 4.0, 0.0, 0.0, 0.0, 0.0, 12.0, 5.0, 4.0, 61526]]}}","{""predictions"": [1.0, 1.0, 0.0, 0.0, 1.0, 1.0, 0.0, 0.0, 1.0, 0.0]}",1,"{""model_name"":""demo_faddadbfcefc_model_monitor.ws_3551974319838082.diabetes_mo"",""endpoint_name"":""anupriya-malik-databricks-com_ML_AS04_Demo_3b"",""model_version"":""1""}"
null,aa951eeb-fd6f-43e0-a0e3-676cbcad547b,2024-09-28,1727528587060,200,5,"{""dataframe_split"": {""index"": [25060, 25061, 25062, 25063, 25064, 25065, 25066, 25067, 25068, 25069], ""columns"": [""index"", ""HighBP"", ""HighChol"", ""CholCheck"", ""BMI"", ""Smoker"", ""Stroke"", ""HeartDiseaseorAttack"", ""PhysActivity"", ""Fruits"", ""Veggies"", ""HvyAlcoholConsump"", ""AnyHealthcare"", ""NoDocbcCost"", ""GenHlth"", ""MentHlth"", ""PhysHlth"", ""DiffWalk"", ""Sex"", ""Age"", ""Education"", ""Income"", ""id""], ""data"": [[61542, 1.0, 1.0, 1.0, 23.0, 0.0, 0.0, 0.0, 0.0, 1.0, 1.0, 0.0, 1.0, 0.0, 1.0, 0.0, 1.0, 0.0, 1.0, 10.0, 6.0, 8.0, 61542], [61543, 1.0, 0.0, 1.0, 34.0, 1.0, 0.0, 0.0, 1.0, 1.0, 1.0, 0.0, 1.0, 1.0, 1.0, 0.0, 10.0, 0.0, 0.0, 11.0, 6.0, 7.0, 61543], [61545, 1.0, 1.0, 1.0, 49.0, 0.0, 0.0, 0.0, 1.0, 0.0, 1.0, 0.0, 1.0, 0.0, 4.0, 0.0, 4.0, 1.0, 0.0, 11.0, 6.0, 4.0, 61545], [61546, 1.0, 1.0, 1.0, 31.0, 1.0, 0.0, 0.0, 0.0, 1.0, 1.0, 0.0, 1.0, 0.0, 3.0, 0.0, 7.0, 1.0, 0.0, 12.0, 3.0, 3.0, 61546], [61549, 1.0, 1.0, 1.0, 30.0, 0.0, 0.0, 1.0, 0.0, 1.0, 1.0, 0.0, 1.0, 0.0, 5.0, 0.0, 20.0, 1.0, 0.0, 10.0, 5.0, 5.0, 61549], [61550, 1.0, 1.0, 1.0, 24.0, 0.0, 0.0, 0.0, 1.0, 1.0, 1.0, 0.0, 1.0, 0.0, 4.0, 7.0, 4.0, 0.0, 0.0, 13.0, 4.0, 3.0, 61550], [61552, 1.0, 1.0, 1.0, 26.0, 1.0, 0.0, 0.0, 0.0, 1.0, 1.0, 0.0, 1.0, 0.0, 3.0, 5.0, 1.0, 1.0, 0.0, 12.0, 4.0, 6.0, 61552], [61556, 1.0, 1.0, 1.0, 46.0, 0.0, 0.0, 1.0, 0.0, 1.0, 1.0, 0.0, 1.0, 0.0, 3.0, 2.0, 0.0, 1.0, 0.0, 10.0, 6.0, 6.0, 61556], [61557, 1.0, 1.0, 1.0, 27.0, 1.0, 0.0, 1.0, 0.0, 1.0, 1.0, 0.0, 1.0, 0.0, 5.0, 15.0, 5.0, 1.0, 0.0, 12.0, 5.0, 1.0, 61557], [61559, 1.0, 0.0, 1.0, 29.0, 0.0, 0.0, 0.0, 1.0, 1.0, 1.0, 0.0, 1.0, 0.0, 2.0, 0.0, 1.0, 0.0, 1.0, 13.0, 4.0, 4.0, 61559]]}}","{""predictions"": [0.0, 1.0, 1.0, 0.0, 1.0, 1.0, 1.0, 0.0, 1.0, 1.0]}",1,"{""model_name"":""demo_faddadbfcefc_model_monitor.ws_3551974319838082.diabetes_mo"",""endpoint_name"":""anupriya-malik-databricks-com_ML_AS04_Demo_3b"",""model_version"":""1""}"
null,fff06f39-973d-4f1a-9e17-91b551af9313,2024-09-28,1727528587093,200,8,"{""dataframe_split"": {""index"": [25070, 25071, 25072, 25073, 25074, 25075, 25076, 25077, 25078, 25079], ""columns"": [""index"", ""HighBP"", ""HighChol"", ""CholCheck"", ""BMI"", ""Smoker"", ""Stroke"", ""HeartDiseaseorAttack"", ""PhysActivity"", ""Fruits"", ""Veggies"", ""HvyAlcoholConsump"", ""AnyHealthcare"", ""NoDocbcCost"", ""GenHlth"", ""MentHlth"", ""PhysHlth"", ""DiffWalk"", ""Sex"", ""Age"", ""Education"", ""Income"", ""id""], ""data"": [[61562, 1.0, 0.0, 1.0, 30.0, 1.0, 0.0, 1.0, 1.0, 0.0, 1.0, 0.0, 1.0, 0.0, 3.0, 0.0, 0.0, 0.0, 0.0, 11.0, 5.0, 3.0, 61562], [61563, 1.0, 1.0, 1.0, 27.0, 0.0, 1.0, 0.0, 1.0, 1.0, 1.0, 0.0, 1.0, 0.0, 3.0, 0.0, 0.0, 0.0, 0.0, 11.0, 6.0, 8.0, 61563], [61564, 1.0, 1.0, 1.0, 26.0, 1.0, 0.0, 1.0, 1.0, 0.0, 1.0, 0.0, 1.0, 0.0, 4.0, 0.0, 1.0, 1.0, 1.0, 13.0, 6.0, 6.0, 61564], [61566, 1.0, 0.0, 1.0, 28.0, 0.0, 0.0, 0.0, 0.0, 0.0, 0.0, 0.0, 1.0, 0.0, 3.0, 0.0, 0.0, 0.0, 0.0, 13.0, 3.0, 3.0, 61566], [61567, 1.0, 1.0, 1.0, 31.0, 1.0, 0.0, 0.0, 0.0, 1.0, 1.0, 0.0, 1.0, 0.0, 4.0, 0.0, 30.0, 1.0, 0.0, 11.0, 5.0, 2.0, 61567], [61569, 1.0, 1.0, 1.0, 33.0, 1.0, 0.0, 0.0, 1.0, 0.0, 1.0, 0.0, 1.0, 0.0, 4.0, 0.0, 0.0, 0.0, 0.0, 11.0, 4.0, 6.0, 61569], [61570, 1.0, 0.0, 1.0, 30.0, 0.0, 0.0, 1.0, 1.0, 1.0, 1.0, 0.0, 1.0, 0.0, 4.0, 1.0, 15.0, 0.0, 1.0, 12.0, 4.0, 2.0, 61570], [61571, 1.0, 1.0, 1.0, 39.0, 0.0, 1.0, 1.0, 0.0, 0.0, 0.0, 0.0, 1.0, 0.0, 4.0, 30.0, 10.0, 1.0, 0.0, 11.0, 4.0, 2.0, 61571], [61574, 1.0, 1.0, 1.0, 30.0, 1.0, 0.0, 0.0, 1.0, 0.0, 0.0, 0.0, 1.0, 0.0, 4.0, 2.0, 1.0, 0.0, 1.0, 10.0, 4.0, 2.0, 61574], [61576, 1.0, 1.0, 1.0, 38.0, 0.0, 0.0, 1.0, 0.0, 1.0, 1.0, 0.0, 1.0, 0.0, 3.0, 20.0, 2.0, 0.0, 0.0, 13.0, 4.0, 5.0, 61576]]}}","{""predictions"": [0.0, 1.0, 1.0, 0.0, 1.0, 1.0, 1.0, 1.0, 1.0, 0.0]}",1,"{""model_name"":""demo_faddadbfcefc_model_monitor.ws_3551974319838082.diabetes_mo"",""endpoint_name"":""anupriya-malik-databricks-com_ML_AS04_Demo_3b"",""model_version"":""1""}"
null,c7b59768-2092-461e-b9f2-14034a070890,2024-09-28,1727528587131,200,9,"{""dataframe_split"": {""index"": [25080, 25081, 25082, 25083, 25084, 25085, 25086, 25087, 25088, 25089], ""columns"": [""index"", ""HighBP"", ""HighChol"", ""CholCheck"", ""BMI"", ""Smoker"", ""Stroke"", ""HeartDiseaseorAttack"", ""PhysActivity"", ""Fruits"", ""Veggies"", ""HvyAlcoholConsump"", ""AnyHealthcare"", ""NoDocbcCost"", ""GenHlth"", ""MentHlth"", ""PhysHlth"", ""DiffWalk"", ""Sex"", ""Age"", ""Education"", ""Income"", ""id""], ""data"": [[61577, 1.0, 1.0, 1.0, 27.0, 1.0, 0.0, 0.0, 1.0, 0.0, 1.0, 0.0, 1.0, 0.0, 2.0, 0.0, 0.0, 0.0, 1.0, 12.0, 4.0, 5.0, 61577], [61578, 1.0, 1.0, 1.0, 33.0, 1.0, 0.0, 1.0, 0.0, 1.0, 1.0, 0.0, 1.0, 0.0, 5.0, 0.0, 30.0, 1.0, 1.0, 10.0, 6.0, 4.0, 61578], [61579, 0.0, 1.0, 1.0, 30.0, 1.0, 0.0, 0.0, 1.0, 0.0, 0.0, 0.0, 1.0, 0.0, 2.0, 25.0, 0.0, 0.0, 1.0, 10.0, 4.0, 4.0, 61579], [61581, 1.0, 1.0, 1.0, 32.0, 1.0, 1.0, 1.0, 0.0, 1.0, 1.0, 0.0, 0.0, 0.0, 5.0, 0.0, 30.0, 1.0, 0.0, 13.0, 4.0, 4.0, 61581], [61582, 0.0, 0.0, 1.0, 19.0, 0.0, 0.0, 0.0, 1.0, 1.0, 1.0, 0.0, 1.0, 0.0, 2.0, 0.0, 0.0, 0.0, 0.0, 10.0, 5.0, 7.0, 61582], [61584, 1.0, 1.0, 1.0, 30.0, 1.0, 0.0, 1.0, 1.0, 1.0, 1.0, 0.0, 1.0, 0.0, 4.0, 0.0, 30.0, 1.0, 1.0, 10.0, 4.0, 5.0, 61584], [61585, 1.0, 1.0, 1.0, 35.0, 1.0, 0.0, 0.0, 0.0, 1.0, 1.0, 0.0, 1.0, 0.0, 3.0, 0.0, 4.0, 1.0, 0.0, 12.0, 6.0, 7.0, 61585], [61586, 0.0, 0.0, 1.0, 27.0, 1.0, 0.0, 1.0, 1.0, 1.0, 1.0, 0.0, 1.0, 0.0, 4.0, 0.0, 0.0, 1.0, 0.0, 13.0, 4.0, 3.0, 61586], [61587, 1.0, 1.0, 1.0, 27.0, 0.0, 0.0, 0.0, 1.0, 1.0, 1.0, 0.0, 1.0, 0.0, 2.0, 0.0, 2.0, 0.0, 0.0, 10.0, 6.0, 8.0, 61587], [61589, 1.0, 0.0, 1.0, 29.0, 0.0, 0.0, 0.0, 1.0, 1.0, 1.0, 0.0, 1.0, 0.0, 3.0, 0.0, 30.0, 0.0, 1.0, 10.0, 6.0, 7.0, 61589]]}}","{""predictions"": [0.0, 1.0, 1.0, 0.0, 0.0, 1.0, 1.0, 0.0, 0.0, 1.0]}",1,"{""model_name"":""demo_faddadbfcefc_model_monitor.ws_3551974319838082.diabetes_mo"",""endpoint_name"":""anupriya-malik-databricks-com_ML_AS04_Demo_3b"",""model_version"":""1""}"
null,f40e201b-5c8a-417d-b9cf-faacae5e0fa6,2024-09-28,1727528587199,200,6,"{""dataframe_split"": {""index"": [25100, 25101, 25102, 25103, 25104, 25105, 25106, 25107, 25108, 25109], ""columns"": [""index"", ""HighBP"", ""HighChol"", ""CholCheck"", ""BMI"", ""Smoker"", ""Stroke"", ""HeartDiseaseorAttack"", ""PhysActivity"", ""Fruits"", ""Veggies"", ""HvyAlcoholConsump"", ""AnyHealthcare"", ""NoDocbcCost"", ""GenHlth"", ""MentHlth"", ""PhysHlth"", ""DiffWalk"", ""Sex"", ""Age"", ""Education"", ""Income"", ""id""], ""data"": [[61610, 1.0, 0.0, 1.0, 62.0, 1.0, 0.0, 0.0, 0.0, 1.0, 0.0, 0.0, 1.0, 0.0, 4.0, 1.0, 2.0, 1.0, 0.0, 11.0, 4.0, 4.0, 61610], [61611, 1.0, 1.0, 1.0, 38.0, 1.0, 0.0, 0.0, 1.0, 1.0, 1.0, 0.0, 1.0, 0.0, 4.0, 0.0, 5.0, 1.0, 0.0, 11.0, 4.0, 1.0, 61611], [61613, 1.0, 1.0, 1.0, 27.0, 1.0, 0.0, 0.0, 1.0, 1.0, 1.0, 0.0, 1.0, 0.0, 4.0, 0.0, 28.0, 0.0, 0.0, 10.0, 4.0, 8.0, 61613], [61614, 1.0, 1.0, 1.0, 29.0, 0.0, 0.0, 0.0, 1.0, 1.0, 1.0, 0.0, 1.0, 0.0, 3.0, 0.0, 30.0, 0.0, 1.0, 12.0, 5.0, 6.0, 61614], [61615, 0.0, 1.0, 1.0, 25.0, 1.0, 0.0, 0.0, 1.0, 1.0, 0.0, 0.0, 1.0, 0.0, 3.0, 0.0, 0.0, 0.0, 1.0, 11.0, 5.0, 6.0, 61615], [61617, 1.0, 0.0, 1.0, 33.0, 0.0, 0.0, 0.0, 1.0, 0.0, 1.0, 0.0, 1.0, 0.0, 3.0, 0.0, 0.0, 0.0, 1.0, 12.0, 6.0, 7.0, 61617], [61618, 1.0, 0.0, 1.0, 40.0, 1.0, 0.0, 0.0, 0.0, 1.0, 1.0, 0.0, 1.0, 0.0, 3.0, 0.0, 5.0, 0.0, 1.0, 10.0, 5.0, 7.0, 61618], [61619, 1.0, 1.0, 1.0, 33.0, 0.0, 0.0, 0.0, 0.0, 1.0, 1.0, 0.0, 1.0, 0.0, 3.0, 2.0, 30.0, 1.0, 0.0, 13.0, 4.0, 5.0, 61619], [61623, 0.0, 0.0, 1.0, 28.0, 1.0, 0.0, 0.0, 1.0, 1.0, 1.0, 0.0, 1.0, 0.0, 3.0, 0.0, 30.0, 0.0, 1.0, 12.0, 6.0, 8.0, 61623], [61624, 0.0, 1.0, 1.0, 24.0, 0.0, 0.0, 0.0, 1.0, 1.0, 1.0, 0.0, 1.0, 0.0, 3.0, 0.0, 0.0, 0.0, 0.0, 12.0, 5.0, 8.0, 61624]]}}","{""predictions"": [1.0, 0.0, 1.0, 1.0, 1.0, 1.0, 1.0, 0.0, 0.0, 1.0]}",1,"{""model_name"":""demo_faddadbfcefc_model_monitor.ws_3551974319838082.diabetes_mo"",""endpoint_name"":""anupriya-malik-databricks-com_ML_AS04_Demo_3b"",""model_version"":""1""}"
null,1ed4e63b-90d7-4658-a02f-c5fa3748b1cb,2024-09-28,1727528587302,200,8,"{""dataframe_split"": {""index"": [25130, 25131, 25132, 25133, 25134, 25135, 25136, 25137, 25138, 25139], ""columns"": [""index"", ""HighBP"", ""HighChol"", ""CholCheck"", ""BMI"", ""Smoker"", ""Stroke"", ""HeartDiseaseorAttack"", ""PhysActivity"", ""Fruits"", ""Veggies"", ""HvyAlcoholConsump"", ""AnyHealthcare"", ""NoDocbcCost"", ""GenHlth"", ""MentHlth"", ""PhysHlth"", ""DiffWalk"", ""Sex"", ""Age"", ""Education"", ""Income"", ""id""], ""data"": [[61660, 1.0, 1.0, 1.0, 32.0, 1.0, 0.0, 1.0, 0.0, 1.0, 0.0, 0.0, 1.0, 0.0, 3.0, 0.0, 0.0, 0.0, 1.0, 11.0, 5.0, 6.0, 61660], [61663, 0.0, 1.0, 1.0, 29.0, 0.0, 0.0, 0.0, 0.0, 0.0, 1.0, 0.0, 1.0, 0.0, 2.0, 1.0, 1.0, 0.0, 0.0, 12.0, 5.0, 8.0, 61663], [61664, 1.0, 1.0, 1.0, 35.0, 1.0, 1.0, 1.0, 0.0, 0.0, 0.0, 0.0, 1.0, 0.0, 4.0, 25.0, 29.0, 1.0, 0.0, 10.0, 5.0, 1.0, 61664], [61666, 0.0, 0.0, 1.0, 32.0, 1.0, 0.0, 0.0, 1.0, 1.0, 0.0, 0.0, 1.0, 0.0, 3.0, 30.0, 10.0, 0.0, 0.0, 10.0, 4.0, 5.0, 61666], [61668, 1.0, 1.0, 1.0, 23.0, 0.0, 0.0, 0.0, 1.0, 1.0, 1.0, 0.0, 1.0, 0.0, 3.0, 5.0, 7.0, 0.0, 1.0, 12.0, 6.0, 7.0, 61668], [61671, 1.0, 1.0, 1.0, 29.0, 1.0, 0.0, 1.0, 0.0, 1.0, 1.0, 0.0, 1.0, 0.0, 5.0, 0.0, 30.0, 1.0, 1.0, 13.0, 3.0, 4.0, 61671], [61672, 1.0, 1.0, 1.0, 24.0, 0.0, 0.0, 1.0, 1.0, 1.0, 1.0, 0.0, 1.0, 0.0, 3.0, 0.0, 0.0, 1.0, 1.0, 13.0, 3.0, 5.0, 61672], [61675, 1.0, 0.0, 1.0, 35.0, 0.0, 0.0, 0.0, 1.0, 1.0, 1.0, 0.0, 1.0, 0.0, 2.0, 0.0, 0.0, 0.0, 0.0, 13.0, 4.0, 5.0, 61675], [61676, 1.0, 0.0, 1.0, 26.0, 0.0, 0.0, 0.0, 0.0, 1.0, 1.0, 0.0, 1.0, 0.0, 5.0, 0.0, 0.0, 1.0, 0.0, 13.0, 6.0, 5.0, 61676], [61677, 1.0, 1.0, 1.0, 29.0, 1.0, 0.0, 0.0, 1.0, 1.0, 1.0, 0.0, 1.0, 0.0, 3.0, 0.0, 3.0, 0.0, 1.0, 12.0, 4.0, 5.0, 61677]]}}","{""predictions"": [0.0, 0.0, 1.0, 0.0, 0.0, 1.0, 1.0, 1.0, 1.0, 1.0]}",1,"{""model_name"":""demo_faddadbfcefc_model_monitor.ws_3551974319838082.diabetes_mo"",""endpoint_name"":""anupriya-malik-databricks-com_ML_AS04_Demo_3b"",""model_version"":""1""}"
null,8cfccb9b-8e47-43f3-abc6-e91e513614a1,2024-09-28,1727528588424,200,5,"{""dataframe_split"": {""index"": [25450, 25451, 25452, 25453, 25454, 25455, 25456, 25457, 25458, 25459], ""columns"": [""index"", ""HighBP"", ""HighChol"", ""CholCheck"", ""BMI"", ""Smoker"", ""Stroke"", ""HeartDiseaseorAttack"", ""PhysActivity"", ""Fruits"", ""Veggies"", ""HvyAlcoholConsump"", ""AnyHealthcare"", ""NoDocbcCost"", ""GenHlth"", ""MentHlth"", ""PhysHlth"", ""DiffWalk"", ""Sex"", ""Age"", ""Education"", ""Income"", ""id""], ""data"": [[62245, 1.0, 1.0, 1.0, 27.0, 1.0, 0.0, 1.0, 1.0, 1.0, 1.0, 0.0, 1.0, 0.0, 4.0, 0.0, 2.0, 1.0, 1.0, 10.0, 3.0, 4.0, 62245], [62246, 1.0, 1.0, 1.0, 29.0, 0.0, 0.0, 0.0, 1.0, 1.0, 1.0, 0.0, 1.0, 0.0, 4.0, 0.0, 0.0, 0.0, 0.0, 13.0, 4.0, 1.0, 62246], [62249, 0.0, 0.0, 1.0, 34.0, 0.0, 0.0, 0.0, 0.0, 0.0, 1.0, 0.0, 1.0, 0.0, 2.0, 0.0, 0.0, 0.0, 0.0, 10.0, 4.0, 8.0, 62249], [62250, 1.0, 1.0, 1.0, 27.0, 1.0, 0.0, 0.0, 1.0, 1.0, 1.0, 0.0, 1.0, 0.0, 4.0, 0.0, 4.0, 0.0, 0.0, 13.0, 6.0, 5.0, 62250], [62251, 1.0, 1.0, 1.0, 28.0, 0.0, 0.0, 0.0, 1.0, 0.0, 1.0, 0.0, 1.0, 0.0, 3.0, 0.0, 0.0, 1.0, 0.0, 12.0, 3.0, 1.0, 62251], [62254, 1.0, 1.0, 1.0, 32.0, 0.0, 0.0, 0.0, 1.0, 1.0, 1.0, 0.0, 1.0, 0.0, 3.0, 0.0, 0.0, 1.0, 0.0, 11.0, 5.0, 6.0, 62254], [62255, 1.0, 1.0, 1.0, 33.0, 0.0, 0.0, 0.0, 0.0, 0.0, 1.0, 0.0, 1.0, 0.0, 3.0, 0.0, 0.0, 0.0, 0.0, 11.0, 4.0, 3.0, 62255], [62258, 1.0, 1.0, 1.0, 35.0, 1.0, 0.0, 0.0, 1.0, 0.0, 1.0, 0.0, 1.0, 0.0, 3.0, 0.0, 0.0, 1.0, 1.0, 11.0, 4.0, 5.0, 62258], [62259, 1.0, 1.0, 1.0, 42.0, 0.0, 0.0, 1.0, 0.0, 0.0, 1.0, 0.0, 1.0, 0.0, 3.0, 0.0, 0.0, 1.0, 0.0, 11.0, 4.0, 1.0, 62259], [62260, 1.0, 1.0, 1.0, 34.0, 0.0, 0.0, 1.0, 0.0, 1.0, 0.0, 0.0, 1.0, 0.0, 3.0, 30.0, 2.0, 0.0, 1.0, 11.0, 6.0, 1.0, 62260]]}}","{""predictions"": [1.0, 1.0, 1.0, 1.0, 1.0, 1.0, 1.0, 1.0, 1.0, 0.0]}",1,"{""model_name"":""demo_faddadbfcefc_model_monitor.ws_3551974319838082.diabetes_mo"",""endpoint_name"":""anupriya-malik-databricks-com_ML_AS04_Demo_3b"",""model_version"":""1""}"
null,6c92d5b6-d891-4a35-a8f1-478682ce682f,2024-09-28,1727528588643,200,5,"{""dataframe_split"": {""index"": [25520, 25521, 25522, 25523, 25524, 25525, 25526, 25527, 25528, 25529], ""columns"": [""index"", ""HighBP"", ""HighChol"", ""CholCheck"", ""BMI"", ""Smoker"", ""Stroke"", ""HeartDiseaseorAttack"", ""PhysActivity"", ""Fruits"", ""Veggies"", ""HvyAlcoholConsump"", ""AnyHealthcare"", ""NoDocbcCost"", ""GenHlth"", ""MentHlth"", ""PhysHlth"", ""DiffWalk"", ""Sex"", ""Age"", ""Education"", ""Income"", ""id""], ""data"": [[62369, 1.0, 1.0, 1.0, 21.0, 1.0, 0.0, 0.0, 0.0, 0.0, 0.0, 0.0, 1.0, 0.0, 4.0, 0.0, 10.0, 0.0, 0.0, 10.0, 4.0, 3.0, 62369], [62371, 1.0, 1.0, 1.0, 29.0, 0.0, 1.0, 1.0, 1.0, 0.0, 0.0, 0.0, 1.0, 1.0, 5.0, 15.0, 30.0, 1.0, 0.0, 10.0, 4.0, 2.0, 62371], [62372, 1.0, 1.0, 1.0, 24.0, 1.0, 0.0, 0.0, 1.0, 1.0, 1.0, 0.0, 1.0, 0.0, 4.0, 0.0, 3.0, 1.0, 1.0, 10.0, 5.0, 6.0, 62372], [62373, 1.0, 1.0, 1.0, 34.0, 1.0, 0.0, 0.0, 1.0, 0.0, 1.0, 0.0, 1.0, 0.0, 3.0, 2.0, 0.0, 0.0, 0.0, 10.0, 6.0, 3.0, 62373], [62375, 1.0, 1.0, 1.0, 29.0, 0.0, 0.0, 0.0, 1.0, 0.0, 1.0, 0.0, 1.0, 0.0, 4.0, 5.0, 3.0, 1.0, 0.0, 10.0, 2.0, 2.0, 62375], [62376, 1.0, 1.0, 1.0, 38.0, 0.0, 0.0, 1.0, 0.0, 1.0, 1.0, 0.0, 1.0, 1.0, 3.0, 0.0, 15.0, 1.0, 0.0, 13.0, 4.0, 2.0, 62376], [62380, 1.0, 1.0, 1.0, 32.0, 1.0, 1.0, 0.0, 1.0, 0.0, 0.0, 0.0, 1.0, 0.0, 5.0, 15.0, 30.0, 1.0, 1.0, 12.0, 3.0, 3.0, 62380], [62383, 1.0, 0.0, 1.0, 27.0, 0.0, 0.0, 0.0, 0.0, 0.0, 1.0, 0.0, 1.0, 0.0, 3.0, 0.0, 0.0, 1.0, 0.0, 12.0, 4.0, 3.0, 62383], [62384, 1.0, 1.0, 1.0, 33.0, 1.0, 0.0, 0.0, 0.0, 0.0, 1.0, 0.0, 1.0, 0.0, 4.0, 0.0, 0.0, 0.0, 1.0, 10.0, 4.0, 5.0, 62384], [62385, 0.0, 0.0, 1.0, 24.0, 0.0, 0.0, 0.0, 1.0, 1.0, 1.0, 0.0, 1.0, 0.0, 3.0, 0.0, 0.0, 0.0, 0.0, 11.0, 4.0, 2.0, 62385]]}}","{""predictions"": [0.0, 1.0, 0.0, 0.0, 1.0, 0.0, 1.0, 1.0, 1.0, 0.0]}",1,"{""model_name"":""demo_faddadbfcefc_model_monitor.ws_3551974319838082.diabetes_mo"",""endpoint_name"":""anupriya-malik-databricks-com_ML_AS04_Demo_3b"",""model_version"":""1""}"
null,579a1bb9-ce44-44a7-a57f-e38beb087b80,2024-09-28,1727528588798,200,5,"{""dataframe_split"": {""index"": [25570, 25571, 25572, 25573, 25574, 25575, 25576, 25577, 25578, 25579], ""columns"": [""index"", ""HighBP"", ""HighChol"", ""CholCheck"", ""BMI"", ""Smoker"", ""Stroke"", ""HeartDiseaseorAttack"", ""PhysActivity"", ""Fruits"", ""Veggies"", ""HvyAlcoholConsump"", ""AnyHealthcare"", ""NoDocbcCost"", ""GenHlth"", ""MentHlth"", ""PhysHlth"", ""DiffWalk"", ""Sex"", ""Age"", ""Education"", ""Income"", ""id""], ""data"": [[62456, 1.0, 1.0, 1.0, 27.0, 1.0, 0.0, 0.0, 1.0, 1.0, 1.0, 0.0, 1.0, 0.0, 3.0, 0.0, 0.0, 1.0, 1.0, 11.0, 6.0, 8.0, 62456], [62457, 1.0, 1.0, 1.0, 39.0, 1.0, 0.0, 1.0, 1.0, 1.0, 1.0, 0.0, 1.0, 0.0, 3.0, 0.0, 0.0, 0.0, 1.0, 10.0, 5.0, 7.0, 62457], [62458, 1.0, 0.0, 1.0, 33.0, 0.0, 0.0, 0.0, 1.0, 1.0, 1.0, 0.0, 1.0, 0.0, 2.0, 0.0, 0.0, 0.0, 0.0, 11.0, 6.0, 5.0, 62458], [62461, 1.0, 1.0, 1.0, 40.0, 0.0, 0.0, 1.0, 1.0, 0.0, 0.0, 0.0, 1.0, 1.0, 5.0, 15.0, 30.0, 1.0, 1.0, 11.0, 4.0, 1.0, 62461], [62462, 0.0, 1.0, 1.0, 31.0, 1.0, 1.0, 0.0, 0.0, 1.0, 1.0, 0.0, 1.0, 0.0, 5.0, 0.0, 10.0, 1.0, 0.0, 12.0, 2.0, 2.0, 62462], [62467, 1.0, 1.0, 1.0, 38.0, 1.0, 0.0, 0.0, 0.0, 1.0, 1.0, 0.0, 1.0, 0.0, 3.0, 0.0, 30.0, 1.0, 1.0, 10.0, 6.0, 8.0, 62467], [62468, 1.0, 1.0, 1.0, 58.0, 1.0, 0.0, 0.0, 0.0, 0.0, 1.0, 0.0, 1.0, 0.0, 2.0, 0.0, 30.0, 1.0, 1.0, 11.0, 4.0, 4.0, 62468], [62470, 1.0, 1.0, 1.0, 26.0, 0.0, 0.0, 0.0, 1.0, 0.0, 0.0, 0.0, 1.0, 0.0, 4.0, 0.0, 0.0, 0.0, 0.0, 12.0, 3.0, 6.0, 62470], [62471, 1.0, 0.0, 1.0, 35.0, 0.0, 0.0, 0.0, 1.0, 1.0, 1.0, 0.0, 1.0, 0.0, 2.0, 0.0, 1.0, 0.0, 0.0, 11.0, 6.0, 7.0, 62471], [62473, 1.0, 1.0, 0.0, 26.0, 0.0, 0.0, 0.0, 1.0, 0.0, 0.0, 0.0, 1.0, 0.0, 3.0, 0.0, 0.0, 0.0, 1.0, 12.0, 6.0, 6.0, 62473]]}}","{""predictions"": [1.0, 0.0, 1.0, 1.0, 0.0, 1.0, 1.0, 1.0, 0.0, 0.0]}",1,"{""model_name"":""demo_faddadbfcefc_model_monitor.ws_3551974319838082.diabetes_mo"",""endpoint_name"":""anupriya-malik-databricks-com_ML_AS04_Demo_3b"",""model_version"":""1""}"
null,0340e613-cff9-442d-a4d5-cfa1eff0fe29,2024-09-28,1727528588828,200,5,"{""dataframe_split"": {""index"": [25580, 25581, 25582, 25583, 25584, 25585, 25586, 25587, 25588, 25589], ""columns"": [""index"", ""HighBP"", ""HighChol"", ""CholCheck"", ""BMI"", ""Smoker"", ""Stroke"", ""HeartDiseaseorAttack"", ""PhysActivity"", ""Fruits"", ""Veggies"", ""HvyAlcoholConsump"", ""AnyHealthcare"", ""NoDocbcCost"", ""GenHlth"", ""MentHlth"", ""PhysHlth"", ""DiffWalk"", ""Sex"", ""Age"", ""Education"", ""Income"", ""id""], ""data"": [[62474, 1.0, 0.0, 1.0, 34.0, 0.0, 0.0, 0.0, 1.0, 0.0, 1.0, 0.0, 1.0, 0.0, 3.0, 0.0, 0.0, 1.0, 0.0, 10.0, 4.0, 2.0, 62474], [62476, 1.0, 1.0, 1.0, 34.0, 1.0, 0.0, 0.0, 1.0, 1.0, 1.0, 0.0, 1.0, 0.0, 2.0, 0.0, 0.0, 0.0, 1.0, 12.0, 5.0, 8.0, 62476], [62477, 1.0, 1.0, 1.0, 31.0, 1.0, 0.0, 0.0, 1.0, 1.0, 1.0, 0.0, 1.0, 0.0, 4.0, 30.0, 20.0, 1.0, 0.0, 11.0, 6.0, 5.0, 62477], [62479, 0.0, 1.0, 1.0, 24.0, 1.0, 0.0, 0.0, 1.0, 1.0, 1.0, 0.0, 1.0, 0.0, 2.0, 0.0, 0.0, 0.0, 0.0, 10.0, 5.0, 5.0, 62479], [62480, 1.0, 1.0, 1.0, 33.0, 1.0, 0.0, 1.0, 0.0, 1.0, 0.0, 0.0, 1.0, 0.0, 5.0, 0.0, 30.0, 1.0, 1.0, 11.0, 6.0, 7.0, 62480], [62482, 1.0, 1.0, 1.0, 36.0, 1.0, 0.0, 0.0, 1.0, 0.0, 0.0, 0.0, 1.0, 0.0, 1.0, 0.0, 0.0, 0.0, 0.0, 10.0, 5.0, 4.0, 62482], [62484, 1.0, 0.0, 1.0, 28.0, 1.0, 0.0, 0.0, 1.0, 1.0, 1.0, 0.0, 1.0, 0.0, 3.0, 0.0, 0.0, 0.0, 1.0, 13.0, 5.0, 5.0, 62484], [62485, 1.0, 0.0, 1.0, 36.0, 1.0, 0.0, 0.0, 0.0, 1.0, 0.0, 0.0, 1.0, 0.0, 2.0, 0.0, 0.0, 0.0, 1.0, 10.0, 4.0, 7.0, 62485], [62486, 0.0, 1.0, 1.0, 22.0, 1.0, 0.0, 0.0, 1.0, 1.0, 1.0, 0.0, 1.0, 0.0, 3.0, 0.0, 0.0, 0.0, 1.0, 12.0, 6.0, 2.0, 62486], [62487, 1.0, 1.0, 1.0, 34.0, 1.0, 0.0, 0.0, 1.0, 0.0, 1.0, 0.0, 1.0, 0.0, 3.0, 0.0, 0.0, 0.0, 1.0, 10.0, 5.0, 6.0, 62487]]}}","{""predictions"": [1.0, 0.0, 1.0, 0.0, 1.0, 1.0, 0.0, 0.0, 1.0, 1.0]}",1,"{""model_name"":""demo_faddadbfcefc_model_monitor.ws_3551974319838082.diabetes_mo"",""endpoint_name"":""anupriya-malik-databricks-com_ML_AS04_Demo_3b"",""model_version"":""1""}"
null,5fd4af05-e655-4edb-99cc-d9415caeee53,2024-09-28,1727528588945,200,5,"{""dataframe_split"": {""index"": [25620, 25621, 25622, 25623, 25624, 25625, 25626, 25627, 25628, 25629], ""columns"": [""index"", ""HighBP"", ""HighChol"", ""CholCheck"", ""BMI"", ""Smoker"", ""Stroke"", ""HeartDiseaseorAttack"", ""PhysActivity"", ""Fruits"", ""Veggies"", ""HvyAlcoholConsump"", ""AnyHealthcare"", ""NoDocbcCost"", ""GenHlth"", ""MentHlth"", ""PhysHlth"", ""DiffWalk"", ""Sex"", ""Age"", ""Education"", ""Income"", ""id""], ""data"": [[62547, 1.0, 1.0, 1.0, 24.0, 1.0, 1.0, 1.0, 1.0, 0.0, 0.0, 0.0, 1.0, 0.0, 5.0, 0.0, 30.0, 0.0, 1.0, 12.0, 4.0, 4.0, 62547], [62548, 1.0, 1.0, 1.0, 27.0, 0.0, 0.0, 0.0, 1.0, 1.0, 1.0, 0.0, 1.0, 0.0, 3.0, 5.0, 0.0, 0.0, 0.0, 11.0, 5.0, 5.0, 62548], [62549, 1.0, 1.0, 1.0, 33.0, 1.0, 0.0, 0.0, 1.0, 0.0, 1.0, 0.0, 1.0, 0.0, 2.0, 0.0, 0.0, 0.0, 1.0, 11.0, 4.0, 7.0, 62549], [62556, 1.0, 0.0, 1.0, 31.0, 1.0, 0.0, 1.0, 0.0, 0.0, 0.0, 0.0, 1.0, 0.0, 2.0, 0.0, 0.0, 0.0, 1.0, 10.0, 6.0, 7.0, 62556], [62557, 1.0, 1.0, 1.0, 32.0, 1.0, 0.0, 1.0, 1.0, 0.0, 0.0, 0.0, 1.0, 0.0, 3.0, 0.0, 0.0, 0.0, 1.0, 10.0, 6.0, 7.0, 62557], [62560, 1.0, 1.0, 1.0, 39.0, 1.0, 0.0, 0.0, 0.0, 0.0, 0.0, 0.0, 1.0, 0.0, 3.0, 0.0, 0.0, 0.0, 0.0, 11.0, 2.0, 5.0, 62560], [62562, 1.0, 1.0, 1.0, 32.0, 1.0, 0.0, 0.0, 1.0, 1.0, 1.0, 0.0, 1.0, 1.0, 4.0, 30.0, 30.0, 0.0, 0.0, 10.0, 4.0, 2.0, 62562], [62564, 0.0, 0.0, 1.0, 32.0, 0.0, 0.0, 1.0, 0.0, 0.0, 1.0, 0.0, 1.0, 0.0, 3.0, 0.0, 5.0, 1.0, 1.0, 11.0, 5.0, 3.0, 62564], [62565, 1.0, 0.0, 1.0, 33.0, 1.0, 0.0, 0.0, 0.0, 1.0, 1.0, 0.0, 1.0, 0.0, 3.0, 0.0, 0.0, 1.0, 0.0, 10.0, 3.0, 3.0, 62565], [62570, 1.0, 1.0, 1.0, 30.0, 1.0, 1.0, 0.0, 0.0, 0.0, 0.0, 0.0, 1.0, 0.0, 4.0, 0.0, 1.0, 0.0, 0.0, 12.0, 4.0, 5.0, 62570]]}}","{""predictions"": [1.0, 1.0, 0.0, 1.0, 1.0, 1.0, 1.0, 1.0, 1.0, 1.0]}",1,"{""model_name"":""demo_faddadbfcefc_model_monitor.ws_3551974319838082.diabetes_mo"",""endpoint_name"":""anupriya-malik-databricks-com_ML_AS04_Demo_3b"",""model_version"":""1""}"
null,b24a41cc-c4e7-4c42-ba09-b075c3fcfce0,2024-09-28,1727528588975,200,5,"{""dataframe_split"": {""index"": [25630, 25631, 25632, 25633, 25634, 25635, 25636, 25637, 25638, 25639], ""columns"": [""index"", ""HighBP"", ""HighChol"", ""CholCheck"", ""BMI"", ""Smoker"", ""Stroke"", ""HeartDiseaseorAttack"", ""PhysActivity"", ""Fruits"", ""Veggies"", ""HvyAlcoholConsump"", ""AnyHealthcare"", ""NoDocbcCost"", ""GenHlth"", ""MentHlth"", ""PhysHlth"", ""DiffWalk"", ""Sex"", ""Age"", ""Education"", ""Income"", ""id""], ""data"": [[62572, 1.0, 1.0, 1.0, 39.0, 1.0, 0.0, 0.0, 0.0, 0.0, 1.0, 0.0, 1.0, 0.0, 4.0, 0.0, 0.0, 0.0, 0.0, 10.0, 4.0, 5.0, 62572], [62576, 1.0, 1.0, 1.0, 47.0, 1.0, 0.0, 0.0, 0.0, 1.0, 0.0, 0.0, 1.0, 0.0, 4.0, 0.0, 1.0, 1.0, 0.0, 11.0, 4.0, 3.0, 62576], [62577, 0.0, 0.0, 1.0, 23.0, 1.0, 0.0, 0.0, 0.0, 0.0, 1.0, 0.0, 1.0, 1.0, 2.0, 0.0, 0.0, 0.0, 1.0, 11.0, 6.0, 8.0, 62577], [62579, 0.0, 0.0, 1.0, 35.0, 0.0, 0.0, 0.0, 0.0, 1.0, 0.0, 0.0, 1.0, 0.0, 3.0, 0.0, 0.0, 1.0, 0.0, 10.0, 4.0, 3.0, 62579], [62581, 1.0, 1.0, 1.0, 31.0, 0.0, 0.0, 0.0, 0.0, 1.0, 0.0, 0.0, 1.0, 0.0, 3.0, 0.0, 2.0, 1.0, 0.0, 13.0, 4.0, 1.0, 62581], [62584, 1.0, 0.0, 1.0, 28.0, 1.0, 0.0, 1.0, 1.0, 0.0, 0.0, 0.0, 1.0, 1.0, 5.0, 0.0, 30.0, 0.0, 1.0, 10.0, 4.0, 2.0, 62584], [62585, 1.0, 0.0, 1.0, 29.0, 1.0, 0.0, 0.0, 1.0, 1.0, 0.0, 0.0, 1.0, 0.0, 4.0, 1.0, 15.0, 1.0, 1.0, 12.0, 6.0, 8.0, 62585], [62587, 1.0, 0.0, 1.0, 23.0, 1.0, 0.0, 0.0, 0.0, 0.0, 1.0, 0.0, 1.0, 0.0, 4.0, 0.0, 4.0, 0.0, 0.0, 10.0, 6.0, 3.0, 62587], [62588, 1.0, 0.0, 1.0, 36.0, 0.0, 0.0, 0.0, 0.0, 0.0, 1.0, 0.0, 1.0, 0.0, 3.0, 0.0, 0.0, 0.0, 1.0, 10.0, 4.0, 5.0, 62588], [62594, 1.0, 1.0, 1.0, 29.0, 0.0, 0.0, 0.0, 1.0, 0.0, 0.0, 0.0, 1.0, 0.0, 3.0, 0.0, 0.0, 1.0, 0.0, 12.0, 3.0, 4.0, 62594]]}}","{""predictions"": [1.0, 1.0, 0.0, 0.0, 0.0, 1.0, 1.0, 1.0, 1.0, 0.0]}",1,"{""model_name"":""demo_faddadbfcefc_model_monitor.ws_3551974319838082.diabetes_mo"",""endpoint_name"":""anupriya-malik-databricks-com_ML_AS04_Demo_3b"",""model_version"":""1""}"
null,42afb07b-87a2-4c98-8095-a66d4a977638,2024-09-28,1727528589038,200,5,"{""dataframe_split"": {""index"": [25650, 25651, 25652, 25653, 25654, 25655, 25656, 25657, 25658, 25659], ""columns"": [""index"", ""HighBP"", ""HighChol"", ""CholCheck"", ""BMI"", ""Smoker"", ""Stroke"", ""HeartDiseaseorAttack"", ""PhysActivity"", ""Fruits"", ""Veggies"", ""HvyAlcoholConsump"", ""AnyHealthcare"", ""NoDocbcCost"", ""GenHlth"", ""MentHlth"", ""PhysHlth"", ""DiffWalk"", ""Sex"", ""Age"", ""Education"", ""Income"", ""id""], ""data"": [[62622, 0.0, 0.0, 1.0, 21.0, 0.0, 0.0, 0.0, 1.0, 0.0, 1.0, 0.0, 1.0, 0.0, 5.0, 0.0, 30.0, 0.0, 1.0, 12.0, 5.0, 8.0, 62622], [62623, 1.0, 1.0, 1.0, 23.0, 1.0, 0.0, 0.0, 1.0, 1.0, 1.0, 0.0, 1.0, 0.0, 3.0, 0.0, 0.0, 0.0, 1.0, 13.0, 5.0, 8.0, 62623], [62624, 1.0, 1.0, 1.0, 39.0, 1.0, 1.0, 1.0, 0.0, 0.0, 0.0, 0.0, 1.0, 0.0, 5.0, 0.0, 30.0, 1.0, 1.0, 13.0, 5.0, 5.0, 62624], [62626, 1.0, 1.0, 1.0, 40.0, 0.0, 0.0, 1.0, 0.0, 1.0, 1.0, 0.0, 1.0, 0.0, 4.0, 0.0, 3.0, 0.0, 1.0, 12.0, 5.0, 4.0, 62626], [62627, 0.0, 0.0, 1.0, 34.0, 0.0, 0.0, 0.0, 1.0, 1.0, 1.0, 0.0, 1.0, 0.0, 3.0, 0.0, 2.0, 0.0, 1.0, 12.0, 4.0, 6.0, 62627], [62628, 1.0, 0.0, 1.0, 26.0, 0.0, 0.0, 0.0, 1.0, 0.0, 1.0, 0.0, 1.0, 0.0, 3.0, 6.0, 5.0, 0.0, 1.0, 12.0, 4.0, 3.0, 62628], [62629, 1.0, 1.0, 1.0, 35.0, 0.0, 0.0, 0.0, 0.0, 1.0, 0.0, 0.0, 1.0, 0.0, 3.0, 0.0, 20.0, 1.0, 1.0, 10.0, 3.0, 5.0, 62629], [62633, 1.0, 1.0, 1.0, 24.0, 1.0, 0.0, 1.0, 1.0, 0.0, 1.0, 0.0, 1.0, 0.0, 3.0, 0.0, 0.0, 1.0, 1.0, 10.0, 6.0, 6.0, 62633], [62634, 1.0, 0.0, 1.0, 30.0, 0.0, 0.0, 0.0, 0.0, 0.0, 0.0, 0.0, 1.0, 1.0, 4.0, 30.0, 15.0, 0.0, 0.0, 12.0, 3.0, 2.0, 62634], [62638, 1.0, 1.0, 1.0, 34.0, 0.0, 0.0, 0.0, 1.0, 0.0, 1.0, 0.0, 1.0, 0.0, 3.0, 0.0, 0.0, 0.0, 1.0, 10.0, 5.0, 8.0, 62638]]}}","{""predictions"": [0.0, 0.0, 1.0, 1.0, 1.0, 0.0, 1.0, 1.0, 0.0, 1.0]}",1,"{""model_name"":""demo_faddadbfcefc_model_monitor.ws_3551974319838082.diabetes_mo"",""endpoint_name"":""anupriya-malik-databricks-com_ML_AS04_Demo_3b"",""model_version"":""1""}"
null,90334934-8dbb-4bbb-871c-4a60d9290206,2024-09-28,1727528589067,200,5,"{""dataframe_split"": {""index"": [25660, 25661, 25662, 25663, 25664, 25665, 25666, 25667, 25668, 25669], ""columns"": [""index"", ""HighBP"", ""HighChol"", ""CholCheck"", ""BMI"", ""Smoker"", ""Stroke"", ""HeartDiseaseorAttack"", ""PhysActivity"", ""Fruits"", ""Veggies"", ""HvyAlcoholConsump"", ""AnyHealthcare"", ""NoDocbcCost"", ""GenHlth"", ""MentHlth"", ""PhysHlth"", ""DiffWalk"", ""Sex"", ""Age"", ""Education"", ""Income"", ""id""], ""data"": [[62639, 0.0, 1.0, 1.0, 29.0, 0.0, 0.0, 0.0, 1.0, 0.0, 0.0, 0.0, 1.0, 1.0, 3.0, 0.0, 15.0, 1.0, 0.0, 10.0, 3.0, 5.0, 62639], [62640, 0.0, 0.0, 1.0, 41.0, 0.0, 1.0, 0.0, 0.0, 0.0, 1.0, 0.0, 1.0, 0.0, 4.0, 15.0, 0.0, 1.0, 1.0, 12.0, 6.0, 6.0, 62640], [62642, 0.0, 1.0, 1.0, 25.0, 1.0, 0.0, 0.0, 1.0, 0.0, 1.0, 0.0, 1.0, 0.0, 3.0, 0.0, 2.0, 0.0, 1.0, 11.0, 5.0, 5.0, 62642], [62647, 1.0, 1.0, 1.0, 30.0, 1.0, 0.0, 0.0, 1.0, 1.0, 1.0, 0.0, 1.0, 0.0, 2.0, 3.0, 0.0, 0.0, 1.0, 10.0, 3.0, 3.0, 62647], [62648, 1.0, 0.0, 1.0, 28.0, 0.0, 0.0, 0.0, 1.0, 1.0, 1.0, 0.0, 1.0, 0.0, 2.0, 3.0, 0.0, 0.0, 0.0, 12.0, 3.0, 3.0, 62648], [62650, 1.0, 1.0, 1.0, 34.0, 0.0, 0.0, 0.0, 0.0, 0.0, 0.0, 0.0, 1.0, 0.0, 3.0, 0.0, 0.0, 0.0, 0.0, 10.0, 5.0, 2.0, 62650], [62651, 1.0, 1.0, 1.0, 32.0, 1.0, 0.0, 0.0, 0.0, 0.0, 0.0, 0.0, 1.0, 0.0, 3.0, 0.0, 0.0, 0.0, 1.0, 12.0, 6.0, 8.0, 62651], [62653, 1.0, 1.0, 1.0, 23.0, 0.0, 0.0, 0.0, 0.0, 0.0, 0.0, 0.0, 1.0, 0.0, 3.0, 0.0, 0.0, 0.0, 0.0, 10.0, 2.0, 2.0, 62653], [62655, 1.0, 0.0, 1.0, 22.0, 0.0, 0.0, 0.0, 1.0, 1.0, 1.0, 0.0, 1.0, 0.0, 2.0, 0.0, 0.0, 0.0, 0.0, 13.0, 6.0, 8.0, 62655], [62657, 1.0, 0.0, 1.0, 31.0, 0.0, 0.0, 0.0, 1.0, 1.0, 1.0, 0.0, 1.0, 0.0, 3.0, 0.0, 1.0, 0.0, 0.0, 12.0, 4.0, 1.0, 62657]]}}","{""predictions"": [0.0, 1.0, 0.0, 1.0, 0.0, 1.0, 1.0, 1.0, 0.0, 1.0]}",1,"{""model_name"":""demo_faddadbfcefc_model_monitor.ws_3551974319838082.diabetes_mo"",""endpoint_name"":""anupriya-malik-databricks-com_ML_AS04_Demo_3b"",""model_version"":""1""}"
null,53859476-1194-4021-ab3c-6f0808cf3d77,2024-09-28,1727528589129,200,5,"{""dataframe_split"": {""index"": [25680, 25681, 25682, 25683, 25684, 25685, 25686, 25687, 25688, 25689], ""columns"": [""index"", ""HighBP"", ""HighChol"", ""CholCheck"", ""BMI"", ""Smoker"", ""Stroke"", ""HeartDiseaseorAttack"", ""PhysActivity"", ""Fruits"", ""Veggies"", ""HvyAlcoholConsump"", ""AnyHealthcare"", ""NoDocbcCost"", ""GenHlth"", ""MentHlth"", ""PhysHlth"", ""DiffWalk"", ""Sex"", ""Age"", ""Education"", ""Income"", ""id""], ""data"": [[62680, 1.0, 0.0, 1.0, 34.0, 0.0, 0.0, 0.0, 1.0, 0.0, 0.0, 0.0, 1.0, 0.0, 4.0, 0.0, 0.0, 0.0, 1.0, 11.0, 5.0, 6.0, 62680], [62682, 0.0, 1.0, 1.0, 38.0, 1.0, 0.0, 0.0, 0.0, 0.0, 0.0, 0.0, 1.0, 0.0, 2.0, 0.0, 0.0, 1.0, 1.0, 13.0, 5.0, 8.0, 62682], [62684, 1.0, 1.0, 1.0, 31.0, 1.0, 1.0, 0.0, 1.0, 1.0, 1.0, 0.0, 1.0, 0.0, 1.0, 0.0, 0.0, 0.0, 1.0, 11.0, 6.0, 8.0, 62684], [62688, 1.0, 1.0, 1.0, 31.0, 1.0, 0.0, 0.0, 1.0, 1.0, 1.0, 0.0, 1.0, 0.0, 3.0, 0.0, 0.0, 0.0, 1.0, 13.0, 5.0, 4.0, 62688], [62692, 1.0, 0.0, 1.0, 35.0, 1.0, 0.0, 0.0, 0.0, 1.0, 1.0, 0.0, 1.0, 0.0, 2.0, 0.0, 3.0, 1.0, 1.0, 11.0, 5.0, 6.0, 62692], [62694, 1.0, 0.0, 1.0, 34.0, 0.0, 1.0, 1.0, 1.0, 1.0, 1.0, 0.0, 1.0, 0.0, 5.0, 4.0, 30.0, 1.0, 0.0, 12.0, 4.0, 6.0, 62694], [62695, 1.0, 1.0, 1.0, 31.0, 0.0, 0.0, 1.0, 1.0, 0.0, 1.0, 0.0, 1.0, 0.0, 4.0, 0.0, 5.0, 0.0, 1.0, 11.0, 5.0, 4.0, 62695], [62698, 1.0, 0.0, 1.0, 24.0, 0.0, 0.0, 1.0, 1.0, 0.0, 0.0, 0.0, 1.0, 0.0, 3.0, 0.0, 0.0, 0.0, 1.0, 12.0, 4.0, 4.0, 62698], [62708, 0.0, 1.0, 1.0, 31.0, 1.0, 0.0, 1.0, 0.0, 0.0, 1.0, 0.0, 1.0, 0.0, 3.0, 0.0, 0.0, 0.0, 1.0, 12.0, 4.0, 3.0, 62708], [62712, 1.0, 1.0, 1.0, 27.0, 0.0, 0.0, 1.0, 1.0, 1.0, 1.0, 0.0, 1.0, 0.0, 2.0, 0.0, 0.0, 0.0, 0.0, 13.0, 6.0, 7.0, 62712]]}}","{""predictions"": [0.0, 0.0, 0.0, 1.0, 1.0, 0.0, 1.0, 1.0, 0.0, 1.0]}",1,"{""model_name"":""demo_faddadbfcefc_model_monitor.ws_3551974319838082.diabetes_mo"",""endpoint_name"":""anupriya-malik-databricks-com_ML_AS04_Demo_3b"",""model_version"":""1""}"
null,1ea7d9f4-36a9-4041-afda-ed45dae2324c,2024-09-28,1727528589315,200,5,"{""dataframe_split"": {""index"": [25740, 25741, 25742, 25743, 25744, 25745, 25746, 25747, 25748, 25749], ""columns"": [""index"", ""HighBP"", ""HighChol"", ""CholCheck"", ""BMI"", ""Smoker"", ""Stroke"", ""HeartDiseaseorAttack"", ""PhysActivity"", ""Fruits"", ""Veggies"", ""HvyAlcoholConsump"", ""AnyHealthcare"", ""NoDocbcCost"", ""GenHlth"", ""MentHlth"", ""PhysHlth"", ""DiffWalk"", ""Sex"", ""Age"", ""Education"", ""Income"", ""id""], ""data"": [[62836, 1.0, 1.0, 1.0, 32.0, 0.0, 0.0, 0.0, 0.0, 1.0, 1.0, 0.0, 1.0, 0.0, 3.0, 2.0, 4.0, 0.0, 0.0, 10.0, 4.0, 5.0, 62836], [62838, 1.0, 1.0, 1.0, 29.0, 0.0, 0.0, 0.0, 0.0, 1.0, 1.0, 0.0, 1.0, 1.0, 3.0, 5.0, 0.0, 0.0, 0.0, 10.0, 5.0, 5.0, 62838], [62840, 1.0, 0.0, 1.0, 47.0, 1.0, 0.0, 0.0, 0.0, 1.0, 1.0, 0.0, 1.0, 0.0, 3.0, 0.0, 0.0, 1.0, 0.0, 10.0, 3.0, 4.0, 62840], [62846, 1.0, 1.0, 1.0, 29.0, 0.0, 0.0, 0.0, 0.0, 0.0, 1.0, 0.0, 1.0, 0.0, 4.0, 0.0, 20.0, 1.0, 1.0, 12.0, 4.0, 6.0, 62846], [62850, 1.0, 1.0, 1.0, 26.0, 1.0, 0.0, 1.0, 1.0, 1.0, 1.0, 0.0, 1.0, 0.0, 2.0, 5.0, 0.0, 0.0, 1.0, 12.0, 6.0, 7.0, 62850], [62851, 1.0, 1.0, 1.0, 31.0, 1.0, 0.0, 0.0, 1.0, 1.0, 1.0, 0.0, 1.0, 0.0, 3.0, 0.0, 0.0, 0.0, 0.0, 10.0, 6.0, 8.0, 62851], [62852, 1.0, 1.0, 1.0, 30.0, 1.0, 0.0, 1.0, 1.0, 1.0, 0.0, 0.0, 1.0, 0.0, 2.0, 0.0, 30.0, 1.0, 1.0, 12.0, 3.0, 3.0, 62852], [62858, 1.0, 1.0, 1.0, 32.0, 0.0, 0.0, 0.0, 1.0, 1.0, 0.0, 0.0, 1.0, 0.0, 2.0, 5.0, 0.0, 0.0, 1.0, 10.0, 6.0, 8.0, 62858], [62859, 1.0, 0.0, 1.0, 25.0, 0.0, 0.0, 0.0, 0.0, 0.0, 0.0, 0.0, 1.0, 0.0, 3.0, 0.0, 0.0, 0.0, 0.0, 12.0, 4.0, 6.0, 62859], [62866, 1.0, 0.0, 1.0, 38.0, 0.0, 0.0, 0.0, 0.0, 1.0, 0.0, 0.0, 1.0, 0.0, 3.0, 0.0, 0.0, 1.0, 0.0, 12.0, 3.0, 4.0, 62866]]}}","{""predictions"": [1.0, 1.0, 0.0, 1.0, 1.0, 0.0, 1.0, 1.0, 0.0, 0.0]}",1,"{""model_name"":""demo_faddadbfcefc_model_monitor.ws_3551974319838082.diabetes_mo"",""endpoint_name"":""anupriya-malik-databricks-com_ML_AS04_Demo_3b"",""model_version"":""1""}"
null,946a71ce-d0f7-4058-8d00-fcc8381348d9,2024-09-28,1727528589346,200,5,"{""dataframe_split"": {""index"": [25750, 25751, 25752, 25753, 25754, 25755, 25756, 25757, 25758, 25759], ""columns"": [""index"", ""HighBP"", ""HighChol"", ""CholCheck"", ""BMI"", ""Smoker"", ""Stroke"", ""HeartDiseaseorAttack"", ""PhysActivity"", ""Fruits"", ""Veggies"", ""HvyAlcoholConsump"", ""AnyHealthcare"", ""NoDocbcCost"", ""GenHlth"", ""MentHlth"", ""PhysHlth"", ""DiffWalk"", ""Sex"", ""Age"", ""Education"", ""Income"", ""id""], ""data"": [[62869, 1.0, 1.0, 1.0, 26.0, 0.0, 0.0, 0.0, 0.0, 0.0, 1.0, 0.0, 1.0, 0.0, 3.0, 0.0, 0.0, 0.0, 1.0, 10.0, 4.0, 3.0, 62869], [62874, 1.0, 1.0, 1.0, 31.0, 1.0, 0.0, 0.0, 1.0, 1.0, 1.0, 0.0, 1.0, 0.0, 2.0, 0.0, 15.0, 1.0, 1.0, 11.0, 5.0, 6.0, 62874], [62883, 1.0, 1.0, 1.0, 32.0, 1.0, 1.0, 0.0, 0.0, 0.0, 0.0, 0.0, 1.0, 0.0, 4.0, 0.0, 0.0, 1.0, 1.0, 10.0, 5.0, 5.0, 62883], [62884, 1.0, 1.0, 1.0, 28.0, 0.0, 0.0, 0.0, 1.0, 0.0, 1.0, 0.0, 1.0, 0.0, 2.0, 0.0, 2.0, 0.0, 1.0, 11.0, 6.0, 8.0, 62884], [62885, 0.0, 1.0, 1.0, 29.0, 0.0, 0.0, 0.0, 0.0, 1.0, 1.0, 0.0, 1.0, 0.0, 2.0, 0.0, 0.0, 0.0, 1.0, 10.0, 6.0, 8.0, 62885], [62886, 1.0, 0.0, 1.0, 32.0, 0.0, 0.0, 0.0, 1.0, 1.0, 1.0, 0.0, 1.0, 0.0, 3.0, 5.0, 0.0, 0.0, 0.0, 10.0, 6.0, 7.0, 62886], [62888, 1.0, 1.0, 1.0, 29.0, 0.0, 0.0, 0.0, 1.0, 1.0, 1.0, 0.0, 1.0, 0.0, 2.0, 0.0, 0.0, 0.0, 1.0, 11.0, 6.0, 7.0, 62888], [62890, 1.0, 1.0, 1.0, 21.0, 1.0, 0.0, 0.0, 1.0, 0.0, 1.0, 0.0, 1.0, 1.0, 4.0, 0.0, 12.0, 1.0, 1.0, 11.0, 2.0, 5.0, 62890], [62891, 0.0, 0.0, 1.0, 33.0, 0.0, 0.0, 0.0, 1.0, 1.0, 1.0, 0.0, 1.0, 0.0, 2.0, 0.0, 0.0, 0.0, 1.0, 11.0, 2.0, 7.0, 62891], [62893, 1.0, 0.0, 1.0, 30.0, 0.0, 1.0, 1.0, 1.0, 0.0, 1.0, 0.0, 1.0, 0.0, 3.0, 2.0, 0.0, 0.0, 0.0, 13.0, 4.0, 2.0, 62893]]}}","{""predictions"": [1.0, 1.0, 0.0, 1.0, 0.0, 0.0, 1.0, 1.0, 0.0, 1.0]}",1,"{""model_name"":""demo_faddadbfcefc_model_monitor.ws_3551974319838082.diabetes_mo"",""endpoint_name"":""anupriya-malik-databricks-com_ML_AS04_Demo_3b"",""model_version"":""1""}"
null,7efc1ec2-b7cd-4103-b875-724be46f0b36,2024-09-28,1727528589378,200,5,"{""dataframe_split"": {""index"": [25760, 25761, 25762, 25763, 25764, 25765, 25766, 25767, 25768, 25769], ""columns"": [""index"", ""HighBP"", ""HighChol"", ""CholCheck"", ""BMI"", ""Smoker"", ""Stroke"", ""HeartDiseaseorAttack"", ""PhysActivity"", ""Fruits"", ""Veggies"", ""HvyAlcoholConsump"", ""AnyHealthcare"", ""NoDocbcCost"", ""GenHlth"", ""MentHlth"", ""PhysHlth"", ""DiffWalk"", ""Sex"", ""Age"", ""Education"", ""Income"", ""id""], ""data"": [[62896, 1.0, 1.0, 1.0, 27.0, 1.0, 0.0, 1.0, 0.0, 1.0, 1.0, 0.0, 1.0, 0.0, 5.0, 0.0, 0.0, 1.0, 0.0, 11.0, 3.0, 3.0, 62896], [62897, 1.0, 1.0, 1.0, 33.0, 0.0, 0.0, 0.0, 1.0, 1.0, 1.0, 0.0, 1.0, 0.0, 3.0, 0.0, 0.0, 0.0, 0.0, 11.0, 5.0, 4.0, 62897], [62902, 0.0, 1.0, 1.0, 25.0, 1.0, 0.0, 0.0, 1.0, 0.0, 1.0, 0.0, 1.0, 1.0, 4.0, 10.0, 15.0, 1.0, 0.0, 11.0, 4.0, 3.0, 62902], [62905, 1.0, 1.0, 1.0, 40.0, 1.0, 0.0, 0.0, 1.0, 0.0, 1.0, 0.0, 1.0, 0.0, 3.0, 0.0, 0.0, 0.0, 0.0, 12.0, 5.0, 8.0, 62905], [62906, 1.0, 1.0, 1.0, 32.0, 0.0, 0.0, 0.0, 1.0, 0.0, 0.0, 0.0, 1.0, 0.0, 3.0, 0.0, 15.0, 0.0, 0.0, 10.0, 6.0, 7.0, 62906], [62907, 1.0, 1.0, 1.0, 27.0, 0.0, 1.0, 1.0, 1.0, 1.0, 1.0, 0.0, 1.0, 0.0, 2.0, 0.0, 0.0, 0.0, 0.0, 12.0, 4.0, 4.0, 62907], [62908, 1.0, 1.0, 1.0, 35.0, 0.0, 0.0, 0.0, 1.0, 0.0, 1.0, 0.0, 1.0, 0.0, 2.0, 0.0, 0.0, 1.0, 1.0, 12.0, 6.0, 6.0, 62908], [62909, 1.0, 1.0, 1.0, 24.0, 1.0, 1.0, 0.0, 1.0, 0.0, 1.0, 0.0, 1.0, 0.0, 3.0, 0.0, 0.0, 0.0, 1.0, 11.0, 6.0, 8.0, 62909], [62911, 1.0, 1.0, 1.0, 40.0, 1.0, 0.0, 1.0, 0.0, 1.0, 1.0, 0.0, 1.0, 1.0, 5.0, 3.0, 27.0, 1.0, 1.0, 11.0, 5.0, 3.0, 62911], [62913, 1.0, 1.0, 1.0, 42.0, 0.0, 0.0, 0.0, 0.0, 1.0, 0.0, 0.0, 1.0, 0.0, 3.0, 0.0, 0.0, 0.0, 0.0, 10.0, 5.0, 7.0, 62913]]}}","{""predictions"": [1.0, 1.0, 0.0, 1.0, 1.0, 1.0, 0.0, 0.0, 1.0, 1.0]}",1,"{""model_name"":""demo_faddadbfcefc_model_monitor.ws_3551974319838082.diabetes_mo"",""endpoint_name"":""anupriya-malik-databricks-com_ML_AS04_Demo_3b"",""model_version"":""1""}"
null,7e2e6e32-f1a9-4ce4-b8ae-a82b80e06f9d,2024-09-28,1727528589408,200,5,"{""dataframe_split"": {""index"": [25770, 25771, 25772, 25773, 25774, 25775, 25776, 25777, 25778, 25779], ""columns"": [""index"", ""HighBP"", ""HighChol"", ""CholCheck"", ""BMI"", ""Smoker"", ""Stroke"", ""HeartDiseaseorAttack"", ""PhysActivity"", ""Fruits"", ""Veggies"", ""HvyAlcoholConsump"", ""AnyHealthcare"", ""NoDocbcCost"", ""GenHlth"", ""MentHlth"", ""PhysHlth"", ""DiffWalk"", ""Sex"", ""Age"", ""Education"", ""Income"", ""id""], ""data"": [[62918, 1.0, 0.0, 1.0, 27.0, 0.0, 0.0, 1.0, 0.0, 1.0, 1.0, 0.0, 1.0, 0.0, 3.0, 30.0, 3.0, 0.0, 0.0, 13.0, 5.0, 8.0, 62918], [62919, 1.0, 1.0, 1.0, 37.0, 0.0, 0.0, 0.0, 1.0, 0.0, 1.0, 0.0, 1.0, 0.0, 3.0, 0.0, 0.0, 0.0, 0.0, 10.0, 6.0, 7.0, 62919], [62922, 1.0, 0.0, 1.0, 25.0, 0.0, 1.0, 1.0, 0.0, 0.0, 0.0, 0.0, 1.0, 0.0, 4.0, 2.0, 15.0, 1.0, 1.0, 13.0, 6.0, 8.0, 62922], [62924, 1.0, 1.0, 1.0, 31.0, 0.0, 0.0, 0.0, 0.0, 0.0, 1.0, 0.0, 1.0, 0.0, 3.0, 0.0, 0.0, 0.0, 0.0, 10.0, 5.0, 6.0, 62924], [62927, 0.0, 0.0, 1.0, 25.0, 0.0, 0.0, 0.0, 1.0, 1.0, 1.0, 0.0, 1.0, 0.0, 1.0, 0.0, 0.0, 0.0, 0.0, 10.0, 6.0, 8.0, 62927], [62932, 1.0, 0.0, 1.0, 26.0, 1.0, 0.0, 1.0, 0.0, 0.0, 0.0, 0.0, 1.0, 0.0, 4.0, 0.0, 0.0, 0.0, 0.0, 10.0, 4.0, 3.0, 62932], [62933, 1.0, 0.0, 1.0, 24.0, 1.0, 0.0, 0.0, 1.0, 1.0, 0.0, 0.0, 1.0, 0.0, 2.0, 0.0, 0.0, 0.0, 1.0, 13.0, 6.0, 6.0, 62933], [62934, 1.0, 0.0, 1.0, 22.0, 1.0, 0.0, 1.0, 1.0, 1.0, 1.0, 0.0, 1.0, 0.0, 3.0, 0.0, 0.0, 1.0, 1.0, 12.0, 5.0, 8.0, 62934], [62938, 1.0, 0.0, 1.0, 28.0, 1.0, 0.0, 0.0, 1.0, 1.0, 1.0, 0.0, 1.0, 0.0, 5.0, 10.0, 30.0, 1.0, 0.0, 10.0, 5.0, 2.0, 62938], [62944, 0.0, 1.0, 1.0, 33.0, 0.0, 0.0, 0.0, 0.0, 1.0, 1.0, 0.0, 1.0, 0.0, 3.0, 4.0, 14.0, 1.0, 0.0, 10.0, 5.0, 4.0, 62944]]}}","{""predictions"": [1.0, 1.0, 0.0, 1.0, 0.0, 1.0, 0.0, 1.0, 1.0, 0.0]}",1,"{""model_name"":""demo_faddadbfcefc_model_monitor.ws_3551974319838082.diabetes_mo"",""endpoint_name"":""anupriya-malik-databricks-com_ML_AS04_Demo_3b"",""model_version"":""1""}"
null,86b9e3cd-d563-4300-8544-76fe12a6aeb2,2024-09-28,1727528589442,200,6,"{""dataframe_split"": {""index"": [25780, 25781, 25782, 25783, 25784, 25785, 25786, 25787, 25788, 25789], ""columns"": [""index"", ""HighBP"", ""HighChol"", ""CholCheck"", ""BMI"", ""Smoker"", ""Stroke"", ""HeartDiseaseorAttack"", ""PhysActivity"", ""Fruits"", ""Veggies"", ""HvyAlcoholConsump"", ""AnyHealthcare"", ""NoDocbcCost"", ""GenHlth"", ""MentHlth"", ""PhysHlth"", ""DiffWalk"", ""Sex"", ""Age"", ""Education"", ""Income"", ""id""], ""data"": [[62945, 1.0, 0.0, 1.0, 28.0, 0.0, 0.0, 0.0, 1.0, 0.0, 1.0, 0.0, 1.0, 0.0, 1.0, 0.0, 0.0, 0.0, 1.0, 10.0, 6.0, 8.0, 62945], [62947, 1.0, 1.0, 1.0, 27.0, 1.0, 0.0, 1.0, 1.0, 1.0, 1.0, 0.0, 1.0, 0.0, 4.0, 7.0, 30.0, 0.0, 1.0, 12.0, 6.0, 8.0, 62947], [62948, 1.0, 1.0, 1.0, 33.0, 0.0, 0.0, 0.0, 0.0, 1.0, 1.0, 0.0, 1.0, 0.0, 3.0, 0.0, 30.0, 1.0, 0.0, 13.0, 6.0, 6.0, 62948], [62949, 1.0, 0.0, 1.0, 43.0, 1.0, 0.0, 0.0, 0.0, 0.0, 1.0, 0.0, 1.0, 0.0, 4.0, 2.0, 12.0, 1.0, 0.0, 12.0, 5.0, 4.0, 62949], [62950, 1.0, 1.0, 1.0, 26.0, 0.0, 0.0, 0.0, 0.0, 1.0, 0.0, 0.0, 1.0, 0.0, 3.0, 0.0, 0.0, 0.0, 0.0, 10.0, 5.0, 6.0, 62950], [62952, 1.0, 0.0, 1.0, 30.0, 0.0, 1.0, 0.0, 0.0, 0.0, 1.0, 0.0, 1.0, 0.0, 3.0, 15.0, 28.0, 1.0, 1.0, 10.0, 3.0, 2.0, 62952], [62956, 0.0, 1.0, 1.0, 25.0, 0.0, 1.0, 0.0, 0.0, 0.0, 0.0, 0.0, 1.0, 0.0, 3.0, 0.0, 0.0, 0.0, 1.0, 13.0, 3.0, 7.0, 62956], [62958, 0.0, 0.0, 1.0, 26.0, 1.0, 0.0, 1.0, 1.0, 1.0, 1.0, 0.0, 1.0, 0.0, 5.0, 1.0, 30.0, 0.0, 1.0, 10.0, 5.0, 2.0, 62958], [62961, 1.0, 1.0, 1.0, 31.0, 1.0, 0.0, 1.0, 1.0, 0.0, 0.0, 0.0, 1.0, 0.0, 3.0, 0.0, 0.0, 0.0, 0.0, 10.0, 3.0, 1.0, 62961], [62963, 1.0, 1.0, 1.0, 35.0, 1.0, 0.0, 0.0, 1.0, 1.0, 1.0, 0.0, 1.0, 0.0, 4.0, 0.0, 2.0, 0.0, 0.0, 10.0, 4.0, 5.0, 62963]]}}","{""predictions"": [0.0, 1.0, 0.0, 1.0, 1.0, 1.0, 0.0, 0.0, 1.0, 1.0]}",1,"{""model_name"":""demo_faddadbfcefc_model_monitor.ws_3551974319838082.diabetes_mo"",""endpoint_name"":""anupriya-malik-databricks-com_ML_AS04_Demo_3b"",""model_version"":""1""}"
null,e61f538c-202a-4c1d-a195-4fa473d95285,2024-09-28,1727528589507,200,5,"{""dataframe_split"": {""index"": [25800, 25801, 25802, 25803, 25804, 25805, 25806, 25807, 25808, 25809], ""columns"": [""index"", ""HighBP"", ""HighChol"", ""CholCheck"", ""BMI"", ""Smoker"", ""Stroke"", ""HeartDiseaseorAttack"", ""PhysActivity"", ""Fruits"", ""Veggies"", ""HvyAlcoholConsump"", ""AnyHealthcare"", ""NoDocbcCost"", ""GenHlth"", ""MentHlth"", ""PhysHlth"", ""DiffWalk"", ""Sex"", ""Age"", ""Education"", ""Income"", ""id""], ""data"": [[62978, 1.0, 1.0, 1.0, 26.0, 1.0, 0.0, 0.0, 0.0, 1.0, 1.0, 0.0, 1.0, 0.0, 3.0, 0.0, 0.0, 1.0, 0.0, 12.0, 2.0, 7.0, 62978], [62979, 1.0, 0.0, 1.0, 35.0, 1.0, 1.0, 0.0, 1.0, 1.0, 1.0, 0.0, 1.0, 0.0, 3.0, 0.0, 0.0, 0.0, 1.0, 13.0, 4.0, 4.0, 62979], [62980, 1.0, 0.0, 1.0, 30.0, 0.0, 0.0, 0.0, 1.0, 1.0, 1.0, 0.0, 1.0, 0.0, 2.0, 0.0, 1.0, 0.0, 0.0, 13.0, 6.0, 7.0, 62980], [62982, 0.0, 0.0, 1.0, 37.0, 1.0, 0.0, 0.0, 0.0, 0.0, 0.0, 0.0, 1.0, 0.0, 3.0, 0.0, 8.0, 0.0, 1.0, 11.0, 4.0, 7.0, 62982], [62983, 1.0, 1.0, 1.0, 38.0, 0.0, 0.0, 0.0, 0.0, 0.0, 1.0, 0.0, 1.0, 0.0, 4.0, 0.0, 30.0, 1.0, 1.0, 10.0, 4.0, 4.0, 62983], [62986, 0.0, 0.0, 1.0, 43.0, 0.0, 0.0, 0.0, 1.0, 1.0, 1.0, 0.0, 1.0, 0.0, 5.0, 7.0, 21.0, 1.0, 0.0, 10.0, 6.0, 8.0, 62986], [62987, 1.0, 1.0, 1.0, 30.0, 0.0, 0.0, 1.0, 0.0, 0.0, 0.0, 0.0, 1.0, 0.0, 3.0, 0.0, 0.0, 1.0, 1.0, 13.0, 5.0, 5.0, 62987], [62988, 0.0, 1.0, 1.0, 21.0, 0.0, 0.0, 1.0, 1.0, 1.0, 1.0, 0.0, 1.0, 0.0, 2.0, 2.0, 0.0, 1.0, 0.0, 13.0, 6.0, 7.0, 62988], [62989, 1.0, 1.0, 1.0, 27.0, 0.0, 0.0, 0.0, 1.0, 1.0, 1.0, 0.0, 1.0, 0.0, 3.0, 0.0, 0.0, 0.0, 0.0, 10.0, 6.0, 8.0, 62989], [62990, 1.0, 1.0, 1.0, 31.0, 1.0, 0.0, 0.0, 1.0, 1.0, 1.0, 0.0, 1.0, 0.0, 2.0, 0.0, 0.0, 0.0, 1.0, 12.0, 5.0, 5.0, 62990]]}}","{""predictions"": [1.0, 0.0, 0.0, 1.0, 1.0, 1.0, 0.0, 0.0, 1.0, 1.0]}",1,"{""model_name"":""demo_faddadbfcefc_model_monitor.ws_3551974319838082.diabetes_mo"",""endpoint_name"":""anupriya-malik-databricks-com_ML_AS04_Demo_3b"",""model_version"":""1""}"
null,87368727-5c57-428d-8701-6e220857289c,2024-09-28,1727528589716,200,5,"{""dataframe_split"": {""index"": [25870, 25871, 25872, 25873, 25874, 25875, 25876, 25877, 25878, 25879], ""columns"": [""index"", ""HighBP"", ""HighChol"", ""CholCheck"", ""BMI"", ""Smoker"", ""Stroke"", ""HeartDiseaseorAttack"", ""PhysActivity"", ""Fruits"", ""Veggies"", ""HvyAlcoholConsump"", ""AnyHealthcare"", ""NoDocbcCost"", ""GenHlth"", ""MentHlth"", ""PhysHlth"", ""DiffWalk"", ""Sex"", ""Age"", ""Education"", ""Income"", ""id""], ""data"": [[63116, 1.0, 1.0, 1.0, 34.0, 1.0, 0.0, 0.0, 0.0, 0.0, 0.0, 0.0, 1.0, 0.0, 5.0, 7.0, 15.0, 0.0, 1.0, 11.0, 6.0, 8.0, 63116], [63117, 0.0, 0.0, 1.0, 32.0, 0.0, 0.0, 0.0, 1.0, 1.0, 1.0, 0.0, 1.0, 0.0, 3.0, 0.0, 0.0, 0.0, 0.0, 12.0, 4.0, 4.0, 63117], [63118, 0.0, 0.0, 1.0, 29.0, 0.0, 0.0, 0.0, 0.0, 1.0, 1.0, 0.0, 0.0, 0.0, 4.0, 0.0, 0.0, 1.0, 1.0, 10.0, 5.0, 3.0, 63118], [63119, 0.0, 0.0, 1.0, 25.0, 0.0, 0.0, 0.0, 1.0, 1.0, 1.0, 0.0, 1.0, 0.0, 3.0, 0.0, 0.0, 0.0, 1.0, 12.0, 6.0, 6.0, 63119], [63120, 1.0, 0.0, 1.0, 26.0, 0.0, 0.0, 0.0, 0.0, 1.0, 1.0, 0.0, 1.0, 0.0, 4.0, 0.0, 2.0, 0.0, 0.0, 11.0, 4.0, 5.0, 63120], [63121, 1.0, 0.0, 1.0, 33.0, 0.0, 0.0, 0.0, 1.0, 1.0, 0.0, 0.0, 1.0, 0.0, 3.0, 30.0, 1.0, 1.0, 0.0, 10.0, 5.0, 7.0, 63121], [63124, 1.0, 1.0, 1.0, 27.0, 1.0, 0.0, 0.0, 1.0, 0.0, 1.0, 0.0, 1.0, 0.0, 1.0, 0.0, 0.0, 0.0, 0.0, 12.0, 5.0, 5.0, 63124], [63125, 0.0, 1.0, 1.0, 29.0, 1.0, 0.0, 0.0, 1.0, 1.0, 0.0, 0.0, 1.0, 0.0, 4.0, 0.0, 0.0, 0.0, 1.0, 11.0, 4.0, 4.0, 63125], [63126, 1.0, 1.0, 1.0, 43.0, 1.0, 0.0, 0.0, 1.0, 1.0, 1.0, 0.0, 1.0, 0.0, 2.0, 0.0, 0.0, 0.0, 0.0, 11.0, 5.0, 6.0, 63126], [63128, 1.0, 0.0, 1.0, 24.0, 1.0, 0.0, 0.0, 0.0, 1.0, 1.0, 0.0, 1.0, 0.0, 5.0, 0.0, 30.0, 0.0, 1.0, 10.0, 3.0, 5.0, 63128]]}}","{""predictions"": [1.0, 0.0, 0.0, 1.0, 0.0, 1.0, 0.0, 1.0, 1.0, 0.0]}",1,"{""model_name"":""demo_faddadbfcefc_model_monitor.ws_3551974319838082.diabetes_mo"",""endpoint_name"":""anupriya-malik-databricks-com_ML_AS04_Demo_3b"",""model_version"":""1""}"
null,febdfb13-885d-4514-8261-c0cf1b60e33c,2024-09-28,1727528589809,200,5,"{""dataframe_split"": {""index"": [25900, 25901, 25902, 25903, 25904, 25905, 25906, 25907, 25908, 25909], ""columns"": [""index"", ""HighBP"", ""HighChol"", ""CholCheck"", ""BMI"", ""Smoker"", ""Stroke"", ""HeartDiseaseorAttack"", ""PhysActivity"", ""Fruits"", ""Veggies"", ""HvyAlcoholConsump"", ""AnyHealthcare"", ""NoDocbcCost"", ""GenHlth"", ""MentHlth"", ""PhysHlth"", ""DiffWalk"", ""Sex"", ""Age"", ""Education"", ""Income"", ""id""], ""data"": [[63171, 1.0, 0.0, 1.0, 27.0, 1.0, 0.0, 1.0, 0.0, 1.0, 1.0, 0.0, 1.0, 0.0, 4.0, 0.0, 0.0, 0.0, 1.0, 12.0, 6.0, 5.0, 63171], [63172, 1.0, 1.0, 1.0, 28.0, 1.0, 0.0, 0.0, 1.0, 1.0, 1.0, 0.0, 1.0, 0.0, 2.0, 0.0, 0.0, 0.0, 1.0, 10.0, 5.0, 6.0, 63172], [63174, 1.0, 0.0, 1.0, 29.0, 0.0, 0.0, 1.0, 1.0, 1.0, 0.0, 0.0, 1.0, 0.0, 3.0, 0.0, 0.0, 0.0, 0.0, 13.0, 5.0, 5.0, 63174], [63175, 0.0, 0.0, 1.0, 23.0, 1.0, 0.0, 0.0, 1.0, 1.0, 1.0, 0.0, 1.0, 0.0, 1.0, 2.0, 0.0, 1.0, 1.0, 10.0, 6.0, 8.0, 63175], [63177, 0.0, 0.0, 1.0, 26.0, 0.0, 0.0, 0.0, 1.0, 1.0, 1.0, 0.0, 1.0, 0.0, 3.0, 0.0, 0.0, 0.0, 1.0, 11.0, 4.0, 8.0, 63177], [63178, 1.0, 1.0, 1.0, 28.0, 0.0, 0.0, 0.0, 1.0, 1.0, 1.0, 0.0, 1.0, 0.0, 3.0, 0.0, 0.0, 1.0, 1.0, 12.0, 6.0, 5.0, 63178], [63179, 1.0, 1.0, 1.0, 28.0, 1.0, 0.0, 0.0, 1.0, 1.0, 1.0, 0.0, 1.0, 0.0, 2.0, 2.0, 0.0, 0.0, 1.0, 10.0, 6.0, 7.0, 63179], [63180, 1.0, 0.0, 1.0, 27.0, 1.0, 0.0, 0.0, 1.0, 1.0, 1.0, 0.0, 1.0, 0.0, 2.0, 0.0, 0.0, 0.0, 1.0, 12.0, 6.0, 6.0, 63180], [63181, 1.0, 1.0, 1.0, 35.0, 0.0, 0.0, 1.0, 0.0, 1.0, 1.0, 0.0, 1.0, 0.0, 4.0, 0.0, 0.0, 0.0, 1.0, 13.0, 5.0, 8.0, 63181], [63182, 1.0, 0.0, 1.0, 30.0, 1.0, 0.0, 0.0, 0.0, 0.0, 0.0, 0.0, 1.0, 0.0, 4.0, 0.0, 0.0, 1.0, 0.0, 12.0, 3.0, 1.0, 63182]]}}","{""predictions"": [0.0, 1.0, 1.0, 0.0, 1.0, 1.0, 1.0, 1.0, 1.0, 0.0]}",1,"{""model_name"":""demo_faddadbfcefc_model_monitor.ws_3551974319838082.diabetes_mo"",""endpoint_name"":""anupriya-malik-databricks-com_ML_AS04_Demo_3b"",""model_version"":""1""}"
null,d3e699c5-b635-48d1-a6cc-a393eec1ee3e,2024-09-28,1727528589839,200,5,"{""dataframe_split"": {""index"": [25910, 25911, 25912, 25913, 25914, 25915, 25916, 25917, 25918, 25919], ""columns"": [""index"", ""HighBP"", ""HighChol"", ""CholCheck"", ""BMI"", ""Smoker"", ""Stroke"", ""HeartDiseaseorAttack"", ""PhysActivity"", ""Fruits"", ""Veggies"", ""HvyAlcoholConsump"", ""AnyHealthcare"", ""NoDocbcCost"", ""GenHlth"", ""MentHlth"", ""PhysHlth"", ""DiffWalk"", ""Sex"", ""Age"", ""Education"", ""Income"", ""id""], ""data"": [[63183, 0.0, 1.0, 1.0, 33.0, 0.0, 0.0, 0.0, 1.0, 0.0, 0.0, 0.0, 1.0, 0.0, 2.0, 0.0, 30.0, 0.0, 0.0, 10.0, 6.0, 7.0, 63183], [63187, 0.0, 0.0, 1.0, 26.0, 0.0, 0.0, 0.0, 1.0, 1.0, 0.0, 0.0, 1.0, 0.0, 5.0, 15.0, 15.0, 0.0, 1.0, 12.0, 5.0, 5.0, 63187], [63188, 1.0, 0.0, 1.0, 22.0, 1.0, 0.0, 1.0, 1.0, 1.0, 1.0, 0.0, 1.0, 0.0, 3.0, 0.0, 0.0, 0.0, 1.0, 13.0, 4.0, 6.0, 63188], [63189, 0.0, 1.0, 1.0, 26.0, 1.0, 0.0, 0.0, 1.0, 1.0, 1.0, 0.0, 1.0, 0.0, 3.0, 0.0, 30.0, 0.0, 0.0, 11.0, 4.0, 3.0, 63189], [63190, 0.0, 0.0, 1.0, 31.0, 0.0, 0.0, 0.0, 1.0, 0.0, 1.0, 0.0, 1.0, 0.0, 2.0, 0.0, 0.0, 0.0, 0.0, 10.0, 5.0, 8.0, 63190], [63192, 1.0, 1.0, 1.0, 38.0, 1.0, 0.0, 0.0, 0.0, 1.0, 0.0, 0.0, 1.0, 0.0, 4.0, 0.0, 30.0, 0.0, 0.0, 13.0, 5.0, 5.0, 63192], [63193, 1.0, 1.0, 1.0, 46.0, 0.0, 0.0, 1.0, 1.0, 1.0, 1.0, 0.0, 1.0, 0.0, 4.0, 0.0, 5.0, 0.0, 1.0, 10.0, 5.0, 7.0, 63193], [63195, 1.0, 1.0, 1.0, 46.0, 1.0, 0.0, 0.0, 1.0, 1.0, 1.0, 0.0, 1.0, 0.0, 3.0, 0.0, 10.0, 1.0, 0.0, 10.0, 5.0, 5.0, 63195], [63197, 0.0, 1.0, 1.0, 27.0, 0.0, 0.0, 0.0, 0.0, 1.0, 0.0, 0.0, 1.0, 0.0, 3.0, 10.0, 0.0, 0.0, 1.0, 10.0, 6.0, 6.0, 63197], [63198, 1.0, 1.0, 1.0, 30.0, 0.0, 0.0, 0.0, 0.0, 1.0, 1.0, 0.0, 1.0, 0.0, 3.0, 0.0, 3.0, 1.0, 0.0, 11.0, 4.0, 4.0, 63198]]}}","{""predictions"": [1.0, 0.0, 1.0, 1.0, 0.0, 1.0, 1.0, 1.0, 0.0, 1.0]}",1,"{""model_name"":""demo_faddadbfcefc_model_monitor.ws_3551974319838082.diabetes_mo"",""endpoint_name"":""anupriya-malik-databricks-com_ML_AS04_Demo_3b"",""model_version"":""1""}"
null,98713858-35e2-489f-8b49-5fafdd943d59,2024-09-28,1727528590021,200,5,"{""dataframe_split"": {""index"": [25970, 25971, 25972, 25973, 25974, 25975, 25976, 25977, 25978, 25979], ""columns"": [""index"", ""HighBP"", ""HighChol"", ""CholCheck"", ""BMI"", ""Smoker"", ""Stroke"", ""HeartDiseaseorAttack"", ""PhysActivity"", ""Fruits"", ""Veggies"", ""HvyAlcoholConsump"", ""AnyHealthcare"", ""NoDocbcCost"", ""GenHlth"", ""MentHlth"", ""PhysHlth"", ""DiffWalk"", ""Sex"", ""Age"", ""Education"", ""Income"", ""id""], ""data"": [[63284, 0.0, 1.0, 1.0, 27.0, 0.0, 0.0, 0.0, 1.0, 1.0, 1.0, 0.0, 1.0, 0.0, 3.0, 0.0, 0.0, 0.0, 0.0, 12.0, 4.0, 6.0, 63284], [63289, 1.0, 1.0, 1.0, 31.0, 1.0, 0.0, 1.0, 0.0, 1.0, 0.0, 0.0, 1.0, 0.0, 4.0, 0.0, 0.0, 1.0, 1.0, 13.0, 4.0, 3.0, 63289], [63291, 0.0, 1.0, 1.0, 38.0, 1.0, 0.0, 0.0, 0.0, 0.0, 1.0, 1.0, 1.0, 0.0, 3.0, 10.0, 0.0, 1.0, 1.0, 10.0, 5.0, 6.0, 63291], [63292, 1.0, 0.0, 1.0, 29.0, 0.0, 0.0, 1.0, 0.0, 1.0, 1.0, 0.0, 1.0, 0.0, 3.0, 10.0, 0.0, 0.0, 0.0, 12.0, 4.0, 7.0, 63292], [63294, 1.0, 0.0, 1.0, 26.0, 1.0, 0.0, 1.0, 1.0, 0.0, 1.0, 0.0, 1.0, 0.0, 3.0, 0.0, 0.0, 0.0, 1.0, 13.0, 6.0, 7.0, 63294], [63295, 1.0, 1.0, 1.0, 28.0, 0.0, 0.0, 0.0, 1.0, 1.0, 1.0, 0.0, 1.0, 0.0, 3.0, 30.0, 15.0, 1.0, 0.0, 12.0, 6.0, 3.0, 63295], [63299, 1.0, 1.0, 1.0, 48.0, 0.0, 0.0, 1.0, 0.0, 0.0, 1.0, 0.0, 1.0, 0.0, 3.0, 15.0, 30.0, 1.0, 0.0, 11.0, 6.0, 5.0, 63299], [63302, 1.0, 0.0, 1.0, 36.0, 1.0, 0.0, 1.0, 1.0, 1.0, 1.0, 1.0, 1.0, 0.0, 1.0, 0.0, 0.0, 1.0, 1.0, 11.0, 4.0, 2.0, 63302], [63305, 1.0, 1.0, 1.0, 23.0, 0.0, 0.0, 0.0, 0.0, 1.0, 0.0, 0.0, 1.0, 0.0, 2.0, 0.0, 0.0, 0.0, 1.0, 11.0, 4.0, 7.0, 63305], [63308, 1.0, 1.0, 1.0, 41.0, 1.0, 0.0, 1.0, 0.0, 0.0, 1.0, 0.0, 1.0, 0.0, 2.0, 3.0, 0.0, 1.0, 0.0, 11.0, 5.0, 6.0, 63308]]}}","{""predictions"": [0.0, 1.0, 1.0, 0.0, 1.0, 1.0, 1.0, 1.0, 1.0, 1.0]}",1,"{""model_name"":""demo_faddadbfcefc_model_monitor.ws_3551974319838082.diabetes_mo"",""endpoint_name"":""anupriya-malik-databricks-com_ML_AS04_Demo_3b"",""model_version"":""1""}"
null,7a4cec50-1862-4226-8f4c-9ca0e54b4332,2024-09-28,1727528590054,200,5,"{""dataframe_split"": {""index"": [25980, 25981, 25982, 25983, 25984, 25985, 25986, 25987, 25988, 25989], ""columns"": [""index"", ""HighBP"", ""HighChol"", ""CholCheck"", ""BMI"", ""Smoker"", ""Stroke"", ""HeartDiseaseorAttack"", ""PhysActivity"", ""Fruits"", ""Veggies"", ""HvyAlcoholConsump"", ""AnyHealthcare"", ""NoDocbcCost"", ""GenHlth"", ""MentHlth"", ""PhysHlth"", ""DiffWalk"", ""Sex"", ""Age"", ""Education"", ""Income"", ""id""], ""data"": [[63309, 0.0, 0.0, 1.0, 27.0, 1.0, 1.0, 0.0, 0.0, 1.0, 1.0, 0.0, 1.0, 0.0, 4.0, 0.0, 15.0, 0.0, 0.0, 10.0, 6.0, 8.0, 63309], [63316, 1.0, 0.0, 1.0, 21.0, 1.0, 0.0, 0.0, 1.0, 0.0, 1.0, 0.0, 0.0, 0.0, 2.0, 4.0, 2.0, 0.0, 1.0, 12.0, 5.0, 4.0, 63316], [63319, 0.0, 1.0, 1.0, 34.0, 1.0, 0.0, 0.0, 1.0, 1.0, 0.0, 0.0, 1.0, 0.0, 3.0, 0.0, 3.0, 0.0, 0.0, 10.0, 6.0, 6.0, 63319], [63321, 0.0, 0.0, 1.0, 35.0, 1.0, 0.0, 0.0, 0.0, 0.0, 0.0, 0.0, 1.0, 0.0, 3.0, 0.0, 2.0, 1.0, 1.0, 12.0, 4.0, 8.0, 63321], [63323, 1.0, 0.0, 1.0, 32.0, 1.0, 0.0, 0.0, 1.0, 1.0, 0.0, 0.0, 1.0, 0.0, 2.0, 0.0, 0.0, 0.0, 0.0, 10.0, 6.0, 7.0, 63323], [63324, 1.0, 1.0, 1.0, 37.0, 1.0, 0.0, 0.0, 1.0, 0.0, 0.0, 0.0, 1.0, 0.0, 3.0, 5.0, 0.0, 0.0, 1.0, 13.0, 4.0, 5.0, 63324], [63326, 0.0, 1.0, 1.0, 24.0, 1.0, 0.0, 1.0, 1.0, 1.0, 1.0, 0.0, 1.0, 0.0, 3.0, 0.0, 0.0, 0.0, 1.0, 12.0, 4.0, 8.0, 63326], [63327, 1.0, 1.0, 1.0, 28.0, 1.0, 0.0, 0.0, 1.0, 1.0, 1.0, 0.0, 1.0, 0.0, 3.0, 0.0, 0.0, 0.0, 1.0, 11.0, 5.0, 7.0, 63327], [63328, 1.0, 0.0, 1.0, 43.0, 1.0, 0.0, 0.0, 0.0, 1.0, 0.0, 0.0, 1.0, 0.0, 3.0, 0.0, 0.0, 1.0, 1.0, 10.0, 4.0, 7.0, 63328], [63330, 1.0, 1.0, 1.0, 27.0, 1.0, 0.0, 0.0, 1.0, 0.0, 1.0, 1.0, 1.0, 0.0, 2.0, 0.0, 0.0, 0.0, 1.0, 10.0, 4.0, 6.0, 63330]]}}","{""predictions"": [1.0, 0.0, 1.0, 1.0, 0.0, 1.0, 0.0, 1.0, 0.0, 0.0]}",1,"{""model_name"":""demo_faddadbfcefc_model_monitor.ws_3551974319838082.diabetes_mo"",""endpoint_name"":""anupriya-malik-databricks-com_ML_AS04_Demo_3b"",""model_version"":""1""}"
null,f2b9e851-0d52-44aa-a5b5-6b8e4885e691,2024-09-28,1727528590085,200,5,"{""dataframe_split"": {""index"": [25990, 25991, 25992, 25993, 25994, 25995, 25996, 25997, 25998, 25999], ""columns"": [""index"", ""HighBP"", ""HighChol"", ""CholCheck"", ""BMI"", ""Smoker"", ""Stroke"", ""HeartDiseaseorAttack"", ""PhysActivity"", ""Fruits"", ""Veggies"", ""HvyAlcoholConsump"", ""AnyHealthcare"", ""NoDocbcCost"", ""GenHlth"", ""MentHlth"", ""PhysHlth"", ""DiffWalk"", ""Sex"", ""Age"", ""Education"", ""Income"", ""id""], ""data"": [[63332, 1.0, 1.0, 1.0, 33.0, 0.0, 1.0, 0.0, 1.0, 1.0, 1.0, 0.0, 1.0, 0.0, 3.0, 0.0, 3.0, 0.0, 1.0, 10.0, 6.0, 5.0, 63332], [63341, 0.0, 1.0, 1.0, 34.0, 1.0, 0.0, 1.0, 0.0, 0.0, 0.0, 0.0, 1.0, 0.0, 3.0, 0.0, 3.0, 1.0, 0.0, 10.0, 5.0, 8.0, 63341], [63342, 1.0, 0.0, 1.0, 27.0, 1.0, 0.0, 0.0, 0.0, 0.0, 0.0, 0.0, 1.0, 0.0, 2.0, 8.0, 0.0, 0.0, 1.0, 11.0, 4.0, 7.0, 63342], [63344, 1.0, 0.0, 1.0, 40.0, 1.0, 0.0, 0.0, 1.0, 1.0, 1.0, 0.0, 1.0, 0.0, 3.0, 0.0, 3.0, 0.0, 1.0, 11.0, 6.0, 8.0, 63344], [63347, 1.0, 1.0, 1.0, 30.0, 1.0, 0.0, 0.0, 0.0, 0.0, 1.0, 0.0, 1.0, 0.0, 3.0, 0.0, 0.0, 0.0, 1.0, 10.0, 4.0, 8.0, 63347], [63348, 1.0, 1.0, 1.0, 27.0, 0.0, 0.0, 0.0, 1.0, 1.0, 1.0, 0.0, 1.0, 0.0, 2.0, 0.0, 0.0, 0.0, 0.0, 12.0, 4.0, 2.0, 63348], [63350, 1.0, 0.0, 1.0, 33.0, 1.0, 0.0, 0.0, 1.0, 1.0, 1.0, 0.0, 1.0, 0.0, 2.0, 0.0, 2.0, 0.0, 0.0, 11.0, 5.0, 8.0, 63350], [63352, 1.0, 0.0, 1.0, 32.0, 1.0, 0.0, 0.0, 1.0, 1.0, 1.0, 0.0, 1.0, 0.0, 4.0, 0.0, 30.0, 0.0, 1.0, 11.0, 4.0, 4.0, 63352], [63358, 1.0, 0.0, 1.0, 34.0, 1.0, 0.0, 0.0, 0.0, 1.0, 1.0, 0.0, 1.0, 0.0, 4.0, 0.0, 0.0, 0.0, 0.0, 10.0, 4.0, 3.0, 63358], [63359, 1.0, 1.0, 1.0, 39.0, 1.0, 0.0, 0.0, 1.0, 0.0, 1.0, 0.0, 1.0, 0.0, 1.0, 0.0, 0.0, 0.0, 1.0, 10.0, 4.0, 3.0, 63359]]}}","{""predictions"": [1.0, 1.0, 1.0, 1.0, 0.0, 1.0, 0.0, 1.0, 0.0, 1.0]}",1,"{""model_name"":""demo_faddadbfcefc_model_monitor.ws_3551974319838082.diabetes_mo"",""endpoint_name"":""anupriya-malik-databricks-com_ML_AS04_Demo_3b"",""model_version"":""1""}"
null,cf5bcace-e184-4925-840e-d74ca66f7b7e,2024-09-28,1727528590241,200,5,"{""dataframe_split"": {""index"": [26040, 26041, 26042, 26043, 26044, 26045, 26046, 26047, 26048, 26049], ""columns"": [""index"", ""HighBP"", ""HighChol"", ""CholCheck"", ""BMI"", ""Smoker"", ""Stroke"", ""HeartDiseaseorAttack"", ""PhysActivity"", ""Fruits"", ""Veggies"", ""HvyAlcoholConsump"", ""AnyHealthcare"", ""NoDocbcCost"", ""GenHlth"", ""MentHlth"", ""PhysHlth"", ""DiffWalk"", ""Sex"", ""Age"", ""Education"", ""Income"", ""id""], ""data"": [[63472, 1.0, 1.0, 1.0, 37.0, 1.0, 0.0, 1.0, 0.0, 0.0, 0.0, 0.0, 1.0, 0.0, 3.0, 0.0, 0.0, 1.0, 1.0, 10.0, 5.0, 4.0, 63472], [63473, 1.0, 0.0, 1.0, 23.0, 1.0, 0.0, 0.0, 1.0, 1.0, 1.0, 0.0, 1.0, 0.0, 2.0, 0.0, 0.0, 0.0, 0.0, 11.0, 6.0, 5.0, 63473], [63474, 1.0, 1.0, 1.0, 34.0, 0.0, 0.0, 1.0, 0.0, 0.0, 0.0, 0.0, 1.0, 0.0, 4.0, 30.0, 5.0, 1.0, 1.0, 10.0, 4.0, 6.0, 63474], [63476, 1.0, 1.0, 1.0, 30.0, 0.0, 0.0, 0.0, 1.0, 1.0, 1.0, 0.0, 1.0, 0.0, 3.0, 0.0, 0.0, 0.0, 1.0, 11.0, 6.0, 3.0, 63476], [63477, 0.0, 0.0, 1.0, 32.0, 1.0, 0.0, 1.0, 1.0, 1.0, 0.0, 0.0, 1.0, 0.0, 4.0, 4.0, 3.0, 1.0, 1.0, 12.0, 6.0, 8.0, 63477], [63478, 1.0, 0.0, 1.0, 33.0, 1.0, 0.0, 1.0, 1.0, 0.0, 1.0, 0.0, 1.0, 0.0, 1.0, 0.0, 0.0, 0.0, 1.0, 12.0, 6.0, 8.0, 63478], [63481, 1.0, 1.0, 1.0, 36.0, 1.0, 1.0, 0.0, 0.0, 1.0, 1.0, 0.0, 1.0, 0.0, 4.0, 0.0, 4.0, 1.0, 1.0, 10.0, 5.0, 3.0, 63481], [63482, 1.0, 1.0, 1.0, 45.0, 1.0, 0.0, 0.0, 1.0, 0.0, 1.0, 0.0, 0.0, 0.0, 3.0, 0.0, 0.0, 1.0, 0.0, 10.0, 5.0, 3.0, 63482], [63484, 0.0, 1.0, 1.0, 28.0, 1.0, 0.0, 1.0, 1.0, 1.0, 0.0, 0.0, 1.0, 0.0, 3.0, 0.0, 0.0, 0.0, 1.0, 11.0, 4.0, 5.0, 63484], [63485, 1.0, 0.0, 1.0, 34.0, 1.0, 0.0, 0.0, 1.0, 1.0, 1.0, 0.0, 1.0, 0.0, 3.0, 0.0, 0.0, 1.0, 1.0, 12.0, 6.0, 7.0, 63485]]}}","{""predictions"": [1.0, 0.0, 1.0, 1.0, 1.0, 0.0, 1.0, 1.0, 1.0, 1.0]}",1,"{""model_name"":""demo_faddadbfcefc_model_monitor.ws_3551974319838082.diabetes_mo"",""endpoint_name"":""anupriya-malik-databricks-com_ML_AS04_Demo_3b"",""model_version"":""1""}"
null,9ff698cc-d408-431f-a900-aac59ecc6ae6,2024-09-28,1727528590271,200,5,"{""dataframe_split"": {""index"": [26050, 26051, 26052, 26053, 26054, 26055, 26056, 26057, 26058, 26059], ""columns"": [""index"", ""HighBP"", ""HighChol"", ""CholCheck"", ""BMI"", ""Smoker"", ""Stroke"", ""HeartDiseaseorAttack"", ""PhysActivity"", ""Fruits"", ""Veggies"", ""HvyAlcoholConsump"", ""AnyHealthcare"", ""NoDocbcCost"", ""GenHlth"", ""MentHlth"", ""PhysHlth"", ""DiffWalk"", ""Sex"", ""Age"", ""Education"", ""Income"", ""id""], ""data"": [[63486, 0.0, 1.0, 1.0, 33.0, 1.0, 0.0, 0.0, 1.0, 1.0, 1.0, 0.0, 1.0, 0.0, 3.0, 10.0, 0.0, 0.0, 1.0, 11.0, 6.0, 8.0, 63486], [63489, 1.0, 1.0, 1.0, 29.0, 0.0, 0.0, 1.0, 1.0, 0.0, 1.0, 0.0, 1.0, 0.0, 3.0, 0.0, 0.0, 0.0, 1.0, 12.0, 4.0, 6.0, 63489], [63490, 1.0, 1.0, 1.0, 30.0, 0.0, 0.0, 0.0, 1.0, 1.0, 1.0, 0.0, 1.0, 0.0, 2.0, 0.0, 0.0, 0.0, 0.0, 10.0, 5.0, 5.0, 63490], [63493, 1.0, 1.0, 1.0, 33.0, 1.0, 0.0, 0.0, 0.0, 1.0, 1.0, 0.0, 1.0, 0.0, 2.0, 0.0, 0.0, 0.0, 0.0, 10.0, 6.0, 7.0, 63493], [63495, 0.0, 0.0, 1.0, 30.0, 1.0, 0.0, 0.0, 1.0, 1.0, 1.0, 0.0, 1.0, 0.0, 4.0, 0.0, 0.0, 1.0, 1.0, 11.0, 4.0, 7.0, 63495], [63497, 0.0, 0.0, 1.0, 36.0, 1.0, 0.0, 0.0, 1.0, 1.0, 1.0, 0.0, 1.0, 0.0, 3.0, 0.0, 0.0, 0.0, 1.0, 13.0, 4.0, 3.0, 63497], [63499, 1.0, 1.0, 1.0, 28.0, 0.0, 0.0, 1.0, 0.0, 0.0, 1.0, 0.0, 1.0, 0.0, 4.0, 5.0, 0.0, 0.0, 0.0, 12.0, 4.0, 7.0, 63499], [63504, 0.0, 1.0, 1.0, 34.0, 1.0, 0.0, 1.0, 1.0, 0.0, 0.0, 0.0, 1.0, 0.0, 5.0, 30.0, 30.0, 1.0, 0.0, 10.0, 3.0, 6.0, 63504], [63506, 1.0, 1.0, 1.0, 25.0, 1.0, 0.0, 0.0, 1.0, 0.0, 1.0, 0.0, 1.0, 0.0, 2.0, 30.0, 0.0, 0.0, 1.0, 10.0, 4.0, 4.0, 63506], [63510, 1.0, 1.0, 1.0, 24.0, 0.0, 0.0, 0.0, 1.0, 0.0, 1.0, 0.0, 1.0, 0.0, 3.0, 0.0, 0.0, 0.0, 1.0, 10.0, 6.0, 7.0, 63510]]}}","{""predictions"": [1.0, 0.0, 1.0, 0.0, 1.0, 1.0, 0.0, 0.0, 0.0, 1.0]}",1,"{""model_name"":""demo_faddadbfcefc_model_monitor.ws_3551974319838082.diabetes_mo"",""endpoint_name"":""anupriya-malik-databricks-com_ML_AS04_Demo_3b"",""model_version"":""1""}"
null,dfec623b-5f8c-4542-ae3f-dedd7c283152,2024-09-28,1727528590302,200,5,"{""dataframe_split"": {""index"": [26060, 26061, 26062, 26063, 26064, 26065, 26066, 26067, 26068, 26069], ""columns"": [""index"", ""HighBP"", ""HighChol"", ""CholCheck"", ""BMI"", ""Smoker"", ""Stroke"", ""HeartDiseaseorAttack"", ""PhysActivity"", ""Fruits"", ""Veggies"", ""HvyAlcoholConsump"", ""AnyHealthcare"", ""NoDocbcCost"", ""GenHlth"", ""MentHlth"", ""PhysHlth"", ""DiffWalk"", ""Sex"", ""Age"", ""Education"", ""Income"", ""id""], ""data"": [[63512, 0.0, 1.0, 1.0, 29.0, 0.0, 0.0, 0.0, 1.0, 1.0, 1.0, 0.0, 1.0, 0.0, 3.0, 0.0, 0.0, 0.0, 1.0, 10.0, 6.0, 8.0, 63512], [63513, 1.0, 1.0, 1.0, 30.0, 1.0, 0.0, 0.0, 1.0, 1.0, 1.0, 0.0, 1.0, 0.0, 3.0, 0.0, 0.0, 1.0, 1.0, 13.0, 4.0, 5.0, 63513], [63514, 1.0, 0.0, 1.0, 26.0, 1.0, 0.0, 1.0, 0.0, 1.0, 1.0, 0.0, 1.0, 0.0, 3.0, 5.0, 0.0, 0.0, 0.0, 13.0, 5.0, 4.0, 63514], [63516, 1.0, 1.0, 1.0, 26.0, 0.0, 0.0, 1.0, 0.0, 1.0, 1.0, 0.0, 1.0, 0.0, 3.0, 1.0, 2.0, 0.0, 0.0, 13.0, 6.0, 4.0, 63516], [63517, 1.0, 0.0, 1.0, 33.0, 0.0, 1.0, 0.0, 1.0, 1.0, 1.0, 0.0, 1.0, 0.0, 2.0, 0.0, 0.0, 0.0, 1.0, 10.0, 5.0, 6.0, 63517], [63518, 1.0, 1.0, 1.0, 36.0, 0.0, 0.0, 0.0, 0.0, 0.0, 0.0, 0.0, 1.0, 0.0, 5.0, 0.0, 30.0, 0.0, 0.0, 10.0, 4.0, 4.0, 63518], [63519, 0.0, 1.0, 1.0, 31.0, 0.0, 0.0, 1.0, 1.0, 1.0, 1.0, 0.0, 1.0, 0.0, 4.0, 5.0, 30.0, 1.0, 0.0, 13.0, 5.0, 7.0, 63519], [63521, 1.0, 1.0, 1.0, 26.0, 1.0, 0.0, 0.0, 0.0, 1.0, 1.0, 0.0, 1.0, 0.0, 3.0, 0.0, 0.0, 0.0, 1.0, 10.0, 4.0, 3.0, 63521], [63522, 1.0, 1.0, 1.0, 31.0, 1.0, 0.0, 0.0, 0.0, 0.0, 0.0, 0.0, 1.0, 0.0, 5.0, 20.0, 30.0, 1.0, 1.0, 10.0, 3.0, 4.0, 63522], [63524, 1.0, 0.0, 1.0, 27.0, 1.0, 0.0, 1.0, 0.0, 1.0, 1.0, 0.0, 1.0, 0.0, 5.0, 0.0, 30.0, 1.0, 0.0, 11.0, 6.0, 4.0, 63524]]}}","{""predictions"": [0.0, 1.0, 1.0, 1.0, 1.0, 1.0, 1.0, 1.0, 1.0, 1.0]}",1,"{""model_name"":""demo_faddadbfcefc_model_monitor.ws_3551974319838082.diabetes_mo"",""endpoint_name"":""anupriya-malik-databricks-com_ML_AS04_Demo_3b"",""model_version"":""1""}"
null,4132be91-24ff-4d41-b601-d075cf2a9142,2024-09-28,1727528590331,200,5,"{""dataframe_split"": {""index"": [26070, 26071, 26072, 26073, 26074, 26075, 26076, 26077, 26078, 26079], ""columns"": [""index"", ""HighBP"", ""HighChol"", ""CholCheck"", ""BMI"", ""Smoker"", ""Stroke"", ""HeartDiseaseorAttack"", ""PhysActivity"", ""Fruits"", ""Veggies"", ""HvyAlcoholConsump"", ""AnyHealthcare"", ""NoDocbcCost"", ""GenHlth"", ""MentHlth"", ""PhysHlth"", ""DiffWalk"", ""Sex"", ""Age"", ""Education"", ""Income"", ""id""], ""data"": [[63525, 0.0, 0.0, 1.0, 22.0, 0.0, 0.0, 0.0, 1.0, 1.0, 1.0, 0.0, 1.0, 0.0, 2.0, 0.0, 0.0, 0.0, 1.0, 11.0, 2.0, 2.0, 63525], [63527, 1.0, 0.0, 1.0, 57.0, 0.0, 0.0, 1.0, 0.0, 1.0, 1.0, 0.0, 1.0, 0.0, 5.0, 0.0, 30.0, 1.0, 1.0, 10.0, 5.0, 2.0, 63527], [63528, 1.0, 1.0, 1.0, 16.0, 1.0, 0.0, 1.0, 0.0, 1.0, 1.0, 0.0, 1.0, 0.0, 5.0, 30.0, 30.0, 1.0, 0.0, 10.0, 5.0, 6.0, 63528], [63530, 1.0, 0.0, 1.0, 29.0, 1.0, 0.0, 0.0, 1.0, 1.0, 1.0, 0.0, 1.0, 0.0, 5.0, 3.0, 30.0, 1.0, 0.0, 13.0, 2.0, 3.0, 63530], [63535, 1.0, 1.0, 1.0, 29.0, 1.0, 1.0, 1.0, 0.0, 1.0, 1.0, 0.0, 1.0, 0.0, 3.0, 0.0, 14.0, 1.0, 1.0, 13.0, 5.0, 5.0, 63535], [63536, 1.0, 1.0, 1.0, 31.0, 1.0, 0.0, 0.0, 0.0, 0.0, 1.0, 0.0, 1.0, 0.0, 3.0, 20.0, 0.0, 0.0, 0.0, 10.0, 5.0, 5.0, 63536], [63539, 1.0, 1.0, 1.0, 28.0, 1.0, 0.0, 0.0, 1.0, 0.0, 0.0, 0.0, 1.0, 0.0, 2.0, 2.0, 1.0, 0.0, 0.0, 10.0, 5.0, 4.0, 63539], [63540, 1.0, 1.0, 1.0, 29.0, 1.0, 1.0, 1.0, 0.0, 0.0, 0.0, 0.0, 1.0, 1.0, 5.0, 10.0, 30.0, 1.0, 0.0, 12.0, 2.0, 3.0, 63540], [63541, 1.0, 0.0, 1.0, 26.0, 1.0, 0.0, 0.0, 0.0, 1.0, 1.0, 0.0, 1.0, 0.0, 3.0, 10.0, 5.0, 1.0, 0.0, 10.0, 5.0, 7.0, 63541], [63542, 1.0, 1.0, 1.0, 36.0, 0.0, 0.0, 0.0, 1.0, 0.0, 1.0, 1.0, 1.0, 0.0, 3.0, 0.0, 0.0, 0.0, 1.0, 10.0, 4.0, 8.0, 63542]]}}","{""predictions"": [0.0, 1.0, 0.0, 1.0, 1.0, 0.0, 1.0, 1.0, 0.0, 0.0]}",1,"{""model_name"":""demo_faddadbfcefc_model_monitor.ws_3551974319838082.diabetes_mo"",""endpoint_name"":""anupriya-malik-databricks-com_ML_AS04_Demo_3b"",""model_version"":""1""}"
null,a14f72fd-4cbf-4843-9af3-c032d76dc406,2024-09-28,1727528590359,200,5,"{""dataframe_split"": {""index"": [26080, 26081, 26082, 26083, 26084, 26085, 26086, 26087, 26088, 26089], ""columns"": [""index"", ""HighBP"", ""HighChol"", ""CholCheck"", ""BMI"", ""Smoker"", ""Stroke"", ""HeartDiseaseorAttack"", ""PhysActivity"", ""Fruits"", ""Veggies"", ""HvyAlcoholConsump"", ""AnyHealthcare"", ""NoDocbcCost"", ""GenHlth"", ""MentHlth"", ""PhysHlth"", ""DiffWalk"", ""Sex"", ""Age"", ""Education"", ""Income"", ""id""], ""data"": [[63544, 1.0, 1.0, 1.0, 27.0, 0.0, 1.0, 1.0, 1.0, 1.0, 1.0, 0.0, 1.0, 1.0, 3.0, 0.0, 30.0, 1.0, 0.0, 13.0, 4.0, 4.0, 63544], [63545, 1.0, 1.0, 1.0, 32.0, 0.0, 1.0, 1.0, 0.0, 0.0, 0.0, 0.0, 0.0, 0.0, 5.0, 25.0, 20.0, 0.0, 1.0, 10.0, 6.0, 3.0, 63545], [63546, 1.0, 1.0, 1.0, 31.0, 1.0, 0.0, 0.0, 1.0, 0.0, 0.0, 0.0, 1.0, 0.0, 3.0, 0.0, 0.0, 0.0, 1.0, 10.0, 4.0, 5.0, 63546], [63548, 1.0, 0.0, 1.0, 33.0, 0.0, 0.0, 0.0, 1.0, 1.0, 1.0, 0.0, 1.0, 0.0, 2.0, 0.0, 0.0, 0.0, 1.0, 12.0, 6.0, 7.0, 63548], [63550, 1.0, 1.0, 1.0, 29.0, 1.0, 0.0, 0.0, 1.0, 0.0, 0.0, 0.0, 1.0, 0.0, 3.0, 0.0, 7.0, 0.0, 1.0, 11.0, 4.0, 4.0, 63550], [63552, 0.0, 0.0, 1.0, 22.0, 0.0, 0.0, 0.0, 1.0, 0.0, 1.0, 0.0, 1.0, 0.0, 2.0, 0.0, 6.0, 0.0, 0.0, 10.0, 4.0, 4.0, 63552], [63553, 1.0, 0.0, 1.0, 34.0, 0.0, 0.0, 1.0, 1.0, 1.0, 1.0, 0.0, 1.0, 0.0, 3.0, 0.0, 3.0, 1.0, 1.0, 10.0, 5.0, 6.0, 63553], [63554, 1.0, 0.0, 1.0, 42.0, 1.0, 0.0, 0.0, 0.0, 0.0, 1.0, 0.0, 1.0, 0.0, 3.0, 0.0, 0.0, 0.0, 0.0, 11.0, 4.0, 5.0, 63554], [63555, 1.0, 0.0, 1.0, 26.0, 0.0, 1.0, 1.0, 1.0, 1.0, 1.0, 0.0, 1.0, 0.0, 2.0, 0.0, 0.0, 0.0, 1.0, 13.0, 5.0, 8.0, 63555], [63557, 1.0, 0.0, 1.0, 20.0, 1.0, 0.0, 1.0, 1.0, 0.0, 0.0, 0.0, 1.0, 0.0, 5.0, 0.0, 3.0, 0.0, 0.0, 11.0, 3.0, 2.0, 63557]]}}","{""predictions"": [1.0, 0.0, 1.0, 1.0, 1.0, 0.0, 1.0, 1.0, 0.0, 1.0]}",1,"{""model_name"":""demo_faddadbfcefc_model_monitor.ws_3551974319838082.diabetes_mo"",""endpoint_name"":""anupriya-malik-databricks-com_ML_AS04_Demo_3b"",""model_version"":""1""}"
null,1479e773-6fbf-4387-a9f7-91124976127d,2024-09-28,1727528590477,200,5,"{""dataframe_split"": {""index"": [26120, 26121, 26122, 26123, 26124, 26125, 26126, 26127, 26128, 26129], ""columns"": [""index"", ""HighBP"", ""HighChol"", ""CholCheck"", ""BMI"", ""Smoker"", ""Stroke"", ""HeartDiseaseorAttack"", ""PhysActivity"", ""Fruits"", ""Veggies"", ""HvyAlcoholConsump"", ""AnyHealthcare"", ""NoDocbcCost"", ""GenHlth"", ""MentHlth"", ""PhysHlth"", ""DiffWalk"", ""Sex"", ""Age"", ""Education"", ""Income"", ""id""], ""data"": [[63617, 1.0, 1.0, 1.0, 28.0, 1.0, 0.0, 0.0, 0.0, 1.0, 1.0, 0.0, 1.0, 0.0, 2.0, 5.0, 0.0, 0.0, 0.0, 10.0, 5.0, 6.0, 63617], [63618, 1.0, 1.0, 1.0, 27.0, 0.0, 1.0, 1.0, 0.0, 1.0, 1.0, 0.0, 1.0, 0.0, 4.0, 0.0, 0.0, 0.0, 0.0, 10.0, 5.0, 2.0, 63618], [63620, 1.0, 1.0, 1.0, 26.0, 1.0, 0.0, 0.0, 1.0, 1.0, 0.0, 0.0, 1.0, 0.0, 3.0, 0.0, 0.0, 0.0, 0.0, 11.0, 5.0, 7.0, 63620], [63621, 1.0, 1.0, 1.0, 26.0, 0.0, 0.0, 0.0, 1.0, 1.0, 1.0, 0.0, 1.0, 0.0, 3.0, 0.0, 0.0, 0.0, 0.0, 11.0, 4.0, 5.0, 63621], [63622, 1.0, 0.0, 1.0, 25.0, 1.0, 0.0, 0.0, 0.0, 1.0, 1.0, 0.0, 1.0, 0.0, 4.0, 0.0, 15.0, 1.0, 0.0, 11.0, 6.0, 3.0, 63622], [63624, 1.0, 0.0, 1.0, 37.0, 1.0, 0.0, 0.0, 1.0, 1.0, 0.0, 0.0, 1.0, 0.0, 3.0, 0.0, 0.0, 0.0, 1.0, 11.0, 6.0, 7.0, 63624], [63626, 1.0, 1.0, 1.0, 28.0, 0.0, 0.0, 0.0, 1.0, 1.0, 0.0, 0.0, 1.0, 0.0, 3.0, 0.0, 2.0, 0.0, 1.0, 13.0, 4.0, 6.0, 63626], [63629, 1.0, 1.0, 1.0, 25.0, 0.0, 0.0, 0.0, 0.0, 0.0, 0.0, 0.0, 1.0, 0.0, 5.0, 0.0, 0.0, 1.0, 1.0, 12.0, 4.0, 6.0, 63629], [63632, 0.0, 1.0, 1.0, 27.0, 0.0, 0.0, 0.0, 1.0, 0.0, 1.0, 0.0, 1.0, 0.0, 2.0, 1.0, 0.0, 0.0, 1.0, 10.0, 6.0, 5.0, 63632], [63633, 1.0, 0.0, 1.0, 26.0, 0.0, 1.0, 1.0, 0.0, 0.0, 1.0, 0.0, 1.0, 0.0, 4.0, 0.0, 0.0, 0.0, 1.0, 12.0, 2.0, 2.0, 63633]]}}","{""predictions"": [0.0, 0.0, 0.0, 1.0, 1.0, 1.0, 0.0, 1.0, 1.0, 1.0]}",1,"{""model_name"":""demo_faddadbfcefc_model_monitor.ws_3551974319838082.diabetes_mo"",""endpoint_name"":""anupriya-malik-databricks-com_ML_AS04_Demo_3b"",""model_version"":""1""}"
null,b445c791-2d82-4e52-8a28-56345dee49b0,2024-09-28,1727528590748,200,5,"{""dataframe_split"": {""index"": [26210, 26211, 26212, 26213, 26214, 26215, 26216, 26217, 26218, 26219], ""columns"": [""index"", ""HighBP"", ""HighChol"", ""CholCheck"", ""BMI"", ""Smoker"", ""Stroke"", ""HeartDiseaseorAttack"", ""PhysActivity"", ""Fruits"", ""Veggies"", ""HvyAlcoholConsump"", ""AnyHealthcare"", ""NoDocbcCost"", ""GenHlth"", ""MentHlth"", ""PhysHlth"", ""DiffWalk"", ""Sex"", ""Age"", ""Education"", ""Income"", ""id""], ""data"": [[63802, 1.0, 1.0, 1.0, 31.0, 1.0, 0.0, 1.0, 0.0, 0.0, 0.0, 0.0, 1.0, 1.0, 5.0, 30.0, 30.0, 1.0, 0.0, 10.0, 4.0, 2.0, 63802], [63803, 1.0, 1.0, 1.0, 27.0, 0.0, 1.0, 1.0, 1.0, 1.0, 1.0, 0.0, 1.0, 0.0, 4.0, 0.0, 2.0, 0.0, 0.0, 12.0, 4.0, 6.0, 63803], [63805, 1.0, 1.0, 1.0, 26.0, 1.0, 0.0, 1.0, 0.0, 1.0, 0.0, 0.0, 1.0, 0.0, 4.0, 0.0, 21.0, 0.0, 1.0, 11.0, 5.0, 3.0, 63805], [63806, 1.0, 1.0, 1.0, 36.0, 0.0, 1.0, 1.0, 1.0, 0.0, 1.0, 0.0, 1.0, 0.0, 3.0, 2.0, 2.0, 0.0, 1.0, 11.0, 6.0, 5.0, 63806], [63809, 1.0, 1.0, 1.0, 25.0, 0.0, 0.0, 0.0, 1.0, 1.0, 1.0, 0.0, 1.0, 0.0, 3.0, 0.0, 0.0, 1.0, 0.0, 12.0, 3.0, 6.0, 63809], [63811, 1.0, 0.0, 0.0, 33.0, 0.0, 0.0, 0.0, 1.0, 0.0, 1.0, 0.0, 1.0, 0.0, 3.0, 0.0, 0.0, 0.0, 0.0, 11.0, 6.0, 8.0, 63811], [63812, 1.0, 1.0, 1.0, 40.0, 1.0, 0.0, 1.0, 0.0, 0.0, 1.0, 0.0, 1.0, 0.0, 3.0, 0.0, 0.0, 1.0, 1.0, 10.0, 5.0, 7.0, 63812], [63813, 1.0, 1.0, 1.0, 32.0, 1.0, 0.0, 0.0, 0.0, 1.0, 1.0, 0.0, 1.0, 0.0, 4.0, 0.0, 0.0, 1.0, 0.0, 10.0, 6.0, 3.0, 63813], [63817, 1.0, 1.0, 1.0, 30.0, 1.0, 0.0, 0.0, 1.0, 1.0, 0.0, 0.0, 1.0, 0.0, 3.0, 5.0, 2.0, 0.0, 0.0, 10.0, 4.0, 2.0, 63817], [63818, 1.0, 1.0, 1.0, 44.0, 0.0, 0.0, 0.0, 0.0, 0.0, 1.0, 0.0, 1.0, 0.0, 3.0, 0.0, 0.0, 0.0, 1.0, 10.0, 6.0, 8.0, 63818]]}}","{""predictions"": [0.0, 0.0, 1.0, 0.0, 1.0, 0.0, 1.0, 1.0, 0.0, 0.0]}",1,"{""model_name"":""demo_faddadbfcefc_model_monitor.ws_3551974319838082.diabetes_mo"",""endpoint_name"":""anupriya-malik-databricks-com_ML_AS04_Demo_3b"",""model_version"":""1""}"
null,18322203-4b65-48f2-b002-c90840f2ff01,2024-09-28,1727528590776,200,4,"{""dataframe_split"": {""index"": [26220, 26221, 26222, 26223, 26224, 26225, 26226, 26227, 26228, 26229], ""columns"": [""index"", ""HighBP"", ""HighChol"", ""CholCheck"", ""BMI"", ""Smoker"", ""Stroke"", ""HeartDiseaseorAttack"", ""PhysActivity"", ""Fruits"", ""Veggies"", ""HvyAlcoholConsump"", ""AnyHealthcare"", ""NoDocbcCost"", ""GenHlth"", ""MentHlth"", ""PhysHlth"", ""DiffWalk"", ""Sex"", ""Age"", ""Education"", ""Income"", ""id""], ""data"": [[63822, 1.0, 1.0, 1.0, 36.0, 1.0, 0.0, 0.0, 0.0, 0.0, 0.0, 0.0, 1.0, 0.0, 4.0, 0.0, 30.0, 1.0, 0.0, 12.0, 3.0, 3.0, 63822], [63823, 1.0, 1.0, 1.0, 23.0, 0.0, 0.0, 0.0, 1.0, 1.0, 1.0, 0.0, 1.0, 0.0, 3.0, 15.0, 0.0, 0.0, 0.0, 11.0, 5.0, 5.0, 63823], [63824, 1.0, 1.0, 1.0, 29.0, 1.0, 0.0, 0.0, 1.0, 1.0, 1.0, 0.0, 1.0, 0.0, 4.0, 0.0, 0.0, 0.0, 0.0, 10.0, 4.0, 4.0, 63824], [63825, 1.0, 1.0, 1.0, 22.0, 0.0, 0.0, 0.0, 0.0, 0.0, 1.0, 0.0, 1.0, 1.0, 5.0, 30.0, 30.0, 1.0, 0.0, 10.0, 2.0, 1.0, 63825], [63827, 1.0, 1.0, 1.0, 25.0, 1.0, 0.0, 0.0, 0.0, 0.0, 1.0, 0.0, 1.0, 0.0, 5.0, 0.0, 30.0, 1.0, 1.0, 13.0, 2.0, 3.0, 63827], [63830, 1.0, 0.0, 1.0, 30.0, 1.0, 0.0, 0.0, 0.0, 0.0, 1.0, 0.0, 1.0, 1.0, 4.0, 20.0, 20.0, 1.0, 0.0, 10.0, 6.0, 6.0, 63830], [63832, 1.0, 1.0, 1.0, 31.0, 0.0, 1.0, 0.0, 0.0, 0.0, 0.0, 0.0, 1.0, 0.0, 3.0, 0.0, 0.0, 0.0, 0.0, 11.0, 4.0, 5.0, 63832], [63833, 0.0, 1.0, 1.0, 21.0, 0.0, 0.0, 0.0, 1.0, 1.0, 1.0, 0.0, 1.0, 0.0, 2.0, 0.0, 0.0, 0.0, 0.0, 11.0, 4.0, 3.0, 63833], [63834, 1.0, 0.0, 1.0, 30.0, 0.0, 0.0, 0.0, 1.0, 0.0, 0.0, 0.0, 1.0, 0.0, 4.0, 0.0, 0.0, 0.0, 1.0, 12.0, 3.0, 4.0, 63834], [63836, 0.0, 0.0, 1.0, 37.0, 0.0, 0.0, 0.0, 0.0, 1.0, 1.0, 0.0, 1.0, 0.0, 5.0, 0.0, 25.0, 1.0, 1.0, 11.0, 6.0, 8.0, 63836]]}}","{""predictions"": [1.0, 0.0, 1.0, 1.0, 1.0, 0.0, 1.0, 0.0, 0.0, 0.0]}",1,"{""model_name"":""demo_faddadbfcefc_model_monitor.ws_3551974319838082.diabetes_mo"",""endpoint_name"":""anupriya-malik-databricks-com_ML_AS04_Demo_3b"",""model_version"":""1""}"
null,bc060ba3-b80e-41b0-81f0-49e6189fbd02,2024-09-28,1727528590833,200,5,"{""dataframe_split"": {""index"": [26240, 26241, 26242, 26243, 26244, 26245, 26246, 26247, 26248, 26249], ""columns"": [""index"", ""HighBP"", ""HighChol"", ""CholCheck"", ""BMI"", ""Smoker"", ""Stroke"", ""HeartDiseaseorAttack"", ""PhysActivity"", ""Fruits"", ""Veggies"", ""HvyAlcoholConsump"", ""AnyHealthcare"", ""NoDocbcCost"", ""GenHlth"", ""MentHlth"", ""PhysHlth"", ""DiffWalk"", ""Sex"", ""Age"", ""Education"", ""Income"", ""id""], ""data"": [[63861, 1.0, 1.0, 1.0, 24.0, 0.0, 0.0, 0.0, 1.0, 1.0, 1.0, 0.0, 1.0, 0.0, 1.0, 0.0, 0.0, 0.0, 0.0, 11.0, 6.0, 6.0, 63861], [63862, 0.0, 1.0, 1.0, 23.0, 0.0, 0.0, 1.0, 1.0, 1.0, 1.0, 0.0, 1.0, 0.0, 1.0, 0.0, 30.0, 0.0, 1.0, 13.0, 6.0, 8.0, 63862], [63863, 1.0, 0.0, 1.0, 26.0, 1.0, 1.0, 0.0, 1.0, 0.0, 1.0, 0.0, 1.0, 0.0, 3.0, 0.0, 0.0, 0.0, 1.0, 12.0, 4.0, 5.0, 63863], [63864, 1.0, 1.0, 1.0, 30.0, 1.0, 0.0, 0.0, 1.0, 1.0, 1.0, 0.0, 1.0, 0.0, 3.0, 0.0, 1.0, 0.0, 1.0, 10.0, 4.0, 8.0, 63864], [63865, 0.0, 0.0, 1.0, 33.0, 1.0, 0.0, 1.0, 1.0, 1.0, 1.0, 0.0, 1.0, 0.0, 3.0, 0.0, 0.0, 0.0, 1.0, 11.0, 6.0, 5.0, 63865], [63867, 1.0, 0.0, 1.0, 27.0, 1.0, 0.0, 0.0, 1.0, 0.0, 0.0, 0.0, 1.0, 0.0, 3.0, 0.0, 0.0, 0.0, 1.0, 10.0, 6.0, 8.0, 63867], [63869, 1.0, 1.0, 1.0, 29.0, 0.0, 0.0, 0.0, 1.0, 1.0, 1.0, 0.0, 1.0, 0.0, 2.0, 0.0, 0.0, 0.0, 1.0, 10.0, 6.0, 8.0, 63869], [63870, 1.0, 1.0, 1.0, 29.0, 1.0, 1.0, 0.0, 0.0, 1.0, 0.0, 0.0, 1.0, 0.0, 4.0, 0.0, 2.0, 1.0, 1.0, 13.0, 4.0, 4.0, 63870], [63871, 1.0, 1.0, 1.0, 24.0, 0.0, 1.0, 1.0, 0.0, 0.0, 0.0, 0.0, 1.0, 0.0, 5.0, 0.0, 30.0, 1.0, 0.0, 13.0, 5.0, 2.0, 63871], [63872, 1.0, 1.0, 1.0, 32.0, 0.0, 0.0, 1.0, 0.0, 1.0, 1.0, 0.0, 1.0, 0.0, 4.0, 0.0, 15.0, 1.0, 0.0, 13.0, 5.0, 3.0, 63872]]}}","{""predictions"": [0.0, 0.0, 1.0, 0.0, 1.0, 0.0, 0.0, 1.0, 0.0, 1.0]}",1,"{""model_name"":""demo_faddadbfcefc_model_monitor.ws_3551974319838082.diabetes_mo"",""endpoint_name"":""anupriya-malik-databricks-com_ML_AS04_Demo_3b"",""model_version"":""1""}"
null,fafe72cb-e2b0-4245-8408-bc24e11b7c81,2024-09-28,1727528590861,200,5,"{""dataframe_split"": {""index"": [26250, 26251, 26252, 26253, 26254, 26255, 26256, 26257, 26258, 26259], ""columns"": [""index"", ""HighBP"", ""HighChol"", ""CholCheck"", ""BMI"", ""Smoker"", ""Stroke"", ""HeartDiseaseorAttack"", ""PhysActivity"", ""Fruits"", ""Veggies"", ""HvyAlcoholConsump"", ""AnyHealthcare"", ""NoDocbcCost"", ""GenHlth"", ""MentHlth"", ""PhysHlth"", ""DiffWalk"", ""Sex"", ""Age"", ""Education"", ""Income"", ""id""], ""data"": [[63873, 1.0, 1.0, 1.0, 35.0, 0.0, 0.0, 1.0, 0.0, 1.0, 1.0, 0.0, 1.0, 0.0, 5.0, 0.0, 30.0, 1.0, 1.0, 12.0, 3.0, 4.0, 63873], [63874, 1.0, 1.0, 1.0, 26.0, 0.0, 0.0, 0.0, 1.0, 0.0, 0.0, 0.0, 1.0, 0.0, 3.0, 0.0, 0.0, 0.0, 1.0, 11.0, 6.0, 8.0, 63874], [63875, 0.0, 1.0, 1.0, 27.0, 0.0, 0.0, 0.0, 1.0, 0.0, 1.0, 0.0, 1.0, 0.0, 3.0, 0.0, 0.0, 0.0, 0.0, 10.0, 4.0, 7.0, 63875], [63876, 1.0, 1.0, 1.0, 28.0, 1.0, 0.0, 0.0, 0.0, 0.0, 1.0, 0.0, 1.0, 0.0, 4.0, 0.0, 3.0, 0.0, 1.0, 12.0, 6.0, 5.0, 63876], [63877, 0.0, 1.0, 1.0, 24.0, 0.0, 0.0, 0.0, 0.0, 1.0, 1.0, 0.0, 1.0, 0.0, 2.0, 30.0, 5.0, 1.0, 0.0, 10.0, 5.0, 7.0, 63877], [63879, 1.0, 0.0, 1.0, 31.0, 0.0, 0.0, 1.0, 1.0, 1.0, 1.0, 0.0, 1.0, 0.0, 3.0, 0.0, 0.0, 0.0, 0.0, 10.0, 5.0, 8.0, 63879], [63880, 0.0, 1.0, 1.0, 25.0, 1.0, 0.0, 1.0, 1.0, 1.0, 1.0, 0.0, 1.0, 0.0, 4.0, 0.0, 15.0, 1.0, 1.0, 10.0, 6.0, 8.0, 63880], [63883, 1.0, 1.0, 1.0, 34.0, 1.0, 1.0, 0.0, 1.0, 1.0, 1.0, 0.0, 1.0, 0.0, 4.0, 0.0, 25.0, 0.0, 1.0, 10.0, 4.0, 7.0, 63883], [63884, 1.0, 1.0, 1.0, 30.0, 1.0, 0.0, 1.0, 1.0, 1.0, 1.0, 0.0, 1.0, 0.0, 4.0, 0.0, 30.0, 0.0, 1.0, 10.0, 5.0, 7.0, 63884], [63885, 1.0, 0.0, 1.0, 31.0, 1.0, 0.0, 0.0, 0.0, 1.0, 1.0, 0.0, 1.0, 1.0, 3.0, 0.0, 0.0, 0.0, 1.0, 10.0, 5.0, 6.0, 63885]]}}","{""predictions"": [1.0, 0.0, 0.0, 1.0, 1.0, 0.0, 0.0, 1.0, 1.0, 0.0]}",1,"{""model_name"":""demo_faddadbfcefc_model_monitor.ws_3551974319838082.diabetes_mo"",""endpoint_name"":""anupriya-malik-databricks-com_ML_AS04_Demo_3b"",""model_version"":""1""}"
null,7c155bed-e8c4-4697-aa5a-c7a51618c8f0,2024-09-28,1727528590889,200,5,"{""dataframe_split"": {""index"": [26260, 26261, 26262, 26263, 26264, 26265, 26266, 26267, 26268, 26269], ""columns"": [""index"", ""HighBP"", ""HighChol"", ""CholCheck"", ""BMI"", ""Smoker"", ""Stroke"", ""HeartDiseaseorAttack"", ""PhysActivity"", ""Fruits"", ""Veggies"", ""HvyAlcoholConsump"", ""AnyHealthcare"", ""NoDocbcCost"", ""GenHlth"", ""MentHlth"", ""PhysHlth"", ""DiffWalk"", ""Sex"", ""Age"", ""Education"", ""Income"", ""id""], ""data"": [[63887, 1.0, 1.0, 1.0, 38.0, 1.0, 0.0, 0.0, 0.0, 1.0, 0.0, 0.0, 1.0, 0.0, 3.0, 10.0, 5.0, 1.0, 0.0, 10.0, 4.0, 3.0, 63887], [63889, 1.0, 1.0, 1.0, 21.0, 1.0, 0.0, 0.0, 1.0, 0.0, 0.0, 0.0, 1.0, 0.0, 4.0, 0.0, 0.0, 1.0, 0.0, 11.0, 4.0, 4.0, 63889], [63890, 1.0, 0.0, 1.0, 27.0, 1.0, 0.0, 0.0, 1.0, 1.0, 1.0, 0.0, 1.0, 0.0, 5.0, 20.0, 0.0, 0.0, 1.0, 10.0, 3.0, 2.0, 63890], [63891, 0.0, 1.0, 1.0, 28.0, 1.0, 0.0, 1.0, 1.0, 0.0, 0.0, 0.0, 1.0, 0.0, 3.0, 0.0, 0.0, 0.0, 1.0, 11.0, 5.0, 6.0, 63891], [63893, 1.0, 0.0, 1.0, 27.0, 1.0, 1.0, 0.0, 1.0, 1.0, 1.0, 0.0, 1.0, 0.0, 4.0, 0.0, 0.0, 0.0, 1.0, 13.0, 5.0, 5.0, 63893], [63894, 1.0, 1.0, 1.0, 27.0, 0.0, 0.0, 0.0, 1.0, 0.0, 1.0, 0.0, 1.0, 0.0, 3.0, 0.0, 10.0, 0.0, 1.0, 10.0, 4.0, 7.0, 63894], [63895, 1.0, 1.0, 1.0, 21.0, 0.0, 0.0, 0.0, 1.0, 0.0, 1.0, 0.0, 1.0, 0.0, 2.0, 0.0, 0.0, 0.0, 1.0, 12.0, 6.0, 8.0, 63895], [63896, 1.0, 1.0, 1.0, 30.0, 1.0, 0.0, 1.0, 0.0, 1.0, 1.0, 0.0, 1.0, 0.0, 4.0, 0.0, 30.0, 1.0, 0.0, 10.0, 2.0, 2.0, 63896], [63897, 1.0, 1.0, 1.0, 34.0, 1.0, 0.0, 0.0, 1.0, 1.0, 0.0, 0.0, 1.0, 0.0, 4.0, 0.0, 0.0, 0.0, 0.0, 10.0, 5.0, 4.0, 63897], [63898, 0.0, 1.0, 1.0, 30.0, 1.0, 0.0, 0.0, 0.0, 1.0, 1.0, 0.0, 1.0, 0.0, 3.0, 0.0, 2.0, 0.0, 1.0, 10.0, 5.0, 4.0, 63898]]}}","{""predictions"": [0.0, 0.0, 1.0, 1.0, 0.0, 1.0, 0.0, 1.0, 1.0, 0.0]}",1,"{""model_name"":""demo_faddadbfcefc_model_monitor.ws_3551974319838082.diabetes_mo"",""endpoint_name"":""anupriya-malik-databricks-com_ML_AS04_Demo_3b"",""model_version"":""1""}"
null,ab4ce207-ef6b-4749-94e6-70063e3c0a8e,2024-09-28,1727528590923,200,8,"{""dataframe_split"": {""index"": [26270, 26271, 26272, 26273, 26274, 26275, 26276, 26277, 26278, 26279], ""columns"": [""index"", ""HighBP"", ""HighChol"", ""CholCheck"", ""BMI"", ""Smoker"", ""Stroke"", ""HeartDiseaseorAttack"", ""PhysActivity"", ""Fruits"", ""Veggies"", ""HvyAlcoholConsump"", ""AnyHealthcare"", ""NoDocbcCost"", ""GenHlth"", ""MentHlth"", ""PhysHlth"", ""DiffWalk"", ""Sex"", ""Age"", ""Education"", ""Income"", ""id""], ""data"": [[63899, 1.0, 0.0, 1.0, 41.0, 1.0, 0.0, 0.0, 1.0, 1.0, 1.0, 0.0, 1.0, 0.0, 3.0, 0.0, 0.0, 0.0, 1.0, 11.0, 4.0, 3.0, 63899], [63900, 0.0, 1.0, 1.0, 23.0, 1.0, 0.0, 1.0, 1.0, 1.0, 1.0, 0.0, 1.0, 0.0, 3.0, 0.0, 0.0, 0.0, 1.0, 11.0, 6.0, 8.0, 63900], [63901, 1.0, 1.0, 1.0, 29.0, 0.0, 0.0, 1.0, 0.0, 0.0, 1.0, 0.0, 1.0, 0.0, 3.0, 30.0, 0.0, 1.0, 1.0, 13.0, 3.0, 4.0, 63901], [63902, 1.0, 0.0, 1.0, 26.0, 1.0, 0.0, 0.0, 1.0, 1.0, 0.0, 0.0, 1.0, 0.0, 3.0, 0.0, 0.0, 0.0, 1.0, 13.0, 2.0, 1.0, 63902], [63903, 1.0, 0.0, 1.0, 31.0, 0.0, 0.0, 1.0, 1.0, 0.0, 1.0, 0.0, 1.0, 0.0, 5.0, 0.0, 2.0, 0.0, 0.0, 11.0, 2.0, 2.0, 63903], [63904, 1.0, 1.0, 1.0, 33.0, 1.0, 0.0, 1.0, 0.0, 1.0, 1.0, 0.0, 1.0, 0.0, 3.0, 0.0, 10.0, 1.0, 0.0, 13.0, 4.0, 5.0, 63904], [63907, 1.0, 1.0, 1.0, 31.0, 1.0, 0.0, 0.0, 1.0, 0.0, 1.0, 0.0, 1.0, 0.0, 2.0, 0.0, 0.0, 0.0, 0.0, 11.0, 5.0, 2.0, 63907], [63909, 1.0, 1.0, 1.0, 32.0, 1.0, 0.0, 0.0, 1.0, 1.0, 1.0, 0.0, 1.0, 0.0, 4.0, 0.0, 0.0, 1.0, 0.0, 12.0, 4.0, 2.0, 63909], [63910, 1.0, 1.0, 1.0, 35.0, 0.0, 0.0, 0.0, 1.0, 1.0, 0.0, 0.0, 1.0, 0.0, 3.0, 0.0, 7.0, 0.0, 0.0, 10.0, 3.0, 4.0, 63910], [63911, 1.0, 1.0, 1.0, 38.0, 1.0, 0.0, 0.0, 0.0, 1.0, 1.0, 0.0, 1.0, 1.0, 4.0, 1.0, 28.0, 1.0, 1.0, 10.0, 6.0, 5.0, 63911]]}}","{""predictions"": [1.0, 1.0, 1.0, 0.0, 1.0, 1.0, 1.0, 1.0, 1.0, 0.0]}",1,"{""model_name"":""demo_faddadbfcefc_model_monitor.ws_3551974319838082.diabetes_mo"",""endpoint_name"":""anupriya-malik-databricks-com_ML_AS04_Demo_3b"",""model_version"":""1""}"
null,2a5b48d7-8ec0-453d-b97e-ad5f74cc7d8e,2024-09-28,1727528590951,200,5,"{""dataframe_split"": {""index"": [26280, 26281, 26282, 26283, 26284, 26285, 26286, 26287, 26288, 26289], ""columns"": [""index"", ""HighBP"", ""HighChol"", ""CholCheck"", ""BMI"", ""Smoker"", ""Stroke"", ""HeartDiseaseorAttack"", ""PhysActivity"", ""Fruits"", ""Veggies"", ""HvyAlcoholConsump"", ""AnyHealthcare"", ""NoDocbcCost"", ""GenHlth"", ""MentHlth"", ""PhysHlth"", ""DiffWalk"", ""Sex"", ""Age"", ""Education"", ""Income"", ""id""], ""data"": [[63912, 1.0, 0.0, 1.0, 30.0, 1.0, 1.0, 0.0, 0.0, 1.0, 0.0, 0.0, 1.0, 0.0, 4.0, 0.0, 30.0, 1.0, 0.0, 11.0, 4.0, 6.0, 63912], [63914, 1.0, 0.0, 1.0, 27.0, 0.0, 1.0, 0.0, 1.0, 1.0, 0.0, 0.0, 1.0, 0.0, 2.0, 0.0, 0.0, 0.0, 0.0, 13.0, 4.0, 2.0, 63914], [63915, 1.0, 1.0, 1.0, 38.0, 1.0, 0.0, 0.0, 0.0, 1.0, 1.0, 0.0, 1.0, 0.0, 3.0, 0.0, 0.0, 0.0, 0.0, 11.0, 4.0, 4.0, 63915], [63917, 1.0, 0.0, 1.0, 29.0, 0.0, 0.0, 0.0, 1.0, 1.0, 1.0, 0.0, 1.0, 0.0, 3.0, 0.0, 0.0, 0.0, 1.0, 12.0, 6.0, 5.0, 63917], [63925, 1.0, 0.0, 1.0, 31.0, 0.0, 0.0, 0.0, 1.0, 1.0, 1.0, 0.0, 1.0, 0.0, 3.0, 0.0, 0.0, 0.0, 0.0, 11.0, 5.0, 5.0, 63925], [63927, 1.0, 1.0, 1.0, 29.0, 1.0, 0.0, 0.0, 1.0, 1.0, 1.0, 0.0, 1.0, 0.0, 3.0, 0.0, 0.0, 0.0, 0.0, 11.0, 5.0, 5.0, 63927], [63928, 1.0, 1.0, 1.0, 24.0, 1.0, 0.0, 0.0, 1.0, 1.0, 1.0, 0.0, 1.0, 0.0, 2.0, 0.0, 0.0, 0.0, 0.0, 12.0, 6.0, 6.0, 63928], [63930, 1.0, 1.0, 1.0, 26.0, 0.0, 0.0, 0.0, 1.0, 0.0, 0.0, 0.0, 1.0, 0.0, 4.0, 0.0, 7.0, 0.0, 0.0, 13.0, 3.0, 2.0, 63930], [63933, 0.0, 0.0, 1.0, 26.0, 1.0, 0.0, 1.0, 0.0, 0.0, 1.0, 0.0, 1.0, 0.0, 3.0, 3.0, 0.0, 0.0, 1.0, 11.0, 5.0, 3.0, 63933], [63934, 0.0, 0.0, 1.0, 29.0, 1.0, 0.0, 0.0, 1.0, 0.0, 1.0, 0.0, 1.0, 0.0, 3.0, 4.0, 4.0, 1.0, 1.0, 11.0, 4.0, 5.0, 63934]]}}","{""predictions"": [0.0, 1.0, 1.0, 0.0, 1.0, 1.0, 0.0, 1.0, 0.0, 1.0]}",1,"{""model_name"":""demo_faddadbfcefc_model_monitor.ws_3551974319838082.diabetes_mo"",""endpoint_name"":""anupriya-malik-databricks-com_ML_AS04_Demo_3b"",""model_version"":""1""}"
null,ad49bed7-45a7-4e4b-84f7-5a19b8a81d27,2024-09-28,1727528590982,200,5,"{""dataframe_split"": {""index"": [26290, 26291, 26292, 26293, 26294, 26295, 26296, 26297, 26298, 26299], ""columns"": [""index"", ""HighBP"", ""HighChol"", ""CholCheck"", ""BMI"", ""Smoker"", ""Stroke"", ""HeartDiseaseorAttack"", ""PhysActivity"", ""Fruits"", ""Veggies"", ""HvyAlcoholConsump"", ""AnyHealthcare"", ""NoDocbcCost"", ""GenHlth"", ""MentHlth"", ""PhysHlth"", ""DiffWalk"", ""Sex"", ""Age"", ""Education"", ""Income"", ""id""], ""data"": [[63935, 1.0, 1.0, 1.0, 43.0, 0.0, 1.0, 0.0, 0.0, 1.0, 1.0, 0.0, 1.0, 0.0, 5.0, 20.0, 30.0, 1.0, 0.0, 10.0, 6.0, 4.0, 63935], [63936, 1.0, 1.0, 1.0, 27.0, 0.0, 0.0, 1.0, 0.0, 1.0, 1.0, 0.0, 1.0, 0.0, 4.0, 2.0, 30.0, 1.0, 1.0, 11.0, 6.0, 7.0, 63936], [63938, 1.0, 1.0, 1.0, 34.0, 1.0, 0.0, 1.0, 1.0, 1.0, 1.0, 0.0, 1.0, 0.0, 3.0, 0.0, 0.0, 0.0, 1.0, 11.0, 6.0, 7.0, 63938], [63941, 1.0, 1.0, 1.0, 22.0, 1.0, 0.0, 1.0, 1.0, 1.0, 0.0, 0.0, 1.0, 0.0, 4.0, 0.0, 0.0, 0.0, 0.0, 12.0, 5.0, 4.0, 63941], [63942, 1.0, 1.0, 1.0, 25.0, 0.0, 0.0, 0.0, 1.0, 0.0, 0.0, 0.0, 1.0, 0.0, 2.0, 2.0, 0.0, 0.0, 1.0, 10.0, 6.0, 7.0, 63942], [63945, 1.0, 1.0, 1.0, 32.0, 0.0, 0.0, 0.0, 1.0, 1.0, 0.0, 0.0, 1.0, 0.0, 3.0, 2.0, 2.0, 0.0, 0.0, 10.0, 4.0, 6.0, 63945], [63946, 1.0, 1.0, 1.0, 30.0, 0.0, 0.0, 0.0, 0.0, 0.0, 0.0, 0.0, 1.0, 0.0, 3.0, 0.0, 1.0, 1.0, 0.0, 10.0, 4.0, 3.0, 63946], [63947, 0.0, 1.0, 1.0, 24.0, 0.0, 0.0, 0.0, 1.0, 1.0, 0.0, 0.0, 1.0, 0.0, 3.0, 0.0, 0.0, 0.0, 0.0, 11.0, 4.0, 4.0, 63947], [63948, 1.0, 1.0, 1.0, 29.0, 0.0, 0.0, 1.0, 0.0, 0.0, 0.0, 0.0, 1.0, 0.0, 3.0, 0.0, 0.0, 0.0, 0.0, 10.0, 4.0, 2.0, 63948], [63950, 0.0, 1.0, 1.0, 28.0, 0.0, 1.0, 0.0, 0.0, 0.0, 0.0, 0.0, 1.0, 0.0, 3.0, 10.0, 9.0, 0.0, 0.0, 11.0, 3.0, 3.0, 63950]]}}","{""predictions"": [1.0, 1.0, 1.0, 1.0, 0.0, 1.0, 0.0, 1.0, 1.0, 0.0]}",1,"{""model_name"":""demo_faddadbfcefc_model_monitor.ws_3551974319838082.diabetes_mo"",""endpoint_name"":""anupriya-malik-databricks-com_ML_AS04_Demo_3b"",""model_version"":""1""}"
null,bef5b741-3333-42a4-b025-924eec18e98d,2024-09-28,1727528591362,200,5,"{""dataframe_split"": {""index"": [26420, 26421, 26422, 26423, 26424, 26425, 26426, 26427, 26428, 26429], ""columns"": [""index"", ""HighBP"", ""HighChol"", ""CholCheck"", ""BMI"", ""Smoker"", ""Stroke"", ""HeartDiseaseorAttack"", ""PhysActivity"", ""Fruits"", ""Veggies"", ""HvyAlcoholConsump"", ""AnyHealthcare"", ""NoDocbcCost"", ""GenHlth"", ""MentHlth"", ""PhysHlth"", ""DiffWalk"", ""Sex"", ""Age"", ""Education"", ""Income"", ""id""], ""data"": [[64256, 0.0, 0.0, 1.0, 23.0, 1.0, 0.0, 0.0, 0.0, 0.0, 1.0, 0.0, 1.0, 0.0, 3.0, 0.0, 0.0, 0.0, 1.0, 13.0, 6.0, 8.0, 64256], [64257, 0.0, 1.0, 1.0, 31.0, 0.0, 0.0, 0.0, 0.0, 1.0, 1.0, 0.0, 1.0, 0.0, 4.0, 0.0, 30.0, 1.0, 0.0, 13.0, 5.0, 8.0, 64257], [64259, 1.0, 1.0, 1.0, 41.0, 1.0, 0.0, 0.0, 1.0, 0.0, 1.0, 0.0, 1.0, 0.0, 5.0, 0.0, 30.0, 1.0, 1.0, 10.0, 5.0, 7.0, 64259], [64260, 1.0, 1.0, 1.0, 26.0, 0.0, 0.0, 0.0, 1.0, 1.0, 1.0, 0.0, 1.0, 0.0, 2.0, 0.0, 20.0, 0.0, 0.0, 10.0, 5.0, 7.0, 64260], [64261, 1.0, 0.0, 1.0, 28.0, 1.0, 0.0, 0.0, 0.0, 1.0, 1.0, 0.0, 1.0, 1.0, 2.0, 0.0, 16.0, 1.0, 0.0, 13.0, 3.0, 5.0, 64261], [64262, 1.0, 1.0, 1.0, 29.0, 1.0, 0.0, 1.0, 0.0, 1.0, 1.0, 0.0, 1.0, 0.0, 4.0, 0.0, 0.0, 1.0, 0.0, 13.0, 6.0, 7.0, 64262], [64263, 1.0, 1.0, 1.0, 36.0, 0.0, 1.0, 1.0, 0.0, 0.0, 1.0, 0.0, 1.0, 1.0, 4.0, 15.0, 30.0, 1.0, 1.0, 10.0, 6.0, 4.0, 64263], [64264, 0.0, 0.0, 1.0, 35.0, 1.0, 0.0, 0.0, 0.0, 1.0, 1.0, 0.0, 1.0, 0.0, 4.0, 0.0, 3.0, 1.0, 1.0, 11.0, 6.0, 7.0, 64264], [64265, 1.0, 1.0, 1.0, 25.0, 0.0, 0.0, 0.0, 1.0, 1.0, 1.0, 0.0, 1.0, 1.0, 4.0, 2.0, 3.0, 1.0, 1.0, 13.0, 3.0, 4.0, 64265], [64266, 1.0, 0.0, 1.0, 29.0, 0.0, 0.0, 0.0, 1.0, 1.0, 1.0, 0.0, 1.0, 0.0, 4.0, 2.0, 20.0, 1.0, 0.0, 13.0, 4.0, 5.0, 64266]]}}","{""predictions"": [0.0, 1.0, 1.0, 0.0, 1.0, 1.0, 0.0, 1.0, 1.0, 1.0]}",1,"{""model_name"":""demo_faddadbfcefc_model_monitor.ws_3551974319838082.diabetes_mo"",""endpoint_name"":""anupriya-malik-databricks-com_ML_AS04_Demo_3b"",""model_version"":""1""}"
null,4f7ade35-f153-4afe-a681-6e80f9d0f31d,2024-09-28,1727528591528,200,5,"{""dataframe_split"": {""index"": [26470, 26471, 26472, 26473, 26474, 26475, 26476, 26477, 26478, 26479], ""columns"": [""index"", ""HighBP"", ""HighChol"", ""CholCheck"", ""BMI"", ""Smoker"", ""Stroke"", ""HeartDiseaseorAttack"", ""PhysActivity"", ""Fruits"", ""Veggies"", ""HvyAlcoholConsump"", ""AnyHealthcare"", ""NoDocbcCost"", ""GenHlth"", ""MentHlth"", ""PhysHlth"", ""DiffWalk"", ""Sex"", ""Age"", ""Education"", ""Income"", ""id""], ""data"": [[64327, 0.0, 0.0, 1.0, 32.0, 0.0, 0.0, 0.0, 0.0, 1.0, 1.0, 0.0, 1.0, 0.0, 4.0, 15.0, 10.0, 0.0, 0.0, 10.0, 6.0, 8.0, 64327], [64328, 1.0, 1.0, 1.0, 32.0, 1.0, 0.0, 0.0, 1.0, 0.0, 1.0, 0.0, 1.0, 0.0, 1.0, 0.0, 0.0, 0.0, 0.0, 10.0, 6.0, 7.0, 64328], [64329, 1.0, 1.0, 1.0, 27.0, 0.0, 0.0, 0.0, 1.0, 1.0, 0.0, 0.0, 1.0, 0.0, 3.0, 3.0, 0.0, 0.0, 0.0, 11.0, 6.0, 8.0, 64329], [64333, 1.0, 1.0, 1.0, 29.0, 1.0, 0.0, 0.0, 1.0, 1.0, 0.0, 0.0, 1.0, 0.0, 3.0, 0.0, 12.0, 0.0, 1.0, 12.0, 6.0, 7.0, 64333], [64335, 1.0, 0.0, 1.0, 41.0, 0.0, 0.0, 1.0, 1.0, 1.0, 1.0, 0.0, 1.0, 0.0, 5.0, 0.0, 30.0, 0.0, 1.0, 11.0, 6.0, 5.0, 64335], [64336, 0.0, 1.0, 1.0, 23.0, 0.0, 0.0, 0.0, 1.0, 1.0, 1.0, 0.0, 1.0, 0.0, 3.0, 0.0, 0.0, 0.0, 1.0, 12.0, 6.0, 8.0, 64336], [64339, 1.0, 0.0, 1.0, 45.0, 1.0, 0.0, 0.0, 0.0, 1.0, 1.0, 0.0, 1.0, 0.0, 3.0, 0.0, 1.0, 0.0, 1.0, 10.0, 6.0, 8.0, 64339], [64340, 1.0, 1.0, 1.0, 29.0, 0.0, 0.0, 0.0, 0.0, 0.0, 1.0, 0.0, 1.0, 0.0, 2.0, 0.0, 2.0, 0.0, 0.0, 11.0, 4.0, 4.0, 64340], [64341, 0.0, 1.0, 1.0, 23.0, 0.0, 0.0, 0.0, 1.0, 1.0, 1.0, 0.0, 1.0, 0.0, 4.0, 0.0, 1.0, 0.0, 0.0, 12.0, 5.0, 5.0, 64341], [64343, 0.0, 0.0, 1.0, 24.0, 1.0, 0.0, 0.0, 1.0, 1.0, 1.0, 0.0, 1.0, 0.0, 4.0, 0.0, 30.0, 0.0, 1.0, 13.0, 3.0, 6.0, 64343]]}}","{""predictions"": [0.0, 1.0, 1.0, 1.0, 1.0, 0.0, 1.0, 0.0, 1.0, 0.0]}",1,"{""model_name"":""demo_faddadbfcefc_model_monitor.ws_3551974319838082.diabetes_mo"",""endpoint_name"":""anupriya-malik-databricks-com_ML_AS04_Demo_3b"",""model_version"":""1""}"
null,1d32ab72-30bb-4c67-aca5-edc767ab26ea,2024-09-28,1727528591677,200,5,"{""dataframe_split"": {""index"": [26520, 26521, 26522, 26523, 26524, 26525, 26526, 26527, 26528, 26529], ""columns"": [""index"", ""HighBP"", ""HighChol"", ""CholCheck"", ""BMI"", ""Smoker"", ""Stroke"", ""HeartDiseaseorAttack"", ""PhysActivity"", ""Fruits"", ""Veggies"", ""HvyAlcoholConsump"", ""AnyHealthcare"", ""NoDocbcCost"", ""GenHlth"", ""MentHlth"", ""PhysHlth"", ""DiffWalk"", ""Sex"", ""Age"", ""Education"", ""Income"", ""id""], ""data"": [[64405, 1.0, 0.0, 1.0, 25.0, 0.0, 0.0, 0.0, 0.0, 1.0, 1.0, 0.0, 1.0, 0.0, 3.0, 0.0, 15.0, 1.0, 0.0, 12.0, 6.0, 8.0, 64405], [64406, 0.0, 1.0, 1.0, 25.0, 1.0, 0.0, 0.0, 0.0, 1.0, 1.0, 0.0, 1.0, 0.0, 4.0, 0.0, 15.0, 1.0, 1.0, 11.0, 6.0, 5.0, 64406], [64407, 0.0, 1.0, 1.0, 29.0, 0.0, 0.0, 0.0, 1.0, 0.0, 1.0, 0.0, 1.0, 0.0, 4.0, 0.0, 0.0, 0.0, 0.0, 11.0, 4.0, 1.0, 64407], [64408, 1.0, 0.0, 1.0, 17.0, 1.0, 0.0, 0.0, 1.0, 1.0, 1.0, 0.0, 1.0, 0.0, 2.0, 0.0, 0.0, 0.0, 0.0, 13.0, 4.0, 5.0, 64408], [64410, 1.0, 1.0, 1.0, 47.0, 0.0, 0.0, 1.0, 1.0, 1.0, 0.0, 0.0, 0.0, 0.0, 2.0, 30.0, 0.0, 0.0, 1.0, 10.0, 5.0, 5.0, 64410], [64413, 1.0, 1.0, 1.0, 30.0, 1.0, 0.0, 0.0, 1.0, 0.0, 1.0, 0.0, 1.0, 0.0, 4.0, 0.0, 20.0, 1.0, 1.0, 12.0, 6.0, 5.0, 64413], [64415, 0.0, 1.0, 1.0, 25.0, 1.0, 0.0, 0.0, 1.0, 1.0, 1.0, 0.0, 1.0, 0.0, 3.0, 0.0, 0.0, 0.0, 1.0, 12.0, 5.0, 2.0, 64415], [64417, 1.0, 0.0, 1.0, 27.0, 0.0, 0.0, 0.0, 1.0, 1.0, 1.0, 0.0, 1.0, 0.0, 2.0, 0.0, 7.0, 0.0, 0.0, 12.0, 6.0, 5.0, 64417], [64420, 1.0, 1.0, 1.0, 47.0, 0.0, 0.0, 0.0, 1.0, 0.0, 1.0, 0.0, 1.0, 0.0, 3.0, 5.0, 10.0, 0.0, 0.0, 11.0, 4.0, 6.0, 64420], [64421, 1.0, 1.0, 1.0, 26.0, 1.0, 0.0, 1.0, 1.0, 1.0, 1.0, 0.0, 1.0, 0.0, 3.0, 0.0, 0.0, 0.0, 1.0, 13.0, 4.0, 5.0, 64421]]}}","{""predictions"": [0.0, 1.0, 1.0, 1.0, 1.0, 0.0, 0.0, 0.0, 1.0, 0.0]}",1,"{""model_name"":""demo_faddadbfcefc_model_monitor.ws_3551974319838082.diabetes_mo"",""endpoint_name"":""anupriya-malik-databricks-com_ML_AS04_Demo_3b"",""model_version"":""1""}"
null,e3f737c4-0c3b-46aa-8c1d-d4e81c077685,2024-09-28,1727528591707,200,5,"{""dataframe_split"": {""index"": [26530, 26531, 26532, 26533, 26534, 26535, 26536, 26537, 26538, 26539], ""columns"": [""index"", ""HighBP"", ""HighChol"", ""CholCheck"", ""BMI"", ""Smoker"", ""Stroke"", ""HeartDiseaseorAttack"", ""PhysActivity"", ""Fruits"", ""Veggies"", ""HvyAlcoholConsump"", ""AnyHealthcare"", ""NoDocbcCost"", ""GenHlth"", ""MentHlth"", ""PhysHlth"", ""DiffWalk"", ""Sex"", ""Age"", ""Education"", ""Income"", ""id""], ""data"": [[64422, 1.0, 1.0, 1.0, 33.0, 0.0, 0.0, 0.0, 1.0, 1.0, 1.0, 0.0, 1.0, 0.0, 2.0, 0.0, 0.0, 0.0, 0.0, 10.0, 4.0, 4.0, 64422], [64423, 1.0, 1.0, 1.0, 33.0, 1.0, 0.0, 1.0, 1.0, 0.0, 0.0, 0.0, 1.0, 0.0, 5.0, 4.0, 30.0, 1.0, 0.0, 10.0, 4.0, 2.0, 64423], [64424, 1.0, 1.0, 1.0, 42.0, 1.0, 1.0, 1.0, 0.0, 0.0, 0.0, 0.0, 1.0, 0.0, 5.0, 0.0, 5.0, 1.0, 0.0, 10.0, 4.0, 4.0, 64424], [64425, 0.0, 0.0, 1.0, 38.0, 0.0, 0.0, 0.0, 1.0, 0.0, 0.0, 0.0, 1.0, 0.0, 4.0, 0.0, 30.0, 0.0, 1.0, 11.0, 4.0, 4.0, 64425], [64426, 1.0, 1.0, 1.0, 28.0, 0.0, 0.0, 0.0, 1.0, 1.0, 1.0, 0.0, 1.0, 0.0, 3.0, 0.0, 0.0, 0.0, 1.0, 11.0, 6.0, 8.0, 64426], [64428, 1.0, 1.0, 1.0, 37.0, 1.0, 0.0, 0.0, 1.0, 1.0, 1.0, 0.0, 1.0, 0.0, 4.0, 0.0, 7.0, 0.0, 0.0, 10.0, 6.0, 6.0, 64428], [64431, 1.0, 0.0, 1.0, 29.0, 0.0, 0.0, 0.0, 1.0, 1.0, 1.0, 0.0, 1.0, 0.0, 2.0, 0.0, 0.0, 0.0, 0.0, 11.0, 6.0, 7.0, 64431], [64434, 1.0, 1.0, 1.0, 32.0, 1.0, 0.0, 1.0, 0.0, 0.0, 1.0, 0.0, 1.0, 0.0, 3.0, 0.0, 0.0, 0.0, 1.0, 10.0, 6.0, 8.0, 64434], [64435, 0.0, 1.0, 1.0, 25.0, 1.0, 0.0, 0.0, 1.0, 0.0, 1.0, 0.0, 1.0, 0.0, 2.0, 0.0, 1.0, 0.0, 1.0, 11.0, 6.0, 8.0, 64435], [64436, 1.0, 1.0, 1.0, 41.0, 0.0, 0.0, 0.0, 0.0, 0.0, 0.0, 0.0, 1.0, 0.0, 3.0, 0.0, 30.0, 1.0, 1.0, 10.0, 5.0, 4.0, 64436]]}}","{""predictions"": [0.0, 1.0, 1.0, 1.0, 1.0, 1.0, 0.0, 1.0, 0.0, 1.0]}",1,"{""model_name"":""demo_faddadbfcefc_model_monitor.ws_3551974319838082.diabetes_mo"",""endpoint_name"":""anupriya-malik-databricks-com_ML_AS04_Demo_3b"",""model_version"":""1""}"
null,ffbcd3f7-2a05-4be2-ba95-0e62a05fed04,2024-09-28,1727528591736,200,5,"{""dataframe_split"": {""index"": [26540, 26541, 26542, 26543, 26544, 26545, 26546, 26547, 26548, 26549], ""columns"": [""index"", ""HighBP"", ""HighChol"", ""CholCheck"", ""BMI"", ""Smoker"", ""Stroke"", ""HeartDiseaseorAttack"", ""PhysActivity"", ""Fruits"", ""Veggies"", ""HvyAlcoholConsump"", ""AnyHealthcare"", ""NoDocbcCost"", ""GenHlth"", ""MentHlth"", ""PhysHlth"", ""DiffWalk"", ""Sex"", ""Age"", ""Education"", ""Income"", ""id""], ""data"": [[64437, 1.0, 1.0, 1.0, 23.0, 1.0, 1.0, 1.0, 0.0, 0.0, 1.0, 0.0, 1.0, 0.0, 3.0, 0.0, 5.0, 1.0, 1.0, 13.0, 2.0, 7.0, 64437], [64439, 1.0, 1.0, 1.0, 40.0, 0.0, 0.0, 0.0, 0.0, 1.0, 1.0, 0.0, 1.0, 0.0, 4.0, 0.0, 4.0, 1.0, 0.0, 10.0, 5.0, 6.0, 64439], [64440, 1.0, 0.0, 1.0, 34.0, 1.0, 0.0, 1.0, 0.0, 0.0, 0.0, 0.0, 1.0, 0.0, 3.0, 5.0, 0.0, 1.0, 1.0, 11.0, 6.0, 8.0, 64440], [64443, 1.0, 1.0, 1.0, 23.0, 1.0, 0.0, 0.0, 1.0, 1.0, 1.0, 0.0, 1.0, 0.0, 1.0, 2.0, 3.0, 0.0, 0.0, 12.0, 6.0, 8.0, 64443], [64447, 1.0, 0.0, 1.0, 27.0, 0.0, 0.0, 0.0, 1.0, 0.0, 1.0, 0.0, 1.0, 0.0, 3.0, 0.0, 21.0, 0.0, 1.0, 13.0, 5.0, 8.0, 64447], [64450, 1.0, 1.0, 1.0, 24.0, 1.0, 1.0, 0.0, 1.0, 1.0, 1.0, 0.0, 1.0, 0.0, 2.0, 0.0, 0.0, 0.0, 1.0, 10.0, 6.0, 7.0, 64450], [64451, 1.0, 1.0, 1.0, 31.0, 0.0, 0.0, 0.0, 1.0, 0.0, 1.0, 0.0, 1.0, 0.0, 4.0, 3.0, 28.0, 0.0, 1.0, 10.0, 6.0, 6.0, 64451], [64452, 1.0, 1.0, 1.0, 20.0, 0.0, 0.0, 0.0, 1.0, 1.0, 1.0, 0.0, 1.0, 0.0, 3.0, 1.0, 2.0, 0.0, 0.0, 12.0, 5.0, 5.0, 64452], [64453, 1.0, 1.0, 1.0, 27.0, 0.0, 0.0, 1.0, 1.0, 0.0, 1.0, 0.0, 1.0, 0.0, 5.0, 0.0, 30.0, 1.0, 0.0, 11.0, 4.0, 4.0, 64453], [64454, 0.0, 1.0, 1.0, 32.0, 0.0, 0.0, 0.0, 1.0, 0.0, 1.0, 0.0, 1.0, 0.0, 4.0, 0.0, 5.0, 1.0, 0.0, 10.0, 4.0, 1.0, 64454]]}}","{""predictions"": [1.0, 1.0, 0.0, 0.0, 1.0, 1.0, 1.0, 1.0, 0.0, 1.0]}",1,"{""model_name"":""demo_faddadbfcefc_model_monitor.ws_3551974319838082.diabetes_mo"",""endpoint_name"":""anupriya-malik-databricks-com_ML_AS04_Demo_3b"",""model_version"":""1""}"
null,5074f0e3-4c96-4427-99e6-e9840ff382db,2024-09-28,1727528592423,200,8,"{""dataframe_split"": {""index"": [26740, 26741, 26742, 26743, 26744, 26745, 26746, 26747, 26748, 26749], ""columns"": [""index"", ""HighBP"", ""HighChol"", ""CholCheck"", ""BMI"", ""Smoker"", ""Stroke"", ""HeartDiseaseorAttack"", ""PhysActivity"", ""Fruits"", ""Veggies"", ""HvyAlcoholConsump"", ""AnyHealthcare"", ""NoDocbcCost"", ""GenHlth"", ""MentHlth"", ""PhysHlth"", ""DiffWalk"", ""Sex"", ""Age"", ""Education"", ""Income"", ""id""], ""data"": [[64789, 1.0, 1.0, 1.0, 31.0, 0.0, 1.0, 1.0, 0.0, 1.0, 1.0, 0.0, 1.0, 0.0, 5.0, 20.0, 0.0, 1.0, 0.0, 12.0, 4.0, 2.0, 64789], [64790, 1.0, 1.0, 1.0, 28.0, 1.0, 0.0, 0.0, 1.0, 0.0, 1.0, 0.0, 1.0, 0.0, 1.0, 0.0, 0.0, 0.0, 1.0, 12.0, 6.0, 7.0, 64790], [64792, 1.0, 0.0, 1.0, 32.0, 1.0, 0.0, 0.0, 0.0, 0.0, 1.0, 0.0, 1.0, 0.0, 5.0, 0.0, 28.0, 1.0, 0.0, 11.0, 6.0, 5.0, 64792], [64794, 1.0, 1.0, 1.0, 21.0, 0.0, 0.0, 1.0, 1.0, 1.0, 1.0, 0.0, 1.0, 0.0, 2.0, 0.0, 0.0, 1.0, 0.0, 12.0, 6.0, 5.0, 64794], [64799, 1.0, 1.0, 1.0, 38.0, 1.0, 0.0, 0.0, 1.0, 1.0, 1.0, 0.0, 1.0, 0.0, 3.0, 0.0, 0.0, 0.0, 0.0, 11.0, 4.0, 6.0, 64799], [64801, 1.0, 1.0, 1.0, 27.0, 0.0, 0.0, 0.0, 1.0, 1.0, 0.0, 0.0, 1.0, 0.0, 3.0, 0.0, 0.0, 0.0, 1.0, 13.0, 3.0, 3.0, 64801], [64802, 1.0, 1.0, 1.0, 48.0, 1.0, 1.0, 1.0, 0.0, 1.0, 1.0, 0.0, 1.0, 0.0, 5.0, 4.0, 20.0, 1.0, 1.0, 10.0, 6.0, 5.0, 64802], [64804, 0.0, 0.0, 1.0, 32.0, 0.0, 0.0, 0.0, 1.0, 1.0, 1.0, 0.0, 1.0, 0.0, 3.0, 0.0, 0.0, 1.0, 0.0, 10.0, 5.0, 8.0, 64804], [64805, 1.0, 0.0, 1.0, 50.0, 0.0, 0.0, 0.0, 1.0, 0.0, 1.0, 0.0, 1.0, 0.0, 3.0, 0.0, 30.0, 1.0, 1.0, 10.0, 4.0, 5.0, 64805], [64806, 1.0, 0.0, 1.0, 23.0, 0.0, 0.0, 0.0, 1.0, 1.0, 1.0, 0.0, 1.0, 0.0, 3.0, 0.0, 1.0, 0.0, 0.0, 12.0, 5.0, 6.0, 64806]]}}","{""predictions"": [1.0, 1.0, 0.0, 0.0, 1.0, 1.0, 1.0, 0.0, 1.0, 0.0]}",1,"{""model_name"":""demo_faddadbfcefc_model_monitor.ws_3551974319838082.diabetes_mo"",""endpoint_name"":""anupriya-malik-databricks-com_ML_AS04_Demo_3b"",""model_version"":""1""}"
null,26fe1724-42c2-4aa2-a8f5-ecb3e5c76b44,2024-09-28,1727528592482,200,5,"{""dataframe_split"": {""index"": [26760, 26761, 26762, 26763, 26764, 26765, 26766, 26767, 26768, 26769], ""columns"": [""index"", ""HighBP"", ""HighChol"", ""CholCheck"", ""BMI"", ""Smoker"", ""Stroke"", ""HeartDiseaseorAttack"", ""PhysActivity"", ""Fruits"", ""Veggies"", ""HvyAlcoholConsump"", ""AnyHealthcare"", ""NoDocbcCost"", ""GenHlth"", ""MentHlth"", ""PhysHlth"", ""DiffWalk"", ""Sex"", ""Age"", ""Education"", ""Income"", ""id""], ""data"": [[64824, 1.0, 1.0, 1.0, 27.0, 0.0, 0.0, 1.0, 1.0, 1.0, 1.0, 0.0, 1.0, 0.0, 2.0, 0.0, 0.0, 0.0, 1.0, 12.0, 6.0, 4.0, 64824], [64826, 1.0, 1.0, 1.0, 44.0, 0.0, 0.0, 0.0, 0.0, 0.0, 1.0, 0.0, 1.0, 0.0, 3.0, 0.0, 16.0, 1.0, 0.0, 11.0, 4.0, 5.0, 64826], [64827, 1.0, 0.0, 1.0, 42.0, 1.0, 0.0, 0.0, 0.0, 0.0, 1.0, 0.0, 1.0, 0.0, 5.0, 4.0, 30.0, 1.0, 0.0, 10.0, 5.0, 8.0, 64827], [64828, 0.0, 1.0, 1.0, 26.0, 0.0, 0.0, 0.0, 1.0, 1.0, 1.0, 0.0, 1.0, 0.0, 2.0, 0.0, 2.0, 0.0, 0.0, 10.0, 6.0, 8.0, 64828], [64830, 1.0, 1.0, 1.0, 33.0, 1.0, 0.0, 0.0, 0.0, 1.0, 1.0, 0.0, 1.0, 0.0, 4.0, 0.0, 30.0, 1.0, 1.0, 13.0, 6.0, 8.0, 64830], [64831, 1.0, 1.0, 1.0, 29.0, 1.0, 0.0, 1.0, 1.0, 0.0, 1.0, 0.0, 1.0, 0.0, 2.0, 0.0, 0.0, 0.0, 0.0, 11.0, 4.0, 7.0, 64831], [64833, 1.0, 1.0, 1.0, 28.0, 1.0, 0.0, 1.0, 1.0, 1.0, 1.0, 0.0, 1.0, 1.0, 4.0, 0.0, 2.0, 0.0, 1.0, 10.0, 5.0, 8.0, 64833], [64835, 1.0, 0.0, 1.0, 26.0, 0.0, 0.0, 0.0, 1.0, 1.0, 0.0, 0.0, 1.0, 0.0, 3.0, 0.0, 0.0, 0.0, 0.0, 12.0, 4.0, 5.0, 64835], [64837, 0.0, 1.0, 1.0, 36.0, 0.0, 0.0, 0.0, 0.0, 1.0, 1.0, 0.0, 1.0, 0.0, 3.0, 0.0, 0.0, 0.0, 0.0, 10.0, 6.0, 6.0, 64837], [64840, 1.0, 1.0, 1.0, 27.0, 0.0, 0.0, 1.0, 1.0, 1.0, 0.0, 0.0, 1.0, 0.0, 3.0, 0.0, 0.0, 0.0, 1.0, 12.0, 6.0, 6.0, 64840]]}}","{""predictions"": [1.0, 1.0, 1.0, 0.0, 1.0, 1.0, 1.0, 1.0, 1.0, 0.0]}",1,"{""model_name"":""demo_faddadbfcefc_model_monitor.ws_3551974319838082.diabetes_mo"",""endpoint_name"":""anupriya-malik-databricks-com_ML_AS04_Demo_3b"",""model_version"":""1""}"
null,346a3314-7c50-46df-ac66-90ec37b77dfe,2024-09-28,1727528592513,200,5,"{""dataframe_split"": {""index"": [26770, 26771, 26772, 26773, 26774, 26775, 26776, 26777, 26778, 26779], ""columns"": [""index"", ""HighBP"", ""HighChol"", ""CholCheck"", ""BMI"", ""Smoker"", ""Stroke"", ""HeartDiseaseorAttack"", ""PhysActivity"", ""Fruits"", ""Veggies"", ""HvyAlcoholConsump"", ""AnyHealthcare"", ""NoDocbcCost"", ""GenHlth"", ""MentHlth"", ""PhysHlth"", ""DiffWalk"", ""Sex"", ""Age"", ""Education"", ""Income"", ""id""], ""data"": [[64841, 0.0, 1.0, 1.0, 24.0, 0.0, 0.0, 0.0, 0.0, 1.0, 1.0, 0.0, 1.0, 0.0, 4.0, 4.0, 0.0, 0.0, 0.0, 11.0, 3.0, 1.0, 64841], [64844, 1.0, 1.0, 1.0, 26.0, 0.0, 0.0, 0.0, 0.0, 1.0, 1.0, 0.0, 1.0, 0.0, 3.0, 0.0, 0.0, 1.0, 1.0, 12.0, 5.0, 4.0, 64844], [64845, 1.0, 1.0, 1.0, 25.0, 0.0, 0.0, 0.0, 1.0, 0.0, 1.0, 0.0, 1.0, 0.0, 5.0, 15.0, 20.0, 1.0, 1.0, 10.0, 5.0, 7.0, 64845], [64846, 1.0, 1.0, 1.0, 44.0, 0.0, 0.0, 1.0, 0.0, 1.0, 1.0, 0.0, 1.0, 0.0, 4.0, 0.0, 30.0, 1.0, 0.0, 10.0, 5.0, 8.0, 64846], [64848, 1.0, 1.0, 1.0, 28.0, 1.0, 0.0, 1.0, 1.0, 1.0, 1.0, 0.0, 1.0, 1.0, 3.0, 0.0, 0.0, 0.0, 0.0, 11.0, 3.0, 1.0, 64848], [64850, 1.0, 1.0, 1.0, 21.0, 1.0, 0.0, 1.0, 1.0, 1.0, 1.0, 0.0, 1.0, 0.0, 3.0, 0.0, 3.0, 1.0, 0.0, 10.0, 2.0, 2.0, 64850], [64851, 1.0, 0.0, 1.0, 33.0, 0.0, 0.0, 0.0, 1.0, 1.0, 1.0, 0.0, 1.0, 0.0, 4.0, 0.0, 8.0, 0.0, 0.0, 11.0, 4.0, 1.0, 64851], [64852, 1.0, 1.0, 1.0, 40.0, 1.0, 0.0, 1.0, 1.0, 1.0, 1.0, 0.0, 1.0, 0.0, 5.0, 0.0, 0.0, 1.0, 1.0, 10.0, 4.0, 4.0, 64852], [64853, 1.0, 0.0, 1.0, 34.0, 0.0, 0.0, 1.0, 1.0, 1.0, 1.0, 0.0, 1.0, 0.0, 4.0, 0.0, 3.0, 0.0, 0.0, 11.0, 5.0, 4.0, 64853], [64854, 0.0, 0.0, 1.0, 34.0, 1.0, 1.0, 0.0, 1.0, 0.0, 1.0, 0.0, 0.0, 0.0, 1.0, 0.0, 0.0, 1.0, 1.0, 12.0, 4.0, 5.0, 64854]]}}","{""predictions"": [0.0, 0.0, 1.0, 1.0, 1.0, 1.0, 1.0, 1.0, 1.0, 0.0]}",1,"{""model_name"":""demo_faddadbfcefc_model_monitor.ws_3551974319838082.diabetes_mo"",""endpoint_name"":""anupriya-malik-databricks-com_ML_AS04_Demo_3b"",""model_version"":""1""}"
null,7aed58ad-ddf3-494c-ad60-d87338fae0c6,2024-09-28,1727528592630,200,5,"{""dataframe_split"": {""index"": [26810, 26811, 26812, 26813, 26814, 26815, 26816, 26817, 26818, 26819], ""columns"": [""index"", ""HighBP"", ""HighChol"", ""CholCheck"", ""BMI"", ""Smoker"", ""Stroke"", ""HeartDiseaseorAttack"", ""PhysActivity"", ""Fruits"", ""Veggies"", ""HvyAlcoholConsump"", ""AnyHealthcare"", ""NoDocbcCost"", ""GenHlth"", ""MentHlth"", ""PhysHlth"", ""DiffWalk"", ""Sex"", ""Age"", ""Education"", ""Income"", ""id""], ""data"": [[64897, 1.0, 1.0, 1.0, 27.0, 0.0, 0.0, 1.0, 0.0, 1.0, 1.0, 0.0, 1.0, 0.0, 4.0, 0.0, 5.0, 0.0, 0.0, 12.0, 3.0, 4.0, 64897], [64899, 0.0, 1.0, 1.0, 21.0, 1.0, 0.0, 0.0, 0.0, 0.0, 0.0, 0.0, 1.0, 0.0, 3.0, 0.0, 0.0, 0.0, 0.0, 13.0, 4.0, 3.0, 64899], [64901, 1.0, 1.0, 1.0, 41.0, 1.0, 0.0, 0.0, 0.0, 0.0, 1.0, 0.0, 1.0, 0.0, 2.0, 4.0, 3.0, 0.0, 0.0, 10.0, 6.0, 5.0, 64901], [64902, 0.0, 0.0, 1.0, 29.0, 0.0, 0.0, 0.0, 1.0, 0.0, 1.0, 0.0, 1.0, 0.0, 4.0, 0.0, 10.0, 1.0, 0.0, 13.0, 4.0, 4.0, 64902], [64903, 0.0, 0.0, 1.0, 27.0, 0.0, 0.0, 0.0, 1.0, 0.0, 0.0, 0.0, 1.0, 0.0, 2.0, 0.0, 0.0, 0.0, 1.0, 12.0, 5.0, 7.0, 64903], [64904, 1.0, 0.0, 1.0, 30.0, 0.0, 0.0, 1.0, 1.0, 1.0, 0.0, 0.0, 1.0, 0.0, 4.0, 0.0, 0.0, 1.0, 0.0, 11.0, 3.0, 3.0, 64904], [64906, 1.0, 0.0, 1.0, 52.0, 0.0, 0.0, 0.0, 0.0, 1.0, 1.0, 0.0, 1.0, 0.0, 5.0, 0.0, 30.0, 1.0, 0.0, 10.0, 3.0, 5.0, 64906], [64910, 1.0, 1.0, 1.0, 31.0, 1.0, 0.0, 0.0, 0.0, 0.0, 1.0, 0.0, 1.0, 0.0, 4.0, 20.0, 30.0, 1.0, 0.0, 11.0, 4.0, 5.0, 64910], [64913, 1.0, 0.0, 1.0, 32.0, 0.0, 0.0, 0.0, 0.0, 1.0, 1.0, 0.0, 1.0, 0.0, 3.0, 0.0, 0.0, 0.0, 0.0, 13.0, 6.0, 7.0, 64913], [64916, 1.0, 1.0, 1.0, 31.0, 1.0, 0.0, 0.0, 0.0, 0.0, 1.0, 0.0, 1.0, 0.0, 4.0, 7.0, 7.0, 0.0, 1.0, 12.0, 4.0, 7.0, 64916]]}}","{""predictions"": [1.0, 1.0, 0.0, 1.0, 0.0, 1.0, 1.0, 1.0, 1.0, 1.0]}",1,"{""model_name"":""demo_faddadbfcefc_model_monitor.ws_3551974319838082.diabetes_mo"",""endpoint_name"":""anupriya-malik-databricks-com_ML_AS04_Demo_3b"",""model_version"":""1""}"
null,be395708-7b71-4811-a38c-880ecf10c79b,2024-09-28,1727528592659,200,5,"{""dataframe_split"": {""index"": [26820, 26821, 26822, 26823, 26824, 26825, 26826, 26827, 26828, 26829], ""columns"": [""index"", ""HighBP"", ""HighChol"", ""CholCheck"", ""BMI"", ""Smoker"", ""Stroke"", ""HeartDiseaseorAttack"", ""PhysActivity"", ""Fruits"", ""Veggies"", ""HvyAlcoholConsump"", ""AnyHealthcare"", ""NoDocbcCost"", ""GenHlth"", ""MentHlth"", ""PhysHlth"", ""DiffWalk"", ""Sex"", ""Age"", ""Education"", ""Income"", ""id""], ""data"": [[64917, 0.0, 0.0, 1.0, 21.0, 0.0, 0.0, 0.0, 1.0, 0.0, 0.0, 0.0, 0.0, 0.0, 1.0, 0.0, 0.0, 0.0, 0.0, 11.0, 5.0, 1.0, 64917], [64921, 1.0, 1.0, 1.0, 31.0, 1.0, 0.0, 1.0, 1.0, 0.0, 1.0, 0.0, 1.0, 0.0, 1.0, 0.0, 0.0, 0.0, 0.0, 13.0, 3.0, 2.0, 64921], [64923, 1.0, 1.0, 1.0, 37.0, 0.0, 0.0, 0.0, 0.0, 0.0, 0.0, 0.0, 1.0, 1.0, 5.0, 0.0, 25.0, 1.0, 0.0, 10.0, 4.0, 1.0, 64923], [64925, 1.0, 1.0, 1.0, 35.0, 1.0, 1.0, 0.0, 1.0, 0.0, 0.0, 0.0, 1.0, 1.0, 3.0, 7.0, 3.0, 1.0, 1.0, 10.0, 4.0, 2.0, 64925], [64926, 1.0, 1.0, 1.0, 21.0, 0.0, 0.0, 0.0, 0.0, 1.0, 1.0, 0.0, 1.0, 0.0, 3.0, 0.0, 0.0, 0.0, 0.0, 11.0, 4.0, 4.0, 64926], [64927, 1.0, 1.0, 1.0, 24.0, 0.0, 0.0, 0.0, 1.0, 0.0, 1.0, 0.0, 1.0, 0.0, 2.0, 0.0, 0.0, 0.0, 0.0, 11.0, 4.0, 5.0, 64927], [64928, 1.0, 1.0, 1.0, 28.0, 1.0, 0.0, 1.0, 0.0, 1.0, 1.0, 0.0, 1.0, 0.0, 5.0, 30.0, 30.0, 1.0, 0.0, 12.0, 5.0, 2.0, 64928], [64929, 1.0, 1.0, 1.0, 30.0, 0.0, 1.0, 0.0, 1.0, 1.0, 0.0, 0.0, 1.0, 0.0, 2.0, 0.0, 2.0, 0.0, 1.0, 11.0, 5.0, 8.0, 64929], [64931, 1.0, 1.0, 1.0, 23.0, 0.0, 0.0, 0.0, 0.0, 1.0, 1.0, 0.0, 1.0, 0.0, 4.0, 0.0, 30.0, 1.0, 1.0, 12.0, 6.0, 7.0, 64931], [64933, 1.0, 0.0, 1.0, 42.0, 0.0, 0.0, 0.0, 0.0, 0.0, 1.0, 0.0, 1.0, 0.0, 4.0, 3.0, 5.0, 1.0, 0.0, 12.0, 5.0, 3.0, 64933]]}}","{""predictions"": [0.0, 0.0, 1.0, 0.0, 1.0, 1.0, 1.0, 1.0, 0.0, 1.0]}",1,"{""model_name"":""demo_faddadbfcefc_model_monitor.ws_3551974319838082.diabetes_mo"",""endpoint_name"":""anupriya-malik-databricks-com_ML_AS04_Demo_3b"",""model_version"":""1""}"
null,9c4255b6-a6b7-4b72-9035-bcc1926575a9,2024-09-28,1727528592688,200,4,"{""dataframe_split"": {""index"": [26830, 26831, 26832, 26833, 26834, 26835, 26836, 26837, 26838, 26839], ""columns"": [""index"", ""HighBP"", ""HighChol"", ""CholCheck"", ""BMI"", ""Smoker"", ""Stroke"", ""HeartDiseaseorAttack"", ""PhysActivity"", ""Fruits"", ""Veggies"", ""HvyAlcoholConsump"", ""AnyHealthcare"", ""NoDocbcCost"", ""GenHlth"", ""MentHlth"", ""PhysHlth"", ""DiffWalk"", ""Sex"", ""Age"", ""Education"", ""Income"", ""id""], ""data"": [[64935, 1.0, 1.0, 1.0, 27.0, 1.0, 0.0, 0.0, 1.0, 0.0, 1.0, 0.0, 0.0, 0.0, 3.0, 0.0, 0.0, 1.0, 1.0, 12.0, 5.0, 6.0, 64935], [64938, 1.0, 1.0, 1.0, 37.0, 1.0, 0.0, 0.0, 0.0, 1.0, 0.0, 0.0, 1.0, 0.0, 3.0, 0.0, 0.0, 1.0, 1.0, 11.0, 6.0, 8.0, 64938], [64940, 0.0, 1.0, 1.0, 29.0, 1.0, 0.0, 0.0, 0.0, 1.0, 1.0, 0.0, 1.0, 0.0, 4.0, 0.0, 20.0, 0.0, 0.0, 12.0, 6.0, 4.0, 64940], [64942, 1.0, 1.0, 1.0, 43.0, 0.0, 0.0, 0.0, 0.0, 1.0, 0.0, 0.0, 1.0, 0.0, 2.0, 0.0, 30.0, 0.0, 0.0, 11.0, 5.0, 7.0, 64942], [64943, 1.0, 1.0, 1.0, 27.0, 1.0, 0.0, 0.0, 1.0, 0.0, 1.0, 0.0, 1.0, 0.0, 2.0, 0.0, 0.0, 0.0, 1.0, 12.0, 6.0, 8.0, 64943], [64944, 1.0, 1.0, 1.0, 32.0, 0.0, 0.0, 1.0, 1.0, 1.0, 1.0, 0.0, 1.0, 0.0, 3.0, 0.0, 0.0, 0.0, 1.0, 10.0, 6.0, 8.0, 64944], [64945, 1.0, 1.0, 1.0, 28.0, 0.0, 0.0, 0.0, 1.0, 0.0, 1.0, 0.0, 0.0, 0.0, 3.0, 0.0, 0.0, 0.0, 0.0, 11.0, 2.0, 1.0, 64945], [64948, 1.0, 0.0, 1.0, 32.0, 0.0, 0.0, 0.0, 0.0, 0.0, 0.0, 0.0, 1.0, 0.0, 4.0, 0.0, 30.0, 1.0, 0.0, 13.0, 6.0, 6.0, 64948], [64949, 0.0, 1.0, 1.0, 29.0, 1.0, 0.0, 0.0, 1.0, 0.0, 1.0, 0.0, 1.0, 0.0, 3.0, 0.0, 0.0, 0.0, 0.0, 10.0, 3.0, 1.0, 64949], [64951, 0.0, 1.0, 1.0, 31.0, 1.0, 0.0, 0.0, 1.0, 0.0, 1.0, 0.0, 1.0, 0.0, 3.0, 5.0, 2.0, 0.0, 0.0, 10.0, 6.0, 8.0, 64951]]}}","{""predictions"": [0.0, 1.0, 0.0, 0.0, 0.0, 1.0, 1.0, 0.0, 0.0, 1.0]}",1,"{""model_name"":""demo_faddadbfcefc_model_monitor.ws_3551974319838082.diabetes_mo"",""endpoint_name"":""anupriya-malik-databricks-com_ML_AS04_Demo_3b"",""model_version"":""1""}"
null,ee4e0983-86b1-4b78-bc6f-818283291836,2024-09-28,1727528592718,200,5,"{""dataframe_split"": {""index"": [26840, 26841, 26842, 26843, 26844, 26845, 26846, 26847, 26848, 26849], ""columns"": [""index"", ""HighBP"", ""HighChol"", ""CholCheck"", ""BMI"", ""Smoker"", ""Stroke"", ""HeartDiseaseorAttack"", ""PhysActivity"", ""Fruits"", ""Veggies"", ""HvyAlcoholConsump"", ""AnyHealthcare"", ""NoDocbcCost"", ""GenHlth"", ""MentHlth"", ""PhysHlth"", ""DiffWalk"", ""Sex"", ""Age"", ""Education"", ""Income"", ""id""], ""data"": [[64953, 0.0, 1.0, 1.0, 21.0, 0.0, 0.0, 0.0, 1.0, 1.0, 1.0, 0.0, 1.0, 0.0, 3.0, 0.0, 0.0, 0.0, 0.0, 11.0, 4.0, 6.0, 64953], [64954, 1.0, 1.0, 1.0, 36.0, 1.0, 0.0, 0.0, 0.0, 0.0, 1.0, 0.0, 1.0, 0.0, 5.0, 15.0, 15.0, 1.0, 1.0, 11.0, 3.0, 1.0, 64954], [64956, 1.0, 1.0, 1.0, 21.0, 1.0, 0.0, 0.0, 0.0, 0.0, 0.0, 0.0, 1.0, 0.0, 4.0, 10.0, 7.0, 0.0, 0.0, 13.0, 2.0, 1.0, 64956], [64958, 1.0, 0.0, 1.0, 40.0, 1.0, 0.0, 0.0, 0.0, 0.0, 0.0, 0.0, 1.0, 0.0, 3.0, 1.0, 0.0, 0.0, 0.0, 10.0, 5.0, 5.0, 64958], [64959, 1.0, 1.0, 1.0, 29.0, 0.0, 0.0, 0.0, 1.0, 1.0, 1.0, 0.0, 1.0, 0.0, 3.0, 0.0, 0.0, 0.0, 1.0, 10.0, 6.0, 7.0, 64959], [64960, 1.0, 0.0, 1.0, 29.0, 1.0, 0.0, 0.0, 1.0, 0.0, 0.0, 0.0, 1.0, 0.0, 3.0, 0.0, 3.0, 0.0, 1.0, 10.0, 3.0, 2.0, 64960], [64961, 1.0, 1.0, 1.0, 29.0, 0.0, 0.0, 1.0, 1.0, 1.0, 1.0, 0.0, 1.0, 0.0, 3.0, 0.0, 0.0, 1.0, 0.0, 13.0, 6.0, 6.0, 64961], [64962, 1.0, 1.0, 1.0, 29.0, 0.0, 0.0, 0.0, 0.0, 1.0, 1.0, 0.0, 1.0, 0.0, 3.0, 0.0, 0.0, 1.0, 0.0, 13.0, 4.0, 6.0, 64962], [64963, 1.0, 0.0, 1.0, 30.0, 1.0, 0.0, 0.0, 1.0, 1.0, 0.0, 0.0, 1.0, 0.0, 3.0, 0.0, 0.0, 0.0, 1.0, 10.0, 4.0, 5.0, 64963], [64964, 1.0, 1.0, 1.0, 25.0, 1.0, 0.0, 0.0, 1.0, 0.0, 1.0, 0.0, 1.0, 0.0, 3.0, 0.0, 0.0, 0.0, 1.0, 10.0, 5.0, 6.0, 64964]]}}","{""predictions"": [0.0, 1.0, 0.0, 1.0, 0.0, 0.0, 0.0, 0.0, 1.0, 0.0]}",1,"{""model_name"":""demo_faddadbfcefc_model_monitor.ws_3551974319838082.diabetes_mo"",""endpoint_name"":""anupriya-malik-databricks-com_ML_AS04_Demo_3b"",""model_version"":""1""}"
null,bea30f21-3797-4d4e-aa00-488f21f3c031,2024-09-28,1727528593137,200,5,"{""dataframe_split"": {""index"": [26980, 26981, 26982, 26983, 26984, 26985, 26986, 26987, 26988, 26989], ""columns"": [""index"", ""HighBP"", ""HighChol"", ""CholCheck"", ""BMI"", ""Smoker"", ""Stroke"", ""HeartDiseaseorAttack"", ""PhysActivity"", ""Fruits"", ""Veggies"", ""HvyAlcoholConsump"", ""AnyHealthcare"", ""NoDocbcCost"", ""GenHlth"", ""MentHlth"", ""PhysHlth"", ""DiffWalk"", ""Sex"", ""Age"", ""Education"", ""Income"", ""id""], ""data"": [[65181, 0.0, 1.0, 1.0, 28.0, 1.0, 1.0, 1.0, 1.0, 0.0, 1.0, 0.0, 1.0, 1.0, 2.0, 0.0, 2.0, 0.0, 0.0, 11.0, 2.0, 5.0, 65181], [65184, 0.0, 1.0, 1.0, 25.0, 1.0, 0.0, 0.0, 1.0, 0.0, 1.0, 1.0, 1.0, 0.0, 2.0, 0.0, 5.0, 1.0, 0.0, 11.0, 4.0, 6.0, 65184], [65185, 1.0, 0.0, 1.0, 38.0, 1.0, 1.0, 0.0, 1.0, 1.0, 0.0, 0.0, 1.0, 0.0, 4.0, 0.0, 4.0, 0.0, 1.0, 10.0, 6.0, 8.0, 65185], [65187, 0.0, 1.0, 1.0, 27.0, 1.0, 0.0, 0.0, 1.0, 0.0, 0.0, 0.0, 1.0, 1.0, 4.0, 0.0, 30.0, 0.0, 1.0, 13.0, 4.0, 2.0, 65187], [65189, 1.0, 1.0, 1.0, 28.0, 0.0, 0.0, 0.0, 0.0, 0.0, 0.0, 0.0, 1.0, 0.0, 4.0, 3.0, 30.0, 0.0, 0.0, 10.0, 6.0, 6.0, 65189], [65190, 1.0, 0.0, 1.0, 30.0, 1.0, 0.0, 0.0, 1.0, 1.0, 1.0, 0.0, 1.0, 0.0, 2.0, 0.0, 0.0, 1.0, 1.0, 10.0, 6.0, 7.0, 65190], [65194, 1.0, 1.0, 1.0, 34.0, 0.0, 0.0, 1.0, 0.0, 0.0, 1.0, 0.0, 1.0, 1.0, 3.0, 0.0, 0.0, 0.0, 0.0, 10.0, 5.0, 3.0, 65194], [65197, 1.0, 1.0, 1.0, 38.0, 1.0, 0.0, 0.0, 1.0, 0.0, 1.0, 1.0, 1.0, 0.0, 4.0, 0.0, 0.0, 1.0, 1.0, 11.0, 4.0, 7.0, 65197], [65198, 1.0, 1.0, 1.0, 23.0, 1.0, 0.0, 0.0, 0.0, 0.0, 0.0, 0.0, 1.0, 0.0, 3.0, 0.0, 0.0, 0.0, 0.0, 13.0, 4.0, 5.0, 65198], [65203, 0.0, 1.0, 1.0, 32.0, 1.0, 0.0, 0.0, 1.0, 0.0, 1.0, 0.0, 1.0, 0.0, 2.0, 0.0, 0.0, 0.0, 1.0, 12.0, 6.0, 8.0, 65203]]}}","{""predictions"": [1.0, 1.0, 1.0, 1.0, 0.0, 1.0, 1.0, 1.0, 0.0, 0.0]}",1,"{""model_name"":""demo_faddadbfcefc_model_monitor.ws_3551974319838082.diabetes_mo"",""endpoint_name"":""anupriya-malik-databricks-com_ML_AS04_Demo_3b"",""model_version"":""1""}"
null,41ebe64d-2fb3-4a43-9bac-1da7c0addc9a,2024-09-28,1727528593166,200,5,"{""dataframe_split"": {""index"": [26990, 26991, 26992, 26993, 26994, 26995, 26996, 26997, 26998, 26999], ""columns"": [""index"", ""HighBP"", ""HighChol"", ""CholCheck"", ""BMI"", ""Smoker"", ""Stroke"", ""HeartDiseaseorAttack"", ""PhysActivity"", ""Fruits"", ""Veggies"", ""HvyAlcoholConsump"", ""AnyHealthcare"", ""NoDocbcCost"", ""GenHlth"", ""MentHlth"", ""PhysHlth"", ""DiffWalk"", ""Sex"", ""Age"", ""Education"", ""Income"", ""id""], ""data"": [[65204, 0.0, 1.0, 1.0, 27.0, 0.0, 0.0, 1.0, 1.0, 0.0, 1.0, 0.0, 1.0, 0.0, 2.0, 0.0, 0.0, 0.0, 1.0, 11.0, 4.0, 7.0, 65204], [65206, 1.0, 1.0, 1.0, 34.0, 1.0, 0.0, 0.0, 1.0, 0.0, 1.0, 0.0, 1.0, 0.0, 4.0, 0.0, 0.0, 0.0, 1.0, 10.0, 5.0, 4.0, 65206], [65209, 1.0, 1.0, 1.0, 22.0, 0.0, 0.0, 1.0, 1.0, 1.0, 1.0, 0.0, 1.0, 1.0, 4.0, 0.0, 21.0, 0.0, 0.0, 13.0, 5.0, 4.0, 65209], [65212, 1.0, 1.0, 1.0, 34.0, 1.0, 0.0, 0.0, 1.0, 1.0, 1.0, 0.0, 1.0, 0.0, 5.0, 10.0, 15.0, 1.0, 0.0, 11.0, 4.0, 1.0, 65212], [65216, 0.0, 0.0, 1.0, 39.0, 1.0, 0.0, 0.0, 0.0, 0.0, 1.0, 0.0, 1.0, 0.0, 4.0, 0.0, 0.0, 1.0, 0.0, 10.0, 4.0, 8.0, 65216], [65217, 1.0, 1.0, 1.0, 39.0, 0.0, 0.0, 0.0, 1.0, 1.0, 0.0, 0.0, 1.0, 0.0, 4.0, 15.0, 15.0, 1.0, 0.0, 10.0, 4.0, 6.0, 65217], [65218, 1.0, 0.0, 1.0, 30.0, 0.0, 0.0, 1.0, 1.0, 1.0, 1.0, 0.0, 1.0, 0.0, 2.0, 0.0, 2.0, 0.0, 1.0, 10.0, 6.0, 7.0, 65218], [65219, 1.0, 0.0, 1.0, 24.0, 1.0, 1.0, 0.0, 0.0, 0.0, 1.0, 0.0, 1.0, 0.0, 3.0, 0.0, 0.0, 1.0, 1.0, 13.0, 6.0, 3.0, 65219], [65220, 1.0, 1.0, 1.0, 35.0, 0.0, 0.0, 0.0, 0.0, 0.0, 1.0, 0.0, 1.0, 0.0, 1.0, 10.0, 10.0, 1.0, 0.0, 10.0, 3.0, 2.0, 65220], [65225, 0.0, 1.0, 1.0, 24.0, 0.0, 0.0, 0.0, 1.0, 0.0, 1.0, 0.0, 1.0, 0.0, 1.0, 30.0, 0.0, 0.0, 1.0, 10.0, 4.0, 7.0, 65225]]}}","{""predictions"": [1.0, 1.0, 0.0, 1.0, 1.0, 0.0, 0.0, 1.0, 0.0, 0.0]}",1,"{""model_name"":""demo_faddadbfcefc_model_monitor.ws_3551974319838082.diabetes_mo"",""endpoint_name"":""anupriya-malik-databricks-com_ML_AS04_Demo_3b"",""model_version"":""1""}"
null,98aebab2-172f-4845-af4f-bd2449fdbb48,2024-09-28,1727528593256,200,5,"{""dataframe_split"": {""index"": [27020, 27021, 27022, 27023, 27024, 27025, 27026, 27027, 27028, 27029], ""columns"": [""index"", ""HighBP"", ""HighChol"", ""CholCheck"", ""BMI"", ""Smoker"", ""Stroke"", ""HeartDiseaseorAttack"", ""PhysActivity"", ""Fruits"", ""Veggies"", ""HvyAlcoholConsump"", ""AnyHealthcare"", ""NoDocbcCost"", ""GenHlth"", ""MentHlth"", ""PhysHlth"", ""DiffWalk"", ""Sex"", ""Age"", ""Education"", ""Income"", ""id""], ""data"": [[65290, 1.0, 1.0, 1.0, 24.0, 1.0, 0.0, 1.0, 1.0, 1.0, 1.0, 0.0, 1.0, 0.0, 4.0, 2.0, 0.0, 0.0, 1.0, 11.0, 5.0, 6.0, 65290], [65293, 0.0, 1.0, 1.0, 29.0, 1.0, 0.0, 0.0, 0.0, 1.0, 1.0, 0.0, 1.0, 0.0, 4.0, 0.0, 0.0, 0.0, 1.0, 10.0, 5.0, 8.0, 65293], [65300, 0.0, 1.0, 1.0, 24.0, 1.0, 1.0, 0.0, 0.0, 1.0, 1.0, 0.0, 1.0, 0.0, 3.0, 0.0, 21.0, 0.0, 1.0, 12.0, 4.0, 7.0, 65300], [65306, 1.0, 1.0, 1.0, 27.0, 1.0, 0.0, 1.0, 1.0, 1.0, 1.0, 0.0, 1.0, 0.0, 3.0, 0.0, 5.0, 0.0, 1.0, 11.0, 5.0, 8.0, 65306], [65309, 1.0, 1.0, 1.0, 28.0, 1.0, 0.0, 0.0, 1.0, 0.0, 1.0, 0.0, 1.0, 0.0, 3.0, 0.0, 0.0, 0.0, 1.0, 12.0, 5.0, 7.0, 65309], [65311, 1.0, 0.0, 1.0, 39.0, 0.0, 0.0, 0.0, 1.0, 0.0, 1.0, 0.0, 1.0, 0.0, 3.0, 0.0, 7.0, 0.0, 0.0, 10.0, 6.0, 6.0, 65311], [65313, 1.0, 1.0, 1.0, 24.0, 0.0, 0.0, 0.0, 0.0, 0.0, 0.0, 0.0, 1.0, 0.0, 3.0, 0.0, 15.0, 0.0, 0.0, 12.0, 3.0, 4.0, 65313], [65314, 1.0, 1.0, 1.0, 30.0, 0.0, 1.0, 0.0, 0.0, 0.0, 1.0, 0.0, 1.0, 0.0, 4.0, 0.0, 4.0, 1.0, 1.0, 10.0, 3.0, 5.0, 65314], [65316, 1.0, 1.0, 1.0, 32.0, 1.0, 0.0, 0.0, 1.0, 1.0, 0.0, 0.0, 1.0, 0.0, 4.0, 0.0, 5.0, 1.0, 0.0, 10.0, 5.0, 8.0, 65316], [65317, 1.0, 1.0, 1.0, 31.0, 0.0, 0.0, 0.0, 0.0, 0.0, 1.0, 0.0, 1.0, 0.0, 4.0, 0.0, 30.0, 1.0, 0.0, 12.0, 4.0, 3.0, 65317]]}}","{""predictions"": [0.0, 1.0, 1.0, 1.0, 1.0, 1.0, 1.0, 1.0, 1.0, 1.0]}",1,"{""model_name"":""demo_faddadbfcefc_model_monitor.ws_3551974319838082.diabetes_mo"",""endpoint_name"":""anupriya-malik-databricks-com_ML_AS04_Demo_3b"",""model_version"":""1""}"
null,64d0e1de-43a1-4dde-a6c0-07f0501f97f9,2024-09-28,1727528593535,200,5,"{""dataframe_split"": {""index"": [27110, 27111, 27112, 27113, 27114, 27115, 27116, 27117, 27118, 27119], ""columns"": [""index"", ""HighBP"", ""HighChol"", ""CholCheck"", ""BMI"", ""Smoker"", ""Stroke"", ""HeartDiseaseorAttack"", ""PhysActivity"", ""Fruits"", ""Veggies"", ""HvyAlcoholConsump"", ""AnyHealthcare"", ""NoDocbcCost"", ""GenHlth"", ""MentHlth"", ""PhysHlth"", ""DiffWalk"", ""Sex"", ""Age"", ""Education"", ""Income"", ""id""], ""data"": [[65522, 1.0, 1.0, 1.0, 34.0, 0.0, 0.0, 1.0, 1.0, 0.0, 0.0, 0.0, 1.0, 0.0, 5.0, 0.0, 30.0, 1.0, 1.0, 10.0, 4.0, 3.0, 65522], [65523, 1.0, 1.0, 1.0, 27.0, 0.0, 0.0, 0.0, 0.0, 1.0, 0.0, 0.0, 1.0, 1.0, 4.0, 0.0, 0.0, 1.0, 0.0, 10.0, 5.0, 2.0, 65523], [65527, 0.0, 1.0, 1.0, 30.0, 0.0, 0.0, 0.0, 1.0, 1.0, 1.0, 0.0, 1.0, 0.0, 4.0, 5.0, 15.0, 0.0, 1.0, 11.0, 6.0, 6.0, 65527], [65528, 1.0, 0.0, 1.0, 24.0, 0.0, 0.0, 0.0, 0.0, 0.0, 0.0, 0.0, 1.0, 0.0, 5.0, 0.0, 30.0, 1.0, 0.0, 11.0, 6.0, 7.0, 65528], [65529, 1.0, 1.0, 1.0, 32.0, 1.0, 0.0, 0.0, 0.0, 0.0, 1.0, 0.0, 1.0, 0.0, 2.0, 7.0, 1.0, 0.0, 1.0, 10.0, 4.0, 6.0, 65529], [65530, 1.0, 1.0, 1.0, 33.0, 0.0, 0.0, 0.0, 1.0, 1.0, 1.0, 0.0, 1.0, 0.0, 2.0, 5.0, 0.0, 0.0, 0.0, 12.0, 4.0, 5.0, 65530], [65535, 1.0, 1.0, 1.0, 27.0, 0.0, 0.0, 1.0, 1.0, 1.0, 1.0, 0.0, 1.0, 0.0, 4.0, 0.0, 1.0, 0.0, 0.0, 11.0, 6.0, 7.0, 65535], [65536, 1.0, 1.0, 1.0, 27.0, 0.0, 0.0, 1.0, 1.0, 1.0, 1.0, 0.0, 1.0, 0.0, 4.0, 0.0, 1.0, 0.0, 0.0, 12.0, 4.0, 6.0, 65536], [65537, 1.0, 1.0, 1.0, 35.0, 1.0, 0.0, 0.0, 1.0, 0.0, 0.0, 0.0, 1.0, 0.0, 3.0, 0.0, 0.0, 0.0, 1.0, 10.0, 4.0, 6.0, 65537], [65538, 1.0, 0.0, 1.0, 25.0, 0.0, 0.0, 0.0, 1.0, 1.0, 1.0, 0.0, 1.0, 0.0, 3.0, 0.0, 0.0, 1.0, 0.0, 13.0, 4.0, 2.0, 65538]]}}","{""predictions"": [0.0, 1.0, 0.0, 0.0, 1.0, 1.0, 1.0, 0.0, 1.0, 1.0]}",1,"{""model_name"":""demo_faddadbfcefc_model_monitor.ws_3551974319838082.diabetes_mo"",""endpoint_name"":""anupriya-malik-databricks-com_ML_AS04_Demo_3b"",""model_version"":""1""}"
null,e2f08eeb-772f-4629-bc52-8dbb9a336667,2024-09-28,1727528593566,200,5,"{""dataframe_split"": {""index"": [27120, 27121, 27122, 27123, 27124, 27125, 27126, 27127, 27128, 27129], ""columns"": [""index"", ""HighBP"", ""HighChol"", ""CholCheck"", ""BMI"", ""Smoker"", ""Stroke"", ""HeartDiseaseorAttack"", ""PhysActivity"", ""Fruits"", ""Veggies"", ""HvyAlcoholConsump"", ""AnyHealthcare"", ""NoDocbcCost"", ""GenHlth"", ""MentHlth"", ""PhysHlth"", ""DiffWalk"", ""Sex"", ""Age"", ""Education"", ""Income"", ""id""], ""data"": [[65539, 1.0, 1.0, 1.0, 31.0, 1.0, 0.0, 0.0, 0.0, 1.0, 0.0, 0.0, 1.0, 0.0, 3.0, 0.0, 0.0, 0.0, 1.0, 10.0, 4.0, 8.0, 65539], [65540, 1.0, 1.0, 1.0, 26.0, 1.0, 0.0, 0.0, 1.0, 1.0, 1.0, 0.0, 1.0, 0.0, 3.0, 0.0, 0.0, 0.0, 1.0, 13.0, 4.0, 4.0, 65540], [65541, 1.0, 1.0, 1.0, 39.0, 0.0, 1.0, 0.0, 0.0, 0.0, 0.0, 0.0, 1.0, 0.0, 5.0, 0.0, 30.0, 1.0, 0.0, 11.0, 4.0, 5.0, 65541], [65544, 1.0, 0.0, 1.0, 25.0, 1.0, 0.0, 0.0, 1.0, 1.0, 0.0, 0.0, 1.0, 0.0, 3.0, 0.0, 0.0, 0.0, 1.0, 11.0, 4.0, 5.0, 65544], [65546, 1.0, 1.0, 1.0, 27.0, 1.0, 0.0, 0.0, 1.0, 0.0, 0.0, 0.0, 1.0, 0.0, 1.0, 0.0, 0.0, 1.0, 1.0, 12.0, 4.0, 6.0, 65546], [65547, 1.0, 1.0, 1.0, 32.0, 0.0, 0.0, 1.0, 0.0, 1.0, 0.0, 0.0, 1.0, 0.0, 4.0, 5.0, 0.0, 1.0, 0.0, 13.0, 4.0, 5.0, 65547], [65549, 1.0, 0.0, 1.0, 27.0, 0.0, 0.0, 0.0, 1.0, 1.0, 1.0, 0.0, 1.0, 0.0, 2.0, 0.0, 0.0, 0.0, 0.0, 12.0, 4.0, 4.0, 65549], [65551, 0.0, 0.0, 1.0, 35.0, 0.0, 0.0, 0.0, 0.0, 0.0, 1.0, 0.0, 1.0, 0.0, 3.0, 0.0, 3.0, 0.0, 1.0, 10.0, 6.0, 7.0, 65551], [65553, 0.0, 1.0, 1.0, 23.0, 1.0, 0.0, 0.0, 1.0, 1.0, 1.0, 0.0, 1.0, 0.0, 2.0, 10.0, 0.0, 0.0, 0.0, 11.0, 6.0, 6.0, 65553], [65554, 0.0, 0.0, 1.0, 27.0, 0.0, 0.0, 0.0, 1.0, 1.0, 1.0, 0.0, 1.0, 0.0, 1.0, 0.0, 0.0, 1.0, 0.0, 11.0, 6.0, 6.0, 65554]]}}","{""predictions"": [1.0, 0.0, 1.0, 1.0, 1.0, 1.0, 1.0, 1.0, 1.0, 0.0]}",1,"{""model_name"":""demo_faddadbfcefc_model_monitor.ws_3551974319838082.diabetes_mo"",""endpoint_name"":""anupriya-malik-databricks-com_ML_AS04_Demo_3b"",""model_version"":""1""}"
null,df88a4b5-6d78-423c-b9c4-7ac1c8dd9d15,2024-09-28,1727528593596,200,5,"{""dataframe_split"": {""index"": [27130, 27131, 27132, 27133, 27134, 27135, 27136, 27137, 27138, 27139], ""columns"": [""index"", ""HighBP"", ""HighChol"", ""CholCheck"", ""BMI"", ""Smoker"", ""Stroke"", ""HeartDiseaseorAttack"", ""PhysActivity"", ""Fruits"", ""Veggies"", ""HvyAlcoholConsump"", ""AnyHealthcare"", ""NoDocbcCost"", ""GenHlth"", ""MentHlth"", ""PhysHlth"", ""DiffWalk"", ""Sex"", ""Age"", ""Education"", ""Income"", ""id""], ""data"": [[65555, 1.0, 1.0, 1.0, 35.0, 0.0, 0.0, 0.0, 1.0, 0.0, 1.0, 1.0, 1.0, 0.0, 3.0, 0.0, 0.0, 0.0, 0.0, 11.0, 4.0, 5.0, 65555], [65557, 0.0, 0.0, 1.0, 53.0, 0.0, 0.0, 0.0, 0.0, 0.0, 1.0, 0.0, 1.0, 0.0, 4.0, 0.0, 30.0, 1.0, 1.0, 10.0, 5.0, 7.0, 65557], [65558, 1.0, 1.0, 1.0, 33.0, 0.0, 0.0, 1.0, 1.0, 1.0, 1.0, 0.0, 1.0, 0.0, 4.0, 5.0, 10.0, 1.0, 0.0, 12.0, 4.0, 6.0, 65558], [65564, 1.0, 1.0, 1.0, 33.0, 0.0, 0.0, 0.0, 0.0, 0.0, 1.0, 0.0, 1.0, 0.0, 3.0, 4.0, 2.0, 1.0, 0.0, 11.0, 4.0, 4.0, 65564], [65565, 1.0, 1.0, 1.0, 34.0, 1.0, 0.0, 1.0, 0.0, 1.0, 0.0, 0.0, 1.0, 0.0, 4.0, 0.0, 30.0, 1.0, 1.0, 11.0, 6.0, 5.0, 65565], [65568, 0.0, 0.0, 0.0, 24.0, 1.0, 0.0, 0.0, 1.0, 0.0, 0.0, 1.0, 1.0, 0.0, 2.0, 3.0, 0.0, 0.0, 1.0, 12.0, 4.0, 5.0, 65568], [65570, 1.0, 1.0, 1.0, 25.0, 0.0, 1.0, 0.0, 1.0, 1.0, 0.0, 0.0, 1.0, 0.0, 3.0, 3.0, 10.0, 0.0, 1.0, 12.0, 5.0, 5.0, 65570], [65573, 0.0, 0.0, 1.0, 20.0, 0.0, 0.0, 1.0, 1.0, 1.0, 1.0, 0.0, 1.0, 0.0, 2.0, 0.0, 0.0, 0.0, 0.0, 10.0, 6.0, 6.0, 65573], [65574, 1.0, 0.0, 1.0, 29.0, 1.0, 0.0, 1.0, 1.0, 1.0, 1.0, 0.0, 1.0, 0.0, 3.0, 0.0, 0.0, 0.0, 0.0, 10.0, 4.0, 3.0, 65574], [65575, 0.0, 1.0, 1.0, 33.0, 0.0, 0.0, 0.0, 1.0, 1.0, 1.0, 0.0, 1.0, 0.0, 2.0, 3.0, 0.0, 0.0, 0.0, 10.0, 5.0, 5.0, 65575]]}}","{""predictions"": [0.0, 1.0, 1.0, 1.0, 1.0, 0.0, 1.0, 0.0, 0.0, 0.0]}",1,"{""model_name"":""demo_faddadbfcefc_model_monitor.ws_3551974319838082.diabetes_mo"",""endpoint_name"":""anupriya-malik-databricks-com_ML_AS04_Demo_3b"",""model_version"":""1""}"
null,39104010-c425-44bd-99e8-b07d3ff332b2,2024-09-28,1727528593626,200,5,"{""dataframe_split"": {""index"": [27140, 27141, 27142, 27143, 27144, 27145, 27146, 27147, 27148, 27149], ""columns"": [""index"", ""HighBP"", ""HighChol"", ""CholCheck"", ""BMI"", ""Smoker"", ""Stroke"", ""HeartDiseaseorAttack"", ""PhysActivity"", ""Fruits"", ""Veggies"", ""HvyAlcoholConsump"", ""AnyHealthcare"", ""NoDocbcCost"", ""GenHlth"", ""MentHlth"", ""PhysHlth"", ""DiffWalk"", ""Sex"", ""Age"", ""Education"", ""Income"", ""id""], ""data"": [[65576, 0.0, 1.0, 1.0, 27.0, 0.0, 0.0, 1.0, 1.0, 1.0, 1.0, 0.0, 1.0, 0.0, 2.0, 5.0, 0.0, 0.0, 1.0, 13.0, 5.0, 6.0, 65576], [65581, 1.0, 1.0, 1.0, 27.0, 0.0, 0.0, 0.0, 1.0, 1.0, 1.0, 0.0, 1.0, 0.0, 2.0, 0.0, 0.0, 0.0, 1.0, 11.0, 6.0, 7.0, 65581], [65583, 1.0, 1.0, 1.0, 38.0, 1.0, 0.0, 1.0, 0.0, 1.0, 0.0, 0.0, 1.0, 0.0, 3.0, 0.0, 0.0, 0.0, 1.0, 13.0, 6.0, 6.0, 65583], [65584, 1.0, 1.0, 1.0, 28.0, 1.0, 0.0, 1.0, 1.0, 1.0, 1.0, 0.0, 1.0, 0.0, 4.0, 0.0, 4.0, 0.0, 1.0, 10.0, 5.0, 6.0, 65584], [65586, 1.0, 1.0, 1.0, 26.0, 0.0, 1.0, 1.0, 1.0, 0.0, 1.0, 0.0, 1.0, 0.0, 4.0, 0.0, 0.0, 0.0, 1.0, 11.0, 5.0, 8.0, 65586], [65590, 1.0, 1.0, 1.0, 29.0, 0.0, 0.0, 1.0, 1.0, 1.0, 1.0, 0.0, 1.0, 0.0, 4.0, 7.0, 10.0, 0.0, 1.0, 11.0, 6.0, 6.0, 65590], [65591, 1.0, 1.0, 1.0, 24.0, 0.0, 1.0, 0.0, 1.0, 1.0, 1.0, 0.0, 1.0, 0.0, 2.0, 0.0, 0.0, 0.0, 1.0, 10.0, 5.0, 7.0, 65591], [65592, 0.0, 0.0, 1.0, 28.0, 0.0, 0.0, 0.0, 1.0, 1.0, 1.0, 0.0, 1.0, 0.0, 2.0, 10.0, 30.0, 1.0, 1.0, 11.0, 6.0, 6.0, 65592], [65594, 1.0, 1.0, 1.0, 25.0, 1.0, 0.0, 1.0, 0.0, 1.0, 1.0, 0.0, 1.0, 0.0, 4.0, 0.0, 15.0, 1.0, 1.0, 12.0, 4.0, 4.0, 65594], [65595, 1.0, 1.0, 1.0, 28.0, 1.0, 0.0, 1.0, 1.0, 0.0, 0.0, 0.0, 1.0, 0.0, 4.0, 5.0, 15.0, 1.0, 1.0, 10.0, 3.0, 5.0, 65595]]}}","{""predictions"": [1.0, 1.0, 1.0, 1.0, 1.0, 1.0, 0.0, 0.0, 1.0, 1.0]}",1,"{""model_name"":""demo_faddadbfcefc_model_monitor.ws_3551974319838082.diabetes_mo"",""endpoint_name"":""anupriya-malik-databricks-com_ML_AS04_Demo_3b"",""model_version"":""1""}"
null,30b3954a-1773-4309-bb8d-642091cb3bf9,2024-09-28,1727528593656,200,5,"{""dataframe_split"": {""index"": [27150, 27151, 27152, 27153, 27154, 27155, 27156, 27157, 27158, 27159], ""columns"": [""index"", ""HighBP"", ""HighChol"", ""CholCheck"", ""BMI"", ""Smoker"", ""Stroke"", ""HeartDiseaseorAttack"", ""PhysActivity"", ""Fruits"", ""Veggies"", ""HvyAlcoholConsump"", ""AnyHealthcare"", ""NoDocbcCost"", ""GenHlth"", ""MentHlth"", ""PhysHlth"", ""DiffWalk"", ""Sex"", ""Age"", ""Education"", ""Income"", ""id""], ""data"": [[65596, 1.0, 1.0, 1.0, 29.0, 1.0, 0.0, 0.0, 0.0, 1.0, 0.0, 0.0, 1.0, 0.0, 2.0, 0.0, 0.0, 0.0, 1.0, 11.0, 4.0, 4.0, 65596], [65598, 0.0, 1.0, 1.0, 26.0, 1.0, 0.0, 0.0, 1.0, 1.0, 1.0, 0.0, 1.0, 0.0, 3.0, 0.0, 0.0, 0.0, 1.0, 10.0, 6.0, 8.0, 65598], [65599, 0.0, 1.0, 1.0, 27.0, 1.0, 0.0, 0.0, 1.0, 0.0, 1.0, 0.0, 1.0, 0.0, 2.0, 0.0, 0.0, 0.0, 1.0, 10.0, 6.0, 7.0, 65599], [65601, 1.0, 0.0, 1.0, 34.0, 0.0, 1.0, 0.0, 1.0, 1.0, 1.0, 0.0, 1.0, 0.0, 3.0, 0.0, 0.0, 0.0, 0.0, 11.0, 5.0, 5.0, 65601], [65603, 1.0, 1.0, 1.0, 31.0, 0.0, 0.0, 1.0, 0.0, 1.0, 1.0, 0.0, 1.0, 0.0, 2.0, 4.0, 0.0, 1.0, 0.0, 12.0, 4.0, 4.0, 65603], [65604, 1.0, 1.0, 1.0, 28.0, 1.0, 0.0, 0.0, 0.0, 1.0, 1.0, 0.0, 1.0, 0.0, 3.0, 0.0, 0.0, 0.0, 1.0, 11.0, 5.0, 8.0, 65604], [65606, 1.0, 1.0, 1.0, 22.0, 0.0, 0.0, 0.0, 1.0, 1.0, 1.0, 0.0, 1.0, 0.0, 3.0, 0.0, 0.0, 0.0, 0.0, 13.0, 6.0, 8.0, 65606], [65609, 1.0, 0.0, 1.0, 36.0, 0.0, 0.0, 0.0, 1.0, 0.0, 1.0, 0.0, 1.0, 0.0, 3.0, 0.0, 0.0, 0.0, 1.0, 10.0, 6.0, 8.0, 65609], [65610, 1.0, 1.0, 1.0, 29.0, 0.0, 0.0, 0.0, 0.0, 0.0, 1.0, 0.0, 1.0, 1.0, 3.0, 0.0, 0.0, 0.0, 0.0, 13.0, 5.0, 1.0, 65610], [65611, 0.0, 1.0, 1.0, 37.0, 1.0, 0.0, 1.0, 1.0, 1.0, 1.0, 0.0, 1.0, 0.0, 4.0, 20.0, 30.0, 0.0, 1.0, 10.0, 6.0, 8.0, 65611]]}}","{""predictions"": [1.0, 0.0, 1.0, 1.0, 1.0, 1.0, 1.0, 1.0, 0.0, 1.0]}",1,"{""model_name"":""demo_faddadbfcefc_model_monitor.ws_3551974319838082.diabetes_mo"",""endpoint_name"":""anupriya-malik-databricks-com_ML_AS04_Demo_3b"",""model_version"":""1""}"
null,07125b84-366a-4fdf-a81d-4134e2b8b905,2024-09-28,1727528593686,200,5,"{""dataframe_split"": {""index"": [27160, 27161, 27162, 27163, 27164, 27165, 27166, 27167, 27168, 27169], ""columns"": [""index"", ""HighBP"", ""HighChol"", ""CholCheck"", ""BMI"", ""Smoker"", ""Stroke"", ""HeartDiseaseorAttack"", ""PhysActivity"", ""Fruits"", ""Veggies"", ""HvyAlcoholConsump"", ""AnyHealthcare"", ""NoDocbcCost"", ""GenHlth"", ""MentHlth"", ""PhysHlth"", ""DiffWalk"", ""Sex"", ""Age"", ""Education"", ""Income"", ""id""], ""data"": [[65613, 0.0, 1.0, 1.0, 33.0, 0.0, 0.0, 0.0, 1.0, 1.0, 1.0, 0.0, 1.0, 0.0, 1.0, 1.0, 0.0, 0.0, 0.0, 10.0, 5.0, 4.0, 65613], [65614, 1.0, 1.0, 1.0, 27.0, 0.0, 0.0, 0.0, 0.0, 0.0, 1.0, 0.0, 1.0, 0.0, 3.0, 5.0, 2.0, 0.0, 0.0, 10.0, 4.0, 8.0, 65614], [65619, 1.0, 1.0, 1.0, 33.0, 0.0, 0.0, 0.0, 0.0, 0.0, 1.0, 0.0, 1.0, 0.0, 3.0, 10.0, 0.0, 0.0, 0.0, 11.0, 5.0, 8.0, 65619], [65621, 1.0, 0.0, 1.0, 27.0, 0.0, 0.0, 0.0, 1.0, 1.0, 1.0, 0.0, 1.0, 0.0, 3.0, 0.0, 14.0, 1.0, 0.0, 12.0, 4.0, 4.0, 65621], [65622, 1.0, 0.0, 1.0, 18.0, 0.0, 0.0, 0.0, 1.0, 1.0, 1.0, 0.0, 1.0, 0.0, 2.0, 0.0, 0.0, 0.0, 0.0, 13.0, 6.0, 3.0, 65622], [65623, 1.0, 1.0, 1.0, 35.0, 1.0, 0.0, 0.0, 1.0, 1.0, 1.0, 0.0, 1.0, 0.0, 3.0, 0.0, 0.0, 0.0, 1.0, 10.0, 5.0, 6.0, 65623], [65624, 1.0, 1.0, 1.0, 33.0, 0.0, 0.0, 0.0, 1.0, 1.0, 0.0, 0.0, 1.0, 0.0, 3.0, 0.0, 0.0, 0.0, 0.0, 11.0, 5.0, 6.0, 65624], [65626, 1.0, 1.0, 1.0, 31.0, 0.0, 0.0, 0.0, 1.0, 0.0, 1.0, 0.0, 1.0, 1.0, 3.0, 2.0, 4.0, 1.0, 0.0, 10.0, 5.0, 1.0, 65626], [65628, 1.0, 1.0, 1.0, 33.0, 0.0, 0.0, 1.0, 1.0, 0.0, 1.0, 0.0, 1.0, 0.0, 5.0, 0.0, 30.0, 1.0, 0.0, 12.0, 5.0, 6.0, 65628], [65629, 1.0, 1.0, 1.0, 42.0, 1.0, 0.0, 0.0, 1.0, 1.0, 1.0, 0.0, 1.0, 0.0, 3.0, 1.0, 15.0, 1.0, 1.0, 11.0, 5.0, 4.0, 65629]]}}","{""predictions"": [1.0, 1.0, 1.0, 1.0, 1.0, 1.0, 1.0, 0.0, 1.0, 1.0]}",1,"{""model_name"":""demo_faddadbfcefc_model_monitor.ws_3551974319838082.diabetes_mo"",""endpoint_name"":""anupriya-malik-databricks-com_ML_AS04_Demo_3b"",""model_version"":""1""}"
null,54de7f67-c3af-4273-bf4c-9d928e42d1e3,2024-09-28,1727528593715,200,5,"{""dataframe_split"": {""index"": [27170, 27171, 27172, 27173, 27174, 27175, 27176, 27177, 27178, 27179], ""columns"": [""index"", ""HighBP"", ""HighChol"", ""CholCheck"", ""BMI"", ""Smoker"", ""Stroke"", ""HeartDiseaseorAttack"", ""PhysActivity"", ""Fruits"", ""Veggies"", ""HvyAlcoholConsump"", ""AnyHealthcare"", ""NoDocbcCost"", ""GenHlth"", ""MentHlth"", ""PhysHlth"", ""DiffWalk"", ""Sex"", ""Age"", ""Education"", ""Income"", ""id""], ""data"": [[65630, 0.0, 1.0, 1.0, 34.0, 1.0, 0.0, 0.0, 0.0, 0.0, 1.0, 0.0, 1.0, 0.0, 3.0, 10.0, 5.0, 1.0, 1.0, 10.0, 5.0, 5.0, 65630], [65631, 0.0, 0.0, 1.0, 22.0, 1.0, 0.0, 0.0, 1.0, 1.0, 1.0, 0.0, 1.0, 0.0, 4.0, 0.0, 0.0, 1.0, 1.0, 11.0, 4.0, 5.0, 65631], [65632, 0.0, 1.0, 1.0, 32.0, 0.0, 0.0, 0.0, 1.0, 0.0, 0.0, 0.0, 1.0, 0.0, 3.0, 30.0, 0.0, 0.0, 1.0, 11.0, 4.0, 7.0, 65632], [65633, 1.0, 1.0, 1.0, 28.0, 1.0, 0.0, 0.0, 1.0, 1.0, 1.0, 0.0, 1.0, 0.0, 2.0, 0.0, 4.0, 0.0, 1.0, 10.0, 4.0, 5.0, 65633], [65634, 1.0, 0.0, 1.0, 25.0, 0.0, 0.0, 0.0, 1.0, 1.0, 1.0, 0.0, 1.0, 0.0, 2.0, 0.0, 0.0, 0.0, 0.0, 12.0, 4.0, 4.0, 65634], [65635, 1.0, 0.0, 1.0, 34.0, 0.0, 1.0, 1.0, 0.0, 0.0, 1.0, 0.0, 1.0, 0.0, 5.0, 2.0, 30.0, 1.0, 0.0, 11.0, 5.0, 1.0, 65635], [65636, 1.0, 1.0, 1.0, 24.0, 1.0, 0.0, 0.0, 1.0, 0.0, 1.0, 0.0, 1.0, 0.0, 3.0, 0.0, 20.0, 1.0, 1.0, 13.0, 3.0, 1.0, 65636], [65637, 1.0, 0.0, 1.0, 58.0, 0.0, 0.0, 0.0, 0.0, 0.0, 0.0, 0.0, 1.0, 1.0, 4.0, 14.0, 15.0, 1.0, 0.0, 11.0, 5.0, 4.0, 65637], [65639, 0.0, 0.0, 1.0, 29.0, 1.0, 1.0, 0.0, 1.0, 1.0, 1.0, 0.0, 1.0, 0.0, 3.0, 0.0, 0.0, 0.0, 0.0, 10.0, 4.0, 5.0, 65639], [65642, 0.0, 0.0, 1.0, 23.0, 0.0, 0.0, 0.0, 1.0, 0.0, 0.0, 0.0, 1.0, 0.0, 3.0, 5.0, 0.0, 0.0, 1.0, 10.0, 6.0, 7.0, 65642]]}}","{""predictions"": [1.0, 0.0, 1.0, 1.0, 1.0, 1.0, 0.0, 1.0, 0.0, 0.0]}",1,"{""model_name"":""demo_faddadbfcefc_model_monitor.ws_3551974319838082.diabetes_mo"",""endpoint_name"":""anupriya-malik-databricks-com_ML_AS04_Demo_3b"",""model_version"":""1""}"
null,8d6f8b48-0dce-4c69-8f2b-eee3bd9ff520,2024-09-28,1727528593744,200,5,"{""dataframe_split"": {""index"": [27180, 27181, 27182, 27183, 27184, 27185, 27186, 27187, 27188, 27189], ""columns"": [""index"", ""HighBP"", ""HighChol"", ""CholCheck"", ""BMI"", ""Smoker"", ""Stroke"", ""HeartDiseaseorAttack"", ""PhysActivity"", ""Fruits"", ""Veggies"", ""HvyAlcoholConsump"", ""AnyHealthcare"", ""NoDocbcCost"", ""GenHlth"", ""MentHlth"", ""PhysHlth"", ""DiffWalk"", ""Sex"", ""Age"", ""Education"", ""Income"", ""id""], ""data"": [[65643, 1.0, 1.0, 1.0, 28.0, 1.0, 1.0, 0.0, 0.0, 0.0, 0.0, 0.0, 1.0, 0.0, 4.0, 0.0, 5.0, 1.0, 1.0, 10.0, 4.0, 6.0, 65643], [65647, 0.0, 1.0, 1.0, 24.0, 0.0, 0.0, 0.0, 1.0, 0.0, 1.0, 0.0, 1.0, 0.0, 3.0, 0.0, 0.0, 0.0, 1.0, 10.0, 5.0, 6.0, 65647], [65650, 0.0, 1.0, 1.0, 38.0, 1.0, 0.0, 1.0, 1.0, 1.0, 1.0, 0.0, 1.0, 0.0, 5.0, 0.0, 30.0, 1.0, 1.0, 11.0, 4.0, 4.0, 65650], [65652, 0.0, 0.0, 1.0, 30.0, 0.0, 0.0, 0.0, 1.0, 1.0, 1.0, 0.0, 1.0, 0.0, 5.0, 10.0, 30.0, 1.0, 0.0, 12.0, 4.0, 5.0, 65652], [65653, 1.0, 1.0, 1.0, 30.0, 0.0, 0.0, 0.0, 0.0, 0.0, 1.0, 0.0, 1.0, 0.0, 3.0, 1.0, 30.0, 1.0, 0.0, 10.0, 5.0, 6.0, 65653], [65654, 0.0, 1.0, 1.0, 27.0, 0.0, 0.0, 0.0, 1.0, 1.0, 1.0, 0.0, 1.0, 0.0, 2.0, 5.0, 0.0, 0.0, 1.0, 13.0, 4.0, 6.0, 65654], [65655, 1.0, 1.0, 1.0, 33.0, 0.0, 0.0, 0.0, 0.0, 0.0, 1.0, 0.0, 1.0, 0.0, 3.0, 0.0, 0.0, 0.0, 1.0, 12.0, 5.0, 6.0, 65655], [65656, 1.0, 1.0, 1.0, 26.0, 0.0, 0.0, 1.0, 0.0, 1.0, 1.0, 0.0, 1.0, 0.0, 3.0, 0.0, 0.0, 0.0, 1.0, 11.0, 6.0, 8.0, 65656], [65657, 1.0, 1.0, 1.0, 26.0, 0.0, 0.0, 0.0, 1.0, 1.0, 1.0, 0.0, 1.0, 0.0, 3.0, 0.0, 0.0, 0.0, 1.0, 10.0, 6.0, 8.0, 65657], [65658, 1.0, 1.0, 1.0, 24.0, 0.0, 0.0, 0.0, 0.0, 1.0, 1.0, 0.0, 1.0, 0.0, 3.0, 0.0, 0.0, 0.0, 1.0, 11.0, 6.0, 8.0, 65658]]}}","{""predictions"": [1.0, 1.0, 1.0, 1.0, 1.0, 0.0, 0.0, 0.0, 1.0, 1.0]}",1,"{""model_name"":""demo_faddadbfcefc_model_monitor.ws_3551974319838082.diabetes_mo"",""endpoint_name"":""anupriya-malik-databricks-com_ML_AS04_Demo_3b"",""model_version"":""1""}"
null,7e0da582-795d-4804-bb85-5de13bc60eb8,2024-09-28,1727528593774,200,5,"{""dataframe_split"": {""index"": [27190, 27191, 27192, 27193, 27194, 27195, 27196, 27197, 27198, 27199], ""columns"": [""index"", ""HighBP"", ""HighChol"", ""CholCheck"", ""BMI"", ""Smoker"", ""Stroke"", ""HeartDiseaseorAttack"", ""PhysActivity"", ""Fruits"", ""Veggies"", ""HvyAlcoholConsump"", ""AnyHealthcare"", ""NoDocbcCost"", ""GenHlth"", ""MentHlth"", ""PhysHlth"", ""DiffWalk"", ""Sex"", ""Age"", ""Education"", ""Income"", ""id""], ""data"": [[65659, 1.0, 1.0, 1.0, 33.0, 0.0, 1.0, 0.0, 1.0, 1.0, 1.0, 0.0, 1.0, 0.0, 3.0, 0.0, 0.0, 1.0, 0.0, 13.0, 6.0, 4.0, 65659], [65662, 1.0, 0.0, 1.0, 32.0, 1.0, 0.0, 0.0, 1.0, 0.0, 1.0, 0.0, 1.0, 0.0, 4.0, 0.0, 3.0, 0.0, 1.0, 13.0, 5.0, 7.0, 65662], [65663, 1.0, 0.0, 1.0, 40.0, 0.0, 0.0, 1.0, 0.0, 1.0, 1.0, 0.0, 1.0, 0.0, 4.0, 0.0, 0.0, 1.0, 0.0, 12.0, 4.0, 4.0, 65663], [65664, 1.0, 1.0, 1.0, 38.0, 1.0, 0.0, 0.0, 0.0, 0.0, 0.0, 0.0, 1.0, 0.0, 4.0, 0.0, 20.0, 1.0, 0.0, 12.0, 4.0, 5.0, 65664], [65667, 1.0, 1.0, 1.0, 34.0, 1.0, 1.0, 1.0, 0.0, 1.0, 1.0, 0.0, 1.0, 0.0, 4.0, 30.0, 15.0, 1.0, 1.0, 11.0, 6.0, 5.0, 65667], [65670, 0.0, 1.0, 1.0, 27.0, 0.0, 0.0, 0.0, 1.0, 1.0, 1.0, 0.0, 1.0, 0.0, 3.0, 0.0, 7.0, 0.0, 0.0, 11.0, 5.0, 4.0, 65670], [65671, 1.0, 1.0, 1.0, 45.0, 1.0, 0.0, 1.0, 0.0, 0.0, 1.0, 0.0, 1.0, 0.0, 4.0, 0.0, 4.0, 1.0, 0.0, 10.0, 4.0, 5.0, 65671], [65672, 1.0, 1.0, 1.0, 27.0, 0.0, 0.0, 0.0, 1.0, 1.0, 1.0, 0.0, 1.0, 0.0, 4.0, 3.0, 20.0, 1.0, 0.0, 11.0, 5.0, 3.0, 65672], [65674, 0.0, 0.0, 1.0, 29.0, 0.0, 0.0, 0.0, 1.0, 0.0, 0.0, 0.0, 1.0, 0.0, 2.0, 1.0, 0.0, 0.0, 1.0, 11.0, 4.0, 6.0, 65674], [65675, 1.0, 0.0, 1.0, 40.0, 0.0, 0.0, 0.0, 1.0, 1.0, 1.0, 0.0, 1.0, 0.0, 2.0, 0.0, 10.0, 1.0, 0.0, 11.0, 6.0, 7.0, 65675]]}}","{""predictions"": [1.0, 1.0, 1.0, 1.0, 1.0, 1.0, 1.0, 0.0, 1.0, 1.0]}",1,"{""model_name"":""demo_faddadbfcefc_model_monitor.ws_3551974319838082.diabetes_mo"",""endpoint_name"":""anupriya-malik-databricks-com_ML_AS04_Demo_3b"",""model_version"":""1""}"
null,5f84423f-7d8c-4b26-b1f8-55e435a9826d,2024-09-28,1727528593804,200,5,"{""dataframe_split"": {""index"": [27200, 27201, 27202, 27203, 27204, 27205, 27206, 27207, 27208, 27209], ""columns"": [""index"", ""HighBP"", ""HighChol"", ""CholCheck"", ""BMI"", ""Smoker"", ""Stroke"", ""HeartDiseaseorAttack"", ""PhysActivity"", ""Fruits"", ""Veggies"", ""HvyAlcoholConsump"", ""AnyHealthcare"", ""NoDocbcCost"", ""GenHlth"", ""MentHlth"", ""PhysHlth"", ""DiffWalk"", ""Sex"", ""Age"", ""Education"", ""Income"", ""id""], ""data"": [[65677, 1.0, 1.0, 1.0, 41.0, 1.0, 0.0, 0.0, 1.0, 1.0, 1.0, 0.0, 1.0, 0.0, 3.0, 0.0, 0.0, 0.0, 0.0, 11.0, 4.0, 6.0, 65677], [65678, 1.0, 0.0, 1.0, 23.0, 1.0, 0.0, 0.0, 1.0, 0.0, 0.0, 0.0, 1.0, 0.0, 3.0, 0.0, 0.0, 0.0, 1.0, 11.0, 4.0, 5.0, 65678], [65679, 1.0, 1.0, 1.0, 24.0, 0.0, 0.0, 0.0, 1.0, 1.0, 1.0, 0.0, 1.0, 0.0, 2.0, 0.0, 0.0, 0.0, 0.0, 10.0, 5.0, 7.0, 65679], [65680, 0.0, 1.0, 1.0, 25.0, 0.0, 0.0, 0.0, 0.0, 1.0, 1.0, 0.0, 1.0, 0.0, 3.0, 4.0, 0.0, 1.0, 0.0, 13.0, 4.0, 7.0, 65680], [65681, 0.0, 0.0, 1.0, 26.0, 0.0, 0.0, 0.0, 1.0, 1.0, 1.0, 0.0, 1.0, 0.0, 5.0, 25.0, 30.0, 0.0, 0.0, 11.0, 6.0, 2.0, 65681], [65685, 1.0, 1.0, 1.0, 22.0, 0.0, 0.0, 1.0, 0.0, 0.0, 0.0, 0.0, 1.0, 0.0, 5.0, 25.0, 20.0, 1.0, 1.0, 12.0, 5.0, 3.0, 65685], [65687, 1.0, 0.0, 1.0, 27.0, 0.0, 0.0, 0.0, 0.0, 1.0, 1.0, 0.0, 1.0, 0.0, 4.0, 0.0, 0.0, 0.0, 0.0, 12.0, 5.0, 6.0, 65687], [65688, 1.0, 1.0, 1.0, 27.0, 0.0, 0.0, 0.0, 1.0, 1.0, 1.0, 0.0, 1.0, 0.0, 4.0, 7.0, 30.0, 1.0, 0.0, 11.0, 4.0, 3.0, 65688], [65689, 1.0, 1.0, 1.0, 35.0, 0.0, 0.0, 0.0, 1.0, 1.0, 1.0, 0.0, 1.0, 0.0, 3.0, 0.0, 5.0, 0.0, 1.0, 12.0, 5.0, 8.0, 65689], [65692, 1.0, 1.0, 1.0, 24.0, 1.0, 0.0, 0.0, 1.0, 1.0, 1.0, 0.0, 1.0, 0.0, 3.0, 0.0, 0.0, 0.0, 1.0, 10.0, 6.0, 4.0, 65692]]}}","{""predictions"": [1.0, 1.0, 1.0, 0.0, 0.0, 1.0, 0.0, 1.0, 1.0, 1.0]}",1,"{""model_name"":""demo_faddadbfcefc_model_monitor.ws_3551974319838082.diabetes_mo"",""endpoint_name"":""anupriya-malik-databricks-com_ML_AS04_Demo_3b"",""model_version"":""1""}"
null,0a4ce672-3360-4be7-a819-e07d8cf08426,2024-09-28,1727528593832,200,5,"{""dataframe_split"": {""index"": [27210, 27211, 27212, 27213, 27214, 27215, 27216, 27217, 27218, 27219], ""columns"": [""index"", ""HighBP"", ""HighChol"", ""CholCheck"", ""BMI"", ""Smoker"", ""Stroke"", ""HeartDiseaseorAttack"", ""PhysActivity"", ""Fruits"", ""Veggies"", ""HvyAlcoholConsump"", ""AnyHealthcare"", ""NoDocbcCost"", ""GenHlth"", ""MentHlth"", ""PhysHlth"", ""DiffWalk"", ""Sex"", ""Age"", ""Education"", ""Income"", ""id""], ""data"": [[65693, 1.0, 1.0, 1.0, 31.0, 0.0, 0.0, 0.0, 0.0, 1.0, 1.0, 0.0, 1.0, 0.0, 4.0, 25.0, 25.0, 1.0, 0.0, 11.0, 5.0, 1.0, 65693], [65694, 1.0, 1.0, 1.0, 37.0, 0.0, 0.0, 0.0, 0.0, 1.0, 1.0, 0.0, 1.0, 0.0, 3.0, 0.0, 15.0, 0.0, 1.0, 10.0, 5.0, 7.0, 65694], [65695, 1.0, 0.0, 1.0, 21.0, 1.0, 1.0, 1.0, 0.0, 1.0, 1.0, 0.0, 1.0, 0.0, 3.0, 0.0, 0.0, 1.0, 0.0, 12.0, 4.0, 2.0, 65695], [65696, 0.0, 1.0, 1.0, 29.0, 1.0, 0.0, 0.0, 1.0, 0.0, 1.0, 0.0, 1.0, 0.0, 4.0, 0.0, 0.0, 1.0, 1.0, 13.0, 5.0, 8.0, 65696], [65697, 1.0, 0.0, 1.0, 39.0, 0.0, 0.0, 0.0, 1.0, 1.0, 1.0, 0.0, 1.0, 0.0, 2.0, 0.0, 4.0, 0.0, 0.0, 10.0, 4.0, 4.0, 65697], [65698, 1.0, 1.0, 1.0, 28.0, 1.0, 0.0, 0.0, 1.0, 0.0, 1.0, 0.0, 1.0, 0.0, 5.0, 0.0, 30.0, 1.0, 1.0, 10.0, 5.0, 2.0, 65698], [65700, 1.0, 1.0, 1.0, 42.0, 1.0, 1.0, 1.0, 0.0, 0.0, 0.0, 0.0, 1.0, 0.0, 4.0, 0.0, 20.0, 1.0, 1.0, 11.0, 4.0, 5.0, 65700], [65702, 1.0, 1.0, 1.0, 27.0, 0.0, 0.0, 1.0, 0.0, 0.0, 1.0, 0.0, 1.0, 0.0, 3.0, 0.0, 0.0, 1.0, 0.0, 13.0, 5.0, 3.0, 65702], [65705, 0.0, 1.0, 1.0, 21.0, 1.0, 1.0, 0.0, 1.0, 1.0, 1.0, 0.0, 1.0, 0.0, 3.0, 0.0, 0.0, 0.0, 0.0, 12.0, 4.0, 5.0, 65705], [65707, 0.0, 0.0, 1.0, 19.0, 0.0, 0.0, 0.0, 1.0, 0.0, 1.0, 0.0, 1.0, 0.0, 3.0, 0.0, 1.0, 0.0, 0.0, 10.0, 5.0, 8.0, 65707]]}}","{""predictions"": [1.0, 1.0, 1.0, 1.0, 0.0, 1.0, 1.0, 0.0, 1.0, 0.0]}",1,"{""model_name"":""demo_faddadbfcefc_model_monitor.ws_3551974319838082.diabetes_mo"",""endpoint_name"":""anupriya-malik-databricks-com_ML_AS04_Demo_3b"",""model_version"":""1""}"
null,39cc41f4-9c27-4f1c-a534-4368c23c2193,2024-09-28,1727528593920,200,5,"{""dataframe_split"": {""index"": [27240, 27241, 27242, 27243, 27244, 27245, 27246, 27247, 27248, 27249], ""columns"": [""index"", ""HighBP"", ""HighChol"", ""CholCheck"", ""BMI"", ""Smoker"", ""Stroke"", ""HeartDiseaseorAttack"", ""PhysActivity"", ""Fruits"", ""Veggies"", ""HvyAlcoholConsump"", ""AnyHealthcare"", ""NoDocbcCost"", ""GenHlth"", ""MentHlth"", ""PhysHlth"", ""DiffWalk"", ""Sex"", ""Age"", ""Education"", ""Income"", ""id""], ""data"": [[65735, 1.0, 1.0, 1.0, 34.0, 0.0, 0.0, 0.0, 1.0, 1.0, 1.0, 0.0, 1.0, 0.0, 3.0, 3.0, 0.0, 0.0, 0.0, 13.0, 3.0, 3.0, 65735], [65738, 1.0, 1.0, 1.0, 15.0, 1.0, 1.0, 0.0, 0.0, 1.0, 1.0, 0.0, 1.0, 0.0, 4.0, 0.0, 30.0, 1.0, 0.0, 11.0, 4.0, 6.0, 65738], [65739, 1.0, 1.0, 1.0, 34.0, 0.0, 0.0, 0.0, 1.0, 1.0, 1.0, 0.0, 1.0, 0.0, 5.0, 0.0, 30.0, 1.0, 1.0, 13.0, 6.0, 7.0, 65739], [65744, 1.0, 1.0, 1.0, 28.0, 0.0, 0.0, 1.0, 0.0, 1.0, 1.0, 0.0, 1.0, 1.0, 3.0, 1.0, 3.0, 0.0, 0.0, 12.0, 5.0, 5.0, 65744], [65745, 0.0, 1.0, 1.0, 28.0, 1.0, 0.0, 0.0, 1.0, 1.0, 1.0, 0.0, 1.0, 0.0, 2.0, 0.0, 5.0, 0.0, 1.0, 11.0, 6.0, 8.0, 65745], [65746, 1.0, 1.0, 1.0, 33.0, 1.0, 0.0, 0.0, 1.0, 1.0, 1.0, 0.0, 1.0, 0.0, 2.0, 0.0, 0.0, 0.0, 0.0, 10.0, 5.0, 5.0, 65746], [65748, 1.0, 0.0, 0.0, 23.0, 0.0, 0.0, 0.0, 1.0, 0.0, 1.0, 0.0, 1.0, 0.0, 2.0, 0.0, 0.0, 0.0, 0.0, 13.0, 5.0, 2.0, 65748], [65749, 1.0, 1.0, 0.0, 32.0, 0.0, 0.0, 1.0, 0.0, 0.0, 0.0, 0.0, 1.0, 0.0, 2.0, 5.0, 0.0, 0.0, 1.0, 10.0, 6.0, 6.0, 65749], [65752, 1.0, 1.0, 1.0, 32.0, 0.0, 0.0, 0.0, 1.0, 1.0, 1.0, 0.0, 1.0, 0.0, 1.0, 3.0, 1.0, 0.0, 1.0, 11.0, 6.0, 7.0, 65752], [65753, 1.0, 0.0, 1.0, 30.0, 0.0, 1.0, 0.0, 1.0, 0.0, 0.0, 0.0, 1.0, 0.0, 4.0, 1.0, 2.0, 1.0, 1.0, 11.0, 6.0, 8.0, 65753]]}}","{""predictions"": [0.0, 1.0, 1.0, 1.0, 0.0, 1.0, 0.0, 1.0, 0.0, 1.0]}",1,"{""model_name"":""demo_faddadbfcefc_model_monitor.ws_3551974319838082.diabetes_mo"",""endpoint_name"":""anupriya-malik-databricks-com_ML_AS04_Demo_3b"",""model_version"":""1""}"
null,b2c08fbb-3716-4b0d-8270-b00161d3c0f2,2024-09-28,1727528594097,200,5,"{""dataframe_split"": {""index"": [27300, 27301, 27302, 27303, 27304, 27305, 27306, 27307, 27308, 27309], ""columns"": [""index"", ""HighBP"", ""HighChol"", ""CholCheck"", ""BMI"", ""Smoker"", ""Stroke"", ""HeartDiseaseorAttack"", ""PhysActivity"", ""Fruits"", ""Veggies"", ""HvyAlcoholConsump"", ""AnyHealthcare"", ""NoDocbcCost"", ""GenHlth"", ""MentHlth"", ""PhysHlth"", ""DiffWalk"", ""Sex"", ""Age"", ""Education"", ""Income"", ""id""], ""data"": [[65887, 0.0, 0.0, 1.0, 27.0, 1.0, 0.0, 1.0, 1.0, 0.0, 0.0, 0.0, 1.0, 0.0, 3.0, 0.0, 0.0, 1.0, 1.0, 10.0, 4.0, 4.0, 65887], [65888, 1.0, 0.0, 1.0, 28.0, 1.0, 0.0, 1.0, 1.0, 1.0, 0.0, 0.0, 1.0, 0.0, 2.0, 0.0, 30.0, 1.0, 1.0, 12.0, 3.0, 3.0, 65888], [65889, 1.0, 1.0, 1.0, 27.0, 1.0, 0.0, 0.0, 0.0, 0.0, 0.0, 0.0, 1.0, 0.0, 2.0, 0.0, 2.0, 0.0, 1.0, 10.0, 4.0, 7.0, 65889], [65890, 1.0, 1.0, 1.0, 37.0, 0.0, 0.0, 0.0, 0.0, 0.0, 1.0, 0.0, 1.0, 0.0, 4.0, 0.0, 3.0, 1.0, 1.0, 10.0, 5.0, 8.0, 65890], [65891, 1.0, 0.0, 1.0, 39.0, 0.0, 0.0, 0.0, 1.0, 1.0, 1.0, 0.0, 1.0, 0.0, 3.0, 0.0, 0.0, 0.0, 1.0, 10.0, 5.0, 6.0, 65891], [65896, 1.0, 1.0, 1.0, 24.0, 0.0, 0.0, 0.0, 1.0, 1.0, 1.0, 0.0, 1.0, 0.0, 2.0, 0.0, 0.0, 0.0, 0.0, 13.0, 6.0, 6.0, 65896], [65897, 1.0, 1.0, 1.0, 30.0, 1.0, 0.0, 0.0, 1.0, 1.0, 1.0, 0.0, 1.0, 0.0, 2.0, 30.0, 30.0, 1.0, 1.0, 11.0, 6.0, 8.0, 65897], [65899, 1.0, 0.0, 1.0, 30.0, 0.0, 0.0, 0.0, 1.0, 0.0, 1.0, 0.0, 1.0, 0.0, 2.0, 0.0, 14.0, 1.0, 0.0, 11.0, 4.0, 7.0, 65899], [65901, 1.0, 1.0, 1.0, 34.0, 0.0, 0.0, 0.0, 0.0, 1.0, 1.0, 0.0, 1.0, 1.0, 4.0, 0.0, 0.0, 0.0, 0.0, 11.0, 5.0, 3.0, 65901], [65905, 1.0, 1.0, 1.0, 29.0, 1.0, 0.0, 1.0, 0.0, 1.0, 1.0, 0.0, 1.0, 0.0, 4.0, 0.0, 0.0, 1.0, 1.0, 12.0, 4.0, 2.0, 65905]]}}","{""predictions"": [1.0, 0.0, 1.0, 1.0, 0.0, 0.0, 1.0, 1.0, 1.0, 1.0]}",1,"{""model_name"":""demo_faddadbfcefc_model_monitor.ws_3551974319838082.diabetes_mo"",""endpoint_name"":""anupriya-malik-databricks-com_ML_AS04_Demo_3b"",""model_version"":""1""}"
null,7e1a7f2b-6784-46ad-bab8-164b6fa7c233,2024-09-28,1727528594126,200,5,"{""dataframe_split"": {""index"": [27310, 27311, 27312, 27313, 27314, 27315, 27316, 27317, 27318, 27319], ""columns"": [""index"", ""HighBP"", ""HighChol"", ""CholCheck"", ""BMI"", ""Smoker"", ""Stroke"", ""HeartDiseaseorAttack"", ""PhysActivity"", ""Fruits"", ""Veggies"", ""HvyAlcoholConsump"", ""AnyHealthcare"", ""NoDocbcCost"", ""GenHlth"", ""MentHlth"", ""PhysHlth"", ""DiffWalk"", ""Sex"", ""Age"", ""Education"", ""Income"", ""id""], ""data"": [[65906, 0.0, 1.0, 1.0, 34.0, 0.0, 0.0, 1.0, 1.0, 1.0, 1.0, 0.0, 1.0, 0.0, 2.0, 0.0, 5.0, 0.0, 1.0, 11.0, 6.0, 8.0, 65906], [65909, 1.0, 1.0, 1.0, 29.0, 0.0, 1.0, 0.0, 1.0, 0.0, 0.0, 0.0, 1.0, 0.0, 2.0, 0.0, 5.0, 0.0, 0.0, 10.0, 5.0, 8.0, 65909], [65911, 1.0, 1.0, 1.0, 34.0, 0.0, 0.0, 0.0, 1.0, 1.0, 1.0, 0.0, 1.0, 0.0, 3.0, 0.0, 0.0, 1.0, 0.0, 11.0, 3.0, 4.0, 65911], [65914, 1.0, 0.0, 1.0, 40.0, 0.0, 0.0, 0.0, 1.0, 1.0, 1.0, 0.0, 1.0, 0.0, 3.0, 2.0, 0.0, 1.0, 0.0, 13.0, 6.0, 7.0, 65914], [65917, 0.0, 0.0, 1.0, 27.0, 1.0, 0.0, 0.0, 0.0, 0.0, 1.0, 0.0, 1.0, 0.0, 4.0, 0.0, 30.0, 0.0, 1.0, 11.0, 5.0, 8.0, 65917], [65918, 1.0, 1.0, 1.0, 29.0, 1.0, 0.0, 0.0, 1.0, 1.0, 1.0, 0.0, 1.0, 0.0, 2.0, 0.0, 0.0, 0.0, 1.0, 12.0, 6.0, 7.0, 65918], [65920, 1.0, 1.0, 1.0, 39.0, 0.0, 0.0, 0.0, 0.0, 0.0, 0.0, 0.0, 1.0, 1.0, 3.0, 0.0, 3.0, 0.0, 0.0, 12.0, 3.0, 6.0, 65920], [65922, 1.0, 1.0, 1.0, 36.0, 0.0, 0.0, 0.0, 1.0, 1.0, 1.0, 0.0, 1.0, 0.0, 4.0, 0.0, 4.0, 0.0, 1.0, 10.0, 6.0, 8.0, 65922], [65930, 1.0, 1.0, 1.0, 27.0, 0.0, 0.0, 1.0, 1.0, 1.0, 0.0, 0.0, 1.0, 0.0, 5.0, 30.0, 3.0, 1.0, 1.0, 13.0, 4.0, 1.0, 65930], [65931, 1.0, 1.0, 1.0, 42.0, 0.0, 1.0, 0.0, 1.0, 1.0, 1.0, 0.0, 1.0, 0.0, 3.0, 15.0, 12.0, 1.0, 0.0, 10.0, 5.0, 5.0, 65931]]}}","{""predictions"": [0.0, 0.0, 1.0, 1.0, 1.0, 1.0, 1.0, 1.0, 1.0, 1.0]}",1,"{""model_name"":""demo_faddadbfcefc_model_monitor.ws_3551974319838082.diabetes_mo"",""endpoint_name"":""anupriya-malik-databricks-com_ML_AS04_Demo_3b"",""model_version"":""1""}"
null,78fa3d7d-9b58-447c-974a-cc718483fb93,2024-09-28,1727528594188,200,5,"{""dataframe_split"": {""index"": [27330, 27331, 27332, 27333, 27334, 27335, 27336, 27337, 27338, 27339], ""columns"": [""index"", ""HighBP"", ""HighChol"", ""CholCheck"", ""BMI"", ""Smoker"", ""Stroke"", ""HeartDiseaseorAttack"", ""PhysActivity"", ""Fruits"", ""Veggies"", ""HvyAlcoholConsump"", ""AnyHealthcare"", ""NoDocbcCost"", ""GenHlth"", ""MentHlth"", ""PhysHlth"", ""DiffWalk"", ""Sex"", ""Age"", ""Education"", ""Income"", ""id""], ""data"": [[65962, 1.0, 1.0, 1.0, 27.0, 0.0, 0.0, 0.0, 1.0, 1.0, 1.0, 0.0, 1.0, 0.0, 2.0, 0.0, 0.0, 0.0, 1.0, 10.0, 5.0, 6.0, 65962], [65965, 1.0, 1.0, 1.0, 24.0, 0.0, 0.0, 0.0, 1.0, 0.0, 0.0, 0.0, 1.0, 0.0, 2.0, 0.0, 0.0, 0.0, 0.0, 10.0, 6.0, 5.0, 65965], [65971, 1.0, 1.0, 1.0, 24.0, 1.0, 0.0, 0.0, 0.0, 1.0, 1.0, 0.0, 1.0, 0.0, 4.0, 30.0, 30.0, 0.0, 1.0, 10.0, 4.0, 8.0, 65971], [65972, 1.0, 1.0, 1.0, 46.0, 1.0, 0.0, 0.0, 0.0, 0.0, 1.0, 0.0, 1.0, 0.0, 3.0, 10.0, 2.0, 1.0, 0.0, 10.0, 4.0, 5.0, 65972], [65975, 1.0, 1.0, 1.0, 41.0, 1.0, 1.0, 1.0, 0.0, 0.0, 0.0, 0.0, 1.0, 0.0, 5.0, 0.0, 30.0, 1.0, 1.0, 10.0, 5.0, 8.0, 65975], [65978, 1.0, 1.0, 1.0, 40.0, 0.0, 1.0, 1.0, 1.0, 0.0, 1.0, 0.0, 1.0, 0.0, 4.0, 0.0, 4.0, 1.0, 1.0, 12.0, 5.0, 4.0, 65978], [65979, 1.0, 1.0, 1.0, 27.0, 0.0, 0.0, 0.0, 1.0, 1.0, 1.0, 0.0, 1.0, 0.0, 4.0, 30.0, 0.0, 0.0, 1.0, 10.0, 6.0, 6.0, 65979], [65981, 1.0, 1.0, 1.0, 27.0, 0.0, 0.0, 0.0, 1.0, 1.0, 1.0, 0.0, 1.0, 0.0, 2.0, 0.0, 0.0, 0.0, 0.0, 10.0, 6.0, 7.0, 65981], [65986, 1.0, 1.0, 1.0, 25.0, 0.0, 1.0, 0.0, 1.0, 1.0, 1.0, 0.0, 1.0, 0.0, 2.0, 0.0, 0.0, 0.0, 1.0, 13.0, 5.0, 5.0, 65986], [65987, 1.0, 1.0, 1.0, 23.0, 0.0, 0.0, 0.0, 1.0, 1.0, 1.0, 0.0, 1.0, 0.0, 3.0, 2.0, 10.0, 0.0, 0.0, 11.0, 6.0, 7.0, 65987]]}}","{""predictions"": [0.0, 0.0, 1.0, 1.0, 1.0, 1.0, 0.0, 1.0, 1.0, 0.0]}",1,"{""model_name"":""demo_faddadbfcefc_model_monitor.ws_3551974319838082.diabetes_mo"",""endpoint_name"":""anupriya-malik-databricks-com_ML_AS04_Demo_3b"",""model_version"":""1""}"
null,13fbad78-4a2b-4024-97be-fba62a26bbcc,2024-09-28,1727528594218,200,5,"{""dataframe_split"": {""index"": [27340, 27341, 27342, 27343, 27344, 27345, 27346, 27347, 27348, 27349], ""columns"": [""index"", ""HighBP"", ""HighChol"", ""CholCheck"", ""BMI"", ""Smoker"", ""Stroke"", ""HeartDiseaseorAttack"", ""PhysActivity"", ""Fruits"", ""Veggies"", ""HvyAlcoholConsump"", ""AnyHealthcare"", ""NoDocbcCost"", ""GenHlth"", ""MentHlth"", ""PhysHlth"", ""DiffWalk"", ""Sex"", ""Age"", ""Education"", ""Income"", ""id""], ""data"": [[65988, 1.0, 1.0, 1.0, 27.0, 1.0, 0.0, 0.0, 1.0, 0.0, 0.0, 0.0, 1.0, 0.0, 3.0, 10.0, 0.0, 0.0, 0.0, 10.0, 4.0, 8.0, 65988], [65990, 1.0, 1.0, 1.0, 31.0, 0.0, 0.0, 0.0, 1.0, 1.0, 0.0, 0.0, 1.0, 0.0, 2.0, 0.0, 0.0, 0.0, 0.0, 11.0, 4.0, 6.0, 65990], [65994, 0.0, 0.0, 1.0, 37.0, 0.0, 0.0, 0.0, 0.0, 1.0, 1.0, 0.0, 1.0, 0.0, 3.0, 0.0, 0.0, 0.0, 1.0, 11.0, 5.0, 6.0, 65994], [65996, 1.0, 0.0, 1.0, 40.0, 0.0, 0.0, 0.0, 1.0, 0.0, 0.0, 0.0, 1.0, 0.0, 3.0, 3.0, 3.0, 1.0, 0.0, 12.0, 4.0, 6.0, 65996], [66000, 1.0, 0.0, 1.0, 24.0, 1.0, 0.0, 1.0, 1.0, 1.0, 1.0, 0.0, 1.0, 0.0, 3.0, 0.0, 0.0, 0.0, 1.0, 11.0, 6.0, 5.0, 66000], [66003, 0.0, 0.0, 1.0, 24.0, 0.0, 0.0, 0.0, 1.0, 1.0, 1.0, 0.0, 1.0, 0.0, 3.0, 0.0, 0.0, 0.0, 1.0, 13.0, 6.0, 8.0, 66003], [66006, 1.0, 1.0, 1.0, 35.0, 0.0, 0.0, 0.0, 1.0, 1.0, 1.0, 0.0, 1.0, 1.0, 2.0, 0.0, 0.0, 0.0, 1.0, 10.0, 5.0, 2.0, 66006], [66007, 0.0, 0.0, 1.0, 26.0, 1.0, 0.0, 1.0, 0.0, 1.0, 0.0, 0.0, 1.0, 0.0, 4.0, 0.0, 30.0, 0.0, 1.0, 10.0, 5.0, 7.0, 66007], [66008, 1.0, 1.0, 1.0, 31.0, 0.0, 0.0, 0.0, 1.0, 0.0, 1.0, 0.0, 1.0, 0.0, 3.0, 0.0, 0.0, 0.0, 1.0, 10.0, 6.0, 8.0, 66008], [66009, 1.0, 1.0, 1.0, 36.0, 1.0, 0.0, 0.0, 0.0, 1.0, 1.0, 0.0, 0.0, 1.0, 3.0, 0.0, 0.0, 0.0, 1.0, 10.0, 5.0, 5.0, 66009]]}}","{""predictions"": [1.0, 0.0, 1.0, 1.0, 0.0, 0.0, 1.0, 0.0, 1.0, 0.0]}",1,"{""model_name"":""demo_faddadbfcefc_model_monitor.ws_3551974319838082.diabetes_mo"",""endpoint_name"":""anupriya-malik-databricks-com_ML_AS04_Demo_3b"",""model_version"":""1""}"
null,bcfcfa45-a5c4-46e4-a4ab-7846ec67d989,2024-09-28,1727528594247,200,5,"{""dataframe_split"": {""index"": [27350, 27351, 27352, 27353, 27354, 27355, 27356, 27357, 27358, 27359], ""columns"": [""index"", ""HighBP"", ""HighChol"", ""CholCheck"", ""BMI"", ""Smoker"", ""Stroke"", ""HeartDiseaseorAttack"", ""PhysActivity"", ""Fruits"", ""Veggies"", ""HvyAlcoholConsump"", ""AnyHealthcare"", ""NoDocbcCost"", ""GenHlth"", ""MentHlth"", ""PhysHlth"", ""DiffWalk"", ""Sex"", ""Age"", ""Education"", ""Income"", ""id""], ""data"": [[66011, 0.0, 0.0, 1.0, 28.0, 1.0, 0.0, 0.0, 1.0, 0.0, 1.0, 0.0, 1.0, 0.0, 3.0, 0.0, 0.0, 0.0, 1.0, 13.0, 4.0, 4.0, 66011], [66012, 1.0, 1.0, 1.0, 29.0, 1.0, 0.0, 0.0, 1.0, 0.0, 1.0, 0.0, 1.0, 1.0, 3.0, 0.0, 0.0, 1.0, 0.0, 13.0, 5.0, 3.0, 66012], [66015, 1.0, 1.0, 1.0, 23.0, 0.0, 0.0, 0.0, 1.0, 1.0, 1.0, 0.0, 1.0, 0.0, 3.0, 2.0, 0.0, 0.0, 1.0, 11.0, 6.0, 7.0, 66015], [66016, 1.0, 1.0, 1.0, 41.0, 0.0, 0.0, 1.0, 0.0, 1.0, 1.0, 0.0, 1.0, 0.0, 2.0, 0.0, 0.0, 0.0, 1.0, 11.0, 6.0, 6.0, 66016], [66019, 0.0, 1.0, 1.0, 31.0, 0.0, 0.0, 0.0, 1.0, 0.0, 1.0, 0.0, 1.0, 1.0, 3.0, 0.0, 0.0, 0.0, 1.0, 12.0, 5.0, 5.0, 66019], [66025, 1.0, 1.0, 1.0, 40.0, 1.0, 0.0, 0.0, 0.0, 1.0, 1.0, 0.0, 1.0, 0.0, 4.0, 0.0, 30.0, 1.0, 0.0, 10.0, 5.0, 8.0, 66025], [66027, 0.0, 0.0, 1.0, 30.0, 0.0, 0.0, 0.0, 1.0, 1.0, 1.0, 0.0, 1.0, 0.0, 3.0, 0.0, 0.0, 0.0, 1.0, 10.0, 5.0, 7.0, 66027], [66032, 1.0, 0.0, 0.0, 26.0, 0.0, 0.0, 0.0, 1.0, 1.0, 1.0, 0.0, 1.0, 0.0, 3.0, 0.0, 0.0, 1.0, 1.0, 12.0, 5.0, 4.0, 66032], [66033, 0.0, 0.0, 1.0, 43.0, 0.0, 0.0, 1.0, 0.0, 0.0, 1.0, 0.0, 1.0, 0.0, 5.0, 29.0, 29.0, 1.0, 1.0, 10.0, 5.0, 6.0, 66033], [66036, 1.0, 0.0, 1.0, 24.0, 1.0, 1.0, 0.0, 0.0, 0.0, 1.0, 0.0, 1.0, 0.0, 3.0, 4.0, 10.0, 0.0, 1.0, 10.0, 4.0, 8.0, 66036]]}}","{""predictions"": [0.0, 0.0, 0.0, 1.0, 1.0, 1.0, 0.0, 0.0, 1.0, 0.0]}",1,"{""model_name"":""demo_faddadbfcefc_model_monitor.ws_3551974319838082.diabetes_mo"",""endpoint_name"":""anupriya-malik-databricks-com_ML_AS04_Demo_3b"",""model_version"":""1""}"
null,5e10dd8b-c985-4759-8832-bb384068e391,2024-09-28,1727528594279,200,6,"{""dataframe_split"": {""index"": [27360, 27361, 27362, 27363, 27364, 27365, 27366, 27367, 27368, 27369], ""columns"": [""index"", ""HighBP"", ""HighChol"", ""CholCheck"", ""BMI"", ""Smoker"", ""Stroke"", ""HeartDiseaseorAttack"", ""PhysActivity"", ""Fruits"", ""Veggies"", ""HvyAlcoholConsump"", ""AnyHealthcare"", ""NoDocbcCost"", ""GenHlth"", ""MentHlth"", ""PhysHlth"", ""DiffWalk"", ""Sex"", ""Age"", ""Education"", ""Income"", ""id""], ""data"": [[66040, 1.0, 1.0, 1.0, 39.0, 1.0, 0.0, 1.0, 1.0, 0.0, 1.0, 0.0, 1.0, 0.0, 4.0, 15.0, 15.0, 1.0, 1.0, 11.0, 5.0, 5.0, 66040], [66042, 1.0, 1.0, 1.0, 30.0, 1.0, 0.0, 0.0, 0.0, 1.0, 1.0, 0.0, 1.0, 1.0, 4.0, 0.0, 3.0, 1.0, 0.0, 12.0, 4.0, 2.0, 66042], [66046, 1.0, 0.0, 1.0, 54.0, 0.0, 0.0, 0.0, 0.0, 1.0, 0.0, 0.0, 1.0, 0.0, 3.0, 0.0, 0.0, 0.0, 1.0, 10.0, 6.0, 6.0, 66046], [66047, 0.0, 1.0, 1.0, 30.0, 0.0, 0.0, 1.0, 1.0, 1.0, 1.0, 0.0, 1.0, 0.0, 2.0, 0.0, 0.0, 0.0, 1.0, 13.0, 4.0, 7.0, 66047], [66048, 1.0, 1.0, 1.0, 26.0, 1.0, 0.0, 0.0, 1.0, 1.0, 1.0, 0.0, 1.0, 0.0, 2.0, 0.0, 0.0, 1.0, 1.0, 10.0, 4.0, 6.0, 66048], [66049, 1.0, 1.0, 1.0, 23.0, 0.0, 0.0, 0.0, 0.0, 0.0, 1.0, 0.0, 1.0, 0.0, 4.0, 0.0, 30.0, 0.0, 0.0, 10.0, 4.0, 2.0, 66049], [66051, 1.0, 1.0, 1.0, 28.0, 0.0, 0.0, 0.0, 1.0, 0.0, 1.0, 0.0, 1.0, 0.0, 3.0, 0.0, 0.0, 0.0, 1.0, 11.0, 6.0, 8.0, 66051], [66057, 0.0, 0.0, 1.0, 27.0, 1.0, 0.0, 0.0, 0.0, 0.0, 1.0, 0.0, 1.0, 0.0, 3.0, 0.0, 0.0, 0.0, 1.0, 12.0, 4.0, 6.0, 66057], [66058, 1.0, 1.0, 1.0, 40.0, 1.0, 0.0, 0.0, 0.0, 0.0, 0.0, 0.0, 1.0, 0.0, 4.0, 0.0, 30.0, 1.0, 1.0, 11.0, 6.0, 6.0, 66058], [66059, 1.0, 1.0, 1.0, 30.0, 0.0, 0.0, 0.0, 1.0, 1.0, 1.0, 0.0, 1.0, 0.0, 3.0, 0.0, 0.0, 0.0, 0.0, 13.0, 6.0, 5.0, 66059]]}}","{""predictions"": [1.0, 0.0, 0.0, 1.0, 1.0, 0.0, 1.0, 1.0, 1.0, 0.0]}",1,"{""model_name"":""demo_faddadbfcefc_model_monitor.ws_3551974319838082.diabetes_mo"",""endpoint_name"":""anupriya-malik-databricks-com_ML_AS04_Demo_3b"",""model_version"":""1""}"
null,aa063e3e-e18c-427a-a37f-83e99201c1f8,2024-09-28,1727528594430,200,5,"{""dataframe_split"": {""index"": [27410, 27411, 27412, 27413, 27414, 27415, 27416, 27417, 27418, 27419], ""columns"": [""index"", ""HighBP"", ""HighChol"", ""CholCheck"", ""BMI"", ""Smoker"", ""Stroke"", ""HeartDiseaseorAttack"", ""PhysActivity"", ""Fruits"", ""Veggies"", ""HvyAlcoholConsump"", ""AnyHealthcare"", ""NoDocbcCost"", ""GenHlth"", ""MentHlth"", ""PhysHlth"", ""DiffWalk"", ""Sex"", ""Age"", ""Education"", ""Income"", ""id""], ""data"": [[66127, 1.0, 1.0, 1.0, 38.0, 1.0, 0.0, 0.0, 1.0, 0.0, 0.0, 0.0, 1.0, 0.0, 3.0, 0.0, 0.0, 0.0, 1.0, 12.0, 3.0, 4.0, 66127], [66128, 1.0, 1.0, 1.0, 23.0, 1.0, 0.0, 1.0, 1.0, 1.0, 0.0, 0.0, 1.0, 0.0, 3.0, 2.0, 4.0, 1.0, 0.0, 10.0, 5.0, 1.0, 66128], [66129, 0.0, 0.0, 1.0, 18.0, 1.0, 1.0, 0.0, 1.0, 1.0, 1.0, 0.0, 1.0, 0.0, 2.0, 1.0, 1.0, 0.0, 0.0, 10.0, 6.0, 7.0, 66129], [66131, 1.0, 1.0, 1.0, 21.0, 0.0, 0.0, 0.0, 1.0, 0.0, 1.0, 0.0, 0.0, 0.0, 2.0, 2.0, 0.0, 0.0, 0.0, 13.0, 6.0, 6.0, 66131], [66132, 1.0, 0.0, 1.0, 21.0, 0.0, 0.0, 1.0, 1.0, 0.0, 1.0, 0.0, 1.0, 0.0, 4.0, 5.0, 5.0, 0.0, 1.0, 12.0, 4.0, 6.0, 66132], [66134, 1.0, 1.0, 1.0, 25.0, 1.0, 1.0, 1.0, 0.0, 0.0, 1.0, 0.0, 1.0, 0.0, 4.0, 10.0, 0.0, 0.0, 0.0, 10.0, 5.0, 5.0, 66134], [66135, 1.0, 1.0, 1.0, 31.0, 1.0, 0.0, 0.0, 1.0, 1.0, 1.0, 0.0, 1.0, 0.0, 3.0, 0.0, 0.0, 0.0, 1.0, 10.0, 4.0, 7.0, 66135], [66138, 1.0, 0.0, 1.0, 40.0, 0.0, 0.0, 0.0, 1.0, 1.0, 1.0, 0.0, 1.0, 0.0, 3.0, 0.0, 0.0, 1.0, 0.0, 10.0, 6.0, 7.0, 66138], [66141, 1.0, 1.0, 1.0, 26.0, 0.0, 0.0, 0.0, 0.0, 0.0, 0.0, 0.0, 1.0, 0.0, 3.0, 0.0, 5.0, 0.0, 0.0, 12.0, 5.0, 2.0, 66141], [66142, 1.0, 1.0, 1.0, 36.0, 1.0, 1.0, 1.0, 0.0, 0.0, 1.0, 0.0, 1.0, 1.0, 3.0, 0.0, 3.0, 1.0, 0.0, 10.0, 4.0, 3.0, 66142]]}}","{""predictions"": [1.0, 0.0, 0.0, 1.0, 1.0, 1.0, 0.0, 1.0, 0.0, 1.0]}",1,"{""model_name"":""demo_faddadbfcefc_model_monitor.ws_3551974319838082.diabetes_mo"",""endpoint_name"":""anupriya-malik-databricks-com_ML_AS04_Demo_3b"",""model_version"":""1""}"
null,86410d07-37d6-4eeb-9182-a583f99b7f24,2024-09-28,1727528594623,200,5,"{""dataframe_split"": {""index"": [27470, 27471, 27472, 27473, 27474, 27475, 27476, 27477, 27478, 27479], ""columns"": [""index"", ""HighBP"", ""HighChol"", ""CholCheck"", ""BMI"", ""Smoker"", ""Stroke"", ""HeartDiseaseorAttack"", ""PhysActivity"", ""Fruits"", ""Veggies"", ""HvyAlcoholConsump"", ""AnyHealthcare"", ""NoDocbcCost"", ""GenHlth"", ""MentHlth"", ""PhysHlth"", ""DiffWalk"", ""Sex"", ""Age"", ""Education"", ""Income"", ""id""], ""data"": [[66231, 1.0, 1.0, 1.0, 34.0, 1.0, 0.0, 0.0, 1.0, 1.0, 1.0, 0.0, 1.0, 0.0, 3.0, 2.0, 10.0, 0.0, 0.0, 10.0, 6.0, 7.0, 66231], [66232, 1.0, 1.0, 1.0, 32.0, 1.0, 0.0, 0.0, 1.0, 1.0, 1.0, 0.0, 1.0, 0.0, 3.0, 12.0, 10.0, 0.0, 1.0, 10.0, 5.0, 6.0, 66232], [66237, 0.0, 1.0, 1.0, 22.0, 0.0, 0.0, 0.0, 1.0, 1.0, 1.0, 0.0, 1.0, 0.0, 5.0, 20.0, 15.0, 0.0, 1.0, 11.0, 4.0, 2.0, 66237], [66242, 1.0, 1.0, 1.0, 36.0, 0.0, 0.0, 0.0, 1.0, 1.0, 1.0, 0.0, 1.0, 0.0, 3.0, 0.0, 1.0, 0.0, 0.0, 11.0, 6.0, 7.0, 66242], [66244, 1.0, 1.0, 1.0, 26.0, 0.0, 0.0, 1.0, 1.0, 1.0, 1.0, 0.0, 1.0, 0.0, 2.0, 0.0, 1.0, 0.0, 1.0, 10.0, 5.0, 7.0, 66244], [66245, 0.0, 1.0, 1.0, 37.0, 1.0, 0.0, 0.0, 0.0, 1.0, 1.0, 0.0, 1.0, 0.0, 4.0, 30.0, 20.0, 1.0, 0.0, 11.0, 4.0, 5.0, 66245], [66247, 1.0, 1.0, 1.0, 26.0, 0.0, 0.0, 0.0, 1.0, 1.0, 1.0, 0.0, 1.0, 0.0, 2.0, 0.0, 2.0, 0.0, 0.0, 11.0, 4.0, 4.0, 66247], [66248, 1.0, 0.0, 1.0, 41.0, 1.0, 0.0, 0.0, 1.0, 0.0, 0.0, 0.0, 1.0, 0.0, 4.0, 0.0, 2.0, 1.0, 1.0, 11.0, 5.0, 4.0, 66248], [66249, 1.0, 1.0, 1.0, 44.0, 1.0, 0.0, 0.0, 1.0, 0.0, 1.0, 0.0, 1.0, 0.0, 3.0, 0.0, 0.0, 0.0, 1.0, 11.0, 6.0, 6.0, 66249], [66250, 1.0, 0.0, 1.0, 31.0, 1.0, 0.0, 0.0, 1.0, 1.0, 1.0, 0.0, 1.0, 0.0, 2.0, 0.0, 0.0, 0.0, 1.0, 10.0, 4.0, 8.0, 66250]]}}","{""predictions"": [0.0, 1.0, 0.0, 1.0, 1.0, 1.0, 1.0, 1.0, 0.0, 0.0]}",1,"{""model_name"":""demo_faddadbfcefc_model_monitor.ws_3551974319838082.diabetes_mo"",""endpoint_name"":""anupriya-malik-databricks-com_ML_AS04_Demo_3b"",""model_version"":""1""}"
null,d81136c2-3453-4032-a4f5-f6e441b3b1ae,2024-09-28,1727528594652,200,5,"{""dataframe_split"": {""index"": [27480, 27481, 27482, 27483, 27484, 27485, 27486, 27487, 27488, 27489], ""columns"": [""index"", ""HighBP"", ""HighChol"", ""CholCheck"", ""BMI"", ""Smoker"", ""Stroke"", ""HeartDiseaseorAttack"", ""PhysActivity"", ""Fruits"", ""Veggies"", ""HvyAlcoholConsump"", ""AnyHealthcare"", ""NoDocbcCost"", ""GenHlth"", ""MentHlth"", ""PhysHlth"", ""DiffWalk"", ""Sex"", ""Age"", ""Education"", ""Income"", ""id""], ""data"": [[66251, 1.0, 1.0, 1.0, 31.0, 0.0, 0.0, 0.0, 1.0, 0.0, 1.0, 0.0, 1.0, 0.0, 3.0, 0.0, 0.0, 0.0, 1.0, 10.0, 5.0, 6.0, 66251], [66254, 1.0, 1.0, 1.0, 34.0, 1.0, 0.0, 0.0, 1.0, 1.0, 1.0, 0.0, 1.0, 0.0, 2.0, 0.0, 0.0, 0.0, 1.0, 11.0, 6.0, 3.0, 66254], [66255, 1.0, 1.0, 1.0, 31.0, 1.0, 0.0, 0.0, 0.0, 0.0, 1.0, 0.0, 0.0, 0.0, 3.0, 0.0, 0.0, 0.0, 1.0, 10.0, 4.0, 6.0, 66255], [66256, 1.0, 1.0, 1.0, 31.0, 0.0, 1.0, 1.0, 0.0, 1.0, 0.0, 0.0, 1.0, 1.0, 5.0, 30.0, 28.0, 1.0, 0.0, 12.0, 4.0, 4.0, 66256], [66259, 0.0, 0.0, 1.0, 32.0, 1.0, 0.0, 0.0, 0.0, 0.0, 1.0, 0.0, 1.0, 0.0, 3.0, 7.0, 4.0, 0.0, 1.0, 10.0, 4.0, 6.0, 66259], [66262, 1.0, 1.0, 1.0, 29.0, 1.0, 0.0, 0.0, 0.0, 1.0, 1.0, 0.0, 1.0, 0.0, 4.0, 0.0, 10.0, 1.0, 0.0, 11.0, 4.0, 4.0, 66262], [66263, 1.0, 1.0, 1.0, 28.0, 0.0, 0.0, 1.0, 1.0, 1.0, 1.0, 0.0, 1.0, 0.0, 3.0, 0.0, 7.0, 0.0, 0.0, 10.0, 6.0, 8.0, 66263], [66264, 1.0, 1.0, 1.0, 46.0, 0.0, 0.0, 1.0, 1.0, 1.0, 1.0, 0.0, 1.0, 0.0, 4.0, 0.0, 20.0, 0.0, 0.0, 12.0, 4.0, 1.0, 66264], [66267, 1.0, 0.0, 1.0, 38.0, 0.0, 0.0, 0.0, 1.0, 1.0, 1.0, 0.0, 1.0, 0.0, 3.0, 15.0, 15.0, 0.0, 0.0, 10.0, 6.0, 6.0, 66267], [66270, 1.0, 1.0, 1.0, 30.0, 0.0, 0.0, 0.0, 1.0, 0.0, 1.0, 0.0, 1.0, 0.0, 3.0, 0.0, 0.0, 0.0, 0.0, 11.0, 4.0, 6.0, 66270]]}}","{""predictions"": [0.0, 1.0, 0.0, 1.0, 0.0, 1.0, 1.0, 1.0, 1.0, 0.0]}",1,"{""model_name"":""demo_faddadbfcefc_model_monitor.ws_3551974319838082.diabetes_mo"",""endpoint_name"":""anupriya-malik-databricks-com_ML_AS04_Demo_3b"",""model_version"":""1""}"
null,813cc1ac-4222-44f3-9243-c96230338575,2024-09-28,1727528594682,200,5,"{""dataframe_split"": {""index"": [27490, 27491, 27492, 27493, 27494, 27495, 27496, 27497, 27498, 27499], ""columns"": [""index"", ""HighBP"", ""HighChol"", ""CholCheck"", ""BMI"", ""Smoker"", ""Stroke"", ""HeartDiseaseorAttack"", ""PhysActivity"", ""Fruits"", ""Veggies"", ""HvyAlcoholConsump"", ""AnyHealthcare"", ""NoDocbcCost"", ""GenHlth"", ""MentHlth"", ""PhysHlth"", ""DiffWalk"", ""Sex"", ""Age"", ""Education"", ""Income"", ""id""], ""data"": [[66271, 0.0, 0.0, 0.0, 34.0, 0.0, 0.0, 0.0, 0.0, 1.0, 0.0, 0.0, 1.0, 0.0, 4.0, 0.0, 0.0, 0.0, 1.0, 11.0, 4.0, 5.0, 66271], [66272, 1.0, 0.0, 1.0, 33.0, 0.0, 0.0, 0.0, 0.0, 0.0, 1.0, 0.0, 1.0, 0.0, 4.0, 2.0, 3.0, 0.0, 0.0, 10.0, 6.0, 7.0, 66272], [66273, 1.0, 1.0, 1.0, 43.0, 1.0, 0.0, 0.0, 0.0, 0.0, 1.0, 0.0, 1.0, 0.0, 3.0, 0.0, 0.0, 1.0, 1.0, 12.0, 6.0, 7.0, 66273], [66274, 1.0, 0.0, 1.0, 50.0, 0.0, 0.0, 1.0, 1.0, 1.0, 1.0, 0.0, 1.0, 0.0, 4.0, 0.0, 0.0, 0.0, 1.0, 10.0, 5.0, 6.0, 66274], [66276, 0.0, 0.0, 1.0, 40.0, 1.0, 1.0, 1.0, 0.0, 0.0, 1.0, 0.0, 1.0, 0.0, 5.0, 0.0, 30.0, 1.0, 1.0, 10.0, 4.0, 6.0, 66276], [66277, 1.0, 1.0, 1.0, 19.0, 1.0, 0.0, 1.0, 0.0, 1.0, 1.0, 0.0, 1.0, 0.0, 3.0, 0.0, 7.0, 1.0, 1.0, 11.0, 6.0, 8.0, 66277], [66278, 1.0, 1.0, 1.0, 31.0, 0.0, 0.0, 1.0, 1.0, 0.0, 1.0, 0.0, 1.0, 0.0, 2.0, 0.0, 0.0, 0.0, 1.0, 11.0, 6.0, 8.0, 66278], [66280, 1.0, 1.0, 1.0, 31.0, 0.0, 0.0, 0.0, 0.0, 1.0, 1.0, 0.0, 1.0, 0.0, 3.0, 0.0, 2.0, 0.0, 1.0, 10.0, 4.0, 6.0, 66280], [66281, 1.0, 0.0, 1.0, 40.0, 1.0, 0.0, 0.0, 0.0, 0.0, 0.0, 0.0, 1.0, 0.0, 3.0, 0.0, 5.0, 0.0, 1.0, 10.0, 6.0, 6.0, 66281], [66283, 1.0, 1.0, 1.0, 33.0, 1.0, 0.0, 0.0, 1.0, 0.0, 1.0, 0.0, 1.0, 0.0, 2.0, 0.0, 0.0, 0.0, 0.0, 10.0, 4.0, 4.0, 66283]]}}","{""predictions"": [0.0, 1.0, 0.0, 1.0, 1.0, 1.0, 1.0, 0.0, 0.0, 0.0]}",1,"{""model_name"":""demo_faddadbfcefc_model_monitor.ws_3551974319838082.diabetes_mo"",""endpoint_name"":""anupriya-malik-databricks-com_ML_AS04_Demo_3b"",""model_version"":""1""}"
null,e9c02bff-91d2-462c-8b3d-dcc564124430,2024-09-28,1727528594711,200,5,"{""dataframe_split"": {""index"": [27500, 27501, 27502, 27503, 27504, 27505, 27506, 27507, 27508, 27509], ""columns"": [""index"", ""HighBP"", ""HighChol"", ""CholCheck"", ""BMI"", ""Smoker"", ""Stroke"", ""HeartDiseaseorAttack"", ""PhysActivity"", ""Fruits"", ""Veggies"", ""HvyAlcoholConsump"", ""AnyHealthcare"", ""NoDocbcCost"", ""GenHlth"", ""MentHlth"", ""PhysHlth"", ""DiffWalk"", ""Sex"", ""Age"", ""Education"", ""Income"", ""id""], ""data"": [[66284, 1.0, 1.0, 1.0, 38.0, 0.0, 0.0, 0.0, 0.0, 0.0, 1.0, 0.0, 1.0, 0.0, 3.0, 0.0, 4.0, 1.0, 1.0, 12.0, 6.0, 8.0, 66284], [66285, 1.0, 1.0, 1.0, 52.0, 1.0, 0.0, 0.0, 1.0, 0.0, 0.0, 0.0, 1.0, 0.0, 3.0, 0.0, 30.0, 1.0, 0.0, 11.0, 4.0, 4.0, 66285], [66287, 1.0, 1.0, 1.0, 32.0, 1.0, 1.0, 1.0, 1.0, 1.0, 1.0, 0.0, 1.0, 0.0, 5.0, 2.0, 30.0, 1.0, 1.0, 12.0, 4.0, 5.0, 66287], [66289, 0.0, 0.0, 1.0, 35.0, 1.0, 0.0, 0.0, 1.0, 0.0, 1.0, 1.0, 1.0, 0.0, 2.0, 0.0, 0.0, 0.0, 1.0, 10.0, 6.0, 8.0, 66289], [66291, 1.0, 0.0, 1.0, 37.0, 0.0, 0.0, 0.0, 1.0, 0.0, 0.0, 0.0, 1.0, 0.0, 4.0, 0.0, 3.0, 0.0, 0.0, 10.0, 4.0, 2.0, 66291], [66292, 1.0, 0.0, 1.0, 25.0, 1.0, 0.0, 1.0, 1.0, 1.0, 1.0, 0.0, 1.0, 0.0, 2.0, 0.0, 20.0, 0.0, 1.0, 10.0, 5.0, 7.0, 66292], [66297, 1.0, 0.0, 1.0, 31.0, 1.0, 0.0, 0.0, 0.0, 0.0, 1.0, 0.0, 1.0, 0.0, 4.0, 0.0, 0.0, 0.0, 1.0, 11.0, 6.0, 3.0, 66297], [66301, 1.0, 1.0, 1.0, 19.0, 1.0, 0.0, 1.0, 0.0, 1.0, 1.0, 0.0, 1.0, 0.0, 3.0, 10.0, 0.0, 1.0, 1.0, 11.0, 4.0, 4.0, 66301], [66302, 0.0, 0.0, 1.0, 31.0, 0.0, 0.0, 0.0, 0.0, 1.0, 1.0, 0.0, 1.0, 0.0, 3.0, 30.0, 0.0, 1.0, 0.0, 10.0, 4.0, 4.0, 66302], [66303, 1.0, 1.0, 1.0, 30.0, 1.0, 0.0, 1.0, 1.0, 1.0, 1.0, 0.0, 1.0, 0.0, 3.0, 3.0, 30.0, 1.0, 0.0, 11.0, 4.0, 4.0, 66303]]}}","{""predictions"": [0.0, 0.0, 1.0, 1.0, 1.0, 0.0, 0.0, 1.0, 0.0, 1.0]}",1,"{""model_name"":""demo_faddadbfcefc_model_monitor.ws_3551974319838082.diabetes_mo"",""endpoint_name"":""anupriya-malik-databricks-com_ML_AS04_Demo_3b"",""model_version"":""1""}"
null,e35f1590-c782-41f7-b3a0-9b5dc9706556,2024-09-28,1727528594742,200,5,"{""dataframe_split"": {""index"": [27510, 27511, 27512, 27513, 27514, 27515, 27516, 27517, 27518, 27519], ""columns"": [""index"", ""HighBP"", ""HighChol"", ""CholCheck"", ""BMI"", ""Smoker"", ""Stroke"", ""HeartDiseaseorAttack"", ""PhysActivity"", ""Fruits"", ""Veggies"", ""HvyAlcoholConsump"", ""AnyHealthcare"", ""NoDocbcCost"", ""GenHlth"", ""MentHlth"", ""PhysHlth"", ""DiffWalk"", ""Sex"", ""Age"", ""Education"", ""Income"", ""id""], ""data"": [[66305, 1.0, 1.0, 1.0, 36.0, 0.0, 0.0, 0.0, 0.0, 1.0, 1.0, 0.0, 1.0, 0.0, 3.0, 0.0, 0.0, 0.0, 0.0, 10.0, 6.0, 7.0, 66305], [66310, 1.0, 0.0, 1.0, 20.0, 1.0, 1.0, 1.0, 0.0, 0.0, 1.0, 0.0, 1.0, 0.0, 5.0, 0.0, 30.0, 1.0, 0.0, 11.0, 5.0, 2.0, 66310], [66312, 1.0, 1.0, 1.0, 24.0, 1.0, 0.0, 1.0, 1.0, 1.0, 1.0, 0.0, 1.0, 0.0, 4.0, 0.0, 0.0, 0.0, 1.0, 12.0, 4.0, 6.0, 66312], [66316, 1.0, 1.0, 1.0, 27.0, 1.0, 0.0, 0.0, 1.0, 1.0, 0.0, 0.0, 1.0, 0.0, 5.0, 0.0, 30.0, 1.0, 1.0, 12.0, 6.0, 7.0, 66316], [66319, 1.0, 1.0, 1.0, 31.0, 0.0, 0.0, 1.0, 1.0, 1.0, 0.0, 0.0, 1.0, 0.0, 3.0, 0.0, 0.0, 0.0, 0.0, 13.0, 5.0, 4.0, 66319], [66321, 1.0, 0.0, 1.0, 26.0, 1.0, 0.0, 0.0, 0.0, 1.0, 1.0, 0.0, 1.0, 0.0, 4.0, 0.0, 0.0, 0.0, 1.0, 10.0, 5.0, 8.0, 66321], [66324, 0.0, 1.0, 1.0, 49.0, 1.0, 0.0, 1.0, 0.0, 1.0, 1.0, 0.0, 1.0, 0.0, 5.0, 25.0, 25.0, 1.0, 1.0, 10.0, 4.0, 3.0, 66324], [66325, 0.0, 0.0, 1.0, 24.0, 1.0, 0.0, 0.0, 0.0, 1.0, 1.0, 0.0, 1.0, 0.0, 5.0, 0.0, 25.0, 1.0, 1.0, 12.0, 3.0, 1.0, 66325], [66326, 1.0, 1.0, 1.0, 36.0, 1.0, 0.0, 0.0, 1.0, 0.0, 1.0, 0.0, 1.0, 0.0, 4.0, 0.0, 1.0, 0.0, 1.0, 10.0, 6.0, 2.0, 66326], [66330, 1.0, 1.0, 1.0, 38.0, 1.0, 0.0, 0.0, 1.0, 0.0, 1.0, 0.0, 1.0, 0.0, 4.0, 0.0, 0.0, 0.0, 1.0, 12.0, 5.0, 8.0, 66330]]}}","{""predictions"": [1.0, 1.0, 0.0, 1.0, 0.0, 0.0, 1.0, 0.0, 1.0, 1.0]}",1,"{""model_name"":""demo_faddadbfcefc_model_monitor.ws_3551974319838082.diabetes_mo"",""endpoint_name"":""anupriya-malik-databricks-com_ML_AS04_Demo_3b"",""model_version"":""1""}"
null,e25e30aa-97cd-4bf0-9945-05961ccef01c,2024-09-28,1727528594769,200,5,"{""dataframe_split"": {""index"": [27520, 27521, 27522, 27523, 27524, 27525, 27526, 27527, 27528, 27529], ""columns"": [""index"", ""HighBP"", ""HighChol"", ""CholCheck"", ""BMI"", ""Smoker"", ""Stroke"", ""HeartDiseaseorAttack"", ""PhysActivity"", ""Fruits"", ""Veggies"", ""HvyAlcoholConsump"", ""AnyHealthcare"", ""NoDocbcCost"", ""GenHlth"", ""MentHlth"", ""PhysHlth"", ""DiffWalk"", ""Sex"", ""Age"", ""Education"", ""Income"", ""id""], ""data"": [[66331, 1.0, 1.0, 1.0, 23.0, 1.0, 0.0, 0.0, 1.0, 1.0, 1.0, 0.0, 1.0, 0.0, 3.0, 0.0, 30.0, 0.0, 0.0, 12.0, 6.0, 8.0, 66331], [66333, 0.0, 1.0, 1.0, 22.0, 0.0, 0.0, 0.0, 1.0, 1.0, 1.0, 0.0, 1.0, 0.0, 3.0, 0.0, 0.0, 0.0, 0.0, 10.0, 4.0, 7.0, 66333], [66340, 1.0, 1.0, 1.0, 32.0, 1.0, 0.0, 1.0, 1.0, 1.0, 1.0, 0.0, 1.0, 0.0, 3.0, 0.0, 0.0, 0.0, 1.0, 11.0, 5.0, 7.0, 66340], [66341, 1.0, 0.0, 1.0, 38.0, 0.0, 0.0, 0.0, 0.0, 1.0, 0.0, 0.0, 1.0, 0.0, 3.0, 0.0, 0.0, 0.0, 1.0, 10.0, 5.0, 1.0, 66341], [66342, 1.0, 1.0, 1.0, 29.0, 0.0, 0.0, 0.0, 1.0, 0.0, 1.0, 0.0, 1.0, 0.0, 3.0, 0.0, 0.0, 0.0, 1.0, 10.0, 5.0, 6.0, 66342], [66350, 0.0, 1.0, 1.0, 24.0, 1.0, 0.0, 0.0, 1.0, 1.0, 1.0, 0.0, 1.0, 0.0, 2.0, 0.0, 0.0, 0.0, 1.0, 11.0, 4.0, 4.0, 66350], [66351, 1.0, 0.0, 1.0, 18.0, 0.0, 0.0, 0.0, 1.0, 0.0, 1.0, 0.0, 1.0, 0.0, 3.0, 0.0, 0.0, 0.0, 1.0, 10.0, 6.0, 8.0, 66351], [66352, 1.0, 1.0, 1.0, 46.0, 0.0, 0.0, 0.0, 0.0, 1.0, 1.0, 0.0, 1.0, 1.0, 5.0, 20.0, 30.0, 1.0, 0.0, 10.0, 6.0, 8.0, 66352], [66353, 0.0, 0.0, 1.0, 26.0, 1.0, 0.0, 0.0, 1.0, 1.0, 1.0, 0.0, 1.0, 0.0, 2.0, 0.0, 1.0, 0.0, 1.0, 11.0, 6.0, 7.0, 66353], [66354, 1.0, 0.0, 1.0, 29.0, 1.0, 0.0, 0.0, 1.0, 1.0, 1.0, 0.0, 1.0, 0.0, 1.0, 0.0, 0.0, 0.0, 0.0, 11.0, 6.0, 6.0, 66354]]}}","{""predictions"": [1.0, 1.0, 1.0, 1.0, 0.0, 0.0, 1.0, 1.0, 0.0, 0.0]}",1,"{""model_name"":""demo_faddadbfcefc_model_monitor.ws_3551974319838082.diabetes_mo"",""endpoint_name"":""anupriya-malik-databricks-com_ML_AS04_Demo_3b"",""model_version"":""1""}"
null,ef7aa2b6-02e7-4217-b700-1cfa28ef263e,2024-09-28,1727528594798,200,5,"{""dataframe_split"": {""index"": [27530, 27531, 27532, 27533, 27534, 27535, 27536, 27537, 27538, 27539], ""columns"": [""index"", ""HighBP"", ""HighChol"", ""CholCheck"", ""BMI"", ""Smoker"", ""Stroke"", ""HeartDiseaseorAttack"", ""PhysActivity"", ""Fruits"", ""Veggies"", ""HvyAlcoholConsump"", ""AnyHealthcare"", ""NoDocbcCost"", ""GenHlth"", ""MentHlth"", ""PhysHlth"", ""DiffWalk"", ""Sex"", ""Age"", ""Education"", ""Income"", ""id""], ""data"": [[66362, 1.0, 1.0, 1.0, 32.0, 1.0, 0.0, 0.0, 1.0, 1.0, 1.0, 0.0, 1.0, 0.0, 3.0, 0.0, 2.0, 0.0, 0.0, 10.0, 4.0, 7.0, 66362], [66366, 1.0, 1.0, 1.0, 39.0, 1.0, 0.0, 0.0, 0.0, 1.0, 1.0, 0.0, 0.0, 0.0, 3.0, 0.0, 14.0, 0.0, 0.0, 10.0, 4.0, 2.0, 66366], [66370, 1.0, 1.0, 1.0, 26.0, 0.0, 0.0, 0.0, 1.0, 1.0, 1.0, 0.0, 1.0, 0.0, 2.0, 1.0, 0.0, 0.0, 0.0, 12.0, 4.0, 2.0, 66370], [66372, 1.0, 1.0, 1.0, 30.0, 1.0, 0.0, 1.0, 1.0, 0.0, 1.0, 0.0, 1.0, 0.0, 5.0, 30.0, 30.0, 1.0, 0.0, 10.0, 5.0, 5.0, 66372], [66374, 1.0, 1.0, 1.0, 27.0, 1.0, 0.0, 0.0, 1.0, 1.0, 1.0, 0.0, 1.0, 0.0, 3.0, 3.0, 0.0, 0.0, 0.0, 11.0, 5.0, 7.0, 66374], [66377, 1.0, 0.0, 1.0, 29.0, 0.0, 1.0, 1.0, 1.0, 1.0, 1.0, 0.0, 1.0, 0.0, 3.0, 0.0, 0.0, 0.0, 1.0, 10.0, 5.0, 6.0, 66377], [66378, 0.0, 0.0, 1.0, 27.0, 1.0, 0.0, 0.0, 1.0, 0.0, 1.0, 0.0, 1.0, 0.0, 3.0, 0.0, 0.0, 0.0, 1.0, 10.0, 4.0, 7.0, 66378], [66379, 1.0, 1.0, 1.0, 31.0, 1.0, 0.0, 0.0, 1.0, 0.0, 0.0, 0.0, 1.0, 0.0, 3.0, 0.0, 7.0, 1.0, 0.0, 10.0, 4.0, 4.0, 66379], [66381, 0.0, 0.0, 1.0, 38.0, 1.0, 0.0, 1.0, 0.0, 0.0, 1.0, 0.0, 1.0, 0.0, 4.0, 0.0, 25.0, 1.0, 1.0, 10.0, 4.0, 6.0, 66381], [66385, 1.0, 1.0, 1.0, 31.0, 1.0, 0.0, 0.0, 0.0, 1.0, 0.0, 0.0, 1.0, 0.0, 3.0, 0.0, 0.0, 0.0, 1.0, 11.0, 4.0, 5.0, 66385]]}}","{""predictions"": [1.0, 1.0, 1.0, 1.0, 1.0, 1.0, 0.0, 1.0, 1.0, 1.0]}",1,"{""model_name"":""demo_faddadbfcefc_model_monitor.ws_3551974319838082.diabetes_mo"",""endpoint_name"":""anupriya-malik-databricks-com_ML_AS04_Demo_3b"",""model_version"":""1""}"
null,ca922352-0f43-4f58-bcb4-147061dbc243,2024-09-28,1727528595268,200,5,"{""dataframe_split"": {""index"": [27690, 27691, 27692, 27693, 27694, 27695, 27696, 27697, 27698, 27699], ""columns"": [""index"", ""HighBP"", ""HighChol"", ""CholCheck"", ""BMI"", ""Smoker"", ""Stroke"", ""HeartDiseaseorAttack"", ""PhysActivity"", ""Fruits"", ""Veggies"", ""HvyAlcoholConsump"", ""AnyHealthcare"", ""NoDocbcCost"", ""GenHlth"", ""MentHlth"", ""PhysHlth"", ""DiffWalk"", ""Sex"", ""Age"", ""Education"", ""Income"", ""id""], ""data"": [[66678, 1.0, 1.0, 1.0, 34.0, 0.0, 0.0, 1.0, 0.0, 0.0, 0.0, 0.0, 1.0, 0.0, 3.0, 30.0, 20.0, 1.0, 0.0, 13.0, 2.0, 1.0, 66678], [66679, 1.0, 1.0, 1.0, 31.0, 0.0, 0.0, 0.0, 1.0, 0.0, 1.0, 0.0, 1.0, 0.0, 2.0, 0.0, 10.0, 0.0, 1.0, 10.0, 6.0, 7.0, 66679], [66684, 0.0, 0.0, 1.0, 22.0, 0.0, 0.0, 0.0, 1.0, 0.0, 1.0, 0.0, 1.0, 0.0, 3.0, 0.0, 0.0, 0.0, 0.0, 10.0, 4.0, 6.0, 66684], [66687, 1.0, 1.0, 1.0, 26.0, 0.0, 0.0, 0.0, 0.0, 1.0, 1.0, 0.0, 1.0, 1.0, 4.0, 0.0, 15.0, 0.0, 0.0, 11.0, 5.0, 5.0, 66687], [66688, 1.0, 0.0, 1.0, 43.0, 0.0, 0.0, 0.0, 1.0, 1.0, 1.0, 0.0, 1.0, 0.0, 5.0, 0.0, 10.0, 0.0, 0.0, 10.0, 4.0, 6.0, 66688], [66691, 1.0, 0.0, 1.0, 23.0, 1.0, 0.0, 0.0, 1.0, 1.0, 1.0, 0.0, 1.0, 0.0, 2.0, 0.0, 2.0, 0.0, 0.0, 10.0, 6.0, 6.0, 66691], [66693, 1.0, 1.0, 1.0, 33.0, 1.0, 0.0, 0.0, 0.0, 0.0, 1.0, 0.0, 1.0, 0.0, 3.0, 14.0, 0.0, 0.0, 0.0, 12.0, 5.0, 7.0, 66693], [66695, 1.0, 0.0, 1.0, 25.0, 1.0, 0.0, 0.0, 1.0, 1.0, 1.0, 0.0, 1.0, 0.0, 2.0, 0.0, 1.0, 0.0, 0.0, 10.0, 6.0, 8.0, 66695], [66696, 0.0, 0.0, 1.0, 23.0, 1.0, 0.0, 1.0, 0.0, 0.0, 1.0, 0.0, 1.0, 0.0, 4.0, 0.0, 30.0, 0.0, 0.0, 11.0, 5.0, 6.0, 66696], [66697, 1.0, 0.0, 1.0, 27.0, 0.0, 0.0, 0.0, 0.0, 1.0, 1.0, 0.0, 1.0, 0.0, 3.0, 0.0, 0.0, 0.0, 0.0, 13.0, 4.0, 5.0, 66697]]}}","{""predictions"": [1.0, 0.0, 0.0, 1.0, 1.0, 0.0, 1.0, 1.0, 0.0, 1.0]}",1,"{""model_name"":""demo_faddadbfcefc_model_monitor.ws_3551974319838082.diabetes_mo"",""endpoint_name"":""anupriya-malik-databricks-com_ML_AS04_Demo_3b"",""model_version"":""1""}"
null,f51c2429-ae08-4fbe-bbc7-2cde5d7dca63,2024-09-28,1727528595299,200,5,"{""dataframe_split"": {""index"": [27700, 27701, 27702, 27703, 27704, 27705, 27706, 27707, 27708, 27709], ""columns"": [""index"", ""HighBP"", ""HighChol"", ""CholCheck"", ""BMI"", ""Smoker"", ""Stroke"", ""HeartDiseaseorAttack"", ""PhysActivity"", ""Fruits"", ""Veggies"", ""HvyAlcoholConsump"", ""AnyHealthcare"", ""NoDocbcCost"", ""GenHlth"", ""MentHlth"", ""PhysHlth"", ""DiffWalk"", ""Sex"", ""Age"", ""Education"", ""Income"", ""id""], ""data"": [[66698, 1.0, 1.0, 1.0, 27.0, 0.0, 0.0, 0.0, 1.0, 1.0, 1.0, 0.0, 1.0, 0.0, 1.0, 0.0, 0.0, 0.0, 1.0, 12.0, 5.0, 8.0, 66698], [66700, 1.0, 1.0, 1.0, 27.0, 0.0, 1.0, 1.0, 1.0, 0.0, 1.0, 0.0, 0.0, 0.0, 2.0, 0.0, 0.0, 0.0, 1.0, 13.0, 2.0, 4.0, 66700], [66701, 1.0, 1.0, 1.0, 33.0, 1.0, 1.0, 1.0, 1.0, 1.0, 1.0, 0.0, 1.0, 0.0, 3.0, 0.0, 2.0, 1.0, 1.0, 12.0, 5.0, 6.0, 66701], [66704, 1.0, 0.0, 1.0, 22.0, 1.0, 0.0, 0.0, 0.0, 1.0, 0.0, 0.0, 1.0, 0.0, 4.0, 0.0, 30.0, 1.0, 0.0, 10.0, 5.0, 4.0, 66704], [66706, 1.0, 0.0, 1.0, 38.0, 0.0, 0.0, 0.0, 1.0, 0.0, 0.0, 0.0, 1.0, 0.0, 1.0, 0.0, 0.0, 0.0, 1.0, 11.0, 6.0, 8.0, 66706], [66708, 1.0, 1.0, 1.0, 29.0, 0.0, 0.0, 0.0, 1.0, 1.0, 1.0, 0.0, 1.0, 0.0, 3.0, 0.0, 0.0, 0.0, 1.0, 12.0, 4.0, 3.0, 66708], [66709, 0.0, 0.0, 1.0, 25.0, 0.0, 0.0, 0.0, 1.0, 1.0, 1.0, 0.0, 1.0, 0.0, 2.0, 0.0, 0.0, 0.0, 0.0, 10.0, 4.0, 6.0, 66709], [66711, 1.0, 0.0, 1.0, 32.0, 0.0, 0.0, 0.0, 0.0, 1.0, 1.0, 0.0, 1.0, 0.0, 1.0, 0.0, 0.0, 0.0, 0.0, 12.0, 6.0, 7.0, 66711], [66712, 1.0, 0.0, 1.0, 46.0, 0.0, 0.0, 0.0, 1.0, 0.0, 1.0, 0.0, 1.0, 1.0, 3.0, 0.0, 6.0, 1.0, 1.0, 10.0, 5.0, 3.0, 66712], [66717, 1.0, 1.0, 1.0, 32.0, 1.0, 0.0, 0.0, 1.0, 1.0, 1.0, 0.0, 1.0, 0.0, 3.0, 0.0, 0.0, 0.0, 1.0, 12.0, 6.0, 8.0, 66717]]}}","{""predictions"": [0.0, 1.0, 1.0, 0.0, 1.0, 1.0, 0.0, 0.0, 1.0, 0.0]}",1,"{""model_name"":""demo_faddadbfcefc_model_monitor.ws_3551974319838082.diabetes_mo"",""endpoint_name"":""anupriya-malik-databricks-com_ML_AS04_Demo_3b"",""model_version"":""1""}"
null,ad669401-4cf5-43b4-96a7-3d898c2fd612,2024-09-28,1727528595359,200,5,"{""dataframe_split"": {""index"": [27720, 27721, 27722, 27723, 27724, 27725, 27726, 27727, 27728, 27729], ""columns"": [""index"", ""HighBP"", ""HighChol"", ""CholCheck"", ""BMI"", ""Smoker"", ""Stroke"", ""HeartDiseaseorAttack"", ""PhysActivity"", ""Fruits"", ""Veggies"", ""HvyAlcoholConsump"", ""AnyHealthcare"", ""NoDocbcCost"", ""GenHlth"", ""MentHlth"", ""PhysHlth"", ""DiffWalk"", ""Sex"", ""Age"", ""Education"", ""Income"", ""id""], ""data"": [[66735, 1.0, 1.0, 1.0, 27.0, 1.0, 0.0, 1.0, 1.0, 0.0, 1.0, 0.0, 1.0, 0.0, 3.0, 0.0, 0.0, 0.0, 1.0, 10.0, 6.0, 8.0, 66735], [66736, 1.0, 1.0, 1.0, 37.0, 0.0, 0.0, 0.0, 0.0, 1.0, 1.0, 0.0, 1.0, 0.0, 3.0, 4.0, 4.0, 1.0, 0.0, 11.0, 2.0, 3.0, 66736], [66737, 1.0, 1.0, 1.0, 26.0, 1.0, 1.0, 1.0, 0.0, 0.0, 0.0, 0.0, 1.0, 0.0, 3.0, 0.0, 0.0, 0.0, 1.0, 12.0, 5.0, 6.0, 66737], [66739, 1.0, 1.0, 1.0, 30.0, 1.0, 0.0, 0.0, 1.0, 1.0, 1.0, 0.0, 1.0, 0.0, 2.0, 0.0, 0.0, 0.0, 0.0, 11.0, 6.0, 7.0, 66739], [66740, 1.0, 1.0, 1.0, 23.0, 0.0, 0.0, 0.0, 1.0, 1.0, 1.0, 0.0, 1.0, 0.0, 4.0, 0.0, 30.0, 1.0, 1.0, 12.0, 5.0, 8.0, 66740], [66743, 1.0, 0.0, 1.0, 30.0, 0.0, 0.0, 0.0, 1.0, 1.0, 0.0, 0.0, 1.0, 0.0, 4.0, 0.0, 0.0, 0.0, 0.0, 12.0, 4.0, 5.0, 66743], [66744, 1.0, 1.0, 1.0, 27.0, 1.0, 1.0, 1.0, 0.0, 0.0, 1.0, 0.0, 1.0, 0.0, 4.0, 0.0, 7.0, 1.0, 0.0, 11.0, 5.0, 5.0, 66744], [66745, 1.0, 0.0, 1.0, 28.0, 0.0, 0.0, 0.0, 1.0, 0.0, 1.0, 0.0, 1.0, 0.0, 3.0, 0.0, 0.0, 0.0, 0.0, 13.0, 3.0, 2.0, 66745], [66746, 1.0, 1.0, 1.0, 46.0, 0.0, 0.0, 0.0, 0.0, 0.0, 1.0, 0.0, 1.0, 0.0, 5.0, 0.0, 30.0, 1.0, 1.0, 10.0, 4.0, 5.0, 66746], [66750, 1.0, 1.0, 1.0, 26.0, 0.0, 0.0, 0.0, 1.0, 1.0, 1.0, 0.0, 1.0, 0.0, 3.0, 0.0, 5.0, 0.0, 0.0, 12.0, 5.0, 5.0, 66750]]}}","{""predictions"": [0.0, 0.0, 0.0, 0.0, 0.0, 1.0, 1.0, 0.0, 1.0, 1.0]}",1,"{""model_name"":""demo_faddadbfcefc_model_monitor.ws_3551974319838082.diabetes_mo"",""endpoint_name"":""anupriya-malik-databricks-com_ML_AS04_Demo_3b"",""model_version"":""1""}"
null,5d7cddb3-92fe-4e16-8a83-58ef1ada53c7,2024-09-28,1727528595449,200,5,"{""dataframe_split"": {""index"": [27750, 27751, 27752, 27753, 27754, 27755, 27756, 27757, 27758, 27759], ""columns"": [""index"", ""HighBP"", ""HighChol"", ""CholCheck"", ""BMI"", ""Smoker"", ""Stroke"", ""HeartDiseaseorAttack"", ""PhysActivity"", ""Fruits"", ""Veggies"", ""HvyAlcoholConsump"", ""AnyHealthcare"", ""NoDocbcCost"", ""GenHlth"", ""MentHlth"", ""PhysHlth"", ""DiffWalk"", ""Sex"", ""Age"", ""Education"", ""Income"", ""id""], ""data"": [[66784, 1.0, 0.0, 1.0, 26.0, 0.0, 1.0, 1.0, 0.0, 1.0, 1.0, 0.0, 1.0, 0.0, 3.0, 0.0, 0.0, 0.0, 1.0, 11.0, 6.0, 8.0, 66784], [66786, 1.0, 0.0, 1.0, 30.0, 0.0, 0.0, 0.0, 0.0, 0.0, 1.0, 0.0, 1.0, 0.0, 4.0, 0.0, 0.0, 1.0, 0.0, 11.0, 5.0, 2.0, 66786], [66789, 0.0, 0.0, 1.0, 27.0, 0.0, 0.0, 1.0, 0.0, 0.0, 1.0, 0.0, 1.0, 0.0, 4.0, 0.0, 10.0, 0.0, 0.0, 13.0, 3.0, 6.0, 66789], [66790, 1.0, 1.0, 1.0, 32.0, 1.0, 0.0, 0.0, 1.0, 0.0, 1.0, 0.0, 1.0, 0.0, 3.0, 0.0, 0.0, 0.0, 1.0, 12.0, 4.0, 4.0, 66790], [66795, 0.0, 0.0, 1.0, 25.0, 0.0, 0.0, 0.0, 1.0, 1.0, 1.0, 0.0, 1.0, 0.0, 3.0, 6.0, 0.0, 0.0, 0.0, 13.0, 6.0, 6.0, 66795], [66797, 1.0, 1.0, 1.0, 22.0, 1.0, 0.0, 1.0, 1.0, 0.0, 0.0, 0.0, 1.0, 0.0, 5.0, 0.0, 10.0, 1.0, 0.0, 11.0, 4.0, 2.0, 66797], [66801, 1.0, 1.0, 1.0, 24.0, 1.0, 1.0, 1.0, 0.0, 0.0, 1.0, 0.0, 1.0, 0.0, 2.0, 0.0, 0.0, 1.0, 1.0, 11.0, 6.0, 4.0, 66801], [66802, 1.0, 1.0, 1.0, 40.0, 0.0, 0.0, 0.0, 0.0, 1.0, 1.0, 0.0, 1.0, 0.0, 3.0, 0.0, 20.0, 0.0, 0.0, 13.0, 2.0, 2.0, 66802], [66804, 1.0, 0.0, 1.0, 39.0, 1.0, 0.0, 0.0, 1.0, 1.0, 0.0, 0.0, 1.0, 0.0, 3.0, 0.0, 3.0, 0.0, 0.0, 10.0, 3.0, 1.0, 66804], [66805, 1.0, 1.0, 1.0, 21.0, 1.0, 0.0, 0.0, 0.0, 1.0, 0.0, 0.0, 1.0, 0.0, 1.0, 0.0, 30.0, 0.0, 1.0, 10.0, 5.0, 6.0, 66805]]}}","{""predictions"": [1.0, 1.0, 1.0, 1.0, 0.0, 1.0, 1.0, 1.0, 0.0, 1.0]}",1,"{""model_name"":""demo_faddadbfcefc_model_monitor.ws_3551974319838082.diabetes_mo"",""endpoint_name"":""anupriya-malik-databricks-com_ML_AS04_Demo_3b"",""model_version"":""1""}"
null,229f9110-e69a-4e50-9cf8-ca528c3c14b1,2024-09-28,1727528595478,200,5,"{""dataframe_split"": {""index"": [27760, 27761, 27762, 27763, 27764, 27765, 27766, 27767, 27768, 27769], ""columns"": [""index"", ""HighBP"", ""HighChol"", ""CholCheck"", ""BMI"", ""Smoker"", ""Stroke"", ""HeartDiseaseorAttack"", ""PhysActivity"", ""Fruits"", ""Veggies"", ""HvyAlcoholConsump"", ""AnyHealthcare"", ""NoDocbcCost"", ""GenHlth"", ""MentHlth"", ""PhysHlth"", ""DiffWalk"", ""Sex"", ""Age"", ""Education"", ""Income"", ""id""], ""data"": [[66806, 1.0, 1.0, 1.0, 24.0, 0.0, 0.0, 0.0, 0.0, 1.0, 0.0, 0.0, 1.0, 1.0, 4.0, 0.0, 30.0, 1.0, 0.0, 11.0, 3.0, 5.0, 66806], [66807, 1.0, 0.0, 0.0, 38.0, 0.0, 0.0, 0.0, 0.0, 0.0, 1.0, 0.0, 1.0, 0.0, 5.0, 0.0, 20.0, 1.0, 1.0, 10.0, 4.0, 7.0, 66807], [66808, 1.0, 0.0, 1.0, 29.0, 0.0, 0.0, 0.0, 0.0, 1.0, 1.0, 0.0, 1.0, 0.0, 1.0, 0.0, 0.0, 0.0, 0.0, 13.0, 4.0, 4.0, 66808], [66809, 1.0, 1.0, 1.0, 22.0, 0.0, 1.0, 0.0, 1.0, 1.0, 0.0, 0.0, 1.0, 1.0, 4.0, 0.0, 0.0, 0.0, 1.0, 13.0, 4.0, 5.0, 66809], [66810, 1.0, 1.0, 1.0, 24.0, 0.0, 0.0, 0.0, 0.0, 0.0, 1.0, 0.0, 1.0, 0.0, 3.0, 0.0, 30.0, 1.0, 0.0, 10.0, 4.0, 3.0, 66810], [66814, 0.0, 1.0, 1.0, 34.0, 1.0, 0.0, 1.0, 0.0, 0.0, 1.0, 0.0, 1.0, 0.0, 3.0, 14.0, 0.0, 0.0, 1.0, 10.0, 4.0, 6.0, 66814], [66815, 1.0, 0.0, 1.0, 33.0, 1.0, 0.0, 1.0, 0.0, 0.0, 1.0, 0.0, 1.0, 0.0, 5.0, 15.0, 15.0, 1.0, 1.0, 12.0, 4.0, 7.0, 66815], [66816, 1.0, 1.0, 1.0, 32.0, 1.0, 0.0, 0.0, 1.0, 1.0, 0.0, 0.0, 1.0, 0.0, 3.0, 1.0, 2.0, 0.0, 0.0, 10.0, 2.0, 5.0, 66816], [66817, 1.0, 0.0, 1.0, 26.0, 1.0, 0.0, 0.0, 0.0, 1.0, 1.0, 0.0, 1.0, 0.0, 2.0, 0.0, 0.0, 0.0, 1.0, 13.0, 4.0, 8.0, 66817], [66818, 1.0, 1.0, 1.0, 35.0, 1.0, 0.0, 0.0, 0.0, 1.0, 1.0, 0.0, 1.0, 1.0, 5.0, 30.0, 30.0, 1.0, 0.0, 11.0, 4.0, 1.0, 66818]]}}","{""predictions"": [1.0, 0.0, 0.0, 0.0, 1.0, 0.0, 1.0, 1.0, 1.0, 1.0]}",1,"{""model_name"":""demo_faddadbfcefc_model_monitor.ws_3551974319838082.diabetes_mo"",""endpoint_name"":""anupriya-malik-databricks-com_ML_AS04_Demo_3b"",""model_version"":""1""}"
null,b2b3a060-f75f-4d27-9acd-f64cccb315d3,2024-09-28,1727528595506,200,5,"{""dataframe_split"": {""index"": [27770, 27771, 27772, 27773, 27774, 27775, 27776, 27777, 27778, 27779], ""columns"": [""index"", ""HighBP"", ""HighChol"", ""CholCheck"", ""BMI"", ""Smoker"", ""Stroke"", ""HeartDiseaseorAttack"", ""PhysActivity"", ""Fruits"", ""Veggies"", ""HvyAlcoholConsump"", ""AnyHealthcare"", ""NoDocbcCost"", ""GenHlth"", ""MentHlth"", ""PhysHlth"", ""DiffWalk"", ""Sex"", ""Age"", ""Education"", ""Income"", ""id""], ""data"": [[66819, 1.0, 1.0, 1.0, 35.0, 0.0, 0.0, 0.0, 1.0, 1.0, 1.0, 0.0, 1.0, 0.0, 2.0, 0.0, 30.0, 1.0, 0.0, 10.0, 4.0, 3.0, 66819], [66821, 1.0, 1.0, 1.0, 26.0, 1.0, 0.0, 0.0, 1.0, 1.0, 1.0, 0.0, 1.0, 0.0, 4.0, 10.0, 15.0, 0.0, 1.0, 10.0, 6.0, 4.0, 66821], [66823, 1.0, 1.0, 1.0, 36.0, 1.0, 0.0, 0.0, 1.0, 0.0, 1.0, 0.0, 1.0, 0.0, 3.0, 0.0, 10.0, 1.0, 1.0, 12.0, 6.0, 8.0, 66823], [66824, 1.0, 1.0, 1.0, 33.0, 0.0, 0.0, 0.0, 0.0, 1.0, 1.0, 0.0, 1.0, 0.0, 3.0, 0.0, 0.0, 0.0, 0.0, 11.0, 4.0, 5.0, 66824], [66826, 1.0, 0.0, 1.0, 28.0, 0.0, 0.0, 0.0, 1.0, 1.0, 1.0, 0.0, 1.0, 0.0, 3.0, 0.0, 15.0, 0.0, 1.0, 11.0, 5.0, 7.0, 66826], [66829, 1.0, 1.0, 1.0, 33.0, 0.0, 0.0, 0.0, 1.0, 0.0, 1.0, 0.0, 1.0, 0.0, 3.0, 0.0, 0.0, 0.0, 1.0, 11.0, 4.0, 6.0, 66829], [66835, 1.0, 0.0, 1.0, 36.0, 1.0, 0.0, 0.0, 1.0, 1.0, 1.0, 0.0, 1.0, 0.0, 3.0, 0.0, 0.0, 1.0, 1.0, 11.0, 4.0, 7.0, 66835], [66836, 1.0, 1.0, 1.0, 24.0, 0.0, 0.0, 0.0, 1.0, 1.0, 1.0, 0.0, 1.0, 0.0, 2.0, 0.0, 0.0, 0.0, 0.0, 13.0, 5.0, 6.0, 66836], [66837, 1.0, 1.0, 1.0, 55.0, 0.0, 1.0, 0.0, 0.0, 1.0, 1.0, 0.0, 1.0, 0.0, 5.0, 5.0, 5.0, 1.0, 0.0, 11.0, 3.0, 8.0, 66837], [66838, 1.0, 1.0, 1.0, 40.0, 0.0, 0.0, 0.0, 0.0, 1.0, 0.0, 0.0, 1.0, 0.0, 4.0, 0.0, 0.0, 1.0, 0.0, 11.0, 3.0, 1.0, 66838]]}}","{""predictions"": [1.0, 1.0, 1.0, 0.0, 1.0, 0.0, 1.0, 1.0, 1.0, 1.0]}",1,"{""model_name"":""demo_faddadbfcefc_model_monitor.ws_3551974319838082.diabetes_mo"",""endpoint_name"":""anupriya-malik-databricks-com_ML_AS04_Demo_3b"",""model_version"":""1""}"
null,da9bddde-2736-4c14-878c-5a70512742d0,2024-09-28,1727528595535,200,5,"{""dataframe_split"": {""index"": [27780, 27781, 27782, 27783, 27784, 27785, 27786, 27787, 27788, 27789], ""columns"": [""index"", ""HighBP"", ""HighChol"", ""CholCheck"", ""BMI"", ""Smoker"", ""Stroke"", ""HeartDiseaseorAttack"", ""PhysActivity"", ""Fruits"", ""Veggies"", ""HvyAlcoholConsump"", ""AnyHealthcare"", ""NoDocbcCost"", ""GenHlth"", ""MentHlth"", ""PhysHlth"", ""DiffWalk"", ""Sex"", ""Age"", ""Education"", ""Income"", ""id""], ""data"": [[66839, 1.0, 1.0, 1.0, 29.0, 1.0, 0.0, 0.0, 0.0, 1.0, 1.0, 0.0, 1.0, 0.0, 3.0, 0.0, 30.0, 0.0, 0.0, 11.0, 3.0, 5.0, 66839], [66840, 1.0, 1.0, 1.0, 36.0, 0.0, 1.0, 1.0, 1.0, 1.0, 1.0, 0.0, 1.0, 0.0, 5.0, 27.0, 29.0, 1.0, 0.0, 12.0, 5.0, 2.0, 66840], [66842, 0.0, 0.0, 1.0, 27.0, 1.0, 0.0, 0.0, 1.0, 1.0, 1.0, 0.0, 1.0, 0.0, 3.0, 0.0, 0.0, 0.0, 0.0, 10.0, 6.0, 5.0, 66842], [66843, 1.0, 0.0, 1.0, 22.0, 1.0, 0.0, 0.0, 0.0, 0.0, 1.0, 0.0, 1.0, 0.0, 5.0, 0.0, 30.0, 1.0, 0.0, 12.0, 3.0, 3.0, 66843], [66844, 0.0, 1.0, 1.0, 23.0, 1.0, 0.0, 0.0, 1.0, 0.0, 1.0, 0.0, 1.0, 0.0, 4.0, 0.0, 0.0, 0.0, 0.0, 11.0, 4.0, 6.0, 66844], [66847, 1.0, 1.0, 1.0, 28.0, 1.0, 0.0, 0.0, 1.0, 0.0, 1.0, 0.0, 1.0, 1.0, 3.0, 0.0, 3.0, 0.0, 1.0, 10.0, 6.0, 7.0, 66847], [66850, 0.0, 0.0, 1.0, 46.0, 0.0, 0.0, 0.0, 0.0, 0.0, 1.0, 0.0, 1.0, 0.0, 4.0, 3.0, 6.0, 1.0, 1.0, 10.0, 6.0, 6.0, 66850], [66851, 1.0, 1.0, 1.0, 32.0, 1.0, 0.0, 0.0, 1.0, 1.0, 1.0, 0.0, 1.0, 0.0, 2.0, 0.0, 0.0, 0.0, 0.0, 11.0, 5.0, 3.0, 66851], [66854, 1.0, 1.0, 1.0, 25.0, 0.0, 1.0, 0.0, 1.0, 1.0, 1.0, 0.0, 1.0, 0.0, 2.0, 0.0, 0.0, 0.0, 1.0, 10.0, 5.0, 4.0, 66854], [66855, 1.0, 1.0, 1.0, 24.0, 0.0, 0.0, 0.0, 1.0, 0.0, 1.0, 0.0, 1.0, 0.0, 3.0, 0.0, 5.0, 1.0, 1.0, 12.0, 6.0, 8.0, 66855]]}}","{""predictions"": [1.0, 1.0, 1.0, 0.0, 1.0, 0.0, 1.0, 1.0, 1.0, 0.0]}",1,"{""model_name"":""demo_faddadbfcefc_model_monitor.ws_3551974319838082.diabetes_mo"",""endpoint_name"":""anupriya-malik-databricks-com_ML_AS04_Demo_3b"",""model_version"":""1""}"
null,f30ed6fc-7a03-4749-b1cf-2f7602816fe8,2024-09-28,1727528595596,200,5,"{""dataframe_split"": {""index"": [27800, 27801, 27802, 27803, 27804, 27805, 27806, 27807, 27808, 27809], ""columns"": [""index"", ""HighBP"", ""HighChol"", ""CholCheck"", ""BMI"", ""Smoker"", ""Stroke"", ""HeartDiseaseorAttack"", ""PhysActivity"", ""Fruits"", ""Veggies"", ""HvyAlcoholConsump"", ""AnyHealthcare"", ""NoDocbcCost"", ""GenHlth"", ""MentHlth"", ""PhysHlth"", ""DiffWalk"", ""Sex"", ""Age"", ""Education"", ""Income"", ""id""], ""data"": [[66883, 1.0, 0.0, 1.0, 20.0, 1.0, 0.0, 0.0, 0.0, 1.0, 1.0, 0.0, 1.0, 0.0, 2.0, 0.0, 0.0, 0.0, 0.0, 10.0, 4.0, 5.0, 66883], [66884, 0.0, 0.0, 1.0, 27.0, 0.0, 0.0, 0.0, 1.0, 1.0, 0.0, 0.0, 1.0, 0.0, 2.0, 0.0, 3.0, 1.0, 0.0, 11.0, 5.0, 4.0, 66884], [66887, 0.0, 1.0, 1.0, 29.0, 1.0, 0.0, 0.0, 1.0, 1.0, 1.0, 0.0, 1.0, 0.0, 4.0, 0.0, 3.0, 1.0, 0.0, 13.0, 5.0, 2.0, 66887], [66892, 1.0, 0.0, 1.0, 22.0, 0.0, 1.0, 0.0, 1.0, 1.0, 1.0, 0.0, 1.0, 0.0, 4.0, 0.0, 0.0, 0.0, 0.0, 13.0, 6.0, 3.0, 66892], [66893, 1.0, 0.0, 1.0, 32.0, 0.0, 0.0, 0.0, 1.0, 0.0, 1.0, 0.0, 1.0, 0.0, 2.0, 0.0, 0.0, 1.0, 1.0, 10.0, 4.0, 8.0, 66893], [66894, 1.0, 0.0, 1.0, 33.0, 0.0, 0.0, 0.0, 1.0, 0.0, 1.0, 0.0, 1.0, 0.0, 2.0, 0.0, 30.0, 0.0, 1.0, 10.0, 5.0, 3.0, 66894], [66896, 1.0, 1.0, 1.0, 33.0, 1.0, 1.0, 1.0, 1.0, 0.0, 0.0, 0.0, 1.0, 0.0, 3.0, 0.0, 10.0, 0.0, 0.0, 11.0, 4.0, 4.0, 66896], [66897, 1.0, 1.0, 1.0, 29.0, 0.0, 0.0, 0.0, 0.0, 1.0, 1.0, 0.0, 1.0, 0.0, 5.0, 0.0, 30.0, 1.0, 0.0, 13.0, 4.0, 5.0, 66897], [66898, 0.0, 1.0, 1.0, 29.0, 1.0, 0.0, 0.0, 1.0, 0.0, 1.0, 0.0, 1.0, 0.0, 4.0, 0.0, 2.0, 1.0, 0.0, 10.0, 4.0, 5.0, 66898], [66900, 1.0, 1.0, 1.0, 37.0, 1.0, 1.0, 1.0, 1.0, 1.0, 1.0, 0.0, 1.0, 0.0, 3.0, 0.0, 3.0, 1.0, 1.0, 10.0, 5.0, 7.0, 66900]]}}","{""predictions"": [0.0, 0.0, 1.0, 1.0, 0.0, 1.0, 1.0, 1.0, 1.0, 1.0]}",1,"{""model_name"":""demo_faddadbfcefc_model_monitor.ws_3551974319838082.diabetes_mo"",""endpoint_name"":""anupriya-malik-databricks-com_ML_AS04_Demo_3b"",""model_version"":""1""}"
null,9b707b78-03af-4387-9d2b-6dd0991e4c32,2024-09-28,1727528595626,200,5,"{""dataframe_split"": {""index"": [27810, 27811, 27812, 27813, 27814, 27815, 27816, 27817, 27818, 27819], ""columns"": [""index"", ""HighBP"", ""HighChol"", ""CholCheck"", ""BMI"", ""Smoker"", ""Stroke"", ""HeartDiseaseorAttack"", ""PhysActivity"", ""Fruits"", ""Veggies"", ""HvyAlcoholConsump"", ""AnyHealthcare"", ""NoDocbcCost"", ""GenHlth"", ""MentHlth"", ""PhysHlth"", ""DiffWalk"", ""Sex"", ""Age"", ""Education"", ""Income"", ""id""], ""data"": [[66901, 1.0, 1.0, 1.0, 19.0, 0.0, 0.0, 1.0, 0.0, 1.0, 1.0, 1.0, 1.0, 0.0, 4.0, 2.0, 0.0, 1.0, 0.0, 13.0, 4.0, 2.0, 66901], [66903, 1.0, 1.0, 1.0, 28.0, 1.0, 0.0, 0.0, 1.0, 1.0, 1.0, 0.0, 1.0, 0.0, 3.0, 0.0, 0.0, 0.0, 1.0, 11.0, 6.0, 7.0, 66903], [66906, 0.0, 1.0, 1.0, 29.0, 1.0, 0.0, 0.0, 1.0, 1.0, 0.0, 0.0, 1.0, 0.0, 3.0, 0.0, 2.0, 1.0, 1.0, 12.0, 4.0, 6.0, 66906], [66912, 0.0, 1.0, 1.0, 30.0, 0.0, 0.0, 1.0, 1.0, 1.0, 1.0, 0.0, 1.0, 0.0, 3.0, 0.0, 0.0, 1.0, 0.0, 11.0, 5.0, 5.0, 66912], [66915, 1.0, 1.0, 1.0, 24.0, 0.0, 0.0, 1.0, 0.0, 1.0, 1.0, 0.0, 1.0, 0.0, 2.0, 0.0, 4.0, 1.0, 0.0, 13.0, 4.0, 4.0, 66915], [66919, 1.0, 1.0, 1.0, 33.0, 1.0, 0.0, 0.0, 1.0, 0.0, 0.0, 0.0, 1.0, 0.0, 3.0, 0.0, 4.0, 0.0, 0.0, 10.0, 4.0, 2.0, 66919], [66921, 1.0, 1.0, 1.0, 33.0, 0.0, 1.0, 0.0, 0.0, 1.0, 1.0, 0.0, 1.0, 0.0, 3.0, 5.0, 3.0, 1.0, 0.0, 11.0, 6.0, 7.0, 66921], [66922, 1.0, 1.0, 1.0, 29.0, 1.0, 0.0, 0.0, 0.0, 1.0, 0.0, 0.0, 1.0, 0.0, 3.0, 0.0, 3.0, 0.0, 1.0, 10.0, 4.0, 5.0, 66922], [66926, 0.0, 1.0, 1.0, 30.0, 1.0, 1.0, 0.0, 1.0, 0.0, 1.0, 0.0, 1.0, 0.0, 3.0, 0.0, 2.0, 0.0, 0.0, 12.0, 4.0, 5.0, 66926], [66931, 1.0, 0.0, 1.0, 27.0, 0.0, 0.0, 0.0, 1.0, 1.0, 1.0, 0.0, 1.0, 0.0, 4.0, 0.0, 3.0, 0.0, 1.0, 11.0, 4.0, 6.0, 66931]]}}","{""predictions"": [1.0, 1.0, 1.0, 1.0, 1.0, 0.0, 1.0, 1.0, 1.0, 0.0]}",1,"{""model_name"":""demo_faddadbfcefc_model_monitor.ws_3551974319838082.diabetes_mo"",""endpoint_name"":""anupriya-malik-databricks-com_ML_AS04_Demo_3b"",""model_version"":""1""}"
null,8fe8988a-a1aa-4f0e-80c4-78a61bedf0c0,2024-09-28,1727528595654,200,5,"{""dataframe_split"": {""index"": [27820, 27821, 27822, 27823, 27824, 27825, 27826, 27827, 27828, 27829], ""columns"": [""index"", ""HighBP"", ""HighChol"", ""CholCheck"", ""BMI"", ""Smoker"", ""Stroke"", ""HeartDiseaseorAttack"", ""PhysActivity"", ""Fruits"", ""Veggies"", ""HvyAlcoholConsump"", ""AnyHealthcare"", ""NoDocbcCost"", ""GenHlth"", ""MentHlth"", ""PhysHlth"", ""DiffWalk"", ""Sex"", ""Age"", ""Education"", ""Income"", ""id""], ""data"": [[66932, 1.0, 1.0, 1.0, 33.0, 1.0, 0.0, 0.0, 0.0, 0.0, 1.0, 0.0, 1.0, 0.0, 3.0, 0.0, 0.0, 1.0, 1.0, 13.0, 5.0, 8.0, 66932], [66933, 1.0, 0.0, 1.0, 33.0, 1.0, 0.0, 0.0, 1.0, 1.0, 1.0, 0.0, 1.0, 0.0, 3.0, 0.0, 0.0, 0.0, 0.0, 10.0, 5.0, 7.0, 66933], [66936, 1.0, 0.0, 1.0, 34.0, 1.0, 0.0, 0.0, 0.0, 0.0, 1.0, 0.0, 1.0, 0.0, 4.0, 0.0, 2.0, 0.0, 1.0, 10.0, 5.0, 6.0, 66936], [66938, 0.0, 1.0, 1.0, 32.0, 1.0, 1.0, 1.0, 1.0, 1.0, 1.0, 0.0, 1.0, 0.0, 3.0, 0.0, 0.0, 0.0, 1.0, 12.0, 4.0, 6.0, 66938], [66941, 1.0, 1.0, 1.0, 24.0, 0.0, 1.0, 0.0, 0.0, 0.0, 1.0, 0.0, 1.0, 0.0, 2.0, 0.0, 0.0, 0.0, 1.0, 11.0, 4.0, 6.0, 66941], [66942, 1.0, 1.0, 1.0, 35.0, 1.0, 0.0, 1.0, 1.0, 1.0, 1.0, 0.0, 1.0, 0.0, 4.0, 0.0, 0.0, 1.0, 0.0, 13.0, 6.0, 3.0, 66942], [66943, 1.0, 0.0, 1.0, 25.0, 1.0, 0.0, 0.0, 1.0, 1.0, 0.0, 0.0, 1.0, 0.0, 3.0, 0.0, 0.0, 0.0, 0.0, 10.0, 6.0, 6.0, 66943], [66944, 1.0, 0.0, 1.0, 39.0, 0.0, 0.0, 0.0, 0.0, 1.0, 1.0, 0.0, 1.0, 0.0, 2.0, 0.0, 0.0, 0.0, 0.0, 12.0, 5.0, 6.0, 66944], [66945, 1.0, 1.0, 1.0, 28.0, 1.0, 1.0, 0.0, 0.0, 1.0, 1.0, 0.0, 1.0, 0.0, 4.0, 30.0, 15.0, 1.0, 0.0, 13.0, 6.0, 2.0, 66945], [66950, 1.0, 1.0, 1.0, 20.0, 0.0, 0.0, 0.0, 1.0, 1.0, 1.0, 0.0, 1.0, 0.0, 2.0, 0.0, 0.0, 0.0, 0.0, 11.0, 6.0, 8.0, 66950]]}}","{""predictions"": [1.0, 1.0, 1.0, 1.0, 1.0, 0.0, 1.0, 1.0, 0.0, 0.0]}",1,"{""model_name"":""demo_faddadbfcefc_model_monitor.ws_3551974319838082.diabetes_mo"",""endpoint_name"":""anupriya-malik-databricks-com_ML_AS04_Demo_3b"",""model_version"":""1""}"
null,a0043789-d29c-40bf-b01e-75b8d6dca644,2024-09-28,1727528595687,200,5,"{""dataframe_split"": {""index"": [27830, 27831, 27832, 27833, 27834, 27835, 27836, 27837, 27838, 27839], ""columns"": [""index"", ""HighBP"", ""HighChol"", ""CholCheck"", ""BMI"", ""Smoker"", ""Stroke"", ""HeartDiseaseorAttack"", ""PhysActivity"", ""Fruits"", ""Veggies"", ""HvyAlcoholConsump"", ""AnyHealthcare"", ""NoDocbcCost"", ""GenHlth"", ""MentHlth"", ""PhysHlth"", ""DiffWalk"", ""Sex"", ""Age"", ""Education"", ""Income"", ""id""], ""data"": [[66953, 1.0, 1.0, 1.0, 33.0, 0.0, 0.0, 0.0, 1.0, 1.0, 0.0, 0.0, 1.0, 0.0, 4.0, 0.0, 2.0, 0.0, 0.0, 11.0, 4.0, 4.0, 66953], [66955, 1.0, 1.0, 1.0, 29.0, 0.0, 0.0, 0.0, 1.0, 1.0, 1.0, 0.0, 1.0, 1.0, 3.0, 0.0, 0.0, 0.0, 0.0, 10.0, 6.0, 7.0, 66955], [66956, 1.0, 0.0, 1.0, 27.0, 1.0, 0.0, 0.0, 1.0, 1.0, 1.0, 0.0, 1.0, 0.0, 3.0, 0.0, 0.0, 0.0, 0.0, 11.0, 4.0, 4.0, 66956], [66957, 1.0, 1.0, 1.0, 26.0, 1.0, 0.0, 0.0, 0.0, 1.0, 0.0, 0.0, 1.0, 0.0, 5.0, 5.0, 30.0, 1.0, 1.0, 11.0, 6.0, 6.0, 66957], [66961, 0.0, 1.0, 1.0, 25.0, 1.0, 0.0, 0.0, 0.0, 0.0, 0.0, 0.0, 1.0, 0.0, 2.0, 0.0, 0.0, 0.0, 1.0, 13.0, 2.0, 5.0, 66961], [66963, 1.0, 1.0, 1.0, 38.0, 1.0, 0.0, 0.0, 1.0, 1.0, 1.0, 0.0, 1.0, 0.0, 4.0, 0.0, 0.0, 0.0, 1.0, 10.0, 5.0, 7.0, 66963], [66966, 1.0, 0.0, 1.0, 29.0, 1.0, 0.0, 0.0, 1.0, 1.0, 1.0, 0.0, 1.0, 0.0, 2.0, 0.0, 0.0, 0.0, 1.0, 11.0, 6.0, 8.0, 66966], [66968, 1.0, 0.0, 1.0, 27.0, 1.0, 0.0, 0.0, 1.0, 1.0, 0.0, 0.0, 1.0, 0.0, 3.0, 0.0, 0.0, 0.0, 1.0, 10.0, 4.0, 5.0, 66968], [66969, 1.0, 0.0, 1.0, 36.0, 1.0, 0.0, 0.0, 0.0, 1.0, 1.0, 0.0, 1.0, 0.0, 3.0, 30.0, 0.0, 0.0, 1.0, 11.0, 6.0, 8.0, 66969], [66971, 1.0, 0.0, 1.0, 30.0, 0.0, 0.0, 0.0, 1.0, 1.0, 0.0, 0.0, 1.0, 0.0, 3.0, 0.0, 0.0, 0.0, 0.0, 11.0, 4.0, 5.0, 66971]]}}","{""predictions"": [1.0, 1.0, 1.0, 1.0, 0.0, 1.0, 0.0, 0.0, 1.0, 1.0]}",1,"{""model_name"":""demo_faddadbfcefc_model_monitor.ws_3551974319838082.diabetes_mo"",""endpoint_name"":""anupriya-malik-databricks-com_ML_AS04_Demo_3b"",""model_version"":""1""}"
null,be6bab36-f662-4c09-8730-ce5413cac752,2024-09-28,1727528595775,200,5,"{""dataframe_split"": {""index"": [27860, 27861, 27862, 27863, 27864, 27865, 27866, 27867, 27868, 27869], ""columns"": [""index"", ""HighBP"", ""HighChol"", ""CholCheck"", ""BMI"", ""Smoker"", ""Stroke"", ""HeartDiseaseorAttack"", ""PhysActivity"", ""Fruits"", ""Veggies"", ""HvyAlcoholConsump"", ""AnyHealthcare"", ""NoDocbcCost"", ""GenHlth"", ""MentHlth"", ""PhysHlth"", ""DiffWalk"", ""Sex"", ""Age"", ""Education"", ""Income"", ""id""], ""data"": [[67040, 1.0, 1.0, 1.0, 26.0, 1.0, 0.0, 0.0, 1.0, 1.0, 1.0, 0.0, 1.0, 0.0, 3.0, 0.0, 0.0, 0.0, 1.0, 11.0, 6.0, 8.0, 67040], [67045, 1.0, 0.0, 1.0, 37.0, 0.0, 0.0, 0.0, 0.0, 0.0, 1.0, 0.0, 1.0, 0.0, 3.0, 10.0, 0.0, 0.0, 0.0, 10.0, 5.0, 5.0, 67045], [67048, 1.0, 1.0, 1.0, 28.0, 0.0, 0.0, 0.0, 1.0, 0.0, 0.0, 0.0, 1.0, 0.0, 3.0, 0.0, 1.0, 1.0, 1.0, 13.0, 5.0, 8.0, 67048], [67049, 1.0, 0.0, 1.0, 20.0, 1.0, 0.0, 0.0, 1.0, 0.0, 0.0, 0.0, 1.0, 0.0, 4.0, 0.0, 0.0, 0.0, 0.0, 12.0, 4.0, 1.0, 67049], [67050, 1.0, 1.0, 1.0, 34.0, 0.0, 0.0, 0.0, 1.0, 0.0, 0.0, 0.0, 1.0, 0.0, 4.0, 0.0, 0.0, 0.0, 1.0, 10.0, 4.0, 7.0, 67050], [67055, 0.0, 0.0, 1.0, 30.0, 0.0, 0.0, 0.0, 1.0, 0.0, 0.0, 0.0, 1.0, 0.0, 3.0, 1.0, 0.0, 0.0, 0.0, 10.0, 5.0, 5.0, 67055], [67057, 1.0, 0.0, 1.0, 22.0, 1.0, 0.0, 0.0, 0.0, 1.0, 1.0, 0.0, 1.0, 0.0, 2.0, 0.0, 0.0, 0.0, 0.0, 10.0, 4.0, 1.0, 67057], [67060, 0.0, 1.0, 1.0, 20.0, 0.0, 0.0, 1.0, 1.0, 1.0, 1.0, 0.0, 1.0, 0.0, 4.0, 0.0, 15.0, 1.0, 1.0, 12.0, 4.0, 7.0, 67060], [67067, 1.0, 1.0, 1.0, 27.0, 1.0, 0.0, 1.0, 0.0, 1.0, 1.0, 0.0, 1.0, 0.0, 5.0, 0.0, 7.0, 1.0, 1.0, 10.0, 4.0, 5.0, 67067], [67068, 1.0, 1.0, 1.0, 28.0, 0.0, 0.0, 1.0, 0.0, 0.0, 0.0, 0.0, 1.0, 0.0, 4.0, 0.0, 30.0, 1.0, 0.0, 13.0, 4.0, 5.0, 67068]]}}","{""predictions"": [0.0, 1.0, 1.0, 1.0, 1.0, 0.0, 0.0, 1.0, 1.0, 0.0]}",1,"{""model_name"":""demo_faddadbfcefc_model_monitor.ws_3551974319838082.diabetes_mo"",""endpoint_name"":""anupriya-malik-databricks-com_ML_AS04_Demo_3b"",""model_version"":""1""}"
null,f309f57c-990e-43d3-afa8-7f59b4a5c864,2024-09-28,1727528595898,200,5,"{""dataframe_split"": {""index"": [27900, 27901, 27902, 27903, 27904, 27905, 27906, 27907, 27908, 27909], ""columns"": [""index"", ""HighBP"", ""HighChol"", ""CholCheck"", ""BMI"", ""Smoker"", ""Stroke"", ""HeartDiseaseorAttack"", ""PhysActivity"", ""Fruits"", ""Veggies"", ""HvyAlcoholConsump"", ""AnyHealthcare"", ""NoDocbcCost"", ""GenHlth"", ""MentHlth"", ""PhysHlth"", ""DiffWalk"", ""Sex"", ""Age"", ""Education"", ""Income"", ""id""], ""data"": [[67162, 1.0, 0.0, 1.0, 27.0, 0.0, 1.0, 0.0, 1.0, 1.0, 0.0, 0.0, 1.0, 0.0, 3.0, 0.0, 20.0, 0.0, 1.0, 10.0, 6.0, 7.0, 67162], [67164, 0.0, 0.0, 1.0, 27.0, 0.0, 0.0, 1.0, 1.0, 1.0, 1.0, 0.0, 1.0, 0.0, 2.0, 0.0, 0.0, 0.0, 0.0, 10.0, 6.0, 8.0, 67164], [67165, 1.0, 1.0, 1.0, 23.0, 1.0, 0.0, 1.0, 0.0, 0.0, 0.0, 0.0, 1.0, 0.0, 3.0, 5.0, 3.0, 0.0, 0.0, 10.0, 4.0, 6.0, 67165], [67168, 1.0, 1.0, 1.0, 30.0, 1.0, 0.0, 1.0, 1.0, 1.0, 1.0, 1.0, 1.0, 1.0, 3.0, 4.0, 3.0, 1.0, 1.0, 10.0, 5.0, 5.0, 67168], [67184, 1.0, 1.0, 1.0, 31.0, 0.0, 0.0, 0.0, 0.0, 0.0, 1.0, 0.0, 1.0, 0.0, 5.0, 30.0, 30.0, 1.0, 0.0, 13.0, 4.0, 3.0, 67184], [67186, 1.0, 1.0, 1.0, 27.0, 1.0, 1.0, 0.0, 0.0, 0.0, 1.0, 0.0, 1.0, 0.0, 5.0, 0.0, 30.0, 1.0, 1.0, 12.0, 6.0, 8.0, 67186], [67192, 1.0, 1.0, 1.0, 33.0, 1.0, 0.0, 0.0, 1.0, 1.0, 1.0, 0.0, 1.0, 0.0, 3.0, 0.0, 0.0, 0.0, 1.0, 10.0, 6.0, 3.0, 67192], [67199, 1.0, 1.0, 1.0, 33.0, 0.0, 0.0, 1.0, 1.0, 1.0, 1.0, 0.0, 1.0, 0.0, 4.0, 0.0, 30.0, 1.0, 1.0, 12.0, 6.0, 7.0, 67199], [67200, 1.0, 1.0, 1.0, 39.0, 1.0, 0.0, 1.0, 1.0, 1.0, 1.0, 0.0, 1.0, 0.0, 3.0, 2.0, 0.0, 0.0, 1.0, 10.0, 6.0, 8.0, 67200], [67203, 0.0, 1.0, 1.0, 35.0, 0.0, 0.0, 1.0, 1.0, 1.0, 1.0, 0.0, 1.0, 0.0, 5.0, 5.0, 30.0, 0.0, 1.0, 10.0, 6.0, 7.0, 67203]]}}","{""predictions"": [1.0, 0.0, 0.0, 0.0, 1.0, 1.0, 1.0, 1.0, 1.0, 1.0]}",1,"{""model_name"":""demo_faddadbfcefc_model_monitor.ws_3551974319838082.diabetes_mo"",""endpoint_name"":""anupriya-malik-databricks-com_ML_AS04_Demo_3b"",""model_version"":""1""}"
null,8d8d3bf4-cee6-4777-9dfa-6970e29c8de0,2024-09-28,1727528595929,200,5,"{""dataframe_split"": {""index"": [27910, 27911, 27912, 27913, 27914, 27915, 27916, 27917, 27918, 27919], ""columns"": [""index"", ""HighBP"", ""HighChol"", ""CholCheck"", ""BMI"", ""Smoker"", ""Stroke"", ""HeartDiseaseorAttack"", ""PhysActivity"", ""Fruits"", ""Veggies"", ""HvyAlcoholConsump"", ""AnyHealthcare"", ""NoDocbcCost"", ""GenHlth"", ""MentHlth"", ""PhysHlth"", ""DiffWalk"", ""Sex"", ""Age"", ""Education"", ""Income"", ""id""], ""data"": [[67204, 1.0, 1.0, 1.0, 26.0, 1.0, 0.0, 1.0, 1.0, 0.0, 1.0, 0.0, 1.0, 0.0, 4.0, 0.0, 10.0, 1.0, 1.0, 10.0, 6.0, 7.0, 67204], [67206, 1.0, 1.0, 1.0, 31.0, 1.0, 0.0, 0.0, 0.0, 1.0, 1.0, 0.0, 1.0, 0.0, 3.0, 0.0, 0.0, 0.0, 1.0, 11.0, 4.0, 6.0, 67206], [67207, 1.0, 1.0, 1.0, 24.0, 1.0, 0.0, 1.0, 1.0, 0.0, 1.0, 0.0, 1.0, 0.0, 5.0, 0.0, 30.0, 0.0, 0.0, 11.0, 6.0, 1.0, 67207], [67208, 1.0, 1.0, 1.0, 28.0, 1.0, 0.0, 1.0, 1.0, 0.0, 1.0, 0.0, 1.0, 0.0, 2.0, 0.0, 0.0, 0.0, 0.0, 11.0, 6.0, 2.0, 67208], [67210, 0.0, 1.0, 1.0, 26.0, 0.0, 0.0, 1.0, 1.0, 1.0, 1.0, 0.0, 1.0, 0.0, 2.0, 1.0, 0.0, 0.0, 0.0, 10.0, 6.0, 8.0, 67210], [67211, 1.0, 1.0, 1.0, 28.0, 0.0, 0.0, 0.0, 1.0, 0.0, 1.0, 0.0, 1.0, 0.0, 3.0, 0.0, 7.0, 0.0, 0.0, 11.0, 4.0, 3.0, 67211], [67212, 0.0, 1.0, 1.0, 38.0, 0.0, 0.0, 0.0, 0.0, 0.0, 1.0, 0.0, 1.0, 0.0, 4.0, 0.0, 30.0, 1.0, 0.0, 13.0, 3.0, 3.0, 67212], [67213, 1.0, 0.0, 1.0, 27.0, 0.0, 1.0, 0.0, 1.0, 1.0, 0.0, 0.0, 1.0, 0.0, 2.0, 0.0, 0.0, 1.0, 0.0, 13.0, 5.0, 3.0, 67213], [67214, 1.0, 1.0, 1.0, 26.0, 1.0, 0.0, 0.0, 1.0, 1.0, 1.0, 0.0, 1.0, 0.0, 1.0, 0.0, 0.0, 0.0, 1.0, 10.0, 6.0, 8.0, 67214], [67216, 1.0, 1.0, 1.0, 27.0, 1.0, 0.0, 0.0, 1.0, 0.0, 1.0, 0.0, 1.0, 1.0, 4.0, 0.0, 12.0, 0.0, 0.0, 12.0, 4.0, 2.0, 67216]]}}","{""predictions"": [1.0, 1.0, 0.0, 0.0, 0.0, 0.0, 0.0, 1.0, 0.0, 0.0]}",1,"{""model_name"":""demo_faddadbfcefc_model_monitor.ws_3551974319838082.diabetes_mo"",""endpoint_name"":""anupriya-malik-databricks-com_ML_AS04_Demo_3b"",""model_version"":""1""}"
null,14e5800c-e3b0-47a0-816e-528b760b8698,2024-09-28,1727528596165,200,5,"{""dataframe_split"": {""index"": [27990, 27991, 27992, 27993, 27994, 27995, 27996, 27997, 27998, 27999], ""columns"": [""index"", ""HighBP"", ""HighChol"", ""CholCheck"", ""BMI"", ""Smoker"", ""Stroke"", ""HeartDiseaseorAttack"", ""PhysActivity"", ""Fruits"", ""Veggies"", ""HvyAlcoholConsump"", ""AnyHealthcare"", ""NoDocbcCost"", ""GenHlth"", ""MentHlth"", ""PhysHlth"", ""DiffWalk"", ""Sex"", ""Age"", ""Education"", ""Income"", ""id""], ""data"": [[67341, 1.0, 1.0, 1.0, 29.0, 1.0, 0.0, 0.0, 1.0, 0.0, 1.0, 0.0, 1.0, 0.0, 3.0, 0.0, 0.0, 0.0, 1.0, 10.0, 3.0, 5.0, 67341], [67342, 1.0, 1.0, 1.0, 38.0, 1.0, 1.0, 1.0, 0.0, 1.0, 0.0, 0.0, 1.0, 0.0, 5.0, 0.0, 30.0, 1.0, 1.0, 13.0, 5.0, 6.0, 67342], [67343, 1.0, 1.0, 1.0, 31.0, 1.0, 0.0, 0.0, 1.0, 1.0, 1.0, 0.0, 1.0, 0.0, 1.0, 0.0, 0.0, 0.0, 0.0, 12.0, 4.0, 3.0, 67343], [67346, 0.0, 0.0, 1.0, 39.0, 1.0, 0.0, 0.0, 1.0, 1.0, 1.0, 0.0, 1.0, 0.0, 5.0, 30.0, 10.0, 0.0, 1.0, 12.0, 4.0, 5.0, 67346], [67348, 1.0, 1.0, 1.0, 30.0, 1.0, 0.0, 0.0, 1.0, 1.0, 1.0, 0.0, 1.0, 0.0, 4.0, 15.0, 30.0, 0.0, 0.0, 11.0, 4.0, 3.0, 67348], [67350, 0.0, 0.0, 1.0, 28.0, 0.0, 0.0, 0.0, 0.0, 1.0, 1.0, 0.0, 1.0, 0.0, 3.0, 0.0, 4.0, 0.0, 0.0, 12.0, 4.0, 4.0, 67350], [67351, 1.0, 1.0, 1.0, 26.0, 1.0, 0.0, 0.0, 0.0, 1.0, 1.0, 0.0, 1.0, 0.0, 3.0, 0.0, 15.0, 0.0, 0.0, 13.0, 6.0, 8.0, 67351], [67353, 1.0, 1.0, 1.0, 41.0, 1.0, 0.0, 0.0, 1.0, 0.0, 1.0, 0.0, 1.0, 0.0, 4.0, 20.0, 0.0, 1.0, 1.0, 10.0, 4.0, 7.0, 67353], [67354, 1.0, 1.0, 1.0, 45.0, 0.0, 0.0, 1.0, 1.0, 0.0, 1.0, 0.0, 1.0, 0.0, 4.0, 10.0, 8.0, 0.0, 0.0, 10.0, 5.0, 5.0, 67354], [67355, 1.0, 0.0, 1.0, 34.0, 0.0, 0.0, 0.0, 1.0, 1.0, 1.0, 0.0, 1.0, 0.0, 2.0, 0.0, 0.0, 0.0, 1.0, 10.0, 6.0, 8.0, 67355]]}}","{""predictions"": [1.0, 1.0, 1.0, 0.0, 0.0, 0.0, 1.0, 0.0, 1.0, 0.0]}",1,"{""model_name"":""demo_faddadbfcefc_model_monitor.ws_3551974319838082.diabetes_mo"",""endpoint_name"":""anupriya-malik-databricks-com_ML_AS04_Demo_3b"",""model_version"":""1""}"
null,98017c33-fe29-4faf-95b4-76595d831408,2024-09-28,1727528596226,200,5,"{""dataframe_split"": {""index"": [28010, 28011, 28012, 28013, 28014, 28015, 28016, 28017, 28018, 28019], ""columns"": [""index"", ""HighBP"", ""HighChol"", ""CholCheck"", ""BMI"", ""Smoker"", ""Stroke"", ""HeartDiseaseorAttack"", ""PhysActivity"", ""Fruits"", ""Veggies"", ""HvyAlcoholConsump"", ""AnyHealthcare"", ""NoDocbcCost"", ""GenHlth"", ""MentHlth"", ""PhysHlth"", ""DiffWalk"", ""Sex"", ""Age"", ""Education"", ""Income"", ""id""], ""data"": [[67368, 1.0, 1.0, 1.0, 29.0, 1.0, 0.0, 0.0, 1.0, 1.0, 1.0, 0.0, 1.0, 0.0, 3.0, 20.0, 20.0, 0.0, 0.0, 11.0, 5.0, 5.0, 67368], [67370, 0.0, 0.0, 1.0, 29.0, 1.0, 1.0, 0.0, 1.0, 0.0, 1.0, 0.0, 1.0, 0.0, 4.0, 3.0, 2.0, 1.0, 1.0, 13.0, 5.0, 8.0, 67370], [67371, 1.0, 0.0, 1.0, 28.0, 0.0, 0.0, 1.0, 1.0, 1.0, 1.0, 0.0, 1.0, 0.0, 3.0, 0.0, 0.0, 0.0, 0.0, 10.0, 5.0, 7.0, 67371], [67372, 0.0, 1.0, 1.0, 26.0, 0.0, 0.0, 0.0, 1.0, 1.0, 1.0, 0.0, 1.0, 0.0, 2.0, 0.0, 0.0, 0.0, 0.0, 12.0, 6.0, 5.0, 67372], [67373, 1.0, 1.0, 1.0, 25.0, 0.0, 0.0, 0.0, 1.0, 1.0, 0.0, 0.0, 1.0, 0.0, 2.0, 0.0, 0.0, 0.0, 1.0, 13.0, 6.0, 7.0, 67373], [67374, 1.0, 1.0, 1.0, 33.0, 1.0, 0.0, 1.0, 1.0, 1.0, 1.0, 0.0, 1.0, 0.0, 3.0, 0.0, 0.0, 0.0, 1.0, 11.0, 5.0, 7.0, 67374], [67377, 1.0, 1.0, 1.0, 38.0, 0.0, 0.0, 0.0, 0.0, 0.0, 1.0, 0.0, 1.0, 0.0, 4.0, 0.0, 15.0, 1.0, 0.0, 12.0, 4.0, 7.0, 67377], [67378, 1.0, 1.0, 1.0, 26.0, 1.0, 0.0, 1.0, 0.0, 0.0, 0.0, 0.0, 1.0, 0.0, 5.0, 0.0, 0.0, 0.0, 1.0, 11.0, 3.0, 3.0, 67378], [67379, 1.0, 1.0, 1.0, 42.0, 1.0, 1.0, 1.0, 0.0, 1.0, 1.0, 0.0, 1.0, 0.0, 5.0, 0.0, 30.0, 1.0, 1.0, 10.0, 6.0, 4.0, 67379], [67380, 0.0, 1.0, 0.0, 26.0, 0.0, 0.0, 0.0, 1.0, 1.0, 1.0, 0.0, 1.0, 0.0, 4.0, 0.0, 15.0, 0.0, 1.0, 10.0, 4.0, 2.0, 67380]]}}","{""predictions"": [1.0, 0.0, 0.0, 1.0, 1.0, 1.0, 1.0, 1.0, 1.0, 0.0]}",1,"{""model_name"":""demo_faddadbfcefc_model_monitor.ws_3551974319838082.diabetes_mo"",""endpoint_name"":""anupriya-malik-databricks-com_ML_AS04_Demo_3b"",""model_version"":""1""}"
null,67687011-6988-4858-b6cf-ff558458386d,2024-09-28,1727528596257,200,5,"{""dataframe_split"": {""index"": [28020, 28021, 28022, 28023, 28024, 28025, 28026, 28027, 28028, 28029], ""columns"": [""index"", ""HighBP"", ""HighChol"", ""CholCheck"", ""BMI"", ""Smoker"", ""Stroke"", ""HeartDiseaseorAttack"", ""PhysActivity"", ""Fruits"", ""Veggies"", ""HvyAlcoholConsump"", ""AnyHealthcare"", ""NoDocbcCost"", ""GenHlth"", ""MentHlth"", ""PhysHlth"", ""DiffWalk"", ""Sex"", ""Age"", ""Education"", ""Income"", ""id""], ""data"": [[67382, 0.0, 0.0, 1.0, 26.0, 0.0, 1.0, 0.0, 0.0, 1.0, 1.0, 0.0, 1.0, 0.0, 3.0, 0.0, 20.0, 1.0, 0.0, 12.0, 6.0, 6.0, 67382], [67383, 1.0, 0.0, 1.0, 45.0, 1.0, 0.0, 0.0, 1.0, 1.0, 1.0, 0.0, 1.0, 0.0, 5.0, 20.0, 30.0, 1.0, 0.0, 12.0, 5.0, 3.0, 67383], [67384, 1.0, 0.0, 1.0, 31.0, 0.0, 0.0, 0.0, 1.0, 1.0, 1.0, 0.0, 1.0, 0.0, 3.0, 0.0, 0.0, 0.0, 0.0, 11.0, 4.0, 6.0, 67384], [67385, 1.0, 0.0, 1.0, 31.0, 0.0, 0.0, 0.0, 0.0, 0.0, 1.0, 0.0, 1.0, 0.0, 3.0, 0.0, 0.0, 0.0, 0.0, 12.0, 4.0, 6.0, 67385], [67386, 0.0, 0.0, 1.0, 27.0, 0.0, 0.0, 0.0, 1.0, 1.0, 1.0, 0.0, 1.0, 0.0, 4.0, 0.0, 15.0, 0.0, 0.0, 13.0, 5.0, 4.0, 67386], [67388, 0.0, 1.0, 1.0, 22.0, 0.0, 0.0, 0.0, 1.0, 1.0, 1.0, 0.0, 1.0, 0.0, 1.0, 0.0, 0.0, 0.0, 1.0, 13.0, 6.0, 7.0, 67388], [67389, 1.0, 0.0, 1.0, 28.0, 1.0, 0.0, 0.0, 1.0, 1.0, 1.0, 0.0, 1.0, 0.0, 3.0, 0.0, 10.0, 1.0, 0.0, 11.0, 3.0, 2.0, 67389], [67390, 1.0, 1.0, 1.0, 37.0, 0.0, 0.0, 0.0, 1.0, 0.0, 1.0, 0.0, 1.0, 0.0, 2.0, 0.0, 2.0, 0.0, 1.0, 11.0, 6.0, 7.0, 67390], [67392, 1.0, 1.0, 1.0, 33.0, 0.0, 0.0, 0.0, 1.0, 1.0, 1.0, 0.0, 1.0, 0.0, 3.0, 4.0, 0.0, 0.0, 0.0, 10.0, 4.0, 7.0, 67392], [67393, 1.0, 1.0, 1.0, 28.0, 0.0, 0.0, 1.0, 1.0, 1.0, 1.0, 0.0, 1.0, 0.0, 1.0, 0.0, 0.0, 0.0, 0.0, 10.0, 5.0, 7.0, 67393]]}}","{""predictions"": [0.0, 1.0, 1.0, 1.0, 1.0, 0.0, 0.0, 1.0, 0.0, 1.0]}",1,"{""model_name"":""demo_faddadbfcefc_model_monitor.ws_3551974319838082.diabetes_mo"",""endpoint_name"":""anupriya-malik-databricks-com_ML_AS04_Demo_3b"",""model_version"":""1""}"
null,bbed1937-7f40-4f67-aa3e-28d723b337e4,2024-09-28,1727528596285,200,5,"{""dataframe_split"": {""index"": [28030, 28031, 28032, 28033, 28034, 28035, 28036, 28037, 28038, 28039], ""columns"": [""index"", ""HighBP"", ""HighChol"", ""CholCheck"", ""BMI"", ""Smoker"", ""Stroke"", ""HeartDiseaseorAttack"", ""PhysActivity"", ""Fruits"", ""Veggies"", ""HvyAlcoholConsump"", ""AnyHealthcare"", ""NoDocbcCost"", ""GenHlth"", ""MentHlth"", ""PhysHlth"", ""DiffWalk"", ""Sex"", ""Age"", ""Education"", ""Income"", ""id""], ""data"": [[67394, 1.0, 1.0, 1.0, 24.0, 0.0, 0.0, 0.0, 0.0, 0.0, 1.0, 0.0, 1.0, 0.0, 3.0, 0.0, 0.0, 0.0, 0.0, 11.0, 5.0, 6.0, 67394], [67396, 1.0, 0.0, 1.0, 38.0, 0.0, 0.0, 0.0, 1.0, 1.0, 1.0, 0.0, 1.0, 0.0, 4.0, 0.0, 0.0, 0.0, 1.0, 10.0, 6.0, 3.0, 67396], [67398, 1.0, 0.0, 1.0, 40.0, 0.0, 0.0, 0.0, 1.0, 1.0, 1.0, 0.0, 1.0, 0.0, 3.0, 2.0, 0.0, 0.0, 0.0, 11.0, 6.0, 6.0, 67398], [67399, 1.0, 1.0, 1.0, 27.0, 0.0, 0.0, 0.0, 1.0, 1.0, 1.0, 0.0, 1.0, 0.0, 4.0, 8.0, 10.0, 1.0, 0.0, 10.0, 5.0, 8.0, 67399], [67400, 1.0, 1.0, 1.0, 33.0, 1.0, 0.0, 0.0, 1.0, 1.0, 1.0, 0.0, 1.0, 0.0, 4.0, 5.0, 7.0, 1.0, 1.0, 10.0, 5.0, 8.0, 67400], [67401, 1.0, 1.0, 1.0, 40.0, 1.0, 0.0, 1.0, 0.0, 1.0, 1.0, 0.0, 1.0, 0.0, 4.0, 3.0, 30.0, 1.0, 0.0, 10.0, 6.0, 6.0, 67401], [67403, 1.0, 1.0, 1.0, 23.0, 0.0, 0.0, 0.0, 0.0, 1.0, 1.0, 0.0, 1.0, 0.0, 3.0, 0.0, 0.0, 0.0, 0.0, 11.0, 5.0, 3.0, 67403], [67404, 1.0, 0.0, 1.0, 30.0, 1.0, 0.0, 0.0, 1.0, 1.0, 1.0, 0.0, 1.0, 0.0, 4.0, 0.0, 0.0, 0.0, 1.0, 10.0, 5.0, 7.0, 67404], [67405, 1.0, 1.0, 1.0, 27.0, 1.0, 0.0, 0.0, 1.0, 0.0, 1.0, 0.0, 1.0, 0.0, 4.0, 0.0, 0.0, 0.0, 0.0, 11.0, 4.0, 8.0, 67405], [67406, 0.0, 0.0, 1.0, 24.0, 0.0, 0.0, 0.0, 1.0, 0.0, 1.0, 0.0, 1.0, 0.0, 4.0, 0.0, 0.0, 1.0, 1.0, 13.0, 5.0, 6.0, 67406]]}}","{""predictions"": [1.0, 1.0, 1.0, 1.0, 1.0, 1.0, 1.0, 1.0, 0.0, 1.0]}",1,"{""model_name"":""demo_faddadbfcefc_model_monitor.ws_3551974319838082.diabetes_mo"",""endpoint_name"":""anupriya-malik-databricks-com_ML_AS04_Demo_3b"",""model_version"":""1""}"
null,40ef3738-837e-4c20-8876-a52f436f98bc,2024-09-28,1727528596314,200,5,"{""dataframe_split"": {""index"": [28040, 28041, 28042, 28043, 28044, 28045, 28046, 28047, 28048, 28049], ""columns"": [""index"", ""HighBP"", ""HighChol"", ""CholCheck"", ""BMI"", ""Smoker"", ""Stroke"", ""HeartDiseaseorAttack"", ""PhysActivity"", ""Fruits"", ""Veggies"", ""HvyAlcoholConsump"", ""AnyHealthcare"", ""NoDocbcCost"", ""GenHlth"", ""MentHlth"", ""PhysHlth"", ""DiffWalk"", ""Sex"", ""Age"", ""Education"", ""Income"", ""id""], ""data"": [[67407, 0.0, 0.0, 1.0, 30.0, 1.0, 0.0, 0.0, 1.0, 1.0, 1.0, 0.0, 1.0, 0.0, 4.0, 2.0, 15.0, 0.0, 1.0, 10.0, 6.0, 7.0, 67407], [67408, 1.0, 1.0, 1.0, 28.0, 1.0, 1.0, 1.0, 1.0, 1.0, 1.0, 0.0, 1.0, 0.0, 2.0, 0.0, 0.0, 0.0, 1.0, 13.0, 6.0, 4.0, 67408], [67409, 1.0, 1.0, 1.0, 27.0, 1.0, 0.0, 0.0, 1.0, 1.0, 0.0, 0.0, 1.0, 0.0, 3.0, 3.0, 30.0, 0.0, 0.0, 13.0, 6.0, 6.0, 67409], [67410, 0.0, 1.0, 1.0, 41.0, 0.0, 0.0, 0.0, 1.0, 0.0, 0.0, 0.0, 1.0, 0.0, 3.0, 0.0, 0.0, 0.0, 1.0, 13.0, 6.0, 6.0, 67410], [67412, 1.0, 0.0, 1.0, 43.0, 0.0, 0.0, 0.0, 0.0, 0.0, 1.0, 1.0, 1.0, 0.0, 2.0, 1.0, 0.0, 0.0, 0.0, 10.0, 6.0, 7.0, 67412], [67413, 0.0, 0.0, 1.0, 25.0, 0.0, 0.0, 0.0, 0.0, 0.0, 1.0, 0.0, 1.0, 0.0, 5.0, 0.0, 30.0, 1.0, 1.0, 13.0, 6.0, 7.0, 67413], [67414, 1.0, 1.0, 1.0, 32.0, 1.0, 0.0, 0.0, 1.0, 1.0, 1.0, 0.0, 1.0, 0.0, 4.0, 0.0, 0.0, 0.0, 1.0, 13.0, 6.0, 7.0, 67414], [67419, 1.0, 1.0, 1.0, 26.0, 1.0, 0.0, 0.0, 0.0, 0.0, 0.0, 0.0, 1.0, 0.0, 4.0, 0.0, 0.0, 1.0, 1.0, 13.0, 5.0, 5.0, 67419], [67424, 1.0, 1.0, 1.0, 34.0, 1.0, 0.0, 0.0, 1.0, 0.0, 1.0, 0.0, 1.0, 0.0, 2.0, 2.0, 0.0, 1.0, 0.0, 11.0, 5.0, 5.0, 67424], [67425, 0.0, 1.0, 1.0, 33.0, 0.0, 0.0, 0.0, 1.0, 1.0, 1.0, 0.0, 1.0, 0.0, 4.0, 20.0, 15.0, 0.0, 0.0, 10.0, 4.0, 7.0, 67425]]}}","{""predictions"": [0.0, 1.0, 0.0, 1.0, 0.0, 1.0, 1.0, 0.0, 1.0, 1.0]}",1,"{""model_name"":""demo_faddadbfcefc_model_monitor.ws_3551974319838082.diabetes_mo"",""endpoint_name"":""anupriya-malik-databricks-com_ML_AS04_Demo_3b"",""model_version"":""1""}"
null,080d5300-c2be-4112-8fcd-9cac5c53b49f,2024-09-28,1727528596822,200,5,"{""dataframe_split"": {""index"": [28210, 28211, 28212, 28213, 28214, 28215, 28216, 28217, 28218, 28219], ""columns"": [""index"", ""HighBP"", ""HighChol"", ""CholCheck"", ""BMI"", ""Smoker"", ""Stroke"", ""HeartDiseaseorAttack"", ""PhysActivity"", ""Fruits"", ""Veggies"", ""HvyAlcoholConsump"", ""AnyHealthcare"", ""NoDocbcCost"", ""GenHlth"", ""MentHlth"", ""PhysHlth"", ""DiffWalk"", ""Sex"", ""Age"", ""Education"", ""Income"", ""id""], ""data"": [[67694, 1.0, 1.0, 1.0, 29.0, 1.0, 0.0, 0.0, 1.0, 0.0, 1.0, 0.0, 1.0, 0.0, 3.0, 0.0, 0.0, 0.0, 1.0, 11.0, 5.0, 5.0, 67694], [67695, 1.0, 0.0, 1.0, 33.0, 0.0, 1.0, 0.0, 0.0, 0.0, 0.0, 0.0, 1.0, 0.0, 4.0, 0.0, 0.0, 1.0, 1.0, 11.0, 4.0, 5.0, 67695], [67697, 1.0, 0.0, 1.0, 25.0, 0.0, 0.0, 0.0, 1.0, 1.0, 1.0, 0.0, 1.0, 0.0, 2.0, 0.0, 2.0, 0.0, 0.0, 12.0, 4.0, 6.0, 67697], [67698, 1.0, 1.0, 1.0, 35.0, 0.0, 0.0, 1.0, 1.0, 0.0, 1.0, 0.0, 1.0, 0.0, 3.0, 0.0, 0.0, 1.0, 0.0, 10.0, 4.0, 6.0, 67698], [67699, 1.0, 1.0, 1.0, 26.0, 1.0, 0.0, 0.0, 1.0, 0.0, 1.0, 0.0, 1.0, 0.0, 3.0, 0.0, 0.0, 0.0, 1.0, 10.0, 6.0, 7.0, 67699], [67702, 0.0, 0.0, 1.0, 33.0, 1.0, 0.0, 0.0, 1.0, 0.0, 0.0, 0.0, 1.0, 0.0, 3.0, 0.0, 0.0, 0.0, 1.0, 12.0, 5.0, 5.0, 67702], [67704, 0.0, 0.0, 1.0, 28.0, 1.0, 1.0, 0.0, 1.0, 0.0, 1.0, 0.0, 1.0, 0.0, 3.0, 0.0, 0.0, 0.0, 1.0, 13.0, 6.0, 6.0, 67704], [67705, 1.0, 1.0, 1.0, 24.0, 1.0, 1.0, 0.0, 1.0, 1.0, 1.0, 0.0, 1.0, 0.0, 4.0, 0.0, 28.0, 1.0, 1.0, 13.0, 6.0, 8.0, 67705], [67706, 1.0, 0.0, 1.0, 25.0, 1.0, 0.0, 0.0, 1.0, 0.0, 1.0, 0.0, 1.0, 0.0, 2.0, 0.0, 0.0, 0.0, 1.0, 13.0, 5.0, 6.0, 67706], [67708, 1.0, 1.0, 1.0, 27.0, 1.0, 0.0, 0.0, 1.0, 1.0, 1.0, 0.0, 1.0, 0.0, 2.0, 0.0, 0.0, 0.0, 1.0, 12.0, 6.0, 8.0, 67708]]}}","{""predictions"": [1.0, 1.0, 1.0, 1.0, 0.0, 1.0, 1.0, 1.0, 0.0, 0.0]}",1,"{""model_name"":""demo_faddadbfcefc_model_monitor.ws_3551974319838082.diabetes_mo"",""endpoint_name"":""anupriya-malik-databricks-com_ML_AS04_Demo_3b"",""model_version"":""1""}"
null,7811c75d-72f5-4ea9-8dd2-d1771dd71545,2024-09-28,1727528596969,200,5,"{""dataframe_split"": {""index"": [28260, 28261, 28262, 28263, 28264, 28265, 28266, 28267, 28268, 28269], ""columns"": [""index"", ""HighBP"", ""HighChol"", ""CholCheck"", ""BMI"", ""Smoker"", ""Stroke"", ""HeartDiseaseorAttack"", ""PhysActivity"", ""Fruits"", ""Veggies"", ""HvyAlcoholConsump"", ""AnyHealthcare"", ""NoDocbcCost"", ""GenHlth"", ""MentHlth"", ""PhysHlth"", ""DiffWalk"", ""Sex"", ""Age"", ""Education"", ""Income"", ""id""], ""data"": [[67785, 1.0, 1.0, 1.0, 28.0, 1.0, 0.0, 0.0, 1.0, 0.0, 1.0, 0.0, 1.0, 0.0, 2.0, 20.0, 28.0, 0.0, 0.0, 10.0, 5.0, 3.0, 67785], [67787, 1.0, 1.0, 1.0, 29.0, 1.0, 0.0, 0.0, 1.0, 0.0, 1.0, 0.0, 1.0, 0.0, 3.0, 0.0, 0.0, 0.0, 1.0, 11.0, 6.0, 8.0, 67787], [67788, 1.0, 0.0, 1.0, 40.0, 1.0, 0.0, 1.0, 0.0, 0.0, 1.0, 0.0, 1.0, 0.0, 4.0, 0.0, 30.0, 1.0, 1.0, 10.0, 6.0, 7.0, 67788], [67789, 1.0, 1.0, 1.0, 34.0, 1.0, 0.0, 1.0, 0.0, 0.0, 0.0, 0.0, 1.0, 0.0, 4.0, 0.0, 12.0, 0.0, 1.0, 10.0, 5.0, 8.0, 67789], [67790, 1.0, 1.0, 1.0, 27.0, 0.0, 0.0, 0.0, 1.0, 1.0, 1.0, 0.0, 1.0, 0.0, 2.0, 5.0, 0.0, 0.0, 0.0, 11.0, 5.0, 8.0, 67790], [67792, 0.0, 0.0, 1.0, 29.0, 1.0, 0.0, 1.0, 1.0, 1.0, 1.0, 0.0, 1.0, 0.0, 4.0, 0.0, 5.0, 0.0, 1.0, 12.0, 5.0, 6.0, 67792], [67793, 1.0, 1.0, 1.0, 31.0, 0.0, 0.0, 0.0, 1.0, 1.0, 1.0, 0.0, 1.0, 0.0, 2.0, 0.0, 0.0, 0.0, 1.0, 12.0, 5.0, 5.0, 67793], [67794, 1.0, 1.0, 1.0, 32.0, 0.0, 0.0, 0.0, 1.0, 1.0, 0.0, 0.0, 1.0, 0.0, 3.0, 0.0, 2.0, 0.0, 0.0, 13.0, 4.0, 5.0, 67794], [67796, 1.0, 0.0, 1.0, 33.0, 1.0, 0.0, 0.0, 1.0, 0.0, 1.0, 0.0, 1.0, 0.0, 2.0, 0.0, 0.0, 0.0, 1.0, 10.0, 4.0, 7.0, 67796], [67797, 1.0, 1.0, 1.0, 26.0, 1.0, 1.0, 1.0, 1.0, 1.0, 0.0, 0.0, 1.0, 0.0, 3.0, 0.0, 0.0, 0.0, 1.0, 11.0, 4.0, 5.0, 67797]]}}","{""predictions"": [0.0, 0.0, 1.0, 1.0, 0.0, 1.0, 0.0, 1.0, 1.0, 0.0]}",1,"{""model_name"":""demo_faddadbfcefc_model_monitor.ws_3551974319838082.diabetes_mo"",""endpoint_name"":""anupriya-malik-databricks-com_ML_AS04_Demo_3b"",""model_version"":""1""}"
null,bc3eb9c6-c1f3-41cf-ac22-567e4f82d356,2024-09-28,1727528596998,200,5,"{""dataframe_split"": {""index"": [28270, 28271, 28272, 28273, 28274, 28275, 28276, 28277, 28278, 28279], ""columns"": [""index"", ""HighBP"", ""HighChol"", ""CholCheck"", ""BMI"", ""Smoker"", ""Stroke"", ""HeartDiseaseorAttack"", ""PhysActivity"", ""Fruits"", ""Veggies"", ""HvyAlcoholConsump"", ""AnyHealthcare"", ""NoDocbcCost"", ""GenHlth"", ""MentHlth"", ""PhysHlth"", ""DiffWalk"", ""Sex"", ""Age"", ""Education"", ""Income"", ""id""], ""data"": [[67798, 1.0, 1.0, 1.0, 27.0, 0.0, 0.0, 1.0, 1.0, 1.0, 1.0, 0.0, 1.0, 0.0, 1.0, 0.0, 0.0, 0.0, 1.0, 10.0, 6.0, 8.0, 67798], [67799, 1.0, 1.0, 1.0, 27.0, 1.0, 1.0, 1.0, 0.0, 0.0, 1.0, 0.0, 1.0, 0.0, 5.0, 30.0, 30.0, 0.0, 1.0, 13.0, 3.0, 7.0, 67799], [67800, 1.0, 1.0, 1.0, 36.0, 1.0, 0.0, 0.0, 1.0, 0.0, 0.0, 0.0, 1.0, 0.0, 3.0, 0.0, 7.0, 0.0, 1.0, 11.0, 5.0, 5.0, 67800], [67801, 1.0, 1.0, 1.0, 23.0, 1.0, 0.0, 0.0, 1.0, 1.0, 1.0, 0.0, 1.0, 0.0, 4.0, 0.0, 0.0, 0.0, 1.0, 11.0, 4.0, 5.0, 67801], [67802, 0.0, 0.0, 1.0, 44.0, 1.0, 0.0, 0.0, 0.0, 1.0, 1.0, 0.0, 1.0, 0.0, 3.0, 0.0, 5.0, 1.0, 1.0, 11.0, 6.0, 7.0, 67802], [67803, 1.0, 1.0, 1.0, 30.0, 1.0, 0.0, 0.0, 1.0, 0.0, 1.0, 0.0, 1.0, 0.0, 2.0, 0.0, 0.0, 1.0, 1.0, 10.0, 5.0, 8.0, 67803], [67804, 1.0, 0.0, 1.0, 42.0, 1.0, 0.0, 0.0, 1.0, 0.0, 1.0, 0.0, 1.0, 0.0, 4.0, 0.0, 3.0, 0.0, 1.0, 10.0, 3.0, 8.0, 67804], [67806, 0.0, 1.0, 1.0, 24.0, 0.0, 0.0, 0.0, 1.0, 0.0, 1.0, 0.0, 1.0, 0.0, 2.0, 0.0, 0.0, 0.0, 0.0, 10.0, 6.0, 8.0, 67806], [67807, 1.0, 1.0, 1.0, 41.0, 1.0, 0.0, 0.0, 1.0, 1.0, 1.0, 0.0, 1.0, 0.0, 3.0, 0.0, 4.0, 1.0, 1.0, 11.0, 4.0, 6.0, 67807], [67809, 1.0, 1.0, 1.0, 41.0, 1.0, 0.0, 1.0, 1.0, 0.0, 0.0, 0.0, 1.0, 0.0, 4.0, 0.0, 30.0, 0.0, 0.0, 10.0, 4.0, 6.0, 67809]]}}","{""predictions"": [1.0, 0.0, 1.0, 1.0, 1.0, 1.0, 0.0, 0.0, 1.0, 1.0]}",1,"{""model_name"":""demo_faddadbfcefc_model_monitor.ws_3551974319838082.diabetes_mo"",""endpoint_name"":""anupriya-malik-databricks-com_ML_AS04_Demo_3b"",""model_version"":""1""}"
null,3eb207a0-01d9-40eb-ba89-1c9d14e41112,2024-09-28,1727528597145,200,5,"{""dataframe_split"": {""index"": [28320, 28321, 28322, 28323, 28324, 28325, 28326, 28327, 28328, 28329], ""columns"": [""index"", ""HighBP"", ""HighChol"", ""CholCheck"", ""BMI"", ""Smoker"", ""Stroke"", ""HeartDiseaseorAttack"", ""PhysActivity"", ""Fruits"", ""Veggies"", ""HvyAlcoholConsump"", ""AnyHealthcare"", ""NoDocbcCost"", ""GenHlth"", ""MentHlth"", ""PhysHlth"", ""DiffWalk"", ""Sex"", ""Age"", ""Education"", ""Income"", ""id""], ""data"": [[67870, 0.0, 1.0, 1.0, 22.0, 0.0, 1.0, 0.0, 1.0, 1.0, 1.0, 0.0, 1.0, 0.0, 4.0, 2.0, 0.0, 0.0, 0.0, 10.0, 6.0, 6.0, 67870], [67871, 1.0, 0.0, 1.0, 24.0, 0.0, 0.0, 0.0, 1.0, 0.0, 1.0, 0.0, 1.0, 0.0, 2.0, 0.0, 0.0, 0.0, 0.0, 11.0, 6.0, 7.0, 67871], [67872, 1.0, 1.0, 1.0, 34.0, 0.0, 0.0, 0.0, 1.0, 1.0, 1.0, 0.0, 1.0, 0.0, 4.0, 5.0, 3.0, 0.0, 0.0, 12.0, 5.0, 4.0, 67872], [67873, 1.0, 1.0, 1.0, 32.0, 1.0, 0.0, 0.0, 0.0, 0.0, 0.0, 0.0, 1.0, 0.0, 2.0, 0.0, 0.0, 0.0, 1.0, 12.0, 6.0, 6.0, 67873], [67876, 0.0, 0.0, 1.0, 28.0, 1.0, 0.0, 0.0, 1.0, 1.0, 0.0, 0.0, 1.0, 0.0, 3.0, 0.0, 30.0, 1.0, 1.0, 11.0, 4.0, 6.0, 67876], [67881, 0.0, 0.0, 1.0, 30.0, 0.0, 0.0, 0.0, 0.0, 1.0, 1.0, 0.0, 1.0, 0.0, 3.0, 0.0, 30.0, 1.0, 0.0, 10.0, 6.0, 8.0, 67881], [67882, 1.0, 1.0, 1.0, 27.0, 0.0, 0.0, 1.0, 1.0, 1.0, 1.0, 0.0, 1.0, 0.0, 3.0, 0.0, 0.0, 0.0, 1.0, 10.0, 6.0, 2.0, 67882], [67884, 1.0, 1.0, 1.0, 33.0, 0.0, 0.0, 0.0, 1.0, 0.0, 1.0, 0.0, 1.0, 0.0, 3.0, 0.0, 0.0, 0.0, 1.0, 13.0, 6.0, 8.0, 67884], [67885, 1.0, 1.0, 1.0, 27.0, 1.0, 1.0, 1.0, 1.0, 1.0, 0.0, 0.0, 1.0, 0.0, 4.0, 10.0, 10.0, 0.0, 1.0, 10.0, 5.0, 7.0, 67885], [67886, 1.0, 0.0, 1.0, 31.0, 0.0, 0.0, 0.0, 1.0, 1.0, 1.0, 0.0, 1.0, 0.0, 3.0, 0.0, 2.0, 1.0, 0.0, 13.0, 4.0, 7.0, 67886]]}}","{""predictions"": [1.0, 0.0, 1.0, 1.0, 0.0, 0.0, 0.0, 0.0, 1.0, 1.0]}",1,"{""model_name"":""demo_faddadbfcefc_model_monitor.ws_3551974319838082.diabetes_mo"",""endpoint_name"":""anupriya-malik-databricks-com_ML_AS04_Demo_3b"",""model_version"":""1""}"
null,4d2dcfce-a6f5-4997-8f82-698531cfa6f7,2024-09-28,1727528597293,200,5,"{""dataframe_split"": {""index"": [28370, 28371, 28372, 28373, 28374, 28375, 28376, 28377, 28378, 28379], ""columns"": [""index"", ""HighBP"", ""HighChol"", ""CholCheck"", ""BMI"", ""Smoker"", ""Stroke"", ""HeartDiseaseorAttack"", ""PhysActivity"", ""Fruits"", ""Veggies"", ""HvyAlcoholConsump"", ""AnyHealthcare"", ""NoDocbcCost"", ""GenHlth"", ""MentHlth"", ""PhysHlth"", ""DiffWalk"", ""Sex"", ""Age"", ""Education"", ""Income"", ""id""], ""data"": [[67945, 1.0, 1.0, 1.0, 34.0, 0.0, 0.0, 0.0, 1.0, 1.0, 1.0, 0.0, 1.0, 0.0, 4.0, 0.0, 30.0, 1.0, 0.0, 11.0, 6.0, 5.0, 67945], [67947, 1.0, 1.0, 1.0, 44.0, 0.0, 0.0, 0.0, 1.0, 1.0, 1.0, 0.0, 1.0, 0.0, 3.0, 0.0, 0.0, 0.0, 0.0, 10.0, 6.0, 7.0, 67947], [67949, 1.0, 1.0, 1.0, 22.0, 1.0, 0.0, 1.0, 0.0, 1.0, 1.0, 0.0, 1.0, 0.0, 4.0, 0.0, 1.0, 1.0, 1.0, 11.0, 4.0, 8.0, 67949], [67951, 1.0, 1.0, 1.0, 24.0, 1.0, 1.0, 0.0, 0.0, 0.0, 0.0, 0.0, 1.0, 0.0, 3.0, 0.0, 0.0, 1.0, 1.0, 12.0, 5.0, 7.0, 67951], [67956, 1.0, 0.0, 1.0, 24.0, 1.0, 0.0, 0.0, 0.0, 1.0, 1.0, 0.0, 1.0, 0.0, 4.0, 0.0, 0.0, 1.0, 0.0, 13.0, 6.0, 7.0, 67956], [67957, 1.0, 1.0, 1.0, 30.0, 1.0, 0.0, 0.0, 1.0, 0.0, 1.0, 0.0, 1.0, 0.0, 3.0, 0.0, 4.0, 0.0, 1.0, 12.0, 4.0, 7.0, 67957], [67959, 1.0, 1.0, 1.0, 33.0, 1.0, 0.0, 1.0, 1.0, 0.0, 1.0, 0.0, 1.0, 0.0, 3.0, 0.0, 0.0, 1.0, 1.0, 12.0, 5.0, 5.0, 67959], [67961, 1.0, 1.0, 1.0, 30.0, 1.0, 1.0, 1.0, 0.0, 1.0, 0.0, 0.0, 1.0, 0.0, 5.0, 0.0, 30.0, 1.0, 0.0, 13.0, 6.0, 7.0, 67961], [67962, 0.0, 0.0, 1.0, 24.0, 0.0, 0.0, 0.0, 0.0, 0.0, 1.0, 0.0, 1.0, 0.0, 2.0, 0.0, 0.0, 0.0, 0.0, 13.0, 5.0, 3.0, 67962], [67965, 1.0, 1.0, 1.0, 28.0, 0.0, 0.0, 1.0, 1.0, 0.0, 1.0, 0.0, 1.0, 0.0, 5.0, 2.0, 30.0, 1.0, 1.0, 13.0, 6.0, 7.0, 67965]]}}","{""predictions"": [0.0, 0.0, 1.0, 1.0, 0.0, 1.0, 0.0, 1.0, 1.0, 1.0]}",1,"{""model_name"":""demo_faddadbfcefc_model_monitor.ws_3551974319838082.diabetes_mo"",""endpoint_name"":""anupriya-malik-databricks-com_ML_AS04_Demo_3b"",""model_version"":""1""}"
null,42b6ab75-5f55-4386-8ec4-d8f2ee4e2856,2024-09-28,1727528597868,200,5,"{""dataframe_split"": {""index"": [28560, 28561, 28562, 28563, 28564, 28565, 28566, 28567, 28568, 28569], ""columns"": [""index"", ""HighBP"", ""HighChol"", ""CholCheck"", ""BMI"", ""Smoker"", ""Stroke"", ""HeartDiseaseorAttack"", ""PhysActivity"", ""Fruits"", ""Veggies"", ""HvyAlcoholConsump"", ""AnyHealthcare"", ""NoDocbcCost"", ""GenHlth"", ""MentHlth"", ""PhysHlth"", ""DiffWalk"", ""Sex"", ""Age"", ""Education"", ""Income"", ""id""], ""data"": [[68364, 0.0, 1.0, 1.0, 30.0, 1.0, 0.0, 0.0, 1.0, 1.0, 1.0, 0.0, 1.0, 0.0, 1.0, 0.0, 2.0, 0.0, 1.0, 10.0, 3.0, 5.0, 68364], [68365, 1.0, 0.0, 1.0, 22.0, 1.0, 0.0, 0.0, 0.0, 0.0, 0.0, 0.0, 1.0, 0.0, 5.0, 21.0, 30.0, 1.0, 1.0, 13.0, 3.0, 3.0, 68365], [68369, 1.0, 1.0, 1.0, 30.0, 1.0, 0.0, 1.0, 1.0, 1.0, 1.0, 0.0, 1.0, 0.0, 3.0, 0.0, 2.0, 1.0, 1.0, 11.0, 5.0, 5.0, 68369], [68370, 1.0, 1.0, 1.0, 22.0, 1.0, 0.0, 0.0, 1.0, 1.0, 1.0, 0.0, 1.0, 0.0, 2.0, 0.0, 0.0, 0.0, 1.0, 13.0, 5.0, 7.0, 68370], [68372, 1.0, 1.0, 1.0, 30.0, 1.0, 0.0, 0.0, 1.0, 1.0, 1.0, 0.0, 1.0, 0.0, 2.0, 0.0, 2.0, 0.0, 1.0, 11.0, 6.0, 6.0, 68372], [68373, 1.0, 1.0, 1.0, 24.0, 1.0, 0.0, 0.0, 1.0, 0.0, 1.0, 0.0, 1.0, 0.0, 3.0, 0.0, 0.0, 0.0, 0.0, 10.0, 4.0, 5.0, 68373], [68375, 0.0, 0.0, 1.0, 24.0, 0.0, 0.0, 0.0, 1.0, 0.0, 0.0, 0.0, 1.0, 0.0, 3.0, 0.0, 0.0, 0.0, 1.0, 10.0, 4.0, 6.0, 68375], [68376, 1.0, 0.0, 1.0, 48.0, 1.0, 0.0, 0.0, 1.0, 1.0, 1.0, 0.0, 1.0, 0.0, 3.0, 0.0, 0.0, 1.0, 1.0, 11.0, 4.0, 5.0, 68376], [68377, 0.0, 0.0, 1.0, 26.0, 0.0, 0.0, 0.0, 1.0, 0.0, 1.0, 0.0, 1.0, 0.0, 3.0, 0.0, 0.0, 1.0, 1.0, 13.0, 4.0, 4.0, 68377], [68379, 1.0, 0.0, 1.0, 25.0, 0.0, 0.0, 1.0, 1.0, 1.0, 1.0, 0.0, 1.0, 0.0, 2.0, 0.0, 3.0, 0.0, 1.0, 10.0, 5.0, 8.0, 68379]]}}","{""predictions"": [0.0, 0.0, 1.0, 0.0, 0.0, 0.0, 1.0, 0.0, 0.0, 0.0]}",1,"{""model_name"":""demo_faddadbfcefc_model_monitor.ws_3551974319838082.diabetes_mo"",""endpoint_name"":""anupriya-malik-databricks-com_ML_AS04_Demo_3b"",""model_version"":""1""}"
null,fc0eaf8a-629e-4122-b973-b9b31df593ee,2024-09-28,1727528597898,200,5,"{""dataframe_split"": {""index"": [28570, 28571, 28572, 28573, 28574, 28575, 28576, 28577, 28578, 28579], ""columns"": [""index"", ""HighBP"", ""HighChol"", ""CholCheck"", ""BMI"", ""Smoker"", ""Stroke"", ""HeartDiseaseorAttack"", ""PhysActivity"", ""Fruits"", ""Veggies"", ""HvyAlcoholConsump"", ""AnyHealthcare"", ""NoDocbcCost"", ""GenHlth"", ""MentHlth"", ""PhysHlth"", ""DiffWalk"", ""Sex"", ""Age"", ""Education"", ""Income"", ""id""], ""data"": [[68380, 1.0, 0.0, 1.0, 27.0, 0.0, 0.0, 0.0, 0.0, 1.0, 1.0, 0.0, 1.0, 0.0, 4.0, 0.0, 0.0, 1.0, 1.0, 13.0, 4.0, 3.0, 68380], [68386, 1.0, 1.0, 1.0, 34.0, 0.0, 0.0, 0.0, 1.0, 0.0, 1.0, 0.0, 1.0, 0.0, 4.0, 0.0, 30.0, 0.0, 0.0, 11.0, 6.0, 3.0, 68386], [68387, 1.0, 1.0, 1.0, 32.0, 0.0, 0.0, 0.0, 1.0, 0.0, 1.0, 0.0, 1.0, 0.0, 3.0, 0.0, 3.0, 1.0, 0.0, 10.0, 5.0, 4.0, 68387], [68389, 1.0, 1.0, 1.0, 28.0, 0.0, 0.0, 0.0, 1.0, 1.0, 1.0, 0.0, 1.0, 0.0, 3.0, 0.0, 0.0, 0.0, 0.0, 12.0, 4.0, 6.0, 68389], [68390, 0.0, 1.0, 1.0, 27.0, 0.0, 0.0, 0.0, 1.0, 1.0, 1.0, 0.0, 1.0, 0.0, 3.0, 0.0, 0.0, 0.0, 1.0, 11.0, 4.0, 8.0, 68390], [68391, 0.0, 1.0, 1.0, 26.0, 1.0, 0.0, 1.0, 1.0, 1.0, 1.0, 0.0, 1.0, 0.0, 5.0, 30.0, 5.0, 0.0, 1.0, 10.0, 5.0, 4.0, 68391], [68394, 1.0, 1.0, 1.0, 27.0, 1.0, 0.0, 1.0, 0.0, 0.0, 1.0, 0.0, 1.0, 0.0, 3.0, 0.0, 10.0, 1.0, 0.0, 13.0, 2.0, 3.0, 68394], [68395, 1.0, 0.0, 1.0, 31.0, 0.0, 0.0, 1.0, 1.0, 1.0, 1.0, 0.0, 1.0, 0.0, 5.0, 0.0, 30.0, 1.0, 0.0, 11.0, 4.0, 4.0, 68395], [68396, 1.0, 1.0, 1.0, 37.0, 1.0, 0.0, 0.0, 0.0, 0.0, 0.0, 0.0, 1.0, 0.0, 3.0, 0.0, 0.0, 0.0, 1.0, 11.0, 4.0, 5.0, 68396], [68397, 1.0, 1.0, 1.0, 23.0, 0.0, 0.0, 1.0, 1.0, 0.0, 1.0, 0.0, 1.0, 0.0, 5.0, 0.0, 30.0, 0.0, 0.0, 10.0, 2.0, 3.0, 68397]]}}","{""predictions"": [1.0, 1.0, 0.0, 1.0, 0.0, 1.0, 0.0, 1.0, 1.0, 1.0]}",1,"{""model_name"":""demo_faddadbfcefc_model_monitor.ws_3551974319838082.diabetes_mo"",""endpoint_name"":""anupriya-malik-databricks-com_ML_AS04_Demo_3b"",""model_version"":""1""}"
null,60ede6ea-b405-40f2-be34-65e65f9a646b,2024-09-28,1727528597927,200,5,"{""dataframe_split"": {""index"": [28580, 28581, 28582, 28583, 28584, 28585, 28586, 28587, 28588, 28589], ""columns"": [""index"", ""HighBP"", ""HighChol"", ""CholCheck"", ""BMI"", ""Smoker"", ""Stroke"", ""HeartDiseaseorAttack"", ""PhysActivity"", ""Fruits"", ""Veggies"", ""HvyAlcoholConsump"", ""AnyHealthcare"", ""NoDocbcCost"", ""GenHlth"", ""MentHlth"", ""PhysHlth"", ""DiffWalk"", ""Sex"", ""Age"", ""Education"", ""Income"", ""id""], ""data"": [[68403, 0.0, 0.0, 1.0, 30.0, 0.0, 0.0, 1.0, 1.0, 1.0, 1.0, 0.0, 1.0, 0.0, 2.0, 0.0, 2.0, 0.0, 0.0, 10.0, 5.0, 5.0, 68403], [68405, 1.0, 0.0, 1.0, 33.0, 0.0, 0.0, 1.0, 1.0, 1.0, 1.0, 0.0, 1.0, 0.0, 3.0, 0.0, 0.0, 0.0, 1.0, 11.0, 6.0, 8.0, 68405], [68407, 1.0, 1.0, 1.0, 31.0, 1.0, 1.0, 0.0, 0.0, 0.0, 1.0, 0.0, 1.0, 0.0, 3.0, 15.0, 0.0, 1.0, 1.0, 10.0, 5.0, 7.0, 68407], [68408, 0.0, 0.0, 1.0, 21.0, 1.0, 0.0, 0.0, 1.0, 0.0, 0.0, 0.0, 1.0, 0.0, 2.0, 0.0, 0.0, 0.0, 1.0, 11.0, 4.0, 6.0, 68408], [68409, 1.0, 1.0, 1.0, 35.0, 1.0, 1.0, 0.0, 0.0, 0.0, 1.0, 0.0, 1.0, 0.0, 4.0, 0.0, 0.0, 1.0, 1.0, 10.0, 4.0, 6.0, 68409], [68410, 1.0, 0.0, 1.0, 27.0, 0.0, 1.0, 0.0, 1.0, 1.0, 1.0, 0.0, 1.0, 0.0, 3.0, 0.0, 0.0, 1.0, 0.0, 13.0, 4.0, 2.0, 68410], [68411, 1.0, 0.0, 1.0, 29.0, 1.0, 0.0, 0.0, 1.0, 0.0, 1.0, 0.0, 1.0, 0.0, 2.0, 0.0, 0.0, 0.0, 1.0, 12.0, 6.0, 8.0, 68411], [68414, 1.0, 1.0, 1.0, 31.0, 0.0, 0.0, 1.0, 0.0, 1.0, 1.0, 0.0, 1.0, 0.0, 4.0, 0.0, 10.0, 1.0, 0.0, 10.0, 5.0, 1.0, 68414], [68419, 1.0, 1.0, 1.0, 36.0, 1.0, 0.0, 0.0, 0.0, 0.0, 1.0, 0.0, 1.0, 0.0, 5.0, 30.0, 30.0, 1.0, 1.0, 12.0, 5.0, 8.0, 68419], [68420, 1.0, 1.0, 1.0, 28.0, 1.0, 0.0, 0.0, 0.0, 0.0, 0.0, 0.0, 1.0, 0.0, 3.0, 0.0, 0.0, 0.0, 1.0, 13.0, 3.0, 3.0, 68420]]}}","{""predictions"": [0.0, 0.0, 1.0, 1.0, 1.0, 1.0, 0.0, 1.0, 1.0, 1.0]}",1,"{""model_name"":""demo_faddadbfcefc_model_monitor.ws_3551974319838082.diabetes_mo"",""endpoint_name"":""anupriya-malik-databricks-com_ML_AS04_Demo_3b"",""model_version"":""1""}"
null,459c81cd-f975-4c00-90ba-6b275c3dc3f1,2024-09-28,1727528597956,200,5,"{""dataframe_split"": {""index"": [28590, 28591, 28592, 28593, 28594, 28595, 28596, 28597, 28598, 28599], ""columns"": [""index"", ""HighBP"", ""HighChol"", ""CholCheck"", ""BMI"", ""Smoker"", ""Stroke"", ""HeartDiseaseorAttack"", ""PhysActivity"", ""Fruits"", ""Veggies"", ""HvyAlcoholConsump"", ""AnyHealthcare"", ""NoDocbcCost"", ""GenHlth"", ""MentHlth"", ""PhysHlth"", ""DiffWalk"", ""Sex"", ""Age"", ""Education"", ""Income"", ""id""], ""data"": [[68421, 1.0, 1.0, 1.0, 28.0, 1.0, 0.0, 1.0, 1.0, 0.0, 0.0, 0.0, 1.0, 0.0, 4.0, 6.0, 2.0, 0.0, 1.0, 12.0, 3.0, 5.0, 68421], [68428, 0.0, 1.0, 1.0, 32.0, 0.0, 0.0, 0.0, 1.0, 1.0, 1.0, 0.0, 1.0, 0.0, 2.0, 0.0, 0.0, 0.0, 0.0, 10.0, 4.0, 5.0, 68428], [68429, 1.0, 0.0, 1.0, 31.0, 0.0, 0.0, 0.0, 1.0, 1.0, 1.0, 0.0, 1.0, 0.0, 2.0, 0.0, 0.0, 0.0, 0.0, 12.0, 5.0, 3.0, 68429], [68430, 1.0, 1.0, 1.0, 31.0, 1.0, 0.0, 0.0, 0.0, 0.0, 1.0, 0.0, 1.0, 0.0, 5.0, 0.0, 30.0, 1.0, 1.0, 10.0, 5.0, 5.0, 68430], [68431, 0.0, 0.0, 1.0, 25.0, 0.0, 0.0, 0.0, 1.0, 1.0, 1.0, 0.0, 1.0, 0.0, 3.0, 0.0, 0.0, 0.0, 1.0, 11.0, 6.0, 8.0, 68431], [68434, 1.0, 1.0, 1.0, 26.0, 0.0, 0.0, 0.0, 1.0, 1.0, 1.0, 0.0, 1.0, 0.0, 3.0, 0.0, 0.0, 0.0, 0.0, 10.0, 4.0, 8.0, 68434], [68438, 0.0, 0.0, 1.0, 38.0, 1.0, 0.0, 0.0, 0.0, 1.0, 1.0, 0.0, 1.0, 0.0, 2.0, 30.0, 0.0, 1.0, 0.0, 10.0, 4.0, 3.0, 68438], [68440, 1.0, 1.0, 1.0, 30.0, 1.0, 0.0, 0.0, 0.0, 0.0, 0.0, 0.0, 1.0, 1.0, 3.0, 30.0, 22.0, 1.0, 1.0, 11.0, 4.0, 4.0, 68440], [68442, 0.0, 1.0, 1.0, 22.0, 1.0, 0.0, 0.0, 1.0, 1.0, 1.0, 0.0, 1.0, 0.0, 3.0, 0.0, 0.0, 0.0, 1.0, 13.0, 4.0, 5.0, 68442], [68443, 1.0, 0.0, 1.0, 23.0, 1.0, 0.0, 0.0, 1.0, 1.0, 1.0, 0.0, 1.0, 0.0, 3.0, 0.0, 0.0, 1.0, 1.0, 11.0, 4.0, 5.0, 68443]]}}","{""predictions"": [1.0, 0.0, 0.0, 1.0, 1.0, 0.0, 1.0, 1.0, 1.0, 1.0]}",1,"{""model_name"":""demo_faddadbfcefc_model_monitor.ws_3551974319838082.diabetes_mo"",""endpoint_name"":""anupriya-malik-databricks-com_ML_AS04_Demo_3b"",""model_version"":""1""}"
null,720c0480-a822-4811-91bd-7d5d4e2fbb98,2024-09-28,1727528598879,200,5,"{""dataframe_split"": {""index"": [28890, 28891, 28892, 28893, 28894, 28895, 28896, 28897, 28898, 28899], ""columns"": [""index"", ""HighBP"", ""HighChol"", ""CholCheck"", ""BMI"", ""Smoker"", ""Stroke"", ""HeartDiseaseorAttack"", ""PhysActivity"", ""Fruits"", ""Veggies"", ""HvyAlcoholConsump"", ""AnyHealthcare"", ""NoDocbcCost"", ""GenHlth"", ""MentHlth"", ""PhysHlth"", ""DiffWalk"", ""Sex"", ""Age"", ""Education"", ""Income"", ""id""], ""data"": [[69062, 1.0, 0.0, 1.0, 27.0, 0.0, 0.0, 0.0, 0.0, 0.0, 1.0, 0.0, 1.0, 1.0, 4.0, 2.0, 7.0, 1.0, 0.0, 10.0, 4.0, 1.0, 69062], [69063, 1.0, 0.0, 1.0, 32.0, 0.0, 0.0, 0.0, 1.0, 1.0, 1.0, 0.0, 1.0, 0.0, 3.0, 0.0, 0.0, 0.0, 0.0, 13.0, 3.0, 5.0, 69063], [69064, 1.0, 1.0, 1.0, 27.0, 0.0, 0.0, 0.0, 1.0, 0.0, 1.0, 0.0, 1.0, 1.0, 4.0, 5.0, 15.0, 1.0, 0.0, 12.0, 5.0, 3.0, 69064], [69065, 1.0, 0.0, 1.0, 21.0, 0.0, 0.0, 0.0, 1.0, 0.0, 1.0, 0.0, 1.0, 0.0, 2.0, 0.0, 0.0, 0.0, 1.0, 13.0, 5.0, 7.0, 69065], [69066, 1.0, 0.0, 1.0, 31.0, 0.0, 1.0, 0.0, 1.0, 0.0, 1.0, 0.0, 1.0, 0.0, 4.0, 0.0, 6.0, 0.0, 0.0, 12.0, 4.0, 3.0, 69066], [69067, 1.0, 0.0, 1.0, 27.0, 0.0, 0.0, 0.0, 1.0, 1.0, 0.0, 0.0, 1.0, 0.0, 3.0, 0.0, 0.0, 1.0, 1.0, 13.0, 5.0, 5.0, 69067], [69072, 1.0, 1.0, 1.0, 32.0, 1.0, 0.0, 0.0, 1.0, 1.0, 1.0, 0.0, 1.0, 0.0, 3.0, 0.0, 0.0, 0.0, 0.0, 10.0, 4.0, 3.0, 69072], [69073, 1.0, 1.0, 1.0, 27.0, 1.0, 0.0, 0.0, 0.0, 1.0, 0.0, 0.0, 1.0, 0.0, 3.0, 30.0, 30.0, 1.0, 1.0, 12.0, 3.0, 6.0, 69073], [69074, 1.0, 1.0, 1.0, 31.0, 1.0, 0.0, 1.0, 1.0, 0.0, 1.0, 0.0, 1.0, 0.0, 4.0, 0.0, 10.0, 1.0, 1.0, 11.0, 5.0, 4.0, 69074], [69075, 0.0, 0.0, 1.0, 24.0, 0.0, 0.0, 0.0, 0.0, 1.0, 1.0, 0.0, 1.0, 0.0, 1.0, 0.0, 0.0, 0.0, 1.0, 13.0, 4.0, 5.0, 69075]]}}","{""predictions"": [1.0, 1.0, 1.0, 0.0, 1.0, 1.0, 0.0, 1.0, 1.0, 0.0]}",1,"{""model_name"":""demo_faddadbfcefc_model_monitor.ws_3551974319838082.diabetes_mo"",""endpoint_name"":""anupriya-malik-databricks-com_ML_AS04_Demo_3b"",""model_version"":""1""}"
null,dc96835c-d666-45d1-8d45-f3f27236ddbe,2024-09-28,1727528599028,200,5,"{""dataframe_split"": {""index"": [28940, 28941, 28942, 28943, 28944, 28945, 28946, 28947, 28948, 28949], ""columns"": [""index"", ""HighBP"", ""HighChol"", ""CholCheck"", ""BMI"", ""Smoker"", ""Stroke"", ""HeartDiseaseorAttack"", ""PhysActivity"", ""Fruits"", ""Veggies"", ""HvyAlcoholConsump"", ""AnyHealthcare"", ""NoDocbcCost"", ""GenHlth"", ""MentHlth"", ""PhysHlth"", ""DiffWalk"", ""Sex"", ""Age"", ""Education"", ""Income"", ""id""], ""data"": [[69139, 1.0, 1.0, 1.0, 32.0, 1.0, 0.0, 0.0, 1.0, 1.0, 1.0, 0.0, 1.0, 0.0, 3.0, 0.0, 0.0, 0.0, 0.0, 10.0, 6.0, 8.0, 69139], [69141, 1.0, 1.0, 1.0, 28.0, 1.0, 0.0, 0.0, 0.0, 0.0, 1.0, 0.0, 1.0, 0.0, 3.0, 0.0, 2.0, 1.0, 0.0, 12.0, 6.0, 7.0, 69141], [69142, 0.0, 0.0, 1.0, 27.0, 1.0, 0.0, 1.0, 1.0, 1.0, 0.0, 0.0, 1.0, 0.0, 3.0, 0.0, 0.0, 0.0, 0.0, 13.0, 6.0, 4.0, 69142], [69146, 1.0, 1.0, 1.0, 31.0, 1.0, 0.0, 0.0, 1.0, 1.0, 1.0, 0.0, 1.0, 0.0, 3.0, 0.0, 0.0, 1.0, 1.0, 10.0, 5.0, 7.0, 69146], [69149, 1.0, 1.0, 1.0, 36.0, 1.0, 0.0, 0.0, 1.0, 1.0, 1.0, 0.0, 1.0, 0.0, 4.0, 2.0, 10.0, 0.0, 0.0, 11.0, 6.0, 5.0, 69149], [69150, 1.0, 0.0, 1.0, 46.0, 0.0, 0.0, 0.0, 1.0, 1.0, 1.0, 0.0, 1.0, 1.0, 3.0, 0.0, 0.0, 1.0, 0.0, 11.0, 6.0, 4.0, 69150], [69151, 1.0, 1.0, 1.0, 33.0, 1.0, 0.0, 0.0, 1.0, 1.0, 1.0, 0.0, 1.0, 0.0, 2.0, 0.0, 0.0, 0.0, 1.0, 10.0, 4.0, 3.0, 69151], [69152, 1.0, 1.0, 1.0, 34.0, 0.0, 0.0, 0.0, 1.0, 0.0, 0.0, 1.0, 1.0, 0.0, 3.0, 0.0, 0.0, 0.0, 1.0, 10.0, 5.0, 8.0, 69152], [69153, 1.0, 1.0, 1.0, 40.0, 0.0, 0.0, 0.0, 0.0, 1.0, 1.0, 0.0, 1.0, 0.0, 4.0, 4.0, 5.0, 0.0, 0.0, 12.0, 5.0, 4.0, 69153], [69154, 1.0, 1.0, 1.0, 31.0, 1.0, 0.0, 0.0, 1.0, 1.0, 1.0, 0.0, 1.0, 0.0, 4.0, 15.0, 30.0, 1.0, 0.0, 12.0, 3.0, 1.0, 69154]]}}","{""predictions"": [1.0, 1.0, 1.0, 1.0, 1.0, 1.0, 0.0, 0.0, 1.0, 0.0]}",1,"{""model_name"":""demo_faddadbfcefc_model_monitor.ws_3551974319838082.diabetes_mo"",""endpoint_name"":""anupriya-malik-databricks-com_ML_AS04_Demo_3b"",""model_version"":""1""}"
null,59811a60-704c-4741-b654-f60bba1add01,2024-09-28,1727528599058,200,5,"{""dataframe_split"": {""index"": [28950, 28951, 28952, 28953, 28954, 28955, 28956, 28957, 28958, 28959], ""columns"": [""index"", ""HighBP"", ""HighChol"", ""CholCheck"", ""BMI"", ""Smoker"", ""Stroke"", ""HeartDiseaseorAttack"", ""PhysActivity"", ""Fruits"", ""Veggies"", ""HvyAlcoholConsump"", ""AnyHealthcare"", ""NoDocbcCost"", ""GenHlth"", ""MentHlth"", ""PhysHlth"", ""DiffWalk"", ""Sex"", ""Age"", ""Education"", ""Income"", ""id""], ""data"": [[69155, 1.0, 1.0, 1.0, 26.0, 0.0, 1.0, 0.0, 1.0, 1.0, 1.0, 0.0, 1.0, 0.0, 3.0, 0.0, 9.0, 0.0, 0.0, 10.0, 4.0, 3.0, 69155], [69159, 1.0, 1.0, 1.0, 41.0, 0.0, 0.0, 1.0, 1.0, 1.0, 1.0, 0.0, 1.0, 1.0, 4.0, 15.0, 15.0, 1.0, 0.0, 10.0, 5.0, 4.0, 69159], [69161, 1.0, 0.0, 1.0, 32.0, 1.0, 0.0, 0.0, 1.0, 1.0, 1.0, 0.0, 1.0, 0.0, 3.0, 0.0, 0.0, 0.0, 0.0, 12.0, 6.0, 4.0, 69161], [69162, 1.0, 1.0, 1.0, 28.0, 1.0, 1.0, 1.0, 0.0, 1.0, 0.0, 0.0, 1.0, 0.0, 5.0, 2.0, 6.0, 1.0, 0.0, 11.0, 5.0, 4.0, 69162], [69163, 0.0, 0.0, 1.0, 24.0, 1.0, 0.0, 0.0, 1.0, 0.0, 0.0, 0.0, 1.0, 0.0, 3.0, 0.0, 0.0, 0.0, 1.0, 10.0, 4.0, 7.0, 69163], [69164, 1.0, 0.0, 1.0, 35.0, 0.0, 0.0, 0.0, 1.0, 1.0, 1.0, 0.0, 1.0, 0.0, 3.0, 2.0, 2.0, 1.0, 0.0, 10.0, 6.0, 4.0, 69164], [69165, 1.0, 1.0, 1.0, 29.0, 1.0, 1.0, 1.0, 1.0, 1.0, 0.0, 0.0, 1.0, 0.0, 4.0, 0.0, 20.0, 1.0, 0.0, 10.0, 4.0, 1.0, 69165], [69166, 1.0, 1.0, 1.0, 29.0, 1.0, 0.0, 0.0, 1.0, 0.0, 0.0, 0.0, 1.0, 0.0, 3.0, 0.0, 3.0, 0.0, 1.0, 11.0, 3.0, 5.0, 69166], [69167, 1.0, 0.0, 1.0, 34.0, 0.0, 0.0, 0.0, 1.0, 0.0, 0.0, 0.0, 1.0, 1.0, 4.0, 3.0, 30.0, 1.0, 1.0, 10.0, 5.0, 4.0, 69167], [69168, 1.0, 1.0, 1.0, 32.0, 1.0, 0.0, 0.0, 1.0, 1.0, 1.0, 0.0, 1.0, 0.0, 3.0, 7.0, 2.0, 0.0, 0.0, 13.0, 4.0, 5.0, 69168]]}}","{""predictions"": [1.0, 1.0, 0.0, 1.0, 1.0, 1.0, 1.0, 1.0, 1.0, 1.0]}",1,"{""model_name"":""demo_faddadbfcefc_model_monitor.ws_3551974319838082.diabetes_mo"",""endpoint_name"":""anupriya-malik-databricks-com_ML_AS04_Demo_3b"",""model_version"":""1""}"
null,801b05c5-7946-48f2-bde0-feb9abce5960,2024-09-28,1727528599116,200,5,"{""dataframe_split"": {""index"": [28970, 28971, 28972, 28973, 28974, 28975, 28976, 28977, 28978, 28979], ""columns"": [""index"", ""HighBP"", ""HighChol"", ""CholCheck"", ""BMI"", ""Smoker"", ""Stroke"", ""HeartDiseaseorAttack"", ""PhysActivity"", ""Fruits"", ""Veggies"", ""HvyAlcoholConsump"", ""AnyHealthcare"", ""NoDocbcCost"", ""GenHlth"", ""MentHlth"", ""PhysHlth"", ""DiffWalk"", ""Sex"", ""Age"", ""Education"", ""Income"", ""id""], ""data"": [[69184, 1.0, 1.0, 1.0, 27.0, 1.0, 0.0, 0.0, 1.0, 1.0, 1.0, 0.0, 1.0, 0.0, 3.0, 0.0, 3.0, 0.0, 1.0, 11.0, 6.0, 5.0, 69184], [69185, 0.0, 1.0, 1.0, 24.0, 1.0, 0.0, 0.0, 1.0, 1.0, 1.0, 0.0, 1.0, 0.0, 3.0, 5.0, 0.0, 0.0, 1.0, 10.0, 4.0, 6.0, 69185], [69186, 0.0, 0.0, 1.0, 34.0, 1.0, 0.0, 0.0, 1.0, 0.0, 1.0, 0.0, 1.0, 0.0, 2.0, 0.0, 0.0, 0.0, 1.0, 10.0, 5.0, 6.0, 69186], [69188, 1.0, 1.0, 1.0, 25.0, 1.0, 0.0, 1.0, 1.0, 0.0, 1.0, 0.0, 1.0, 0.0, 5.0, 30.0, 5.0, 1.0, 1.0, 10.0, 5.0, 5.0, 69188], [69189, 1.0, 1.0, 1.0, 33.0, 1.0, 0.0, 1.0, 1.0, 1.0, 1.0, 0.0, 1.0, 0.0, 4.0, 0.0, 0.0, 0.0, 0.0, 10.0, 6.0, 1.0, 69189], [69190, 0.0, 1.0, 1.0, 22.0, 1.0, 0.0, 1.0, 1.0, 1.0, 1.0, 0.0, 1.0, 0.0, 1.0, 0.0, 0.0, 0.0, 1.0, 11.0, 5.0, 7.0, 69190], [69191, 1.0, 1.0, 1.0, 33.0, 0.0, 1.0, 1.0, 0.0, 1.0, 1.0, 0.0, 1.0, 0.0, 4.0, 1.0, 30.0, 1.0, 0.0, 13.0, 4.0, 4.0, 69191], [69192, 0.0, 1.0, 1.0, 26.0, 1.0, 0.0, 0.0, 1.0, 1.0, 1.0, 0.0, 1.0, 0.0, 4.0, 0.0, 0.0, 0.0, 0.0, 12.0, 3.0, 2.0, 69192], [69198, 1.0, 1.0, 1.0, 28.0, 0.0, 0.0, 0.0, 1.0, 0.0, 1.0, 0.0, 1.0, 0.0, 4.0, 0.0, 3.0, 1.0, 0.0, 11.0, 4.0, 5.0, 69198], [69199, 1.0, 1.0, 1.0, 26.0, 0.0, 1.0, 1.0, 0.0, 1.0, 0.0, 0.0, 1.0, 0.0, 2.0, 2.0, 28.0, 1.0, 0.0, 13.0, 4.0, 4.0, 69199]]}}","{""predictions"": [1.0, 0.0, 1.0, 1.0, 0.0, 0.0, 1.0, 1.0, 1.0, 1.0]}",1,"{""model_name"":""demo_faddadbfcefc_model_monitor.ws_3551974319838082.diabetes_mo"",""endpoint_name"":""anupriya-malik-databricks-com_ML_AS04_Demo_3b"",""model_version"":""1""}"
null,7cca73d5-f234-451f-b321-d1a07022b6db,2024-09-28,1727528599208,200,5,"{""dataframe_split"": {""index"": [29000, 29001, 29002, 29003, 29004, 29005, 29006, 29007, 29008, 29009], ""columns"": [""index"", ""HighBP"", ""HighChol"", ""CholCheck"", ""BMI"", ""Smoker"", ""Stroke"", ""HeartDiseaseorAttack"", ""PhysActivity"", ""Fruits"", ""Veggies"", ""HvyAlcoholConsump"", ""AnyHealthcare"", ""NoDocbcCost"", ""GenHlth"", ""MentHlth"", ""PhysHlth"", ""DiffWalk"", ""Sex"", ""Age"", ""Education"", ""Income"", ""id""], ""data"": [[69235, 1.0, 0.0, 1.0, 32.0, 1.0, 0.0, 0.0, 1.0, 1.0, 1.0, 0.0, 1.0, 0.0, 3.0, 0.0, 0.0, 0.0, 0.0, 10.0, 5.0, 7.0, 69235], [69236, 1.0, 0.0, 1.0, 31.0, 0.0, 0.0, 1.0, 1.0, 1.0, 1.0, 0.0, 1.0, 0.0, 3.0, 0.0, 0.0, 0.0, 1.0, 11.0, 6.0, 8.0, 69236], [69239, 1.0, 0.0, 1.0, 42.0, 1.0, 0.0, 0.0, 0.0, 0.0, 0.0, 0.0, 1.0, 0.0, 5.0, 7.0, 20.0, 1.0, 0.0, 10.0, 4.0, 4.0, 69239], [69241, 0.0, 0.0, 1.0, 30.0, 1.0, 0.0, 1.0, 0.0, 0.0, 0.0, 0.0, 1.0, 0.0, 5.0, 0.0, 30.0, 1.0, 0.0, 11.0, 4.0, 2.0, 69241], [69242, 0.0, 0.0, 1.0, 34.0, 1.0, 0.0, 0.0, 1.0, 0.0, 0.0, 0.0, 1.0, 0.0, 3.0, 0.0, 0.0, 0.0, 1.0, 12.0, 4.0, 4.0, 69242], [69243, 1.0, 1.0, 1.0, 33.0, 0.0, 0.0, 0.0, 0.0, 1.0, 0.0, 0.0, 1.0, 0.0, 3.0, 0.0, 5.0, 0.0, 0.0, 11.0, 6.0, 6.0, 69243], [69245, 1.0, 1.0, 1.0, 32.0, 0.0, 1.0, 1.0, 1.0, 1.0, 1.0, 0.0, 1.0, 0.0, 3.0, 0.0, 0.0, 1.0, 0.0, 13.0, 4.0, 3.0, 69245], [69249, 0.0, 1.0, 1.0, 29.0, 0.0, 0.0, 1.0, 0.0, 1.0, 0.0, 0.0, 1.0, 0.0, 5.0, 0.0, 5.0, 1.0, 1.0, 13.0, 4.0, 3.0, 69249], [69251, 1.0, 1.0, 1.0, 38.0, 1.0, 0.0, 0.0, 1.0, 1.0, 1.0, 1.0, 1.0, 0.0, 2.0, 0.0, 0.0, 0.0, 1.0, 10.0, 5.0, 6.0, 69251], [69258, 1.0, 1.0, 1.0, 36.0, 0.0, 0.0, 1.0, 1.0, 1.0, 0.0, 0.0, 1.0, 0.0, 2.0, 3.0, 2.0, 1.0, 1.0, 10.0, 5.0, 3.0, 69258]]}}","{""predictions"": [0.0, 1.0, 1.0, 1.0, 1.0, 0.0, 1.0, 1.0, 0.0, 1.0]}",1,"{""model_name"":""demo_faddadbfcefc_model_monitor.ws_3551974319838082.diabetes_mo"",""endpoint_name"":""anupriya-malik-databricks-com_ML_AS04_Demo_3b"",""model_version"":""1""}"
null,87af574e-f2af-47a9-84f8-7f6b77396ad4,2024-09-28,1727528599238,200,5,"{""dataframe_split"": {""index"": [29010, 29011, 29012, 29013, 29014, 29015, 29016, 29017, 29018, 29019], ""columns"": [""index"", ""HighBP"", ""HighChol"", ""CholCheck"", ""BMI"", ""Smoker"", ""Stroke"", ""HeartDiseaseorAttack"", ""PhysActivity"", ""Fruits"", ""Veggies"", ""HvyAlcoholConsump"", ""AnyHealthcare"", ""NoDocbcCost"", ""GenHlth"", ""MentHlth"", ""PhysHlth"", ""DiffWalk"", ""Sex"", ""Age"", ""Education"", ""Income"", ""id""], ""data"": [[69260, 1.0, 1.0, 1.0, 36.0, 0.0, 1.0, 1.0, 1.0, 1.0, 1.0, 0.0, 1.0, 0.0, 3.0, 0.0, 0.0, 0.0, 1.0, 10.0, 5.0, 5.0, 69260], [69261, 1.0, 1.0, 0.0, 38.0, 1.0, 0.0, 0.0, 0.0, 1.0, 1.0, 0.0, 1.0, 0.0, 4.0, 0.0, 5.0, 0.0, 1.0, 11.0, 4.0, 6.0, 69261], [69264, 1.0, 1.0, 1.0, 31.0, 1.0, 0.0, 0.0, 0.0, 1.0, 1.0, 0.0, 1.0, 0.0, 4.0, 0.0, 0.0, 0.0, 0.0, 11.0, 4.0, 7.0, 69264], [69265, 1.0, 1.0, 1.0, 39.0, 0.0, 0.0, 0.0, 0.0, 0.0, 0.0, 0.0, 1.0, 0.0, 3.0, 0.0, 5.0, 1.0, 0.0, 10.0, 4.0, 1.0, 69265], [69267, 1.0, 1.0, 1.0, 28.0, 1.0, 1.0, 0.0, 0.0, 0.0, 0.0, 0.0, 1.0, 0.0, 5.0, 0.0, 30.0, 1.0, 1.0, 13.0, 3.0, 4.0, 69267], [69269, 1.0, 0.0, 1.0, 34.0, 1.0, 0.0, 0.0, 1.0, 1.0, 1.0, 0.0, 1.0, 0.0, 3.0, 0.0, 0.0, 0.0, 1.0, 10.0, 6.0, 8.0, 69269], [69270, 1.0, 1.0, 1.0, 39.0, 0.0, 0.0, 0.0, 1.0, 1.0, 1.0, 0.0, 1.0, 0.0, 3.0, 10.0, 0.0, 0.0, 0.0, 10.0, 5.0, 4.0, 69270], [69271, 0.0, 1.0, 1.0, 19.0, 1.0, 0.0, 0.0, 1.0, 0.0, 1.0, 0.0, 1.0, 0.0, 3.0, 0.0, 0.0, 0.0, 1.0, 10.0, 2.0, 6.0, 69271], [69272, 0.0, 1.0, 1.0, 31.0, 1.0, 0.0, 0.0, 1.0, 1.0, 1.0, 1.0, 1.0, 0.0, 3.0, 0.0, 0.0, 0.0, 0.0, 10.0, 5.0, 7.0, 69272], [69276, 1.0, 1.0, 1.0, 30.0, 1.0, 0.0, 0.0, 1.0, 1.0, 1.0, 0.0, 1.0, 0.0, 3.0, 0.0, 0.0, 0.0, 0.0, 11.0, 4.0, 6.0, 69276]]}}","{""predictions"": [1.0, 1.0, 1.0, 1.0, 1.0, 1.0, 0.0, 1.0, 0.0, 1.0]}",1,"{""model_name"":""demo_faddadbfcefc_model_monitor.ws_3551974319838082.diabetes_mo"",""endpoint_name"":""anupriya-malik-databricks-com_ML_AS04_Demo_3b"",""model_version"":""1""}"
null,a732b31e-ebf2-442d-8f15-e6fcc42f8d6f,2024-09-28,1727528599267,200,5,"{""dataframe_split"": {""index"": [29020, 29021, 29022, 29023, 29024, 29025, 29026, 29027, 29028, 29029], ""columns"": [""index"", ""HighBP"", ""HighChol"", ""CholCheck"", ""BMI"", ""Smoker"", ""Stroke"", ""HeartDiseaseorAttack"", ""PhysActivity"", ""Fruits"", ""Veggies"", ""HvyAlcoholConsump"", ""AnyHealthcare"", ""NoDocbcCost"", ""GenHlth"", ""MentHlth"", ""PhysHlth"", ""DiffWalk"", ""Sex"", ""Age"", ""Education"", ""Income"", ""id""], ""data"": [[69278, 1.0, 0.0, 1.0, 25.0, 1.0, 0.0, 0.0, 1.0, 1.0, 1.0, 0.0, 1.0, 0.0, 2.0, 0.0, 0.0, 0.0, 1.0, 13.0, 6.0, 8.0, 69278], [69280, 1.0, 1.0, 1.0, 30.0, 1.0, 0.0, 0.0, 1.0, 0.0, 0.0, 0.0, 1.0, 0.0, 2.0, 3.0, 0.0, 0.0, 1.0, 11.0, 6.0, 4.0, 69280], [69281, 1.0, 1.0, 1.0, 31.0, 1.0, 0.0, 1.0, 1.0, 1.0, 1.0, 0.0, 1.0, 1.0, 2.0, 10.0, 0.0, 1.0, 0.0, 10.0, 4.0, 4.0, 69281], [69284, 0.0, 0.0, 1.0, 37.0, 1.0, 0.0, 0.0, 0.0, 1.0, 1.0, 0.0, 1.0, 0.0, 4.0, 4.0, 0.0, 1.0, 0.0, 10.0, 4.0, 7.0, 69284], [69286, 1.0, 1.0, 1.0, 37.0, 0.0, 0.0, 1.0, 1.0, 0.0, 0.0, 0.0, 1.0, 0.0, 4.0, 0.0, 0.0, 1.0, 1.0, 10.0, 5.0, 4.0, 69286], [69287, 1.0, 1.0, 1.0, 31.0, 0.0, 0.0, 0.0, 1.0, 1.0, 0.0, 0.0, 1.0, 0.0, 3.0, 0.0, 0.0, 0.0, 1.0, 10.0, 6.0, 3.0, 69287], [69290, 1.0, 1.0, 1.0, 25.0, 1.0, 0.0, 0.0, 0.0, 0.0, 1.0, 1.0, 1.0, 0.0, 3.0, 5.0, 0.0, 0.0, 1.0, 11.0, 4.0, 5.0, 69290], [69293, 1.0, 0.0, 1.0, 44.0, 1.0, 0.0, 0.0, 1.0, 1.0, 1.0, 0.0, 1.0, 0.0, 2.0, 0.0, 0.0, 0.0, 1.0, 10.0, 4.0, 8.0, 69293], [69298, 0.0, 1.0, 1.0, 30.0, 1.0, 0.0, 0.0, 1.0, 1.0, 1.0, 0.0, 1.0, 0.0, 3.0, 0.0, 0.0, 0.0, 1.0, 13.0, 5.0, 6.0, 69298], [69300, 1.0, 0.0, 1.0, 35.0, 1.0, 0.0, 0.0, 1.0, 1.0, 1.0, 1.0, 1.0, 0.0, 2.0, 5.0, 30.0, 0.0, 0.0, 10.0, 6.0, 7.0, 69300]]}}","{""predictions"": [1.0, 0.0, 0.0, 1.0, 1.0, 1.0, 1.0, 0.0, 0.0, 1.0]}",1,"{""model_name"":""demo_faddadbfcefc_model_monitor.ws_3551974319838082.diabetes_mo"",""endpoint_name"":""anupriya-malik-databricks-com_ML_AS04_Demo_3b"",""model_version"":""1""}"
null,22bd6c61-a0b3-496a-a65e-08103c91b9a4,2024-09-28,1727528599659,200,5,"{""dataframe_split"": {""index"": [29150, 29151, 29152, 29153, 29154, 29155, 29156, 29157, 29158, 29159], ""columns"": [""index"", ""HighBP"", ""HighChol"", ""CholCheck"", ""BMI"", ""Smoker"", ""Stroke"", ""HeartDiseaseorAttack"", ""PhysActivity"", ""Fruits"", ""Veggies"", ""HvyAlcoholConsump"", ""AnyHealthcare"", ""NoDocbcCost"", ""GenHlth"", ""MentHlth"", ""PhysHlth"", ""DiffWalk"", ""Sex"", ""Age"", ""Education"", ""Income"", ""id""], ""data"": [[69531, 1.0, 1.0, 1.0, 24.0, 1.0, 0.0, 0.0, 1.0, 1.0, 1.0, 0.0, 1.0, 0.0, 5.0, 1.0, 30.0, 1.0, 0.0, 13.0, 5.0, 6.0, 69531], [69532, 0.0, 1.0, 1.0, 23.0, 0.0, 0.0, 1.0, 1.0, 1.0, 1.0, 0.0, 1.0, 0.0, 2.0, 0.0, 0.0, 0.0, 1.0, 13.0, 4.0, 5.0, 69532], [69533, 1.0, 1.0, 1.0, 23.0, 1.0, 0.0, 1.0, 0.0, 1.0, 1.0, 0.0, 1.0, 0.0, 4.0, 0.0, 3.0, 0.0, 1.0, 13.0, 3.0, 4.0, 69533], [69534, 1.0, 0.0, 1.0, 26.0, 1.0, 0.0, 0.0, 0.0, 0.0, 1.0, 0.0, 1.0, 0.0, 3.0, 0.0, 0.0, 0.0, 1.0, 11.0, 4.0, 6.0, 69534], [69535, 0.0, 1.0, 1.0, 38.0, 0.0, 0.0, 0.0, 1.0, 1.0, 1.0, 0.0, 1.0, 0.0, 2.0, 0.0, 15.0, 0.0, 0.0, 10.0, 5.0, 8.0, 69535], [69537, 1.0, 1.0, 1.0, 27.0, 1.0, 0.0, 1.0, 1.0, 1.0, 1.0, 0.0, 1.0, 0.0, 3.0, 20.0, 8.0, 0.0, 0.0, 10.0, 5.0, 5.0, 69537], [69538, 1.0, 1.0, 1.0, 27.0, 0.0, 0.0, 0.0, 0.0, 1.0, 1.0, 0.0, 1.0, 0.0, 4.0, 0.0, 30.0, 1.0, 0.0, 12.0, 4.0, 5.0, 69538], [69539, 0.0, 0.0, 1.0, 32.0, 0.0, 0.0, 0.0, 1.0, 1.0, 1.0, 0.0, 1.0, 0.0, 2.0, 0.0, 0.0, 0.0, 0.0, 11.0, 5.0, 6.0, 69539], [69540, 0.0, 1.0, 1.0, 24.0, 0.0, 0.0, 0.0, 0.0, 1.0, 1.0, 0.0, 1.0, 1.0, 4.0, 0.0, 0.0, 0.0, 1.0, 10.0, 4.0, 5.0, 69540], [69543, 1.0, 1.0, 1.0, 23.0, 1.0, 0.0, 0.0, 0.0, 0.0, 0.0, 0.0, 1.0, 0.0, 5.0, 30.0, 30.0, 1.0, 0.0, 10.0, 5.0, 2.0, 69543]]}}","{""predictions"": [1.0, 1.0, 1.0, 1.0, 1.0, 1.0, 0.0, 0.0, 0.0, 0.0]}",1,"{""model_name"":""demo_faddadbfcefc_model_monitor.ws_3551974319838082.diabetes_mo"",""endpoint_name"":""anupriya-malik-databricks-com_ML_AS04_Demo_3b"",""model_version"":""1""}"
null,865f3119-0bf2-490b-ab7f-66714abf1609,2024-09-28,1727528599929,200,5,"{""dataframe_split"": {""index"": [29240, 29241, 29242, 29243, 29244, 29245, 29246, 29247, 29248, 29249], ""columns"": [""index"", ""HighBP"", ""HighChol"", ""CholCheck"", ""BMI"", ""Smoker"", ""Stroke"", ""HeartDiseaseorAttack"", ""PhysActivity"", ""Fruits"", ""Veggies"", ""HvyAlcoholConsump"", ""AnyHealthcare"", ""NoDocbcCost"", ""GenHlth"", ""MentHlth"", ""PhysHlth"", ""DiffWalk"", ""Sex"", ""Age"", ""Education"", ""Income"", ""id""], ""data"": [[69688, 1.0, 1.0, 1.0, 23.0, 1.0, 0.0, 0.0, 1.0, 1.0, 0.0, 0.0, 1.0, 0.0, 1.0, 0.0, 0.0, 0.0, 0.0, 12.0, 5.0, 7.0, 69688], [69689, 1.0, 1.0, 1.0, 28.0, 0.0, 0.0, 0.0, 1.0, 1.0, 1.0, 0.0, 1.0, 0.0, 3.0, 0.0, 3.0, 0.0, 0.0, 11.0, 6.0, 8.0, 69689], [69690, 1.0, 1.0, 1.0, 34.0, 0.0, 0.0, 1.0, 1.0, 0.0, 1.0, 0.0, 1.0, 0.0, 4.0, 15.0, 15.0, 0.0, 1.0, 11.0, 4.0, 5.0, 69690], [69691, 1.0, 1.0, 1.0, 39.0, 1.0, 1.0, 0.0, 0.0, 0.0, 1.0, 0.0, 1.0, 0.0, 4.0, 0.0, 30.0, 1.0, 0.0, 12.0, 6.0, 3.0, 69691], [69692, 0.0, 0.0, 1.0, 37.0, 0.0, 0.0, 0.0, 0.0, 1.0, 1.0, 0.0, 1.0, 0.0, 2.0, 0.0, 0.0, 0.0, 1.0, 10.0, 6.0, 6.0, 69692], [69694, 1.0, 1.0, 1.0, 33.0, 0.0, 0.0, 0.0, 1.0, 0.0, 0.0, 0.0, 1.0, 0.0, 3.0, 0.0, 0.0, 0.0, 1.0, 11.0, 6.0, 7.0, 69694], [69695, 1.0, 0.0, 1.0, 30.0, 1.0, 0.0, 0.0, 0.0, 0.0, 0.0, 0.0, 1.0, 0.0, 3.0, 20.0, 0.0, 1.0, 1.0, 12.0, 4.0, 5.0, 69695], [69696, 1.0, 0.0, 1.0, 35.0, 1.0, 0.0, 0.0, 0.0, 0.0, 0.0, 0.0, 1.0, 0.0, 3.0, 0.0, 0.0, 1.0, 1.0, 10.0, 5.0, 7.0, 69696], [69697, 1.0, 1.0, 1.0, 28.0, 0.0, 0.0, 0.0, 1.0, 0.0, 1.0, 0.0, 1.0, 0.0, 3.0, 0.0, 0.0, 0.0, 1.0, 11.0, 6.0, 8.0, 69697], [69699, 1.0, 1.0, 1.0, 28.0, 0.0, 0.0, 0.0, 1.0, 0.0, 1.0, 0.0, 1.0, 0.0, 3.0, 0.0, 5.0, 0.0, 1.0, 13.0, 6.0, 8.0, 69699]]}}","{""predictions"": [0.0, 1.0, 1.0, 1.0, 0.0, 0.0, 1.0, 1.0, 1.0, 0.0]}",1,"{""model_name"":""demo_faddadbfcefc_model_monitor.ws_3551974319838082.diabetes_mo"",""endpoint_name"":""anupriya-malik-databricks-com_ML_AS04_Demo_3b"",""model_version"":""1""}"
null,cc707c9a-288a-4f64-ac09-469c676486ad,2024-09-28,1727528600105,200,5,"{""dataframe_split"": {""index"": [29300, 29301, 29302, 29303, 29304, 29305, 29306, 29307, 29308, 29309], ""columns"": [""index"", ""HighBP"", ""HighChol"", ""CholCheck"", ""BMI"", ""Smoker"", ""Stroke"", ""HeartDiseaseorAttack"", ""PhysActivity"", ""Fruits"", ""Veggies"", ""HvyAlcoholConsump"", ""AnyHealthcare"", ""NoDocbcCost"", ""GenHlth"", ""MentHlth"", ""PhysHlth"", ""DiffWalk"", ""Sex"", ""Age"", ""Education"", ""Income"", ""id""], ""data"": [[69793, 1.0, 0.0, 1.0, 27.0, 0.0, 0.0, 0.0, 1.0, 0.0, 1.0, 0.0, 1.0, 0.0, 2.0, 0.0, 0.0, 0.0, 1.0, 11.0, 6.0, 7.0, 69793], [69795, 1.0, 1.0, 1.0, 27.0, 1.0, 0.0, 1.0, 1.0, 1.0, 1.0, 0.0, 1.0, 0.0, 1.0, 30.0, 2.0, 0.0, 1.0, 12.0, 5.0, 5.0, 69795], [69796, 0.0, 0.0, 1.0, 33.0, 0.0, 0.0, 0.0, 0.0, 0.0, 0.0, 0.0, 1.0, 0.0, 4.0, 0.0, 10.0, 1.0, 1.0, 11.0, 5.0, 4.0, 69796], [69797, 1.0, 1.0, 1.0, 28.0, 0.0, 0.0, 0.0, 1.0, 1.0, 1.0, 0.0, 1.0, 1.0, 4.0, 0.0, 15.0, 1.0, 1.0, 11.0, 5.0, 4.0, 69797], [69803, 1.0, 1.0, 1.0, 27.0, 1.0, 0.0, 0.0, 0.0, 1.0, 1.0, 0.0, 1.0, 0.0, 3.0, 30.0, 5.0, 1.0, 0.0, 10.0, 4.0, 2.0, 69803], [69805, 0.0, 1.0, 1.0, 29.0, 0.0, 0.0, 1.0, 1.0, 1.0, 1.0, 0.0, 1.0, 0.0, 2.0, 0.0, 0.0, 0.0, 1.0, 13.0, 6.0, 8.0, 69805], [69806, 0.0, 0.0, 1.0, 33.0, 0.0, 0.0, 0.0, 1.0, 0.0, 1.0, 1.0, 1.0, 0.0, 3.0, 0.0, 30.0, 1.0, 1.0, 11.0, 5.0, 4.0, 69806], [69808, 0.0, 0.0, 1.0, 21.0, 0.0, 0.0, 0.0, 1.0, 0.0, 0.0, 0.0, 1.0, 0.0, 3.0, 0.0, 0.0, 0.0, 0.0, 13.0, 5.0, 6.0, 69808], [69811, 1.0, 1.0, 1.0, 37.0, 1.0, 0.0, 1.0, 0.0, 1.0, 1.0, 0.0, 1.0, 0.0, 5.0, 25.0, 30.0, 1.0, 1.0, 10.0, 4.0, 1.0, 69811], [69812, 1.0, 1.0, 1.0, 33.0, 1.0, 1.0, 1.0, 0.0, 0.0, 1.0, 0.0, 1.0, 0.0, 3.0, 0.0, 30.0, 1.0, 1.0, 11.0, 5.0, 3.0, 69812]]}}","{""predictions"": [0.0, 1.0, 1.0, 1.0, 1.0, 1.0, 0.0, 0.0, 0.0, 1.0]}",1,"{""model_name"":""demo_faddadbfcefc_model_monitor.ws_3551974319838082.diabetes_mo"",""endpoint_name"":""anupriya-malik-databricks-com_ML_AS04_Demo_3b"",""model_version"":""1""}"
null,6dec7113-0cff-42c0-9d5e-a2ec07f5d125,2024-09-28,1727528600136,200,5,"{""dataframe_split"": {""index"": [29310, 29311, 29312, 29313, 29314, 29315, 29316, 29317, 29318, 29319], ""columns"": [""index"", ""HighBP"", ""HighChol"", ""CholCheck"", ""BMI"", ""Smoker"", ""Stroke"", ""HeartDiseaseorAttack"", ""PhysActivity"", ""Fruits"", ""Veggies"", ""HvyAlcoholConsump"", ""AnyHealthcare"", ""NoDocbcCost"", ""GenHlth"", ""MentHlth"", ""PhysHlth"", ""DiffWalk"", ""Sex"", ""Age"", ""Education"", ""Income"", ""id""], ""data"": [[69813, 0.0, 1.0, 1.0, 27.0, 0.0, 0.0, 0.0, 1.0, 0.0, 1.0, 0.0, 1.0, 1.0, 3.0, 0.0, 0.0, 0.0, 0.0, 10.0, 5.0, 7.0, 69813], [69821, 1.0, 1.0, 1.0, 35.0, 0.0, 1.0, 0.0, 0.0, 1.0, 1.0, 0.0, 1.0, 0.0, 3.0, 0.0, 2.0, 1.0, 0.0, 12.0, 5.0, 5.0, 69821], [69822, 0.0, 0.0, 1.0, 27.0, 0.0, 0.0, 1.0, 0.0, 1.0, 0.0, 0.0, 0.0, 0.0, 4.0, 30.0, 30.0, 1.0, 1.0, 10.0, 4.0, 3.0, 69822], [69823, 1.0, 0.0, 1.0, 31.0, 1.0, 1.0, 1.0, 1.0, 1.0, 0.0, 0.0, 1.0, 0.0, 3.0, 20.0, 0.0, 1.0, 1.0, 11.0, 3.0, 6.0, 69823], [69824, 1.0, 1.0, 1.0, 27.0, 0.0, 0.0, 0.0, 0.0, 1.0, 1.0, 0.0, 1.0, 0.0, 3.0, 0.0, 2.0, 0.0, 1.0, 11.0, 3.0, 7.0, 69824], [69833, 1.0, 0.0, 1.0, 23.0, 1.0, 0.0, 0.0, 1.0, 1.0, 1.0, 0.0, 1.0, 0.0, 3.0, 0.0, 0.0, 1.0, 0.0, 10.0, 6.0, 7.0, 69833], [69836, 0.0, 1.0, 1.0, 26.0, 0.0, 0.0, 0.0, 1.0, 0.0, 0.0, 0.0, 1.0, 0.0, 1.0, 0.0, 0.0, 0.0, 1.0, 12.0, 6.0, 5.0, 69836], [69841, 0.0, 0.0, 1.0, 19.0, 0.0, 0.0, 0.0, 1.0, 1.0, 1.0, 0.0, 1.0, 0.0, 1.0, 0.0, 0.0, 0.0, 1.0, 13.0, 6.0, 6.0, 69841], [69843, 1.0, 0.0, 1.0, 28.0, 0.0, 1.0, 1.0, 0.0, 0.0, 0.0, 0.0, 1.0, 1.0, 5.0, 0.0, 15.0, 1.0, 0.0, 10.0, 6.0, 3.0, 69843], [69848, 0.0, 0.0, 1.0, 28.0, 0.0, 0.0, 0.0, 1.0, 1.0, 1.0, 0.0, 1.0, 0.0, 5.0, 2.0, 30.0, 1.0, 0.0, 12.0, 3.0, 2.0, 69848]]}}","{""predictions"": [0.0, 1.0, 1.0, 1.0, 0.0, 1.0, 1.0, 0.0, 0.0, 0.0]}",1,"{""model_name"":""demo_faddadbfcefc_model_monitor.ws_3551974319838082.diabetes_mo"",""endpoint_name"":""anupriya-malik-databricks-com_ML_AS04_Demo_3b"",""model_version"":""1""}"
null,d51aa93d-07ca-483f-a745-685b5a0d3209,2024-09-28,1727528600254,200,5,"{""dataframe_split"": {""index"": [29350, 29351, 29352, 29353, 29354, 29355, 29356, 29357, 29358, 29359], ""columns"": [""index"", ""HighBP"", ""HighChol"", ""CholCheck"", ""BMI"", ""Smoker"", ""Stroke"", ""HeartDiseaseorAttack"", ""PhysActivity"", ""Fruits"", ""Veggies"", ""HvyAlcoholConsump"", ""AnyHealthcare"", ""NoDocbcCost"", ""GenHlth"", ""MentHlth"", ""PhysHlth"", ""DiffWalk"", ""Sex"", ""Age"", ""Education"", ""Income"", ""id""], ""data"": [[69930, 1.0, 1.0, 1.0, 22.0, 1.0, 1.0, 1.0, 1.0, 0.0, 1.0, 0.0, 1.0, 0.0, 4.0, 0.0, 0.0, 1.0, 0.0, 13.0, 5.0, 3.0, 69930], [69935, 1.0, 1.0, 1.0, 24.0, 0.0, 0.0, 0.0, 0.0, 0.0, 1.0, 0.0, 1.0, 1.0, 5.0, 30.0, 30.0, 1.0, 1.0, 12.0, 4.0, 3.0, 69935], [69937, 0.0, 0.0, 1.0, 46.0, 0.0, 0.0, 0.0, 0.0, 1.0, 1.0, 0.0, 1.0, 0.0, 4.0, 2.0, 20.0, 1.0, 0.0, 10.0, 6.0, 8.0, 69937], [69939, 1.0, 1.0, 1.0, 27.0, 1.0, 0.0, 0.0, 1.0, 1.0, 1.0, 0.0, 1.0, 0.0, 3.0, 0.0, 0.0, 0.0, 1.0, 12.0, 6.0, 8.0, 69939], [69940, 0.0, 1.0, 1.0, 28.0, 1.0, 0.0, 0.0, 1.0, 1.0, 1.0, 0.0, 1.0, 0.0, 3.0, 0.0, 0.0, 0.0, 1.0, 10.0, 5.0, 7.0, 69940], [69947, 0.0, 1.0, 1.0, 27.0, 0.0, 1.0, 0.0, 1.0, 1.0, 1.0, 0.0, 1.0, 0.0, 3.0, 0.0, 0.0, 0.0, 1.0, 12.0, 5.0, 7.0, 69947], [69950, 1.0, 1.0, 1.0, 25.0, 0.0, 0.0, 0.0, 1.0, 1.0, 0.0, 0.0, 1.0, 0.0, 4.0, 0.0, 7.0, 1.0, 0.0, 10.0, 5.0, 5.0, 69950], [69959, 0.0, 1.0, 1.0, 42.0, 0.0, 0.0, 0.0, 0.0, 0.0, 1.0, 0.0, 1.0, 0.0, 3.0, 0.0, 10.0, 1.0, 0.0, 10.0, 5.0, 5.0, 69959], [69975, 1.0, 1.0, 1.0, 23.0, 0.0, 0.0, 0.0, 0.0, 0.0, 1.0, 0.0, 1.0, 1.0, 4.0, 0.0, 5.0, 0.0, 0.0, 10.0, 5.0, 5.0, 69975], [69978, 1.0, 1.0, 1.0, 25.0, 1.0, 0.0, 0.0, 1.0, 0.0, 1.0, 0.0, 1.0, 0.0, 5.0, 0.0, 30.0, 0.0, 1.0, 10.0, 5.0, 1.0, 69978]]}}","{""predictions"": [1.0, 1.0, 1.0, 1.0, 1.0, 0.0, 0.0, 1.0, 0.0, 0.0]}",1,"{""model_name"":""demo_faddadbfcefc_model_monitor.ws_3551974319838082.diabetes_mo"",""endpoint_name"":""anupriya-malik-databricks-com_ML_AS04_Demo_3b"",""model_version"":""1""}"
null,8bcfd926-49c7-4f90-84fb-a726497f86c4,2024-09-28,1727528600284,200,5,"{""dataframe_split"": {""index"": [29360, 29361, 29362, 29363, 29364, 29365, 29366, 29367, 29368, 29369], ""columns"": [""index"", ""HighBP"", ""HighChol"", ""CholCheck"", ""BMI"", ""Smoker"", ""Stroke"", ""HeartDiseaseorAttack"", ""PhysActivity"", ""Fruits"", ""Veggies"", ""HvyAlcoholConsump"", ""AnyHealthcare"", ""NoDocbcCost"", ""GenHlth"", ""MentHlth"", ""PhysHlth"", ""DiffWalk"", ""Sex"", ""Age"", ""Education"", ""Income"", ""id""], ""data"": [[69981, 0.0, 1.0, 1.0, 30.0, 0.0, 0.0, 0.0, 0.0, 1.0, 1.0, 0.0, 1.0, 0.0, 3.0, 0.0, 4.0, 1.0, 0.0, 10.0, 4.0, 6.0, 69981], [69982, 0.0, 0.0, 1.0, 26.0, 1.0, 0.0, 0.0, 0.0, 1.0, 1.0, 0.0, 1.0, 0.0, 3.0, 0.0, 30.0, 1.0, 0.0, 10.0, 6.0, 4.0, 69982], [69983, 1.0, 1.0, 1.0, 27.0, 0.0, 0.0, 0.0, 1.0, 1.0, 1.0, 0.0, 1.0, 0.0, 4.0, 0.0, 0.0, 1.0, 0.0, 13.0, 4.0, 2.0, 69983], [69986, 1.0, 0.0, 1.0, 35.0, 0.0, 0.0, 1.0, 0.0, 1.0, 1.0, 0.0, 1.0, 0.0, 3.0, 0.0, 30.0, 0.0, 0.0, 11.0, 5.0, 2.0, 69986], [69988, 1.0, 0.0, 1.0, 25.0, 1.0, 1.0, 0.0, 1.0, 1.0, 1.0, 0.0, 1.0, 0.0, 3.0, 30.0, 0.0, 1.0, 1.0, 10.0, 6.0, 4.0, 69988], [69989, 1.0, 0.0, 1.0, 31.0, 0.0, 0.0, 0.0, 0.0, 1.0, 1.0, 0.0, 1.0, 0.0, 5.0, 0.0, 30.0, 1.0, 0.0, 12.0, 6.0, 3.0, 69989], [69990, 1.0, 1.0, 1.0, 29.0, 0.0, 0.0, 0.0, 1.0, 1.0, 1.0, 0.0, 1.0, 0.0, 4.0, 0.0, 0.0, 1.0, 1.0, 10.0, 3.0, 1.0, 69990], [69992, 1.0, 1.0, 1.0, 31.0, 0.0, 0.0, 0.0, 0.0, 1.0, 0.0, 0.0, 1.0, 0.0, 4.0, 0.0, 30.0, 0.0, 0.0, 10.0, 2.0, 1.0, 69992], [69993, 1.0, 1.0, 1.0, 26.0, 0.0, 0.0, 0.0, 1.0, 0.0, 1.0, 0.0, 1.0, 0.0, 3.0, 0.0, 0.0, 0.0, 0.0, 11.0, 4.0, 4.0, 69993], [69994, 1.0, 0.0, 1.0, 27.0, 1.0, 1.0, 1.0, 1.0, 1.0, 1.0, 0.0, 1.0, 0.0, 4.0, 0.0, 30.0, 1.0, 1.0, 13.0, 5.0, 5.0, 69994]]}}","{""predictions"": [0.0, 0.0, 1.0, 0.0, 1.0, 0.0, 1.0, 1.0, 1.0, 1.0]}",1,"{""model_name"":""demo_faddadbfcefc_model_monitor.ws_3551974319838082.diabetes_mo"",""endpoint_name"":""anupriya-malik-databricks-com_ML_AS04_Demo_3b"",""model_version"":""1""}"
null,d565b213-0551-4728-995e-b8ba995c43ed,2024-09-28,1727528600347,200,5,"{""dataframe_split"": {""index"": [29380, 29381, 29382, 29383, 29384, 29385, 29386, 29387, 29388, 29389], ""columns"": [""index"", ""HighBP"", ""HighChol"", ""CholCheck"", ""BMI"", ""Smoker"", ""Stroke"", ""HeartDiseaseorAttack"", ""PhysActivity"", ""Fruits"", ""Veggies"", ""HvyAlcoholConsump"", ""AnyHealthcare"", ""NoDocbcCost"", ""GenHlth"", ""MentHlth"", ""PhysHlth"", ""DiffWalk"", ""Sex"", ""Age"", ""Education"", ""Income"", ""id""], ""data"": [[70011, 1.0, 0.0, 1.0, 23.0, 1.0, 0.0, 0.0, 1.0, 1.0, 1.0, 0.0, 1.0, 0.0, 1.0, 0.0, 0.0, 0.0, 0.0, 11.0, 5.0, 7.0, 70011], [70012, 1.0, 1.0, 1.0, 26.0, 0.0, 0.0, 0.0, 1.0, 1.0, 0.0, 0.0, 1.0, 0.0, 4.0, 8.0, 0.0, 0.0, 0.0, 10.0, 2.0, 2.0, 70012], [70013, 0.0, 0.0, 1.0, 30.0, 0.0, 0.0, 0.0, 0.0, 1.0, 0.0, 0.0, 1.0, 0.0, 3.0, 0.0, 0.0, 0.0, 0.0, 11.0, 3.0, 1.0, 70013], [70014, 1.0, 0.0, 1.0, 32.0, 1.0, 0.0, 1.0, 0.0, 1.0, 0.0, 0.0, 1.0, 0.0, 4.0, 30.0, 30.0, 1.0, 1.0, 13.0, 6.0, 6.0, 70014], [70015, 0.0, 0.0, 1.0, 26.0, 0.0, 0.0, 0.0, 0.0, 1.0, 0.0, 0.0, 0.0, 0.0, 4.0, 0.0, 0.0, 1.0, 0.0, 12.0, 5.0, 2.0, 70015], [70016, 0.0, 0.0, 1.0, 27.0, 0.0, 0.0, 0.0, 0.0, 0.0, 1.0, 0.0, 1.0, 0.0, 4.0, 0.0, 0.0, 1.0, 0.0, 13.0, 5.0, 2.0, 70016], [70017, 0.0, 0.0, 1.0, 24.0, 0.0, 0.0, 0.0, 1.0, 0.0, 1.0, 0.0, 1.0, 0.0, 3.0, 0.0, 0.0, 0.0, 0.0, 13.0, 4.0, 4.0, 70017], [70018, 1.0, 1.0, 1.0, 32.0, 1.0, 0.0, 1.0, 0.0, 1.0, 1.0, 0.0, 1.0, 0.0, 4.0, 21.0, 15.0, 0.0, 0.0, 10.0, 4.0, 2.0, 70018], [70019, 1.0, 0.0, 1.0, 24.0, 0.0, 0.0, 0.0, 0.0, 1.0, 1.0, 0.0, 1.0, 0.0, 4.0, 0.0, 0.0, 1.0, 0.0, 13.0, 3.0, 2.0, 70019], [70020, 1.0, 0.0, 1.0, 33.0, 0.0, 0.0, 0.0, 0.0, 0.0, 0.0, 0.0, 1.0, 0.0, 3.0, 0.0, 3.0, 0.0, 1.0, 10.0, 6.0, 6.0, 70020]]}}","{""predictions"": [0.0, 1.0, 1.0, 0.0, 1.0, 1.0, 0.0, 1.0, 1.0, 0.0]}",1,"{""model_name"":""demo_faddadbfcefc_model_monitor.ws_3551974319838082.diabetes_mo"",""endpoint_name"":""anupriya-malik-databricks-com_ML_AS04_Demo_3b"",""model_version"":""1""}"
null,3319e851-f2d2-4c90-87a9-f6aeebc97a36,2024-09-28,1727528600375,200,5,"{""dataframe_split"": {""index"": [29390, 29391, 29392, 29393, 29394, 29395, 29396, 29397, 29398, 29399], ""columns"": [""index"", ""HighBP"", ""HighChol"", ""CholCheck"", ""BMI"", ""Smoker"", ""Stroke"", ""HeartDiseaseorAttack"", ""PhysActivity"", ""Fruits"", ""Veggies"", ""HvyAlcoholConsump"", ""AnyHealthcare"", ""NoDocbcCost"", ""GenHlth"", ""MentHlth"", ""PhysHlth"", ""DiffWalk"", ""Sex"", ""Age"", ""Education"", ""Income"", ""id""], ""data"": [[70021, 0.0, 1.0, 1.0, 33.0, 0.0, 0.0, 0.0, 1.0, 0.0, 0.0, 0.0, 1.0, 1.0, 3.0, 7.0, 7.0, 1.0, 1.0, 10.0, 6.0, 3.0, 70021], [70023, 1.0, 0.0, 1.0, 27.0, 1.0, 1.0, 1.0, 1.0, 0.0, 1.0, 0.0, 1.0, 1.0, 4.0, 0.0, 0.0, 0.0, 1.0, 10.0, 4.0, 4.0, 70023], [70024, 1.0, 1.0, 1.0, 27.0, 0.0, 0.0, 0.0, 1.0, 0.0, 1.0, 0.0, 1.0, 0.0, 3.0, 0.0, 0.0, 0.0, 0.0, 11.0, 5.0, 5.0, 70024], [70026, 1.0, 1.0, 1.0, 24.0, 0.0, 0.0, 1.0, 1.0, 1.0, 1.0, 0.0, 1.0, 1.0, 4.0, 0.0, 14.0, 1.0, 1.0, 11.0, 5.0, 4.0, 70026], [70027, 1.0, 0.0, 1.0, 30.0, 1.0, 0.0, 0.0, 0.0, 1.0, 1.0, 0.0, 1.0, 0.0, 4.0, 15.0, 30.0, 0.0, 0.0, 12.0, 4.0, 4.0, 70027], [70028, 1.0, 1.0, 1.0, 31.0, 1.0, 0.0, 1.0, 1.0, 1.0, 1.0, 0.0, 1.0, 0.0, 4.0, 0.0, 3.0, 0.0, 1.0, 12.0, 2.0, 1.0, 70028], [70029, 0.0, 1.0, 1.0, 25.0, 0.0, 0.0, 1.0, 0.0, 0.0, 0.0, 0.0, 1.0, 0.0, 5.0, 14.0, 30.0, 1.0, 0.0, 11.0, 2.0, 2.0, 70029], [70033, 0.0, 1.0, 1.0, 35.0, 0.0, 0.0, 0.0, 0.0, 1.0, 0.0, 0.0, 1.0, 0.0, 4.0, 0.0, 14.0, 1.0, 0.0, 10.0, 4.0, 1.0, 70033], [70034, 0.0, 1.0, 1.0, 26.0, 0.0, 0.0, 0.0, 1.0, 0.0, 1.0, 0.0, 1.0, 0.0, 3.0, 0.0, 0.0, 0.0, 1.0, 10.0, 4.0, 2.0, 70034], [70035, 1.0, 0.0, 1.0, 24.0, 0.0, 0.0, 0.0, 1.0, 1.0, 1.0, 0.0, 1.0, 0.0, 4.0, 0.0, 0.0, 0.0, 1.0, 10.0, 3.0, 2.0, 70035]]}}","{""predictions"": [0.0, 1.0, 1.0, 1.0, 1.0, 1.0, 0.0, 1.0, 0.0, 1.0]}",1,"{""model_name"":""demo_faddadbfcefc_model_monitor.ws_3551974319838082.diabetes_mo"",""endpoint_name"":""anupriya-malik-databricks-com_ML_AS04_Demo_3b"",""model_version"":""1""}"
null,7647e8c4-f9f0-47a9-920d-898cf20d5a84,2024-09-28,1727528600448,200,50,"{""dataframe_split"": {""index"": [29400, 29401, 29402, 29403, 29404, 29405, 29406, 29407, 29408, 29409], ""columns"": [""index"", ""HighBP"", ""HighChol"", ""CholCheck"", ""BMI"", ""Smoker"", ""Stroke"", ""HeartDiseaseorAttack"", ""PhysActivity"", ""Fruits"", ""Veggies"", ""HvyAlcoholConsump"", ""AnyHealthcare"", ""NoDocbcCost"", ""GenHlth"", ""MentHlth"", ""PhysHlth"", ""DiffWalk"", ""Sex"", ""Age"", ""Education"", ""Income"", ""id""], ""data"": [[70036, 1.0, 1.0, 1.0, 28.0, 1.0, 0.0, 0.0, 0.0, 1.0, 0.0, 0.0, 1.0, 0.0, 4.0, 0.0, 0.0, 0.0, 0.0, 11.0, 2.0, 1.0, 70036], [70037, 1.0, 0.0, 1.0, 23.0, 0.0, 0.0, 0.0, 1.0, 1.0, 1.0, 0.0, 1.0, 0.0, 4.0, 0.0, 10.0, 0.0, 0.0, 11.0, 4.0, 1.0, 70037], [70041, 0.0, 1.0, 1.0, 25.0, 0.0, 0.0, 0.0, 1.0, 0.0, 1.0, 0.0, 1.0, 1.0, 4.0, 0.0, 0.0, 1.0, 1.0, 11.0, 4.0, 2.0, 70041], [70043, 1.0, 1.0, 1.0, 25.0, 0.0, 0.0, 0.0, 1.0, 0.0, 1.0, 0.0, 1.0, 0.0, 4.0, 0.0, 30.0, 0.0, 0.0, 11.0, 5.0, 3.0, 70043], [70044, 1.0, 1.0, 1.0, 28.0, 0.0, 1.0, 0.0, 0.0, 1.0, 0.0, 0.0, 1.0, 1.0, 5.0, 30.0, 30.0, 1.0, 0.0, 11.0, 6.0, 1.0, 70044], [70045, 1.0, 0.0, 1.0, 21.0, 0.0, 0.0, 0.0, 0.0, 0.0, 0.0, 0.0, 1.0, 0.0, 4.0, 0.0, 0.0, 1.0, 0.0, 13.0, 2.0, 1.0, 70045], [70048, 1.0, 1.0, 1.0, 31.0, 0.0, 0.0, 0.0, 1.0, 1.0, 1.0, 0.0, 1.0, 0.0, 4.0, 30.0, 3.0, 1.0, 0.0, 11.0, 2.0, 1.0, 70048], [70049, 0.0, 1.0, 1.0, 28.0, 0.0, 0.0, 0.0, 1.0, 1.0, 1.0, 0.0, 1.0, 0.0, 4.0, 0.0, 30.0, 0.0, 0.0, 10.0, 2.0, 3.0, 70049], [70051, 1.0, 0.0, 1.0, 22.0, 1.0, 0.0, 0.0, 0.0, 1.0, 1.0, 0.0, 1.0, 0.0, 4.0, 30.0, 0.0, 1.0, 0.0, 11.0, 2.0, 1.0, 70051], [70052, 1.0, 1.0, 1.0, 31.0, 0.0, 0.0, 0.0, 0.0, 0.0, 1.0, 0.0, 1.0, 1.0, 4.0, 0.0, 25.0, 1.0, 0.0, 11.0, 4.0, 1.0, 70052]]}}","{""predictions"": [1.0, 1.0, 1.0, 0.0, 0.0, 1.0, 1.0, 1.0, 1.0, 1.0]}",1,"{""model_name"":""demo_faddadbfcefc_model_monitor.ws_3551974319838082.diabetes_mo"",""endpoint_name"":""anupriya-malik-databricks-com_ML_AS04_Demo_3b"",""model_version"":""1""}"
null,0d9f7155-f38c-425e-be03-cd4e771782a2,2024-09-28,1727528600478,200,5,"{""dataframe_split"": {""index"": [29410, 29411, 29412, 29413, 29414, 29415, 29416, 29417, 29418, 29419], ""columns"": [""index"", ""HighBP"", ""HighChol"", ""CholCheck"", ""BMI"", ""Smoker"", ""Stroke"", ""HeartDiseaseorAttack"", ""PhysActivity"", ""Fruits"", ""Veggies"", ""HvyAlcoholConsump"", ""AnyHealthcare"", ""NoDocbcCost"", ""GenHlth"", ""MentHlth"", ""PhysHlth"", ""DiffWalk"", ""Sex"", ""Age"", ""Education"", ""Income"", ""id""], ""data"": [[70053, 1.0, 1.0, 1.0, 21.0, 1.0, 1.0, 0.0, 0.0, 1.0, 1.0, 0.0, 1.0, 0.0, 4.0, 30.0, 0.0, 0.0, 0.0, 13.0, 2.0, 2.0, 70053], [70055, 1.0, 1.0, 1.0, 30.0, 1.0, 0.0, 1.0, 0.0, 0.0, 1.0, 0.0, 1.0, 1.0, 1.0, 0.0, 30.0, 1.0, 1.0, 13.0, 2.0, 1.0, 70055], [70057, 1.0, 0.0, 1.0, 27.0, 0.0, 0.0, 0.0, 0.0, 0.0, 0.0, 0.0, 1.0, 0.0, 4.0, 7.0, 20.0, 0.0, 1.0, 13.0, 2.0, 1.0, 70057], [70058, 1.0, 1.0, 1.0, 26.0, 1.0, 0.0, 1.0, 0.0, 0.0, 1.0, 0.0, 1.0, 0.0, 2.0, 30.0, 0.0, 0.0, 1.0, 11.0, 6.0, 7.0, 70058], [70059, 1.0, 0.0, 1.0, 29.0, 0.0, 0.0, 0.0, 0.0, 0.0, 0.0, 0.0, 1.0, 0.0, 3.0, 0.0, 0.0, 0.0, 0.0, 11.0, 6.0, 3.0, 70059], [70060, 1.0, 1.0, 1.0, 22.0, 0.0, 1.0, 1.0, 0.0, 1.0, 1.0, 0.0, 1.0, 0.0, 4.0, 0.0, 7.0, 1.0, 0.0, 13.0, 3.0, 1.0, 70060], [70062, 1.0, 1.0, 1.0, 31.0, 1.0, 0.0, 0.0, 1.0, 1.0, 1.0, 0.0, 1.0, 0.0, 3.0, 0.0, 0.0, 0.0, 1.0, 11.0, 6.0, 8.0, 70062], [70065, 1.0, 1.0, 1.0, 28.0, 0.0, 0.0, 0.0, 1.0, 0.0, 1.0, 0.0, 1.0, 0.0, 3.0, 2.0, 0.0, 0.0, 1.0, 13.0, 6.0, 3.0, 70065], [70069, 0.0, 1.0, 1.0, 29.0, 0.0, 0.0, 0.0, 0.0, 1.0, 1.0, 0.0, 1.0, 0.0, 4.0, 0.0, 21.0, 0.0, 0.0, 12.0, 2.0, 1.0, 70069], [70070, 1.0, 1.0, 1.0, 33.0, 0.0, 0.0, 1.0, 1.0, 1.0, 1.0, 0.0, 1.0, 0.0, 4.0, 30.0, 30.0, 1.0, 0.0, 11.0, 4.0, 3.0, 70070]]}}","{""predictions"": [1.0, 1.0, 0.0, 0.0, 0.0, 1.0, 0.0, 1.0, 1.0, 1.0]}",1,"{""model_name"":""demo_faddadbfcefc_model_monitor.ws_3551974319838082.diabetes_mo"",""endpoint_name"":""anupriya-malik-databricks-com_ML_AS04_Demo_3b"",""model_version"":""1""}"
null,5cd37be7-466a-4fcc-9886-a219c9b2930f,2024-09-28,1727528600509,200,5,"{""dataframe_split"": {""index"": [29420, 29421, 29422, 29423, 29424, 29425, 29426, 29427, 29428, 29429], ""columns"": [""index"", ""HighBP"", ""HighChol"", ""CholCheck"", ""BMI"", ""Smoker"", ""Stroke"", ""HeartDiseaseorAttack"", ""PhysActivity"", ""Fruits"", ""Veggies"", ""HvyAlcoholConsump"", ""AnyHealthcare"", ""NoDocbcCost"", ""GenHlth"", ""MentHlth"", ""PhysHlth"", ""DiffWalk"", ""Sex"", ""Age"", ""Education"", ""Income"", ""id""], ""data"": [[70071, 1.0, 1.0, 1.0, 27.0, 1.0, 0.0, 0.0, 0.0, 1.0, 1.0, 0.0, 1.0, 0.0, 4.0, 0.0, 0.0, 0.0, 0.0, 10.0, 6.0, 5.0, 70071], [70073, 1.0, 1.0, 1.0, 22.0, 1.0, 0.0, 0.0, 1.0, 0.0, 1.0, 0.0, 1.0, 0.0, 4.0, 2.0, 2.0, 0.0, 1.0, 11.0, 3.0, 3.0, 70073], [70074, 1.0, 1.0, 1.0, 24.0, 0.0, 0.0, 1.0, 0.0, 0.0, 1.0, 0.0, 1.0, 0.0, 4.0, 0.0, 0.0, 0.0, 1.0, 12.0, 2.0, 1.0, 70074], [70075, 0.0, 0.0, 1.0, 27.0, 1.0, 0.0, 0.0, 0.0, 1.0, 0.0, 0.0, 1.0, 0.0, 4.0, 0.0, 0.0, 0.0, 1.0, 10.0, 4.0, 3.0, 70075], [70077, 1.0, 1.0, 1.0, 34.0, 1.0, 0.0, 0.0, 0.0, 1.0, 1.0, 0.0, 1.0, 0.0, 4.0, 0.0, 0.0, 1.0, 1.0, 11.0, 2.0, 3.0, 70077], [70078, 0.0, 1.0, 1.0, 18.0, 0.0, 0.0, 1.0, 0.0, 0.0, 1.0, 0.0, 1.0, 0.0, 5.0, 14.0, 30.0, 1.0, 0.0, 13.0, 2.0, 1.0, 70078], [70079, 0.0, 0.0, 1.0, 38.0, 1.0, 0.0, 0.0, 0.0, 0.0, 0.0, 0.0, 1.0, 0.0, 4.0, 0.0, 30.0, 0.0, 0.0, 10.0, 5.0, 2.0, 70079], [70080, 1.0, 0.0, 1.0, 35.0, 1.0, 0.0, 0.0, 0.0, 0.0, 1.0, 0.0, 1.0, 0.0, 4.0, 0.0, 0.0, 1.0, 1.0, 11.0, 6.0, 6.0, 70080], [70082, 1.0, 1.0, 1.0, 32.0, 0.0, 0.0, 1.0, 0.0, 1.0, 0.0, 0.0, 1.0, 0.0, 4.0, 0.0, 15.0, 1.0, 1.0, 12.0, 4.0, 1.0, 70082], [70083, 1.0, 0.0, 1.0, 32.0, 1.0, 0.0, 1.0, 0.0, 0.0, 0.0, 0.0, 1.0, 0.0, 4.0, 0.0, 14.0, 0.0, 0.0, 12.0, 2.0, 1.0, 70083]]}}","{""predictions"": [1.0, 1.0, 1.0, 1.0, 1.0, 1.0, 1.0, 1.0, 1.0, 1.0]}",1,"{""model_name"":""demo_faddadbfcefc_model_monitor.ws_3551974319838082.diabetes_mo"",""endpoint_name"":""anupriya-malik-databricks-com_ML_AS04_Demo_3b"",""model_version"":""1""}"
null,a55242a4-479e-46b5-a5b7-a549ef450dfd,2024-09-28,1727528600539,200,5,"{""dataframe_split"": {""index"": [29430, 29431, 29432, 29433, 29434, 29435, 29436, 29437, 29438, 29439], ""columns"": [""index"", ""HighBP"", ""HighChol"", ""CholCheck"", ""BMI"", ""Smoker"", ""Stroke"", ""HeartDiseaseorAttack"", ""PhysActivity"", ""Fruits"", ""Veggies"", ""HvyAlcoholConsump"", ""AnyHealthcare"", ""NoDocbcCost"", ""GenHlth"", ""MentHlth"", ""PhysHlth"", ""DiffWalk"", ""Sex"", ""Age"", ""Education"", ""Income"", ""id""], ""data"": [[70085, 1.0, 0.0, 1.0, 39.0, 0.0, 0.0, 1.0, 1.0, 0.0, 0.0, 0.0, 1.0, 0.0, 4.0, 0.0, 30.0, 0.0, 1.0, 11.0, 2.0, 1.0, 70085], [70086, 0.0, 1.0, 1.0, 39.0, 0.0, 0.0, 0.0, 0.0, 0.0, 1.0, 0.0, 1.0, 0.0, 4.0, 0.0, 30.0, 1.0, 0.0, 12.0, 2.0, 3.0, 70086], [70089, 1.0, 0.0, 1.0, 31.0, 0.0, 0.0, 0.0, 0.0, 1.0, 1.0, 0.0, 1.0, 0.0, 4.0, 0.0, 14.0, 0.0, 0.0, 11.0, 3.0, 2.0, 70089], [70091, 1.0, 1.0, 1.0, 46.0, 0.0, 0.0, 0.0, 0.0, 0.0, 1.0, 0.0, 1.0, 0.0, 3.0, 0.0, 0.0, 1.0, 0.0, 12.0, 4.0, 4.0, 70091], [70092, 0.0, 0.0, 1.0, 27.0, 0.0, 0.0, 0.0, 0.0, 0.0, 0.0, 0.0, 1.0, 0.0, 3.0, 0.0, 3.0, 0.0, 0.0, 10.0, 5.0, 3.0, 70092], [70093, 1.0, 1.0, 1.0, 26.0, 1.0, 0.0, 1.0, 0.0, 1.0, 1.0, 0.0, 1.0, 0.0, 4.0, 0.0, 0.0, 0.0, 1.0, 10.0, 4.0, 4.0, 70093], [70095, 1.0, 1.0, 1.0, 26.0, 1.0, 1.0, 1.0, 0.0, 0.0, 1.0, 0.0, 1.0, 0.0, 5.0, 30.0, 30.0, 1.0, 0.0, 12.0, 2.0, 1.0, 70095], [70097, 1.0, 1.0, 1.0, 20.0, 0.0, 0.0, 0.0, 1.0, 0.0, 0.0, 0.0, 1.0, 0.0, 4.0, 20.0, 0.0, 0.0, 0.0, 11.0, 2.0, 1.0, 70097], [70099, 1.0, 0.0, 1.0, 31.0, 1.0, 0.0, 0.0, 1.0, 0.0, 1.0, 0.0, 1.0, 0.0, 4.0, 0.0, 4.0, 0.0, 1.0, 11.0, 6.0, 5.0, 70099], [70105, 1.0, 1.0, 1.0, 27.0, 1.0, 1.0, 1.0, 0.0, 1.0, 1.0, 0.0, 1.0, 0.0, 4.0, 0.0, 30.0, 0.0, 0.0, 11.0, 6.0, 4.0, 70105]]}}","{""predictions"": [1.0, 0.0, 1.0, 1.0, 1.0, 0.0, 1.0, 0.0, 1.0, 1.0]}",1,"{""model_name"":""demo_faddadbfcefc_model_monitor.ws_3551974319838082.diabetes_mo"",""endpoint_name"":""anupriya-malik-databricks-com_ML_AS04_Demo_3b"",""model_version"":""1""}"
null,7e62f5ad-9634-4c10-bb79-8704afb7f31e,2024-09-28,1727528600604,200,5,"{""dataframe_split"": {""index"": [29450, 29451, 29452, 29453, 29454, 29455, 29456, 29457, 29458, 29459], ""columns"": [""index"", ""HighBP"", ""HighChol"", ""CholCheck"", ""BMI"", ""Smoker"", ""Stroke"", ""HeartDiseaseorAttack"", ""PhysActivity"", ""Fruits"", ""Veggies"", ""HvyAlcoholConsump"", ""AnyHealthcare"", ""NoDocbcCost"", ""GenHlth"", ""MentHlth"", ""PhysHlth"", ""DiffWalk"", ""Sex"", ""Age"", ""Education"", ""Income"", ""id""], ""data"": [[70126, 1.0, 1.0, 1.0, 30.0, 0.0, 0.0, 0.0, 0.0, 0.0, 1.0, 0.0, 1.0, 0.0, 4.0, 0.0, 2.0, 1.0, 0.0, 11.0, 5.0, 1.0, 70126], [70128, 1.0, 1.0, 1.0, 29.0, 0.0, 0.0, 1.0, 1.0, 1.0, 1.0, 0.0, 1.0, 1.0, 5.0, 30.0, 30.0, 1.0, 0.0, 10.0, 4.0, 2.0, 70128], [70129, 1.0, 0.0, 1.0, 41.0, 0.0, 0.0, 0.0, 1.0, 1.0, 1.0, 0.0, 1.0, 0.0, 3.0, 0.0, 0.0, 1.0, 0.0, 10.0, 3.0, 1.0, 70129], [70130, 1.0, 1.0, 1.0, 27.0, 1.0, 0.0, 1.0, 0.0, 1.0, 1.0, 0.0, 1.0, 0.0, 5.0, 30.0, 30.0, 1.0, 0.0, 13.0, 3.0, 1.0, 70130], [70131, 1.0, 0.0, 1.0, 28.0, 0.0, 0.0, 1.0, 0.0, 1.0, 1.0, 0.0, 1.0, 0.0, 4.0, 0.0, 30.0, 1.0, 0.0, 13.0, 6.0, 2.0, 70131], [70132, 1.0, 0.0, 1.0, 23.0, 0.0, 0.0, 0.0, 0.0, 1.0, 1.0, 0.0, 1.0, 0.0, 3.0, 0.0, 0.0, 0.0, 0.0, 13.0, 2.0, 1.0, 70132], [70136, 1.0, 0.0, 1.0, 27.0, 1.0, 0.0, 0.0, 0.0, 0.0, 1.0, 0.0, 1.0, 0.0, 3.0, 0.0, 0.0, 0.0, 1.0, 11.0, 2.0, 2.0, 70136], [70137, 1.0, 1.0, 1.0, 27.0, 1.0, 0.0, 1.0, 0.0, 1.0, 0.0, 0.0, 1.0, 0.0, 4.0, 0.0, 30.0, 1.0, 1.0, 10.0, 3.0, 5.0, 70137], [70142, 1.0, 0.0, 1.0, 37.0, 1.0, 0.0, 0.0, 1.0, 1.0, 1.0, 0.0, 1.0, 0.0, 3.0, 0.0, 0.0, 0.0, 0.0, 10.0, 4.0, 2.0, 70142], [70143, 1.0, 1.0, 1.0, 26.0, 1.0, 0.0, 0.0, 0.0, 0.0, 1.0, 0.0, 1.0, 0.0, 5.0, 0.0, 30.0, 1.0, 1.0, 11.0, 3.0, 2.0, 70143]]}}","{""predictions"": [1.0, 0.0, 1.0, 1.0, 0.0, 1.0, 0.0, 1.0, 1.0, 1.0]}",1,"{""model_name"":""demo_faddadbfcefc_model_monitor.ws_3551974319838082.diabetes_mo"",""endpoint_name"":""anupriya-malik-databricks-com_ML_AS04_Demo_3b"",""model_version"":""1""}"
null,1cdf442b-0d11-4a87-87da-906198e0a661,2024-09-28,1727528600632,200,5,"{""dataframe_split"": {""index"": [29460, 29461, 29462, 29463, 29464, 29465, 29466, 29467, 29468, 29469], ""columns"": [""index"", ""HighBP"", ""HighChol"", ""CholCheck"", ""BMI"", ""Smoker"", ""Stroke"", ""HeartDiseaseorAttack"", ""PhysActivity"", ""Fruits"", ""Veggies"", ""HvyAlcoholConsump"", ""AnyHealthcare"", ""NoDocbcCost"", ""GenHlth"", ""MentHlth"", ""PhysHlth"", ""DiffWalk"", ""Sex"", ""Age"", ""Education"", ""Income"", ""id""], ""data"": [[70144, 1.0, 1.0, 1.0, 32.0, 0.0, 0.0, 1.0, 0.0, 0.0, 0.0, 0.0, 1.0, 0.0, 4.0, 0.0, 4.0, 1.0, 0.0, 10.0, 2.0, 1.0, 70144], [70145, 1.0, 0.0, 1.0, 27.0, 1.0, 0.0, 0.0, 0.0, 0.0, 0.0, 0.0, 1.0, 0.0, 5.0, 0.0, 0.0, 0.0, 0.0, 12.0, 6.0, 3.0, 70145], [70146, 1.0, 1.0, 1.0, 34.0, 0.0, 0.0, 0.0, 0.0, 1.0, 1.0, 0.0, 1.0, 0.0, 5.0, 30.0, 30.0, 1.0, 0.0, 10.0, 4.0, 2.0, 70146], [70147, 1.0, 1.0, 1.0, 25.0, 0.0, 0.0, 0.0, 0.0, 1.0, 1.0, 0.0, 1.0, 0.0, 4.0, 3.0, 0.0, 1.0, 0.0, 12.0, 4.0, 2.0, 70147], [70149, 1.0, 1.0, 1.0, 31.0, 1.0, 0.0, 0.0, 0.0, 0.0, 1.0, 0.0, 1.0, 0.0, 4.0, 0.0, 0.0, 0.0, 1.0, 11.0, 2.0, 1.0, 70149], [70150, 1.0, 0.0, 1.0, 28.0, 0.0, 0.0, 1.0, 0.0, 0.0, 0.0, 0.0, 1.0, 0.0, 4.0, 7.0, 8.0, 1.0, 0.0, 11.0, 5.0, 2.0, 70150], [70151, 0.0, 0.0, 1.0, 32.0, 0.0, 0.0, 0.0, 0.0, 0.0, 0.0, 0.0, 1.0, 0.0, 4.0, 0.0, 30.0, 1.0, 1.0, 12.0, 2.0, 1.0, 70151], [70152, 1.0, 1.0, 1.0, 33.0, 1.0, 0.0, 1.0, 1.0, 0.0, 1.0, 0.0, 1.0, 0.0, 4.0, 20.0, 30.0, 1.0, 1.0, 11.0, 2.0, 1.0, 70152], [70153, 1.0, 1.0, 1.0, 39.0, 1.0, 0.0, 1.0, 0.0, 1.0, 1.0, 0.0, 1.0, 0.0, 5.0, 30.0, 30.0, 1.0, 1.0, 11.0, 2.0, 1.0, 70153], [70154, 0.0, 0.0, 1.0, 25.0, 0.0, 0.0, 0.0, 0.0, 0.0, 1.0, 0.0, 1.0, 0.0, 4.0, 3.0, 30.0, 1.0, 1.0, 13.0, 2.0, 2.0, 70154]]}}","{""predictions"": [0.0, 1.0, 1.0, 1.0, 1.0, 1.0, 0.0, 1.0, 1.0, 1.0]}",1,"{""model_name"":""demo_faddadbfcefc_model_monitor.ws_3551974319838082.diabetes_mo"",""endpoint_name"":""anupriya-malik-databricks-com_ML_AS04_Demo_3b"",""model_version"":""1""}"
null,4d3b782b-9981-46b0-9707-1378c326a32c,2024-09-28,1727528600689,200,5,"{""dataframe_split"": {""index"": [29480, 29481, 29482, 29483, 29484, 29485, 29486, 29487, 29488, 29489], ""columns"": [""index"", ""HighBP"", ""HighChol"", ""CholCheck"", ""BMI"", ""Smoker"", ""Stroke"", ""HeartDiseaseorAttack"", ""PhysActivity"", ""Fruits"", ""Veggies"", ""HvyAlcoholConsump"", ""AnyHealthcare"", ""NoDocbcCost"", ""GenHlth"", ""MentHlth"", ""PhysHlth"", ""DiffWalk"", ""Sex"", ""Age"", ""Education"", ""Income"", ""id""], ""data"": [[70177, 1.0, 1.0, 1.0, 27.0, 0.0, 1.0, 1.0, 1.0, 1.0, 1.0, 0.0, 1.0, 0.0, 4.0, 0.0, 0.0, 0.0, 0.0, 12.0, 2.0, 1.0, 70177], [70178, 1.0, 1.0, 1.0, 27.0, 0.0, 0.0, 0.0, 0.0, 0.0, 1.0, 0.0, 1.0, 0.0, 4.0, 0.0, 0.0, 0.0, 1.0, 13.0, 3.0, 1.0, 70178], [70179, 1.0, 1.0, 1.0, 30.0, 1.0, 0.0, 0.0, 0.0, 0.0, 1.0, 0.0, 1.0, 0.0, 4.0, 0.0, 0.0, 0.0, 0.0, 11.0, 2.0, 1.0, 70179], [70180, 1.0, 1.0, 1.0, 34.0, 0.0, 0.0, 0.0, 1.0, 1.0, 1.0, 0.0, 1.0, 0.0, 4.0, 0.0, 10.0, 1.0, 0.0, 10.0, 5.0, 4.0, 70180], [70181, 1.0, 1.0, 1.0, 26.0, 1.0, 1.0, 1.0, 0.0, 1.0, 1.0, 0.0, 1.0, 1.0, 4.0, 30.0, 3.0, 0.0, 0.0, 11.0, 4.0, 1.0, 70181], [70182, 0.0, 1.0, 1.0, 24.0, 0.0, 0.0, 0.0, 1.0, 1.0, 1.0, 0.0, 1.0, 0.0, 3.0, 15.0, 0.0, 0.0, 0.0, 12.0, 4.0, 1.0, 70182], [70183, 0.0, 1.0, 1.0, 30.0, 0.0, 1.0, 0.0, 0.0, 0.0, 1.0, 0.0, 1.0, 0.0, 4.0, 0.0, 0.0, 0.0, 1.0, 13.0, 2.0, 1.0, 70183], [70184, 1.0, 1.0, 1.0, 21.0, 0.0, 0.0, 0.0, 1.0, 0.0, 1.0, 0.0, 1.0, 0.0, 4.0, 0.0, 0.0, 0.0, 0.0, 12.0, 2.0, 1.0, 70184], [70185, 1.0, 1.0, 1.0, 30.0, 0.0, 0.0, 0.0, 0.0, 1.0, 0.0, 0.0, 1.0, 0.0, 4.0, 0.0, 30.0, 1.0, 0.0, 10.0, 2.0, 1.0, 70185], [70187, 0.0, 0.0, 1.0, 23.0, 0.0, 0.0, 0.0, 0.0, 0.0, 1.0, 0.0, 1.0, 0.0, 4.0, 0.0, 0.0, 1.0, 0.0, 12.0, 3.0, 1.0, 70187]]}}","{""predictions"": [1.0, 1.0, 1.0, 1.0, 1.0, 0.0, 1.0, 0.0, 1.0, 0.0]}",1,"{""model_name"":""demo_faddadbfcefc_model_monitor.ws_3551974319838082.diabetes_mo"",""endpoint_name"":""anupriya-malik-databricks-com_ML_AS04_Demo_3b"",""model_version"":""1""}"
null,e99791a0-b773-42a8-aa71-1a9002e29306,2024-09-28,1727528600720,200,5,"{""dataframe_split"": {""index"": [29490, 29491, 29492, 29493, 29494, 29495, 29496, 29497, 29498, 29499], ""columns"": [""index"", ""HighBP"", ""HighChol"", ""CholCheck"", ""BMI"", ""Smoker"", ""Stroke"", ""HeartDiseaseorAttack"", ""PhysActivity"", ""Fruits"", ""Veggies"", ""HvyAlcoholConsump"", ""AnyHealthcare"", ""NoDocbcCost"", ""GenHlth"", ""MentHlth"", ""PhysHlth"", ""DiffWalk"", ""Sex"", ""Age"", ""Education"", ""Income"", ""id""], ""data"": [[70188, 0.0, 0.0, 1.0, 30.0, 1.0, 0.0, 0.0, 0.0, 0.0, 1.0, 0.0, 1.0, 0.0, 4.0, 0.0, 5.0, 1.0, 1.0, 13.0, 4.0, 5.0, 70188], [70192, 0.0, 0.0, 1.0, 39.0, 0.0, 0.0, 1.0, 0.0, 1.0, 1.0, 0.0, 1.0, 0.0, 4.0, 5.0, 0.0, 1.0, 0.0, 10.0, 2.0, 3.0, 70192], [70193, 1.0, 1.0, 1.0, 38.0, 0.0, 0.0, 0.0, 0.0, 0.0, 0.0, 0.0, 1.0, 0.0, 4.0, 0.0, 3.0, 1.0, 0.0, 10.0, 3.0, 1.0, 70193], [70194, 1.0, 1.0, 1.0, 27.0, 0.0, 0.0, 0.0, 0.0, 0.0, 1.0, 0.0, 1.0, 0.0, 4.0, 0.0, 0.0, 1.0, 0.0, 10.0, 2.0, 1.0, 70194], [70196, 1.0, 0.0, 1.0, 23.0, 0.0, 0.0, 0.0, 0.0, 0.0, 1.0, 0.0, 1.0, 0.0, 4.0, 0.0, 30.0, 1.0, 0.0, 13.0, 4.0, 1.0, 70196], [70197, 1.0, 0.0, 1.0, 27.0, 1.0, 0.0, 0.0, 1.0, 1.0, 1.0, 0.0, 1.0, 0.0, 4.0, 0.0, 0.0, 0.0, 1.0, 12.0, 4.0, 2.0, 70197], [70198, 1.0, 0.0, 1.0, 24.0, 0.0, 0.0, 0.0, 0.0, 0.0, 0.0, 0.0, 1.0, 0.0, 4.0, 0.0, 0.0, 0.0, 0.0, 13.0, 4.0, 1.0, 70198], [70200, 1.0, 1.0, 1.0, 32.0, 1.0, 0.0, 1.0, 0.0, 0.0, 1.0, 0.0, 1.0, 0.0, 5.0, 0.0, 30.0, 1.0, 1.0, 12.0, 2.0, 1.0, 70200], [70201, 1.0, 0.0, 1.0, 28.0, 0.0, 0.0, 0.0, 0.0, 1.0, 0.0, 0.0, 1.0, 0.0, 4.0, 0.0, 0.0, 1.0, 0.0, 11.0, 4.0, 2.0, 70201], [70202, 1.0, 1.0, 1.0, 28.0, 0.0, 0.0, 0.0, 1.0, 1.0, 1.0, 0.0, 1.0, 0.0, 4.0, 0.0, 30.0, 0.0, 1.0, 11.0, 4.0, 2.0, 70202]]}}","{""predictions"": [0.0, 1.0, 1.0, 1.0, 0.0, 0.0, 1.0, 1.0, 0.0, 1.0]}",1,"{""model_name"":""demo_faddadbfcefc_model_monitor.ws_3551974319838082.diabetes_mo"",""endpoint_name"":""anupriya-malik-databricks-com_ML_AS04_Demo_3b"",""model_version"":""1""}"
null,149c1215-59b9-4af7-b368-603cb84f9fdf,2024-09-28,1727528600813,200,5,"{""dataframe_split"": {""index"": [29520, 29521, 29522, 29523, 29524, 29525, 29526, 29527, 29528, 29529], ""columns"": [""index"", ""HighBP"", ""HighChol"", ""CholCheck"", ""BMI"", ""Smoker"", ""Stroke"", ""HeartDiseaseorAttack"", ""PhysActivity"", ""Fruits"", ""Veggies"", ""HvyAlcoholConsump"", ""AnyHealthcare"", ""NoDocbcCost"", ""GenHlth"", ""MentHlth"", ""PhysHlth"", ""DiffWalk"", ""Sex"", ""Age"", ""Education"", ""Income"", ""id""], ""data"": [[70239, 1.0, 0.0, 1.0, 26.0, 0.0, 0.0, 0.0, 1.0, 1.0, 1.0, 0.0, 1.0, 0.0, 4.0, 0.0, 2.0, 0.0, 0.0, 11.0, 4.0, 4.0, 70239], [70240, 1.0, 0.0, 1.0, 35.0, 0.0, 0.0, 1.0, 0.0, 0.0, 1.0, 0.0, 1.0, 0.0, 4.0, 0.0, 7.0, 1.0, 0.0, 10.0, 5.0, 4.0, 70240], [70242, 0.0, 1.0, 1.0, 16.0, 1.0, 1.0, 1.0, 0.0, 1.0, 0.0, 0.0, 1.0, 0.0, 4.0, 0.0, 0.0, 0.0, 0.0, 11.0, 2.0, 1.0, 70242], [70244, 1.0, 0.0, 1.0, 25.0, 1.0, 0.0, 0.0, 1.0, 1.0, 1.0, 0.0, 1.0, 0.0, 4.0, 0.0, 7.0, 0.0, 1.0, 10.0, 3.0, 1.0, 70244], [70246, 1.0, 1.0, 1.0, 24.0, 0.0, 0.0, 0.0, 0.0, 0.0, 0.0, 0.0, 1.0, 0.0, 4.0, 0.0, 14.0, 1.0, 0.0, 10.0, 2.0, 1.0, 70246], [70247, 1.0, 0.0, 1.0, 28.0, 0.0, 0.0, 0.0, 0.0, 0.0, 0.0, 0.0, 1.0, 0.0, 5.0, 0.0, 30.0, 1.0, 0.0, 12.0, 4.0, 2.0, 70247], [70248, 1.0, 1.0, 1.0, 23.0, 1.0, 0.0, 1.0, 1.0, 0.0, 0.0, 0.0, 1.0, 0.0, 4.0, 0.0, 0.0, 0.0, 1.0, 13.0, 4.0, 2.0, 70248], [70253, 1.0, 1.0, 1.0, 32.0, 1.0, 0.0, 0.0, 1.0, 0.0, 1.0, 0.0, 1.0, 0.0, 4.0, 3.0, 7.0, 0.0, 0.0, 10.0, 3.0, 3.0, 70253], [70254, 1.0, 1.0, 1.0, 25.0, 0.0, 0.0, 0.0, 1.0, 0.0, 0.0, 0.0, 1.0, 0.0, 4.0, 0.0, 0.0, 0.0, 0.0, 13.0, 5.0, 2.0, 70254], [70255, 1.0, 1.0, 1.0, 28.0, 1.0, 0.0, 0.0, 0.0, 1.0, 1.0, 0.0, 1.0, 0.0, 4.0, 30.0, 7.0, 1.0, 0.0, 12.0, 6.0, 5.0, 70255]]}}","{""predictions"": [1.0, 1.0, 1.0, 0.0, 1.0, 1.0, 1.0, 0.0, 1.0, 1.0]}",1,"{""model_name"":""demo_faddadbfcefc_model_monitor.ws_3551974319838082.diabetes_mo"",""endpoint_name"":""anupriya-malik-databricks-com_ML_AS04_Demo_3b"",""model_version"":""1""}"
null,c39ee149-761e-41a1-89f5-30f3d5b37b95,2024-09-28,1727528600840,200,5,"{""dataframe_split"": {""index"": [29530, 29531, 29532, 29533, 29534, 29535, 29536, 29537, 29538, 29539], ""columns"": [""index"", ""HighBP"", ""HighChol"", ""CholCheck"", ""BMI"", ""Smoker"", ""Stroke"", ""HeartDiseaseorAttack"", ""PhysActivity"", ""Fruits"", ""Veggies"", ""HvyAlcoholConsump"", ""AnyHealthcare"", ""NoDocbcCost"", ""GenHlth"", ""MentHlth"", ""PhysHlth"", ""DiffWalk"", ""Sex"", ""Age"", ""Education"", ""Income"", ""id""], ""data"": [[70256, 1.0, 1.0, 1.0, 23.0, 0.0, 1.0, 0.0, 0.0, 1.0, 1.0, 0.0, 1.0, 1.0, 4.0, 0.0, 10.0, 0.0, 0.0, 11.0, 5.0, 1.0, 70256], [70259, 1.0, 0.0, 1.0, 24.0, 0.0, 0.0, 0.0, 0.0, 1.0, 1.0, 0.0, 1.0, 0.0, 3.0, 0.0, 0.0, 0.0, 0.0, 11.0, 2.0, 2.0, 70259], [70261, 1.0, 0.0, 1.0, 34.0, 0.0, 0.0, 0.0, 0.0, 1.0, 1.0, 0.0, 1.0, 0.0, 4.0, 0.0, 0.0, 0.0, 0.0, 11.0, 4.0, 4.0, 70261], [70262, 1.0, 0.0, 1.0, 31.0, 1.0, 0.0, 1.0, 1.0, 1.0, 1.0, 0.0, 1.0, 0.0, 3.0, 0.0, 7.0, 0.0, 1.0, 11.0, 6.0, 8.0, 70262], [70265, 1.0, 1.0, 1.0, 27.0, 0.0, 0.0, 1.0, 0.0, 0.0, 0.0, 0.0, 1.0, 0.0, 3.0, 0.0, 30.0, 1.0, 1.0, 11.0, 3.0, 3.0, 70265], [70266, 1.0, 0.0, 1.0, 26.0, 0.0, 0.0, 0.0, 0.0, 0.0, 0.0, 0.0, 1.0, 0.0, 5.0, 0.0, 30.0, 1.0, 0.0, 11.0, 3.0, 1.0, 70266], [70267, 1.0, 1.0, 1.0, 29.0, 0.0, 0.0, 1.0, 1.0, 0.0, 1.0, 0.0, 1.0, 0.0, 4.0, 3.0, 3.0, 1.0, 0.0, 12.0, 2.0, 3.0, 70267], [70269, 1.0, 1.0, 1.0, 37.0, 1.0, 0.0, 1.0, 0.0, 1.0, 1.0, 0.0, 1.0, 0.0, 5.0, 30.0, 30.0, 1.0, 0.0, 11.0, 5.0, 1.0, 70269], [70272, 1.0, 1.0, 1.0, 38.0, 0.0, 0.0, 0.0, 1.0, 0.0, 1.0, 0.0, 1.0, 0.0, 4.0, 0.0, 0.0, 0.0, 0.0, 10.0, 6.0, 4.0, 70272], [70273, 1.0, 1.0, 1.0, 28.0, 0.0, 0.0, 0.0, 1.0, 0.0, 1.0, 0.0, 1.0, 0.0, 4.0, 0.0, 14.0, 0.0, 0.0, 11.0, 2.0, 1.0, 70273]]}}","{""predictions"": [1.0, 1.0, 1.0, 1.0, 1.0, 0.0, 1.0, 1.0, 1.0, 1.0]}",1,"{""model_name"":""demo_faddadbfcefc_model_monitor.ws_3551974319838082.diabetes_mo"",""endpoint_name"":""anupriya-malik-databricks-com_ML_AS04_Demo_3b"",""model_version"":""1""}"
null,636d84dd-40c1-4149-948b-060b2bb9ec8c,2024-09-28,1727528601211,200,5,"{""dataframe_split"": {""index"": [29640, 29641, 29642, 29643, 29644, 29645, 29646, 29647, 29648, 29649], ""columns"": [""index"", ""HighBP"", ""HighChol"", ""CholCheck"", ""BMI"", ""Smoker"", ""Stroke"", ""HeartDiseaseorAttack"", ""PhysActivity"", ""Fruits"", ""Veggies"", ""HvyAlcoholConsump"", ""AnyHealthcare"", ""NoDocbcCost"", ""GenHlth"", ""MentHlth"", ""PhysHlth"", ""DiffWalk"", ""Sex"", ""Age"", ""Education"", ""Income"", ""id""], ""data"": [[70478, 1.0, 0.0, 1.0, 23.0, 0.0, 0.0, 0.0, 0.0, 0.0, 0.0, 0.0, 1.0, 0.0, 4.0, 0.0, 0.0, 0.0, 1.0, 11.0, 4.0, 2.0, 70478], [70479, 1.0, 0.0, 1.0, 31.0, 0.0, 0.0, 0.0, 0.0, 1.0, 1.0, 0.0, 1.0, 0.0, 5.0, 7.0, 30.0, 1.0, 0.0, 11.0, 4.0, 1.0, 70479], [70488, 1.0, 1.0, 1.0, 33.0, 1.0, 0.0, 1.0, 1.0, 1.0, 1.0, 0.0, 1.0, 0.0, 4.0, 30.0, 0.0, 1.0, 1.0, 11.0, 5.0, 5.0, 70488], [70489, 1.0, 1.0, 1.0, 24.0, 0.0, 0.0, 0.0, 0.0, 0.0, 1.0, 0.0, 1.0, 0.0, 4.0, 0.0, 0.0, 0.0, 0.0, 11.0, 2.0, 1.0, 70489], [70494, 1.0, 1.0, 1.0, 23.0, 1.0, 0.0, 0.0, 1.0, 0.0, 1.0, 1.0, 1.0, 0.0, 3.0, 0.0, 0.0, 0.0, 1.0, 12.0, 5.0, 1.0, 70494], [70505, 1.0, 1.0, 1.0, 39.0, 1.0, 0.0, 0.0, 0.0, 0.0, 1.0, 0.0, 1.0, 0.0, 4.0, 0.0, 21.0, 1.0, 0.0, 10.0, 2.0, 1.0, 70505], [70507, 1.0, 0.0, 1.0, 22.0, 1.0, 0.0, 1.0, 1.0, 0.0, 1.0, 0.0, 1.0, 0.0, 4.0, 0.0, 2.0, 1.0, 0.0, 13.0, 3.0, 2.0, 70507], [70510, 0.0, 1.0, 1.0, 28.0, 0.0, 0.0, 0.0, 1.0, 1.0, 1.0, 0.0, 1.0, 0.0, 3.0, 0.0, 30.0, 1.0, 0.0, 10.0, 6.0, 1.0, 70510], [70512, 1.0, 1.0, 1.0, 24.0, 0.0, 0.0, 0.0, 1.0, 0.0, 1.0, 0.0, 1.0, 0.0, 3.0, 0.0, 0.0, 1.0, 1.0, 12.0, 6.0, 5.0, 70512], [70514, 1.0, 1.0, 1.0, 29.0, 0.0, 0.0, 0.0, 0.0, 0.0, 1.0, 0.0, 1.0, 0.0, 3.0, 0.0, 21.0, 1.0, 0.0, 11.0, 6.0, 4.0, 70514]]}}","{""predictions"": [1.0, 1.0, 0.0, 1.0, 0.0, 1.0, 0.0, 0.0, 1.0, 1.0]}",1,"{""model_name"":""demo_faddadbfcefc_model_monitor.ws_3551974319838082.diabetes_mo"",""endpoint_name"":""anupriya-malik-databricks-com_ML_AS04_Demo_3b"",""model_version"":""1""}"
null,cab51df0-12b6-4048-91bf-0f2da657674f,2024-09-28,1727528601326,200,5,"{""dataframe_split"": {""index"": [29680, 29681, 29682, 29683, 29684, 29685, 29686, 29687, 29688, 29689], ""columns"": [""index"", ""HighBP"", ""HighChol"", ""CholCheck"", ""BMI"", ""Smoker"", ""Stroke"", ""HeartDiseaseorAttack"", ""PhysActivity"", ""Fruits"", ""Veggies"", ""HvyAlcoholConsump"", ""AnyHealthcare"", ""NoDocbcCost"", ""GenHlth"", ""MentHlth"", ""PhysHlth"", ""DiffWalk"", ""Sex"", ""Age"", ""Education"", ""Income"", ""id""], ""data"": [[70587, 1.0, 1.0, 1.0, 28.0, 0.0, 0.0, 1.0, 0.0, 1.0, 1.0, 0.0, 1.0, 1.0, 4.0, 0.0, 7.0, 1.0, 0.0, 11.0, 6.0, 6.0, 70587], [70591, 1.0, 1.0, 1.0, 30.0, 0.0, 0.0, 1.0, 1.0, 1.0, 1.0, 0.0, 1.0, 0.0, 2.0, 0.0, 0.0, 0.0, 1.0, 10.0, 6.0, 8.0, 70591], [70596, 1.0, 1.0, 1.0, 42.0, 0.0, 0.0, 0.0, 0.0, 0.0, 1.0, 0.0, 1.0, 0.0, 4.0, 0.0, 30.0, 1.0, 1.0, 10.0, 4.0, 2.0, 70596], [70599, 1.0, 1.0, 1.0, 25.0, 0.0, 0.0, 0.0, 1.0, 1.0, 1.0, 0.0, 1.0, 0.0, 3.0, 0.0, 0.0, 1.0, 0.0, 13.0, 6.0, 5.0, 70599], [70600, 1.0, 1.0, 1.0, 30.0, 0.0, 1.0, 0.0, 0.0, 0.0, 1.0, 0.0, 1.0, 0.0, 4.0, 30.0, 8.0, 1.0, 0.0, 11.0, 2.0, 1.0, 70600], [70601, 1.0, 1.0, 1.0, 21.0, 0.0, 0.0, 0.0, 1.0, 0.0, 1.0, 0.0, 1.0, 0.0, 4.0, 0.0, 0.0, 0.0, 0.0, 13.0, 2.0, 1.0, 70601], [70602, 1.0, 1.0, 1.0, 37.0, 0.0, 0.0, 0.0, 0.0, 0.0, 0.0, 0.0, 1.0, 0.0, 4.0, 0.0, 0.0, 1.0, 0.0, 10.0, 3.0, 1.0, 70602], [70604, 1.0, 0.0, 1.0, 26.0, 1.0, 0.0, 1.0, 0.0, 1.0, 0.0, 0.0, 1.0, 0.0, 3.0, 0.0, 0.0, 0.0, 1.0, 11.0, 2.0, 1.0, 70604], [70607, 1.0, 1.0, 1.0, 26.0, 0.0, 0.0, 0.0, 0.0, 0.0, 1.0, 0.0, 1.0, 0.0, 4.0, 0.0, 14.0, 0.0, 0.0, 11.0, 3.0, 2.0, 70607], [70610, 0.0, 0.0, 1.0, 29.0, 0.0, 0.0, 0.0, 0.0, 0.0, 0.0, 0.0, 1.0, 1.0, 3.0, 0.0, 0.0, 0.0, 1.0, 11.0, 4.0, 4.0, 70610]]}}","{""predictions"": [1.0, 0.0, 1.0, 1.0, 1.0, 0.0, 1.0, 1.0, 0.0, 0.0]}",1,"{""model_name"":""demo_faddadbfcefc_model_monitor.ws_3551974319838082.diabetes_mo"",""endpoint_name"":""anupriya-malik-databricks-com_ML_AS04_Demo_3b"",""model_version"":""1""}"
null,1127d4d1-69e8-40bc-8643-6912a9bc120f,2024-09-28,1727528601356,200,5,"{""dataframe_split"": {""index"": [29690, 29691, 29692, 29693, 29694, 29695, 29696, 29697, 29698, 29699], ""columns"": [""index"", ""HighBP"", ""HighChol"", ""CholCheck"", ""BMI"", ""Smoker"", ""Stroke"", ""HeartDiseaseorAttack"", ""PhysActivity"", ""Fruits"", ""Veggies"", ""HvyAlcoholConsump"", ""AnyHealthcare"", ""NoDocbcCost"", ""GenHlth"", ""MentHlth"", ""PhysHlth"", ""DiffWalk"", ""Sex"", ""Age"", ""Education"", ""Income"", ""id""], ""data"": [[70611, 0.0, 1.0, 1.0, 30.0, 0.0, 0.0, 0.0, 0.0, 1.0, 1.0, 0.0, 1.0, 0.0, 4.0, 0.0, 0.0, 1.0, 0.0, 10.0, 6.0, 3.0, 70611], [70616, 1.0, 1.0, 1.0, 35.0, 1.0, 0.0, 0.0, 0.0, 1.0, 0.0, 0.0, 1.0, 0.0, 3.0, 0.0, 7.0, 1.0, 0.0, 10.0, 4.0, 1.0, 70616], [70617, 1.0, 0.0, 1.0, 27.0, 1.0, 0.0, 0.0, 1.0, 0.0, 1.0, 0.0, 1.0, 0.0, 4.0, 0.0, 0.0, 0.0, 1.0, 12.0, 3.0, 1.0, 70617], [70618, 1.0, 1.0, 1.0, 25.0, 0.0, 0.0, 0.0, 0.0, 0.0, 1.0, 0.0, 1.0, 0.0, 4.0, 20.0, 14.0, 0.0, 0.0, 12.0, 3.0, 1.0, 70618], [70620, 1.0, 1.0, 1.0, 46.0, 0.0, 0.0, 0.0, 0.0, 1.0, 1.0, 0.0, 1.0, 0.0, 2.0, 14.0, 21.0, 1.0, 0.0, 10.0, 6.0, 2.0, 70620], [70621, 1.0, 0.0, 1.0, 30.0, 1.0, 0.0, 0.0, 1.0, 0.0, 1.0, 0.0, 1.0, 0.0, 3.0, 0.0, 0.0, 0.0, 0.0, 10.0, 6.0, 4.0, 70621], [70625, 1.0, 0.0, 1.0, 32.0, 0.0, 0.0, 0.0, 1.0, 1.0, 1.0, 0.0, 1.0, 0.0, 4.0, 0.0, 0.0, 1.0, 0.0, 10.0, 4.0, 1.0, 70625], [70627, 0.0, 0.0, 1.0, 32.0, 0.0, 0.0, 1.0, 0.0, 0.0, 1.0, 0.0, 1.0, 0.0, 5.0, 0.0, 15.0, 1.0, 1.0, 13.0, 2.0, 1.0, 70627], [70628, 1.0, 0.0, 1.0, 27.0, 1.0, 0.0, 1.0, 1.0, 0.0, 1.0, 0.0, 1.0, 0.0, 4.0, 0.0, 0.0, 0.0, 1.0, 12.0, 6.0, 4.0, 70628], [70634, 0.0, 0.0, 1.0, 26.0, 1.0, 0.0, 1.0, 0.0, 0.0, 1.0, 0.0, 1.0, 0.0, 3.0, 3.0, 0.0, 0.0, 1.0, 12.0, 2.0, 1.0, 70634]]}}","{""predictions"": [1.0, 1.0, 1.0, 1.0, 1.0, 0.0, 1.0, 1.0, 0.0, 0.0]}",1,"{""model_name"":""demo_faddadbfcefc_model_monitor.ws_3551974319838082.diabetes_mo"",""endpoint_name"":""anupriya-malik-databricks-com_ML_AS04_Demo_3b"",""model_version"":""1""}"
null,5e8d14ba-674e-48d1-8002-a7979acfa0ac,2024-09-28,1727528601387,200,5,"{""dataframe_split"": {""index"": [29700, 29701, 29702, 29703, 29704, 29705, 29706, 29707, 29708, 29709], ""columns"": [""index"", ""HighBP"", ""HighChol"", ""CholCheck"", ""BMI"", ""Smoker"", ""Stroke"", ""HeartDiseaseorAttack"", ""PhysActivity"", ""Fruits"", ""Veggies"", ""HvyAlcoholConsump"", ""AnyHealthcare"", ""NoDocbcCost"", ""GenHlth"", ""MentHlth"", ""PhysHlth"", ""DiffWalk"", ""Sex"", ""Age"", ""Education"", ""Income"", ""id""], ""data"": [[70635, 1.0, 1.0, 1.0, 23.0, 0.0, 0.0, 0.0, 0.0, 1.0, 1.0, 0.0, 1.0, 0.0, 2.0, 0.0, 0.0, 0.0, 0.0, 10.0, 4.0, 1.0, 70635], [70636, 0.0, 1.0, 1.0, 45.0, 1.0, 0.0, 0.0, 1.0, 1.0, 1.0, 0.0, 1.0, 0.0, 4.0, 0.0, 0.0, 1.0, 0.0, 10.0, 2.0, 2.0, 70636], [70638, 0.0, 0.0, 1.0, 28.0, 1.0, 0.0, 0.0, 1.0, 1.0, 0.0, 0.0, 1.0, 0.0, 3.0, 0.0, 0.0, 0.0, 1.0, 10.0, 3.0, 4.0, 70638], [70639, 1.0, 1.0, 1.0, 27.0, 1.0, 0.0, 0.0, 0.0, 1.0, 1.0, 0.0, 1.0, 0.0, 4.0, 0.0, 0.0, 1.0, 0.0, 12.0, 4.0, 3.0, 70639], [70642, 1.0, 1.0, 1.0, 35.0, 0.0, 0.0, 0.0, 0.0, 0.0, 1.0, 0.0, 1.0, 0.0, 4.0, 0.0, 0.0, 0.0, 0.0, 10.0, 2.0, 3.0, 70642], [70653, 0.0, 0.0, 1.0, 23.0, 0.0, 0.0, 1.0, 0.0, 1.0, 0.0, 0.0, 1.0, 0.0, 5.0, 30.0, 30.0, 1.0, 0.0, 12.0, 2.0, 1.0, 70653], [70660, 1.0, 1.0, 1.0, 41.0, 0.0, 1.0, 1.0, 0.0, 1.0, 1.0, 0.0, 1.0, 1.0, 5.0, 30.0, 30.0, 1.0, 0.0, 10.0, 5.0, 1.0, 70660], [70661, 1.0, 1.0, 1.0, 24.0, 0.0, 0.0, 0.0, 1.0, 1.0, 1.0, 0.0, 1.0, 0.0, 4.0, 0.0, 0.0, 0.0, 0.0, 13.0, 2.0, 1.0, 70661], [70668, 1.0, 1.0, 1.0, 30.0, 1.0, 0.0, 0.0, 0.0, 1.0, 1.0, 0.0, 1.0, 0.0, 4.0, 5.0, 0.0, 0.0, 0.0, 12.0, 5.0, 2.0, 70668], [70669, 1.0, 0.0, 1.0, 29.0, 0.0, 0.0, 0.0, 0.0, 1.0, 0.0, 0.0, 1.0, 0.0, 3.0, 0.0, 2.0, 1.0, 0.0, 11.0, 5.0, 5.0, 70669]]}}","{""predictions"": [0.0, 1.0, 0.0, 0.0, 1.0, 0.0, 0.0, 0.0, 1.0, 1.0]}",1,"{""model_name"":""demo_faddadbfcefc_model_monitor.ws_3551974319838082.diabetes_mo"",""endpoint_name"":""anupriya-malik-databricks-com_ML_AS04_Demo_3b"",""model_version"":""1""}"
null,261fc050-5385-48e7-a054-7ba5a36ad9b3,2024-09-28,1727528601418,200,5,"{""dataframe_split"": {""index"": [29710, 29711, 29712, 29713, 29714, 29715, 29716, 29717, 29718, 29719], ""columns"": [""index"", ""HighBP"", ""HighChol"", ""CholCheck"", ""BMI"", ""Smoker"", ""Stroke"", ""HeartDiseaseorAttack"", ""PhysActivity"", ""Fruits"", ""Veggies"", ""HvyAlcoholConsump"", ""AnyHealthcare"", ""NoDocbcCost"", ""GenHlth"", ""MentHlth"", ""PhysHlth"", ""DiffWalk"", ""Sex"", ""Age"", ""Education"", ""Income"", ""id""], ""data"": [[70672, 1.0, 0.0, 1.0, 36.0, 1.0, 0.0, 0.0, 1.0, 1.0, 1.0, 1.0, 1.0, 0.0, 3.0, 0.0, 0.0, 0.0, 1.0, 10.0, 6.0, 8.0, 70672], [70676, 0.0, 0.0, 1.0, 33.0, 0.0, 0.0, 0.0, 0.0, 1.0, 1.0, 0.0, 1.0, 0.0, 4.0, 0.0, 0.0, 1.0, 0.0, 11.0, 4.0, 3.0, 70676], [70677, 1.0, 0.0, 1.0, 31.0, 0.0, 0.0, 1.0, 1.0, 1.0, 1.0, 0.0, 1.0, 1.0, 4.0, 0.0, 30.0, 0.0, 1.0, 11.0, 2.0, 1.0, 70677], [70679, 1.0, 0.0, 1.0, 37.0, 0.0, 0.0, 0.0, 0.0, 1.0, 1.0, 1.0, 1.0, 0.0, 2.0, 0.0, 3.0, 1.0, 1.0, 11.0, 6.0, 7.0, 70679], [70680, 1.0, 1.0, 1.0, 30.0, 0.0, 0.0, 0.0, 1.0, 0.0, 1.0, 0.0, 1.0, 1.0, 5.0, 6.0, 30.0, 1.0, 0.0, 11.0, 2.0, 2.0, 70680], [70683, 1.0, 0.0, 1.0, 28.0, 0.0, 0.0, 0.0, 0.0, 0.0, 1.0, 0.0, 1.0, 0.0, 2.0, 0.0, 0.0, 0.0, 0.0, 10.0, 4.0, 3.0, 70683], [70686, 0.0, 1.0, 1.0, 27.0, 0.0, 0.0, 0.0, 1.0, 1.0, 0.0, 0.0, 1.0, 0.0, 4.0, 0.0, 30.0, 0.0, 1.0, 11.0, 2.0, 3.0, 70686], [70688, 0.0, 1.0, 1.0, 29.0, 1.0, 0.0, 1.0, 0.0, 1.0, 1.0, 0.0, 1.0, 0.0, 2.0, 0.0, 0.0, 1.0, 1.0, 10.0, 3.0, 6.0, 70688], [70689, 1.0, 1.0, 1.0, 25.0, 0.0, 0.0, 1.0, 0.0, 1.0, 0.0, 0.0, 1.0, 0.0, 5.0, 15.0, 0.0, 1.0, 0.0, 13.0, 6.0, 4.0, 70689], [70690, 1.0, 1.0, 1.0, 18.0, 0.0, 0.0, 0.0, 0.0, 0.0, 0.0, 0.0, 1.0, 0.0, 4.0, 0.0, 0.0, 1.0, 0.0, 11.0, 2.0, 4.0, 70690]]}}","{""predictions"": [1.0, 1.0, 1.0, 1.0, 0.0, 1.0, 1.0, 1.0, 1.0, 1.0]}",1,"{""model_name"":""demo_faddadbfcefc_model_monitor.ws_3551974319838082.diabetes_mo"",""endpoint_name"":""anupriya-malik-databricks-com_ML_AS04_Demo_3b"",""model_version"":""1""}"
null,8c60879f-434a-447e-9a06-bcace4655927,2024-09-28,1727528582627,200,5,"{""dataframe_split"": {""index"": [23640, 23641, 23642, 23643, 23644, 23645, 23646, 23647, 23648, 23649], ""columns"": [""index"", ""HighBP"", ""HighChol"", ""CholCheck"", ""BMI"", ""Smoker"", ""Stroke"", ""HeartDiseaseorAttack"", ""PhysActivity"", ""Fruits"", ""Veggies"", ""HvyAlcoholConsump"", ""AnyHealthcare"", ""NoDocbcCost"", ""GenHlth"", ""MentHlth"", ""PhysHlth"", ""DiffWalk"", ""Sex"", ""Age"", ""Education"", ""Income"", ""id""], ""data"": [[58898, 1.0, 1.0, 1.0, 36.0, 1.0, 0.0, 0.0, 1.0, 0.0, 0.0, 0.0, 1.0, 0.0, 1.0, 0.0, 2.0, 0.0, 1.0, 10.0, 4.0, 4.0, 58898], [58902, 0.0, 0.0, 1.0, 34.0, 0.0, 0.0, 0.0, 1.0, 0.0, 1.0, 0.0, 1.0, 0.0, 3.0, 0.0, 21.0, 0.0, 0.0, 11.0, 5.0, 5.0, 58902], [58903, 1.0, 1.0, 1.0, 28.0, 0.0, 0.0, 0.0, 0.0, 1.0, 1.0, 0.0, 1.0, 0.0, 4.0, 1.0, 20.0, 1.0, 1.0, 11.0, 6.0, 7.0, 58903], [58905, 1.0, 1.0, 1.0, 32.0, 0.0, 1.0, 0.0, 0.0, 1.0, 0.0, 0.0, 1.0, 1.0, 5.0, 30.0, 30.0, 1.0, 0.0, 11.0, 4.0, 2.0, 58905], [58906, 1.0, 0.0, 1.0, 30.0, 0.0, 0.0, 0.0, 0.0, 1.0, 1.0, 0.0, 1.0, 0.0, 2.0, 0.0, 0.0, 0.0, 0.0, 13.0, 3.0, 1.0, 58906], [58910, 1.0, 1.0, 1.0, 32.0, 0.0, 0.0, 1.0, 1.0, 1.0, 1.0, 0.0, 1.0, 0.0, 3.0, 0.0, 3.0, 1.0, 0.0, 13.0, 5.0, 5.0, 58910], [58911, 1.0, 0.0, 1.0, 22.0, 1.0, 0.0, 0.0, 1.0, 1.0, 1.0, 0.0, 1.0, 1.0, 5.0, 20.0, 5.0, 1.0, 1.0, 13.0, 3.0, 4.0, 58911], [58912, 1.0, 0.0, 1.0, 24.0, 0.0, 0.0, 1.0, 1.0, 1.0, 1.0, 0.0, 1.0, 0.0, 3.0, 0.0, 0.0, 0.0, 1.0, 10.0, 6.0, 6.0, 58912], [58914, 1.0, 0.0, 1.0, 21.0, 1.0, 0.0, 1.0, 1.0, 1.0, 0.0, 0.0, 1.0, 0.0, 4.0, 0.0, 0.0, 0.0, 1.0, 13.0, 4.0, 2.0, 58914], [58915, 1.0, 0.0, 1.0, 50.0, 0.0, 0.0, 0.0, 0.0, 1.0, 1.0, 0.0, 1.0, 0.0, 5.0, 1.0, 3.0, 1.0, 0.0, 10.0, 6.0, 8.0, 58915]]}}","{""predictions"": [1.0, 0.0, 1.0, 0.0, 1.0, 0.0, 0.0, 0.0, 0.0, 0.0]}",1,"{""model_name"":""demo_faddadbfcefc_model_monitor.ws_3551974319838082.diabetes_mo"",""endpoint_name"":""anupriya-malik-databricks-com_ML_AS04_Demo_3b"",""model_version"":""1""}"
null,afe8d27a-fff1-4ac6-90ce-5e05701fffd6,2024-09-28,1727528582665,200,5,"{""dataframe_split"": {""index"": [23650, 23651, 23652, 23653, 23654, 23655, 23656, 23657, 23658, 23659], ""columns"": [""index"", ""HighBP"", ""HighChol"", ""CholCheck"", ""BMI"", ""Smoker"", ""Stroke"", ""HeartDiseaseorAttack"", ""PhysActivity"", ""Fruits"", ""Veggies"", ""HvyAlcoholConsump"", ""AnyHealthcare"", ""NoDocbcCost"", ""GenHlth"", ""MentHlth"", ""PhysHlth"", ""DiffWalk"", ""Sex"", ""Age"", ""Education"", ""Income"", ""id""], ""data"": [[58917, 0.0, 0.0, 1.0, 38.0, 0.0, 0.0, 0.0, 1.0, 1.0, 1.0, 1.0, 1.0, 0.0, 3.0, 0.0, 0.0, 0.0, 1.0, 10.0, 4.0, 2.0, 58917], [58919, 0.0, 0.0, 1.0, 27.0, 1.0, 0.0, 0.0, 1.0, 1.0, 1.0, 0.0, 1.0, 0.0, 2.0, 0.0, 2.0, 0.0, 0.0, 10.0, 6.0, 6.0, 58919], [58922, 1.0, 1.0, 1.0, 36.0, 1.0, 0.0, 0.0, 1.0, 1.0, 1.0, 0.0, 1.0, 0.0, 2.0, 0.0, 0.0, 0.0, 0.0, 11.0, 6.0, 8.0, 58922], [58923, 1.0, 1.0, 1.0, 35.0, 1.0, 0.0, 0.0, 1.0, 0.0, 1.0, 0.0, 1.0, 0.0, 3.0, 0.0, 0.0, 0.0, 1.0, 11.0, 4.0, 7.0, 58923], [58924, 1.0, 1.0, 1.0, 37.0, 1.0, 0.0, 0.0, 1.0, 0.0, 0.0, 0.0, 1.0, 0.0, 3.0, 0.0, 2.0, 0.0, 0.0, 11.0, 5.0, 1.0, 58924], [58927, 1.0, 1.0, 1.0, 35.0, 0.0, 0.0, 0.0, 1.0, 1.0, 1.0, 0.0, 1.0, 0.0, 4.0, 0.0, 2.0, 1.0, 0.0, 10.0, 3.0, 1.0, 58927], [58929, 1.0, 0.0, 1.0, 28.0, 0.0, 0.0, 1.0, 1.0, 1.0, 0.0, 0.0, 1.0, 0.0, 3.0, 0.0, 1.0, 0.0, 1.0, 10.0, 6.0, 7.0, 58929], [58930, 1.0, 1.0, 1.0, 26.0, 0.0, 0.0, 0.0, 1.0, 0.0, 0.0, 0.0, 1.0, 0.0, 4.0, 0.0, 0.0, 0.0, 1.0, 13.0, 2.0, 1.0, 58930], [58932, 1.0, 1.0, 1.0, 24.0, 0.0, 0.0, 1.0, 0.0, 1.0, 1.0, 0.0, 1.0, 0.0, 4.0, 5.0, 20.0, 0.0, 0.0, 11.0, 4.0, 3.0, 58932], [58933, 1.0, 1.0, 1.0, 30.0, 1.0, 0.0, 0.0, 1.0, 1.0, 1.0, 0.0, 1.0, 0.0, 3.0, 0.0, 0.0, 0.0, 1.0, 10.0, 5.0, 8.0, 58933]]}}","{""predictions"": [1.0, 1.0, 1.0, 1.0, 1.0, 1.0, 1.0, 1.0, 1.0, 1.0]}",1,"{""model_name"":""demo_faddadbfcefc_model_monitor.ws_3551974319838082.diabetes_mo"",""endpoint_name"":""anupriya-malik-databricks-com_ML_AS04_Demo_3b"",""model_version"":""1""}"
null,22b83ea3-770a-4fc0-897a-41e9242bd4d8,2024-09-28,1727528582695,200,5,"{""dataframe_split"": {""index"": [23660, 23661, 23662, 23663, 23664, 23665, 23666, 23667, 23668, 23669], ""columns"": [""index"", ""HighBP"", ""HighChol"", ""CholCheck"", ""BMI"", ""Smoker"", ""Stroke"", ""HeartDiseaseorAttack"", ""PhysActivity"", ""Fruits"", ""Veggies"", ""HvyAlcoholConsump"", ""AnyHealthcare"", ""NoDocbcCost"", ""GenHlth"", ""MentHlth"", ""PhysHlth"", ""DiffWalk"", ""Sex"", ""Age"", ""Education"", ""Income"", ""id""], ""data"": [[58934, 1.0, 0.0, 1.0, 30.0, 1.0, 0.0, 0.0, 0.0, 0.0, 1.0, 0.0, 1.0, 0.0, 3.0, 0.0, 0.0, 0.0, 1.0, 13.0, 2.0, 3.0, 58934], [58935, 1.0, 0.0, 1.0, 29.0, 1.0, 0.0, 0.0, 1.0, 0.0, 0.0, 0.0, 1.0, 0.0, 3.0, 2.0, 0.0, 0.0, 1.0, 12.0, 6.0, 8.0, 58935], [58937, 1.0, 0.0, 1.0, 33.0, 0.0, 0.0, 0.0, 1.0, 1.0, 1.0, 0.0, 1.0, 0.0, 4.0, 0.0, 0.0, 0.0, 0.0, 10.0, 6.0, 7.0, 58937], [58940, 1.0, 1.0, 1.0, 34.0, 1.0, 0.0, 1.0, 0.0, 1.0, 1.0, 0.0, 1.0, 0.0, 4.0, 0.0, 2.0, 1.0, 0.0, 10.0, 5.0, 5.0, 58940], [58942, 1.0, 0.0, 1.0, 22.0, 0.0, 0.0, 1.0, 1.0, 1.0, 0.0, 0.0, 0.0, 0.0, 3.0, 0.0, 5.0, 0.0, 1.0, 12.0, 4.0, 4.0, 58942], [58943, 1.0, 0.0, 1.0, 24.0, 1.0, 0.0, 1.0, 1.0, 0.0, 1.0, 0.0, 1.0, 0.0, 5.0, 0.0, 30.0, 0.0, 1.0, 12.0, 5.0, 3.0, 58943], [58944, 1.0, 1.0, 1.0, 33.0, 0.0, 1.0, 1.0, 0.0, 0.0, 0.0, 0.0, 1.0, 0.0, 5.0, 5.0, 30.0, 1.0, 0.0, 13.0, 6.0, 3.0, 58944], [58947, 0.0, 1.0, 1.0, 31.0, 1.0, 0.0, 0.0, 1.0, 0.0, 0.0, 0.0, 1.0, 0.0, 2.0, 0.0, 3.0, 0.0, 1.0, 10.0, 5.0, 5.0, 58947], [58948, 1.0, 1.0, 1.0, 29.0, 1.0, 0.0, 0.0, 0.0, 0.0, 1.0, 0.0, 1.0, 0.0, 4.0, 5.0, 5.0, 1.0, 0.0, 11.0, 4.0, 6.0, 58948], [58949, 1.0, 0.0, 1.0, 31.0, 1.0, 0.0, 1.0, 1.0, 1.0, 1.0, 0.0, 1.0, 0.0, 3.0, 0.0, 10.0, 0.0, 1.0, 13.0, 6.0, 8.0, 58949]]}}","{""predictions"": [0.0, 1.0, 1.0, 1.0, 0.0, 1.0, 1.0, 1.0, 1.0, 1.0]}",1,"{""model_name"":""demo_faddadbfcefc_model_monitor.ws_3551974319838082.diabetes_mo"",""endpoint_name"":""anupriya-malik-databricks-com_ML_AS04_Demo_3b"",""model_version"":""1""}"
null,516b4b8d-fca0-41e2-a5ae-b66acc88a0cc,2024-09-28,1727528582815,200,5,"{""dataframe_split"": {""index"": [23700, 23701, 23702, 23703, 23704, 23705, 23706, 23707, 23708, 23709], ""columns"": [""index"", ""HighBP"", ""HighChol"", ""CholCheck"", ""BMI"", ""Smoker"", ""Stroke"", ""HeartDiseaseorAttack"", ""PhysActivity"", ""Fruits"", ""Veggies"", ""HvyAlcoholConsump"", ""AnyHealthcare"", ""NoDocbcCost"", ""GenHlth"", ""MentHlth"", ""PhysHlth"", ""DiffWalk"", ""Sex"", ""Age"", ""Education"", ""Income"", ""id""], ""data"": [[59001, 1.0, 1.0, 1.0, 25.0, 0.0, 0.0, 1.0, 0.0, 1.0, 0.0, 0.0, 1.0, 0.0, 4.0, 20.0, 3.0, 1.0, 0.0, 12.0, 4.0, 3.0, 59001], [59002, 1.0, 1.0, 1.0, 37.0, 0.0, 0.0, 0.0, 0.0, 1.0, 1.0, 0.0, 1.0, 0.0, 4.0, 0.0, 0.0, 1.0, 1.0, 10.0, 4.0, 2.0, 59002], [59004, 0.0, 0.0, 1.0, 24.0, 1.0, 0.0, 1.0, 1.0, 1.0, 0.0, 0.0, 1.0, 0.0, 1.0, 15.0, 0.0, 1.0, 1.0, 13.0, 4.0, 8.0, 59004], [59005, 1.0, 1.0, 1.0, 43.0, 0.0, 0.0, 0.0, 1.0, 1.0, 1.0, 0.0, 1.0, 0.0, 4.0, 0.0, 15.0, 1.0, 0.0, 10.0, 4.0, 1.0, 59005], [59006, 0.0, 0.0, 1.0, 30.0, 1.0, 0.0, 0.0, 0.0, 0.0, 1.0, 0.0, 1.0, 0.0, 4.0, 30.0, 15.0, 1.0, 0.0, 10.0, 4.0, 5.0, 59006], [59009, 1.0, 1.0, 1.0, 25.0, 1.0, 0.0, 1.0, 1.0, 1.0, 1.0, 0.0, 1.0, 0.0, 4.0, 0.0, 30.0, 0.0, 1.0, 11.0, 5.0, 6.0, 59009], [59010, 1.0, 1.0, 1.0, 39.0, 0.0, 0.0, 0.0, 0.0, 1.0, 0.0, 0.0, 1.0, 0.0, 3.0, 0.0, 0.0, 0.0, 0.0, 11.0, 3.0, 2.0, 59010], [59011, 1.0, 1.0, 1.0, 24.0, 0.0, 0.0, 0.0, 1.0, 1.0, 0.0, 0.0, 1.0, 0.0, 3.0, 0.0, 15.0, 1.0, 0.0, 12.0, 5.0, 5.0, 59011], [59013, 1.0, 1.0, 1.0, 31.0, 1.0, 0.0, 1.0, 0.0, 1.0, 1.0, 0.0, 0.0, 1.0, 4.0, 30.0, 14.0, 1.0, 0.0, 10.0, 4.0, 3.0, 59013], [59016, 1.0, 1.0, 1.0, 32.0, 1.0, 0.0, 0.0, 0.0, 0.0, 0.0, 0.0, 1.0, 1.0, 4.0, 30.0, 4.0, 0.0, 0.0, 10.0, 3.0, 8.0, 59016]]}}","{""predictions"": [1.0, 1.0, 0.0, 1.0, 0.0, 1.0, 0.0, 1.0, 0.0, 0.0]}",1,"{""model_name"":""demo_faddadbfcefc_model_monitor.ws_3551974319838082.diabetes_mo"",""endpoint_name"":""anupriya-malik-databricks-com_ML_AS04_Demo_3b"",""model_version"":""1""}"
null,0b4849b7-75ce-4d29-bd92-d976be64c84c,2024-09-28,1727528583001,200,5,"{""dataframe_split"": {""index"": [23760, 23761, 23762, 23763, 23764, 23765, 23766, 23767, 23768, 23769], ""columns"": [""index"", ""HighBP"", ""HighChol"", ""CholCheck"", ""BMI"", ""Smoker"", ""Stroke"", ""HeartDiseaseorAttack"", ""PhysActivity"", ""Fruits"", ""Veggies"", ""HvyAlcoholConsump"", ""AnyHealthcare"", ""NoDocbcCost"", ""GenHlth"", ""MentHlth"", ""PhysHlth"", ""DiffWalk"", ""Sex"", ""Age"", ""Education"", ""Income"", ""id""], ""data"": [[59110, 1.0, 0.0, 1.0, 33.0, 1.0, 0.0, 0.0, 0.0, 0.0, 1.0, 0.0, 1.0, 0.0, 4.0, 0.0, 0.0, 0.0, 0.0, 12.0, 4.0, 3.0, 59110], [59112, 0.0, 0.0, 1.0, 27.0, 1.0, 0.0, 0.0, 1.0, 1.0, 1.0, 0.0, 1.0, 0.0, 3.0, 0.0, 0.0, 0.0, 0.0, 11.0, 4.0, 4.0, 59112], [59116, 0.0, 0.0, 1.0, 34.0, 0.0, 0.0, 0.0, 1.0, 1.0, 1.0, 0.0, 1.0, 0.0, 1.0, 0.0, 0.0, 0.0, 1.0, 11.0, 4.0, 6.0, 59116], [59118, 1.0, 1.0, 1.0, 30.0, 0.0, 0.0, 0.0, 1.0, 1.0, 1.0, 0.0, 1.0, 0.0, 3.0, 0.0, 1.0, 0.0, 1.0, 11.0, 6.0, 6.0, 59118], [59120, 0.0, 0.0, 1.0, 25.0, 0.0, 0.0, 0.0, 1.0, 1.0, 1.0, 0.0, 1.0, 0.0, 2.0, 0.0, 0.0, 1.0, 1.0, 12.0, 4.0, 5.0, 59120], [59121, 1.0, 1.0, 1.0, 29.0, 1.0, 0.0, 0.0, 1.0, 1.0, 1.0, 0.0, 1.0, 0.0, 2.0, 0.0, 0.0, 0.0, 0.0, 11.0, 4.0, 2.0, 59121], [59123, 1.0, 1.0, 1.0, 29.0, 0.0, 0.0, 0.0, 1.0, 1.0, 1.0, 0.0, 1.0, 0.0, 2.0, 0.0, 0.0, 0.0, 0.0, 10.0, 4.0, 4.0, 59123], [59128, 1.0, 1.0, 1.0, 40.0, 1.0, 0.0, 0.0, 1.0, 0.0, 1.0, 0.0, 1.0, 0.0, 4.0, 0.0, 30.0, 1.0, 0.0, 10.0, 6.0, 8.0, 59128], [59129, 1.0, 1.0, 1.0, 27.0, 1.0, 1.0, 0.0, 1.0, 1.0, 1.0, 0.0, 1.0, 0.0, 3.0, 0.0, 0.0, 0.0, 1.0, 13.0, 2.0, 5.0, 59129], [59130, 1.0, 1.0, 1.0, 28.0, 0.0, 0.0, 0.0, 1.0, 0.0, 0.0, 0.0, 1.0, 0.0, 2.0, 0.0, 0.0, 0.0, 1.0, 10.0, 6.0, 8.0, 59130]]}}","{""predictions"": [0.0, 1.0, 0.0, 0.0, 0.0, 1.0, 0.0, 1.0, 1.0, 1.0]}",1,"{""model_name"":""demo_faddadbfcefc_model_monitor.ws_3551974319838082.diabetes_mo"",""endpoint_name"":""anupriya-malik-databricks-com_ML_AS04_Demo_3b"",""model_version"":""1""}"
null,c0688412-0926-43ce-901a-8713c07daf8d,2024-09-28,1727528583636,200,5,"{""dataframe_split"": {""index"": [23970, 23971, 23972, 23973, 23974, 23975, 23976, 23977, 23978, 23979], ""columns"": [""index"", ""HighBP"", ""HighChol"", ""CholCheck"", ""BMI"", ""Smoker"", ""Stroke"", ""HeartDiseaseorAttack"", ""PhysActivity"", ""Fruits"", ""Veggies"", ""HvyAlcoholConsump"", ""AnyHealthcare"", ""NoDocbcCost"", ""GenHlth"", ""MentHlth"", ""PhysHlth"", ""DiffWalk"", ""Sex"", ""Age"", ""Education"", ""Income"", ""id""], ""data"": [[59466, 0.0, 0.0, 1.0, 21.0, 0.0, 0.0, 0.0, 1.0, 1.0, 1.0, 0.0, 1.0, 0.0, 3.0, 0.0, 0.0, 1.0, 0.0, 11.0, 6.0, 2.0, 59466], [59470, 0.0, 1.0, 1.0, 34.0, 1.0, 0.0, 1.0, 1.0, 1.0, 1.0, 0.0, 1.0, 0.0, 3.0, 0.0, 0.0, 0.0, 1.0, 10.0, 6.0, 8.0, 59470], [59471, 1.0, 1.0, 1.0, 28.0, 1.0, 0.0, 0.0, 0.0, 1.0, 1.0, 0.0, 1.0, 0.0, 5.0, 0.0, 30.0, 0.0, 1.0, 13.0, 4.0, 4.0, 59471], [59472, 1.0, 1.0, 1.0, 30.0, 1.0, 0.0, 0.0, 0.0, 1.0, 0.0, 0.0, 1.0, 0.0, 3.0, 0.0, 0.0, 0.0, 0.0, 10.0, 4.0, 1.0, 59472], [59476, 0.0, 0.0, 1.0, 30.0, 1.0, 0.0, 0.0, 0.0, 0.0, 0.0, 0.0, 1.0, 0.0, 4.0, 0.0, 0.0, 0.0, 1.0, 12.0, 4.0, 8.0, 59476], [59477, 1.0, 1.0, 1.0, 28.0, 1.0, 0.0, 0.0, 0.0, 0.0, 1.0, 0.0, 0.0, 0.0, 3.0, 2.0, 28.0, 0.0, 1.0, 13.0, 4.0, 6.0, 59477], [59480, 1.0, 1.0, 1.0, 20.0, 0.0, 0.0, 1.0, 1.0, 1.0, 0.0, 0.0, 1.0, 0.0, 4.0, 3.0, 0.0, 0.0, 1.0, 13.0, 6.0, 5.0, 59480], [59482, 1.0, 1.0, 1.0, 25.0, 1.0, 0.0, 1.0, 0.0, 0.0, 1.0, 0.0, 1.0, 0.0, 5.0, 0.0, 20.0, 1.0, 1.0, 12.0, 5.0, 5.0, 59482], [59485, 1.0, 1.0, 1.0, 36.0, 1.0, 1.0, 1.0, 1.0, 1.0, 1.0, 0.0, 1.0, 0.0, 3.0, 0.0, 0.0, 1.0, 0.0, 10.0, 5.0, 2.0, 59485], [59486, 1.0, 1.0, 1.0, 23.0, 0.0, 0.0, 1.0, 0.0, 1.0, 1.0, 0.0, 1.0, 0.0, 5.0, 0.0, 30.0, 1.0, 0.0, 12.0, 2.0, 3.0, 59486]]}}","{""predictions"": [0.0, 1.0, 1.0, 0.0, 1.0, 1.0, 1.0, 1.0, 1.0, 1.0]}",1,"{""model_name"":""demo_faddadbfcefc_model_monitor.ws_3551974319838082.diabetes_mo"",""endpoint_name"":""anupriya-malik-databricks-com_ML_AS04_Demo_3b"",""model_version"":""1""}"
null,2c756fb4-e721-49e5-b396-097c1f5fd5f7,2024-09-28,1727528583664,200,5,"{""dataframe_split"": {""index"": [23980, 23981, 23982, 23983, 23984, 23985, 23986, 23987, 23988, 23989], ""columns"": [""index"", ""HighBP"", ""HighChol"", ""CholCheck"", ""BMI"", ""Smoker"", ""Stroke"", ""HeartDiseaseorAttack"", ""PhysActivity"", ""Fruits"", ""Veggies"", ""HvyAlcoholConsump"", ""AnyHealthcare"", ""NoDocbcCost"", ""GenHlth"", ""MentHlth"", ""PhysHlth"", ""DiffWalk"", ""Sex"", ""Age"", ""Education"", ""Income"", ""id""], ""data"": [[59487, 1.0, 0.0, 1.0, 35.0, 0.0, 0.0, 1.0, 1.0, 1.0, 1.0, 0.0, 1.0, 0.0, 5.0, 0.0, 30.0, 1.0, 0.0, 12.0, 5.0, 4.0, 59487], [59488, 1.0, 0.0, 1.0, 25.0, 1.0, 1.0, 0.0, 1.0, 1.0, 1.0, 0.0, 1.0, 0.0, 3.0, 0.0, 0.0, 0.0, 0.0, 12.0, 5.0, 5.0, 59488], [59489, 1.0, 1.0, 1.0, 30.0, 0.0, 0.0, 0.0, 1.0, 1.0, 1.0, 0.0, 1.0, 0.0, 3.0, 0.0, 5.0, 1.0, 0.0, 10.0, 5.0, 8.0, 59489], [59490, 0.0, 0.0, 1.0, 31.0, 1.0, 0.0, 0.0, 0.0, 1.0, 0.0, 0.0, 1.0, 0.0, 4.0, 0.0, 30.0, 0.0, 0.0, 10.0, 3.0, 2.0, 59490], [59492, 0.0, 1.0, 1.0, 43.0, 0.0, 0.0, 0.0, 1.0, 0.0, 1.0, 0.0, 1.0, 0.0, 3.0, 0.0, 0.0, 0.0, 1.0, 10.0, 5.0, 8.0, 59492], [59495, 0.0, 0.0, 1.0, 29.0, 1.0, 0.0, 1.0, 1.0, 0.0, 1.0, 0.0, 1.0, 0.0, 3.0, 0.0, 0.0, 0.0, 1.0, 13.0, 4.0, 3.0, 59495], [59496, 1.0, 1.0, 1.0, 37.0, 0.0, 0.0, 0.0, 1.0, 0.0, 0.0, 0.0, 1.0, 0.0, 3.0, 0.0, 0.0, 0.0, 0.0, 10.0, 3.0, 2.0, 59496], [59498, 0.0, 1.0, 1.0, 27.0, 0.0, 1.0, 0.0, 1.0, 1.0, 1.0, 0.0, 1.0, 0.0, 2.0, 0.0, 0.0, 0.0, 0.0, 13.0, 4.0, 4.0, 59498], [59501, 1.0, 1.0, 1.0, 28.0, 0.0, 0.0, 1.0, 1.0, 0.0, 1.0, 0.0, 1.0, 0.0, 2.0, 0.0, 0.0, 0.0, 1.0, 11.0, 4.0, 8.0, 59501], [59502, 1.0, 1.0, 1.0, 32.0, 1.0, 0.0, 0.0, 0.0, 1.0, 1.0, 0.0, 1.0, 0.0, 5.0, 3.0, 30.0, 1.0, 0.0, 11.0, 4.0, 2.0, 59502]]}}","{""predictions"": [1.0, 0.0, 1.0, 0.0, 0.0, 1.0, 1.0, 0.0, 0.0, 1.0]}",1,"{""model_name"":""demo_faddadbfcefc_model_monitor.ws_3551974319838082.diabetes_mo"",""endpoint_name"":""anupriya-malik-databricks-com_ML_AS04_Demo_3b"",""model_version"":""1""}"
null,22441f2d-bf63-4867-bba4-34a535770fa2,2024-09-28,1727528583696,200,5,"{""dataframe_split"": {""index"": [23990, 23991, 23992, 23993, 23994, 23995, 23996, 23997, 23998, 23999], ""columns"": [""index"", ""HighBP"", ""HighChol"", ""CholCheck"", ""BMI"", ""Smoker"", ""Stroke"", ""HeartDiseaseorAttack"", ""PhysActivity"", ""Fruits"", ""Veggies"", ""HvyAlcoholConsump"", ""AnyHealthcare"", ""NoDocbcCost"", ""GenHlth"", ""MentHlth"", ""PhysHlth"", ""DiffWalk"", ""Sex"", ""Age"", ""Education"", ""Income"", ""id""], ""data"": [[59503, 1.0, 1.0, 1.0, 39.0, 0.0, 0.0, 0.0, 1.0, 1.0, 0.0, 0.0, 1.0, 0.0, 3.0, 0.0, 2.0, 0.0, 0.0, 10.0, 5.0, 6.0, 59503], [59504, 1.0, 1.0, 1.0, 27.0, 1.0, 0.0, 0.0, 1.0, 1.0, 1.0, 0.0, 1.0, 0.0, 4.0, 0.0, 0.0, 0.0, 1.0, 12.0, 4.0, 5.0, 59504], [59506, 1.0, 1.0, 1.0, 25.0, 0.0, 1.0, 0.0, 0.0, 0.0, 1.0, 0.0, 1.0, 0.0, 5.0, 30.0, 25.0, 1.0, 0.0, 10.0, 6.0, 5.0, 59506], [59509, 1.0, 0.0, 1.0, 25.0, 0.0, 1.0, 0.0, 0.0, 1.0, 0.0, 0.0, 1.0, 0.0, 5.0, 10.0, 20.0, 1.0, 1.0, 13.0, 6.0, 5.0, 59509], [59510, 1.0, 1.0, 1.0, 31.0, 0.0, 0.0, 0.0, 0.0, 0.0, 1.0, 0.0, 1.0, 0.0, 5.0, 0.0, 30.0, 0.0, 1.0, 11.0, 4.0, 7.0, 59510], [59511, 1.0, 0.0, 1.0, 41.0, 1.0, 0.0, 0.0, 0.0, 1.0, 1.0, 0.0, 1.0, 0.0, 2.0, 2.0, 2.0, 1.0, 1.0, 11.0, 6.0, 8.0, 59511], [59513, 1.0, 0.0, 1.0, 25.0, 1.0, 0.0, 0.0, 0.0, 1.0, 1.0, 0.0, 1.0, 0.0, 2.0, 1.0, 0.0, 0.0, 0.0, 12.0, 5.0, 7.0, 59513], [59514, 1.0, 1.0, 1.0, 26.0, 1.0, 0.0, 0.0, 1.0, 1.0, 1.0, 0.0, 1.0, 0.0, 3.0, 0.0, 3.0, 0.0, 0.0, 13.0, 4.0, 2.0, 59514], [59515, 1.0, 1.0, 1.0, 25.0, 1.0, 0.0, 1.0, 1.0, 1.0, 1.0, 0.0, 1.0, 0.0, 3.0, 0.0, 0.0, 0.0, 1.0, 11.0, 6.0, 8.0, 59515], [59516, 1.0, 1.0, 1.0, 37.0, 1.0, 0.0, 1.0, 0.0, 0.0, 1.0, 0.0, 1.0, 1.0, 5.0, 0.0, 3.0, 1.0, 0.0, 10.0, 5.0, 5.0, 59516]]}}","{""predictions"": [1.0, 0.0, 1.0, 1.0, 1.0, 0.0, 0.0, 0.0, 1.0, 1.0]}",1,"{""model_name"":""demo_faddadbfcefc_model_monitor.ws_3551974319838082.diabetes_mo"",""endpoint_name"":""anupriya-malik-databricks-com_ML_AS04_Demo_3b"",""model_version"":""1""}"
null,1fc97c57-6e69-44de-8215-b359c4efb55b,2024-09-28,1727528583728,200,5,"{""dataframe_split"": {""index"": [24000, 24001, 24002, 24003, 24004, 24005, 24006, 24007, 24008, 24009], ""columns"": [""index"", ""HighBP"", ""HighChol"", ""CholCheck"", ""BMI"", ""Smoker"", ""Stroke"", ""HeartDiseaseorAttack"", ""PhysActivity"", ""Fruits"", ""Veggies"", ""HvyAlcoholConsump"", ""AnyHealthcare"", ""NoDocbcCost"", ""GenHlth"", ""MentHlth"", ""PhysHlth"", ""DiffWalk"", ""Sex"", ""Age"", ""Education"", ""Income"", ""id""], ""data"": [[59517, 0.0, 0.0, 1.0, 23.0, 1.0, 0.0, 0.0, 1.0, 1.0, 1.0, 0.0, 1.0, 1.0, 3.0, 7.0, 6.0, 0.0, 1.0, 10.0, 5.0, 8.0, 59517], [59519, 1.0, 1.0, 1.0, 33.0, 1.0, 1.0, 0.0, 0.0, 0.0, 0.0, 0.0, 1.0, 0.0, 2.0, 25.0, 0.0, 1.0, 1.0, 10.0, 3.0, 4.0, 59519], [59521, 1.0, 0.0, 1.0, 28.0, 0.0, 0.0, 0.0, 0.0, 0.0, 1.0, 0.0, 1.0, 1.0, 4.0, 30.0, 30.0, 1.0, 1.0, 10.0, 4.0, 5.0, 59521], [59522, 1.0, 1.0, 1.0, 24.0, 1.0, 0.0, 0.0, 1.0, 1.0, 1.0, 0.0, 1.0, 0.0, 2.0, 0.0, 4.0, 0.0, 1.0, 13.0, 4.0, 4.0, 59522], [59523, 1.0, 1.0, 1.0, 29.0, 1.0, 0.0, 0.0, 0.0, 1.0, 1.0, 0.0, 1.0, 0.0, 3.0, 0.0, 0.0, 0.0, 1.0, 12.0, 4.0, 2.0, 59523], [59524, 1.0, 0.0, 1.0, 22.0, 1.0, 0.0, 0.0, 1.0, 1.0, 1.0, 0.0, 1.0, 0.0, 3.0, 0.0, 0.0, 0.0, 0.0, 11.0, 5.0, 4.0, 59524], [59526, 0.0, 0.0, 1.0, 29.0, 1.0, 0.0, 0.0, 1.0, 1.0, 1.0, 0.0, 1.0, 0.0, 2.0, 0.0, 0.0, 0.0, 0.0, 11.0, 5.0, 6.0, 59526], [59527, 1.0, 1.0, 1.0, 26.0, 1.0, 0.0, 0.0, 0.0, 0.0, 0.0, 0.0, 1.0, 0.0, 4.0, 7.0, 0.0, 0.0, 1.0, 11.0, 4.0, 6.0, 59527], [59531, 0.0, 1.0, 1.0, 26.0, 0.0, 0.0, 0.0, 1.0, 0.0, 1.0, 0.0, 1.0, 0.0, 4.0, 10.0, 25.0, 1.0, 0.0, 12.0, 4.0, 3.0, 59531], [59532, 1.0, 0.0, 1.0, 27.0, 1.0, 0.0, 0.0, 1.0, 1.0, 1.0, 0.0, 1.0, 0.0, 3.0, 0.0, 0.0, 1.0, 0.0, 11.0, 5.0, 4.0, 59532]]}}","{""predictions"": [0.0, 0.0, 1.0, 0.0, 0.0, 0.0, 0.0, 0.0, 1.0, 1.0]}",1,"{""model_name"":""demo_faddadbfcefc_model_monitor.ws_3551974319838082.diabetes_mo"",""endpoint_name"":""anupriya-malik-databricks-com_ML_AS04_Demo_3b"",""model_version"":""1""}"
null,db633716-1b23-4061-977d-026344435967,2024-09-28,1727528583757,200,5,"{""dataframe_split"": {""index"": [24010, 24011, 24012, 24013, 24014, 24015, 24016, 24017, 24018, 24019], ""columns"": [""index"", ""HighBP"", ""HighChol"", ""CholCheck"", ""BMI"", ""Smoker"", ""Stroke"", ""HeartDiseaseorAttack"", ""PhysActivity"", ""Fruits"", ""Veggies"", ""HvyAlcoholConsump"", ""AnyHealthcare"", ""NoDocbcCost"", ""GenHlth"", ""MentHlth"", ""PhysHlth"", ""DiffWalk"", ""Sex"", ""Age"", ""Education"", ""Income"", ""id""], ""data"": [[59533, 1.0, 1.0, 1.0, 38.0, 0.0, 0.0, 0.0, 1.0, 0.0, 1.0, 0.0, 1.0, 0.0, 4.0, 2.0, 0.0, 1.0, 0.0, 12.0, 4.0, 5.0, 59533], [59535, 1.0, 1.0, 1.0, 27.0, 1.0, 0.0, 1.0, 0.0, 0.0, 1.0, 0.0, 1.0, 0.0, 4.0, 0.0, 0.0, 1.0, 1.0, 10.0, 4.0, 6.0, 59535], [59539, 1.0, 1.0, 1.0, 33.0, 0.0, 0.0, 0.0, 1.0, 0.0, 0.0, 0.0, 1.0, 1.0, 3.0, 2.0, 5.0, 1.0, 0.0, 10.0, 4.0, 6.0, 59539], [59540, 1.0, 0.0, 1.0, 24.0, 0.0, 1.0, 0.0, 1.0, 1.0, 1.0, 0.0, 1.0, 0.0, 4.0, 0.0, 10.0, 0.0, 0.0, 13.0, 3.0, 4.0, 59540], [59541, 1.0, 1.0, 1.0, 29.0, 1.0, 0.0, 0.0, 1.0, 1.0, 0.0, 0.0, 1.0, 0.0, 3.0, 5.0, 30.0, 0.0, 1.0, 10.0, 4.0, 6.0, 59541], [59543, 0.0, 0.0, 1.0, 33.0, 0.0, 0.0, 1.0, 1.0, 1.0, 1.0, 0.0, 1.0, 0.0, 2.0, 0.0, 0.0, 0.0, 1.0, 10.0, 6.0, 8.0, 59543], [59544, 1.0, 1.0, 1.0, 27.0, 1.0, 1.0, 1.0, 0.0, 0.0, 1.0, 0.0, 1.0, 0.0, 5.0, 0.0, 30.0, 1.0, 0.0, 10.0, 5.0, 2.0, 59544], [59546, 1.0, 1.0, 1.0, 34.0, 1.0, 1.0, 0.0, 0.0, 1.0, 1.0, 0.0, 1.0, 0.0, 5.0, 0.0, 30.0, 1.0, 0.0, 13.0, 4.0, 5.0, 59546], [59547, 1.0, 0.0, 1.0, 28.0, 0.0, 0.0, 0.0, 0.0, 1.0, 0.0, 0.0, 1.0, 0.0, 3.0, 5.0, 8.0, 0.0, 0.0, 10.0, 4.0, 4.0, 59547], [59548, 1.0, 1.0, 1.0, 29.0, 0.0, 0.0, 0.0, 1.0, 1.0, 1.0, 0.0, 1.0, 0.0, 2.0, 0.0, 0.0, 0.0, 0.0, 10.0, 4.0, 4.0, 59548]]}}","{""predictions"": [1.0, 1.0, 0.0, 1.0, 1.0, 0.0, 1.0, 1.0, 0.0, 0.0]}",1,"{""model_name"":""demo_faddadbfcefc_model_monitor.ws_3551974319838082.diabetes_mo"",""endpoint_name"":""anupriya-malik-databricks-com_ML_AS04_Demo_3b"",""model_version"":""1""}"
null,7d08fbaa-76c0-4edf-9ee4-a1fd4ee01080,2024-09-28,1727528584066,200,5,"{""dataframe_split"": {""index"": [24110, 24111, 24112, 24113, 24114, 24115, 24116, 24117, 24118, 24119], ""columns"": [""index"", ""HighBP"", ""HighChol"", ""CholCheck"", ""BMI"", ""Smoker"", ""Stroke"", ""HeartDiseaseorAttack"", ""PhysActivity"", ""Fruits"", ""Veggies"", ""HvyAlcoholConsump"", ""AnyHealthcare"", ""NoDocbcCost"", ""GenHlth"", ""MentHlth"", ""PhysHlth"", ""DiffWalk"", ""Sex"", ""Age"", ""Education"", ""Income"", ""id""], ""data"": [[59747, 1.0, 0.0, 1.0, 38.0, 1.0, 1.0, 1.0, 0.0, 1.0, 1.0, 0.0, 1.0, 0.0, 4.0, 0.0, 15.0, 1.0, 0.0, 13.0, 6.0, 4.0, 59747], [59748, 0.0, 1.0, 1.0, 36.0, 1.0, 0.0, 0.0, 1.0, 1.0, 1.0, 0.0, 1.0, 0.0, 4.0, 0.0, 0.0, 0.0, 1.0, 11.0, 3.0, 3.0, 59748], [59751, 1.0, 1.0, 1.0, 32.0, 0.0, 0.0, 0.0, 0.0, 1.0, 1.0, 0.0, 1.0, 0.0, 1.0, 0.0, 0.0, 0.0, 0.0, 10.0, 5.0, 6.0, 59751], [59755, 1.0, 1.0, 1.0, 28.0, 0.0, 0.0, 1.0, 0.0, 1.0, 1.0, 0.0, 1.0, 0.0, 3.0, 0.0, 0.0, 0.0, 0.0, 13.0, 2.0, 3.0, 59755], [59756, 1.0, 0.0, 1.0, 27.0, 0.0, 1.0, 0.0, 1.0, 1.0, 0.0, 0.0, 1.0, 0.0, 3.0, 0.0, 14.0, 0.0, 1.0, 10.0, 5.0, 5.0, 59756], [59759, 0.0, 0.0, 1.0, 30.0, 0.0, 0.0, 0.0, 1.0, 1.0, 1.0, 0.0, 1.0, 1.0, 1.0, 0.0, 5.0, 0.0, 0.0, 11.0, 5.0, 8.0, 59759], [59762, 0.0, 1.0, 1.0, 22.0, 0.0, 0.0, 0.0, 1.0, 0.0, 0.0, 0.0, 1.0, 0.0, 3.0, 0.0, 0.0, 0.0, 0.0, 12.0, 6.0, 4.0, 59762], [59763, 1.0, 1.0, 1.0, 25.0, 1.0, 0.0, 1.0, 1.0, 1.0, 0.0, 0.0, 1.0, 0.0, 2.0, 0.0, 0.0, 1.0, 1.0, 11.0, 5.0, 7.0, 59763], [59766, 1.0, 1.0, 1.0, 28.0, 1.0, 0.0, 0.0, 1.0, 1.0, 1.0, 0.0, 1.0, 0.0, 2.0, 0.0, 0.0, 0.0, 1.0, 12.0, 6.0, 8.0, 59766], [59767, 1.0, 0.0, 1.0, 27.0, 1.0, 0.0, 0.0, 0.0, 1.0, 1.0, 0.0, 1.0, 0.0, 3.0, 0.0, 2.0, 1.0, 0.0, 13.0, 4.0, 3.0, 59767]]}}","{""predictions"": [1.0, 1.0, 0.0, 1.0, 1.0, 0.0, 0.0, 1.0, 0.0, 1.0]}",1,"{""model_name"":""demo_faddadbfcefc_model_monitor.ws_3551974319838082.diabetes_mo"",""endpoint_name"":""anupriya-malik-databricks-com_ML_AS04_Demo_3b"",""model_version"":""1""}"
null,304a693e-60e6-4a98-b032-df3275ce9864,2024-09-28,1727528584098,200,5,"{""dataframe_split"": {""index"": [24120, 24121, 24122, 24123, 24124, 24125, 24126, 24127, 24128, 24129], ""columns"": [""index"", ""HighBP"", ""HighChol"", ""CholCheck"", ""BMI"", ""Smoker"", ""Stroke"", ""HeartDiseaseorAttack"", ""PhysActivity"", ""Fruits"", ""Veggies"", ""HvyAlcoholConsump"", ""AnyHealthcare"", ""NoDocbcCost"", ""GenHlth"", ""MentHlth"", ""PhysHlth"", ""DiffWalk"", ""Sex"", ""Age"", ""Education"", ""Income"", ""id""], ""data"": [[59770, 1.0, 1.0, 1.0, 24.0, 1.0, 0.0, 0.0, 0.0, 1.0, 1.0, 0.0, 1.0, 0.0, 1.0, 0.0, 0.0, 0.0, 0.0, 12.0, 4.0, 6.0, 59770], [59773, 1.0, 1.0, 1.0, 26.0, 1.0, 0.0, 1.0, 0.0, 1.0, 0.0, 0.0, 1.0, 0.0, 4.0, 15.0, 20.0, 1.0, 0.0, 11.0, 4.0, 6.0, 59773], [59777, 1.0, 1.0, 1.0, 26.0, 0.0, 0.0, 0.0, 0.0, 1.0, 1.0, 0.0, 1.0, 0.0, 4.0, 0.0, 30.0, 1.0, 0.0, 11.0, 6.0, 6.0, 59777], [59778, 1.0, 0.0, 1.0, 26.0, 1.0, 0.0, 0.0, 1.0, 1.0, 1.0, 0.0, 1.0, 0.0, 3.0, 0.0, 0.0, 0.0, 1.0, 10.0, 3.0, 6.0, 59778], [59779, 1.0, 1.0, 1.0, 26.0, 1.0, 0.0, 0.0, 0.0, 1.0, 1.0, 0.0, 1.0, 0.0, 3.0, 0.0, 0.0, 0.0, 1.0, 10.0, 3.0, 8.0, 59779], [59780, 1.0, 1.0, 1.0, 33.0, 1.0, 0.0, 0.0, 1.0, 1.0, 1.0, 0.0, 1.0, 0.0, 3.0, 30.0, 5.0, 0.0, 0.0, 11.0, 5.0, 2.0, 59780], [59782, 1.0, 1.0, 1.0, 29.0, 1.0, 0.0, 0.0, 1.0, 1.0, 1.0, 0.0, 1.0, 0.0, 3.0, 0.0, 0.0, 0.0, 1.0, 10.0, 5.0, 8.0, 59782], [59785, 1.0, 1.0, 1.0, 36.0, 1.0, 0.0, 0.0, 0.0, 1.0, 1.0, 0.0, 1.0, 0.0, 4.0, 0.0, 15.0, 1.0, 0.0, 12.0, 5.0, 6.0, 59785], [59787, 0.0, 0.0, 1.0, 27.0, 1.0, 0.0, 0.0, 1.0, 1.0, 1.0, 0.0, 1.0, 0.0, 2.0, 0.0, 0.0, 0.0, 0.0, 11.0, 4.0, 7.0, 59787], [59788, 1.0, 1.0, 1.0, 31.0, 1.0, 0.0, 0.0, 0.0, 1.0, 1.0, 0.0, 1.0, 0.0, 3.0, 2.0, 5.0, 0.0, 1.0, 10.0, 6.0, 7.0, 59788]]}}","{""predictions"": [1.0, 1.0, 0.0, 0.0, 1.0, 0.0, 1.0, 1.0, 0.0, 0.0]}",1,"{""model_name"":""demo_faddadbfcefc_model_monitor.ws_3551974319838082.diabetes_mo"",""endpoint_name"":""anupriya-malik-databricks-com_ML_AS04_Demo_3b"",""model_version"":""1""}"
null,e44e724a-f269-4eaf-af2e-154c7b5cfe81,2024-09-28,1727528584128,200,5,"{""dataframe_split"": {""index"": [24130, 24131, 24132, 24133, 24134, 24135, 24136, 24137, 24138, 24139], ""columns"": [""index"", ""HighBP"", ""HighChol"", ""CholCheck"", ""BMI"", ""Smoker"", ""Stroke"", ""HeartDiseaseorAttack"", ""PhysActivity"", ""Fruits"", ""Veggies"", ""HvyAlcoholConsump"", ""AnyHealthcare"", ""NoDocbcCost"", ""GenHlth"", ""MentHlth"", ""PhysHlth"", ""DiffWalk"", ""Sex"", ""Age"", ""Education"", ""Income"", ""id""], ""data"": [[59790, 1.0, 1.0, 1.0, 37.0, 1.0, 0.0, 0.0, 1.0, 1.0, 1.0, 0.0, 1.0, 1.0, 2.0, 30.0, 21.0, 1.0, 0.0, 11.0, 4.0, 5.0, 59790], [59795, 1.0, 1.0, 1.0, 27.0, 0.0, 0.0, 0.0, 1.0, 1.0, 1.0, 0.0, 1.0, 0.0, 2.0, 1.0, 0.0, 0.0, 0.0, 11.0, 6.0, 7.0, 59795], [59797, 1.0, 0.0, 1.0, 30.0, 1.0, 0.0, 1.0, 0.0, 1.0, 1.0, 0.0, 1.0, 0.0, 2.0, 0.0, 0.0, 1.0, 1.0, 13.0, 5.0, 6.0, 59797], [59798, 1.0, 0.0, 1.0, 33.0, 0.0, 0.0, 0.0, 1.0, 1.0, 1.0, 0.0, 1.0, 0.0, 2.0, 0.0, 0.0, 0.0, 0.0, 12.0, 6.0, 7.0, 59798], [59801, 0.0, 1.0, 1.0, 30.0, 1.0, 0.0, 0.0, 1.0, 1.0, 1.0, 0.0, 1.0, 0.0, 5.0, 0.0, 30.0, 0.0, 1.0, 11.0, 3.0, 2.0, 59801], [59802, 1.0, 0.0, 1.0, 32.0, 0.0, 0.0, 0.0, 1.0, 1.0, 1.0, 0.0, 1.0, 0.0, 3.0, 0.0, 0.0, 0.0, 1.0, 10.0, 5.0, 8.0, 59802], [59808, 1.0, 1.0, 1.0, 32.0, 0.0, 1.0, 1.0, 0.0, 1.0, 1.0, 0.0, 1.0, 0.0, 5.0, 0.0, 30.0, 1.0, 0.0, 11.0, 4.0, 5.0, 59808], [59809, 1.0, 1.0, 1.0, 39.0, 0.0, 0.0, 0.0, 1.0, 0.0, 0.0, 0.0, 1.0, 0.0, 3.0, 0.0, 0.0, 1.0, 1.0, 10.0, 6.0, 8.0, 59809], [59811, 1.0, 1.0, 1.0, 25.0, 1.0, 0.0, 0.0, 1.0, 0.0, 0.0, 1.0, 1.0, 0.0, 2.0, 3.0, 0.0, 0.0, 1.0, 10.0, 6.0, 5.0, 59811], [59815, 0.0, 0.0, 1.0, 32.0, 1.0, 0.0, 0.0, 1.0, 0.0, 1.0, 0.0, 1.0, 0.0, 4.0, 0.0, 30.0, 1.0, 1.0, 10.0, 4.0, 8.0, 59815]]}}","{""predictions"": [0.0, 1.0, 0.0, 0.0, 1.0, 1.0, 0.0, 1.0, 0.0, 1.0]}",1,"{""model_name"":""demo_faddadbfcefc_model_monitor.ws_3551974319838082.diabetes_mo"",""endpoint_name"":""anupriya-malik-databricks-com_ML_AS04_Demo_3b"",""model_version"":""1""}"
null,cfeae978-2e6a-4119-b8b9-3bd2e7b57d13,2024-09-28,1727528584159,200,5,"{""dataframe_split"": {""index"": [24140, 24141, 24142, 24143, 24144, 24145, 24146, 24147, 24148, 24149], ""columns"": [""index"", ""HighBP"", ""HighChol"", ""CholCheck"", ""BMI"", ""Smoker"", ""Stroke"", ""HeartDiseaseorAttack"", ""PhysActivity"", ""Fruits"", ""Veggies"", ""HvyAlcoholConsump"", ""AnyHealthcare"", ""NoDocbcCost"", ""GenHlth"", ""MentHlth"", ""PhysHlth"", ""DiffWalk"", ""Sex"", ""Age"", ""Education"", ""Income"", ""id""], ""data"": [[59821, 0.0, 1.0, 1.0, 31.0, 1.0, 0.0, 1.0, 0.0, 1.0, 1.0, 0.0, 1.0, 0.0, 4.0, 15.0, 15.0, 0.0, 1.0, 12.0, 4.0, 5.0, 59821], [59832, 1.0, 0.0, 1.0, 28.0, 1.0, 0.0, 0.0, 1.0, 0.0, 1.0, 0.0, 1.0, 0.0, 3.0, 0.0, 0.0, 0.0, 1.0, 10.0, 4.0, 5.0, 59832], [59833, 1.0, 0.0, 1.0, 32.0, 0.0, 1.0, 0.0, 0.0, 1.0, 1.0, 1.0, 1.0, 0.0, 4.0, 25.0, 5.0, 0.0, 0.0, 10.0, 6.0, 8.0, 59833], [59834, 0.0, 1.0, 1.0, 31.0, 1.0, 0.0, 1.0, 1.0, 1.0, 1.0, 0.0, 1.0, 0.0, 3.0, 0.0, 0.0, 0.0, 1.0, 12.0, 6.0, 4.0, 59834], [59835, 1.0, 1.0, 1.0, 23.0, 1.0, 1.0, 1.0, 0.0, 1.0, 1.0, 0.0, 1.0, 1.0, 5.0, 15.0, 15.0, 1.0, 0.0, 10.0, 5.0, 3.0, 59835], [59836, 1.0, 1.0, 1.0, 39.0, 1.0, 0.0, 0.0, 0.0, 1.0, 1.0, 0.0, 1.0, 0.0, 3.0, 0.0, 0.0, 0.0, 1.0, 11.0, 6.0, 5.0, 59836], [59837, 1.0, 1.0, 1.0, 33.0, 0.0, 0.0, 0.0, 0.0, 0.0, 0.0, 0.0, 1.0, 0.0, 3.0, 0.0, 0.0, 0.0, 0.0, 11.0, 4.0, 1.0, 59837], [59838, 1.0, 1.0, 1.0, 32.0, 1.0, 0.0, 0.0, 1.0, 1.0, 1.0, 0.0, 1.0, 0.0, 3.0, 25.0, 8.0, 0.0, 1.0, 10.0, 6.0, 6.0, 59838], [59840, 1.0, 1.0, 1.0, 26.0, 1.0, 0.0, 0.0, 0.0, 1.0, 0.0, 0.0, 1.0, 0.0, 4.0, 0.0, 20.0, 1.0, 1.0, 10.0, 4.0, 2.0, 59840], [59841, 1.0, 1.0, 1.0, 31.0, 1.0, 0.0, 0.0, 0.0, 0.0, 0.0, 0.0, 1.0, 0.0, 3.0, 0.0, 0.0, 0.0, 1.0, 10.0, 5.0, 5.0, 59841]]}}","{""predictions"": [0.0, 1.0, 1.0, 1.0, 1.0, 1.0, 1.0, 0.0, 0.0, 0.0]}",1,"{""model_name"":""demo_faddadbfcefc_model_monitor.ws_3551974319838082.diabetes_mo"",""endpoint_name"":""anupriya-malik-databricks-com_ML_AS04_Demo_3b"",""model_version"":""1""}"
null,34d84391-2dce-410b-92c4-6aa070ff50b3,2024-09-28,1727528584190,200,5,"{""dataframe_split"": {""index"": [24150, 24151, 24152, 24153, 24154, 24155, 24156, 24157, 24158, 24159], ""columns"": [""index"", ""HighBP"", ""HighChol"", ""CholCheck"", ""BMI"", ""Smoker"", ""Stroke"", ""HeartDiseaseorAttack"", ""PhysActivity"", ""Fruits"", ""Veggies"", ""HvyAlcoholConsump"", ""AnyHealthcare"", ""NoDocbcCost"", ""GenHlth"", ""MentHlth"", ""PhysHlth"", ""DiffWalk"", ""Sex"", ""Age"", ""Education"", ""Income"", ""id""], ""data"": [[59843, 1.0, 1.0, 1.0, 31.0, 1.0, 0.0, 1.0, 1.0, 1.0, 1.0, 1.0, 1.0, 0.0, 4.0, 0.0, 4.0, 1.0, 1.0, 11.0, 5.0, 7.0, 59843], [59844, 1.0, 0.0, 1.0, 24.0, 0.0, 0.0, 0.0, 1.0, 1.0, 1.0, 0.0, 1.0, 0.0, 3.0, 0.0, 0.0, 0.0, 0.0, 10.0, 6.0, 6.0, 59844], [59845, 1.0, 1.0, 1.0, 35.0, 1.0, 0.0, 0.0, 1.0, 0.0, 1.0, 0.0, 1.0, 0.0, 4.0, 0.0, 30.0, 1.0, 1.0, 11.0, 4.0, 6.0, 59845], [59846, 1.0, 1.0, 1.0, 32.0, 1.0, 0.0, 0.0, 1.0, 1.0, 1.0, 0.0, 1.0, 0.0, 3.0, 0.0, 0.0, 0.0, 1.0, 10.0, 4.0, 4.0, 59846], [59848, 1.0, 1.0, 1.0, 34.0, 0.0, 0.0, 0.0, 1.0, 1.0, 1.0, 0.0, 1.0, 0.0, 4.0, 0.0, 0.0, 1.0, 1.0, 13.0, 5.0, 5.0, 59848], [59849, 1.0, 1.0, 1.0, 28.0, 1.0, 0.0, 0.0, 1.0, 1.0, 1.0, 0.0, 1.0, 0.0, 2.0, 0.0, 0.0, 0.0, 1.0, 12.0, 6.0, 7.0, 59849], [59850, 1.0, 1.0, 1.0, 37.0, 1.0, 0.0, 0.0, 1.0, 0.0, 1.0, 0.0, 1.0, 0.0, 2.0, 3.0, 0.0, 0.0, 1.0, 10.0, 5.0, 5.0, 59850], [59851, 0.0, 0.0, 1.0, 27.0, 1.0, 0.0, 0.0, 1.0, 1.0, 1.0, 0.0, 1.0, 0.0, 3.0, 0.0, 0.0, 0.0, 1.0, 10.0, 4.0, 3.0, 59851], [59852, 1.0, 1.0, 1.0, 33.0, 1.0, 0.0, 0.0, 0.0, 0.0, 1.0, 0.0, 1.0, 0.0, 3.0, 0.0, 0.0, 0.0, 1.0, 12.0, 5.0, 7.0, 59852], [59853, 1.0, 1.0, 1.0, 35.0, 1.0, 1.0, 1.0, 1.0, 1.0, 1.0, 0.0, 1.0, 0.0, 1.0, 0.0, 0.0, 0.0, 1.0, 10.0, 4.0, 6.0, 59853]]}}","{""predictions"": [1.0, 1.0, 1.0, 1.0, 1.0, 1.0, 1.0, 0.0, 1.0, 0.0]}",1,"{""model_name"":""demo_faddadbfcefc_model_monitor.ws_3551974319838082.diabetes_mo"",""endpoint_name"":""anupriya-malik-databricks-com_ML_AS04_Demo_3b"",""model_version"":""1""}"
null,121099b2-b527-4762-8d51-58e84a356311,2024-09-28,1727528584220,200,5,"{""dataframe_split"": {""index"": [24160, 24161, 24162, 24163, 24164, 24165, 24166, 24167, 24168, 24169], ""columns"": [""index"", ""HighBP"", ""HighChol"", ""CholCheck"", ""BMI"", ""Smoker"", ""Stroke"", ""HeartDiseaseorAttack"", ""PhysActivity"", ""Fruits"", ""Veggies"", ""HvyAlcoholConsump"", ""AnyHealthcare"", ""NoDocbcCost"", ""GenHlth"", ""MentHlth"", ""PhysHlth"", ""DiffWalk"", ""Sex"", ""Age"", ""Education"", ""Income"", ""id""], ""data"": [[59854, 1.0, 1.0, 1.0, 40.0, 0.0, 0.0, 0.0, 1.0, 1.0, 1.0, 0.0, 1.0, 0.0, 3.0, 0.0, 0.0, 0.0, 0.0, 10.0, 3.0, 2.0, 59854], [59855, 1.0, 1.0, 1.0, 25.0, 1.0, 0.0, 1.0, 1.0, 1.0, 1.0, 0.0, 1.0, 0.0, 4.0, 0.0, 0.0, 0.0, 1.0, 13.0, 4.0, 5.0, 59855], [59856, 1.0, 1.0, 1.0, 26.0, 1.0, 0.0, 1.0, 0.0, 0.0, 1.0, 0.0, 1.0, 1.0, 4.0, 0.0, 0.0, 1.0, 1.0, 10.0, 4.0, 4.0, 59856], [59857, 0.0, 0.0, 1.0, 22.0, 1.0, 0.0, 0.0, 0.0, 0.0, 0.0, 0.0, 1.0, 0.0, 4.0, 0.0, 7.0, 1.0, 1.0, 13.0, 4.0, 4.0, 59857], [59858, 1.0, 0.0, 1.0, 32.0, 1.0, 0.0, 0.0, 0.0, 0.0, 1.0, 0.0, 1.0, 0.0, 3.0, 0.0, 3.0, 1.0, 1.0, 12.0, 4.0, 5.0, 59858], [59860, 1.0, 1.0, 1.0, 18.0, 0.0, 0.0, 0.0, 1.0, 0.0, 1.0, 0.0, 1.0, 0.0, 3.0, 0.0, 0.0, 1.0, 0.0, 11.0, 5.0, 6.0, 59860], [59863, 1.0, 0.0, 1.0, 25.0, 0.0, 0.0, 0.0, 0.0, 1.0, 0.0, 0.0, 1.0, 0.0, 3.0, 0.0, 0.0, 1.0, 1.0, 12.0, 5.0, 7.0, 59863], [59864, 0.0, 0.0, 1.0, 21.0, 0.0, 0.0, 0.0, 1.0, 1.0, 0.0, 0.0, 1.0, 0.0, 3.0, 0.0, 0.0, 0.0, 0.0, 13.0, 4.0, 4.0, 59864], [59865, 1.0, 1.0, 1.0, 36.0, 0.0, 1.0, 0.0, 0.0, 0.0, 0.0, 0.0, 1.0, 0.0, 4.0, 0.0, 30.0, 1.0, 0.0, 10.0, 5.0, 5.0, 59865], [59866, 1.0, 1.0, 1.0, 40.0, 1.0, 0.0, 0.0, 0.0, 0.0, 0.0, 0.0, 1.0, 0.0, 2.0, 0.0, 0.0, 0.0, 0.0, 10.0, 5.0, 7.0, 59866]]}}","{""predictions"": [0.0, 0.0, 0.0, 0.0, 1.0, 1.0, 1.0, 0.0, 1.0, 1.0]}",1,"{""model_name"":""demo_faddadbfcefc_model_monitor.ws_3551974319838082.diabetes_mo"",""endpoint_name"":""anupriya-malik-databricks-com_ML_AS04_Demo_3b"",""model_version"":""1""}"
null,06a53497-0ca1-46be-872d-22ef2f76fc07,2024-09-28,1727528584250,200,5,"{""dataframe_split"": {""index"": [24170, 24171, 24172, 24173, 24174, 24175, 24176, 24177, 24178, 24179], ""columns"": [""index"", ""HighBP"", ""HighChol"", ""CholCheck"", ""BMI"", ""Smoker"", ""Stroke"", ""HeartDiseaseorAttack"", ""PhysActivity"", ""Fruits"", ""Veggies"", ""HvyAlcoholConsump"", ""AnyHealthcare"", ""NoDocbcCost"", ""GenHlth"", ""MentHlth"", ""PhysHlth"", ""DiffWalk"", ""Sex"", ""Age"", ""Education"", ""Income"", ""id""], ""data"": [[59867, 1.0, 1.0, 1.0, 32.0, 1.0, 0.0, 0.0, 0.0, 0.0, 1.0, 0.0, 1.0, 0.0, 4.0, 5.0, 30.0, 1.0, 0.0, 11.0, 5.0, 2.0, 59867], [59868, 1.0, 1.0, 1.0, 32.0, 0.0, 0.0, 0.0, 1.0, 1.0, 1.0, 0.0, 1.0, 0.0, 3.0, 3.0, 0.0, 1.0, 0.0, 10.0, 5.0, 6.0, 59868], [59869, 1.0, 0.0, 1.0, 21.0, 0.0, 1.0, 0.0, 1.0, 1.0, 0.0, 0.0, 1.0, 0.0, 4.0, 0.0, 30.0, 1.0, 1.0, 12.0, 5.0, 5.0, 59869], [59871, 1.0, 1.0, 1.0, 30.0, 0.0, 1.0, 0.0, 0.0, 1.0, 1.0, 0.0, 1.0, 0.0, 2.0, 10.0, 0.0, 1.0, 0.0, 11.0, 5.0, 3.0, 59871], [59872, 1.0, 0.0, 1.0, 26.0, 0.0, 0.0, 0.0, 1.0, 0.0, 1.0, 0.0, 1.0, 0.0, 2.0, 0.0, 2.0, 0.0, 0.0, 10.0, 6.0, 7.0, 59872], [59877, 1.0, 1.0, 1.0, 30.0, 1.0, 1.0, 1.0, 0.0, 0.0, 0.0, 0.0, 1.0, 0.0, 3.0, 0.0, 0.0, 1.0, 0.0, 13.0, 2.0, 2.0, 59877], [59879, 0.0, 1.0, 1.0, 21.0, 0.0, 0.0, 0.0, 0.0, 0.0, 1.0, 0.0, 1.0, 0.0, 3.0, 3.0, 0.0, 0.0, 0.0, 12.0, 6.0, 8.0, 59879], [59881, 1.0, 0.0, 1.0, 33.0, 0.0, 0.0, 0.0, 1.0, 0.0, 0.0, 0.0, 1.0, 0.0, 3.0, 0.0, 2.0, 1.0, 1.0, 11.0, 6.0, 6.0, 59881], [59882, 1.0, 1.0, 1.0, 31.0, 1.0, 0.0, 0.0, 1.0, 0.0, 1.0, 0.0, 1.0, 0.0, 3.0, 0.0, 0.0, 0.0, 0.0, 12.0, 6.0, 5.0, 59882], [59883, 1.0, 1.0, 1.0, 31.0, 1.0, 0.0, 0.0, 1.0, 1.0, 1.0, 0.0, 1.0, 0.0, 3.0, 0.0, 0.0, 1.0, 0.0, 11.0, 6.0, 6.0, 59883]]}}","{""predictions"": [1.0, 1.0, 0.0, 1.0, 1.0, 1.0, 0.0, 0.0, 0.0, 0.0]}",1,"{""model_name"":""demo_faddadbfcefc_model_monitor.ws_3551974319838082.diabetes_mo"",""endpoint_name"":""anupriya-malik-databricks-com_ML_AS04_Demo_3b"",""model_version"":""1""}"
null,b72a27c4-12aa-402f-ae8b-56b44001c999,2024-09-28,1727528584279,200,5,"{""dataframe_split"": {""index"": [24180, 24181, 24182, 24183, 24184, 24185, 24186, 24187, 24188, 24189], ""columns"": [""index"", ""HighBP"", ""HighChol"", ""CholCheck"", ""BMI"", ""Smoker"", ""Stroke"", ""HeartDiseaseorAttack"", ""PhysActivity"", ""Fruits"", ""Veggies"", ""HvyAlcoholConsump"", ""AnyHealthcare"", ""NoDocbcCost"", ""GenHlth"", ""MentHlth"", ""PhysHlth"", ""DiffWalk"", ""Sex"", ""Age"", ""Education"", ""Income"", ""id""], ""data"": [[59884, 1.0, 1.0, 1.0, 24.0, 1.0, 0.0, 0.0, 1.0, 1.0, 1.0, 0.0, 1.0, 0.0, 2.0, 0.0, 0.0, 0.0, 1.0, 11.0, 5.0, 4.0, 59884], [59886, 1.0, 0.0, 1.0, 37.0, 1.0, 0.0, 0.0, 0.0, 0.0, 0.0, 0.0, 1.0, 0.0, 3.0, 0.0, 0.0, 1.0, 0.0, 12.0, 6.0, 6.0, 59886], [59887, 1.0, 1.0, 1.0, 26.0, 0.0, 0.0, 0.0, 0.0, 1.0, 1.0, 0.0, 1.0, 0.0, 2.0, 0.0, 0.0, 0.0, 0.0, 13.0, 6.0, 4.0, 59887], [59888, 1.0, 1.0, 1.0, 32.0, 1.0, 0.0, 0.0, 1.0, 1.0, 1.0, 0.0, 1.0, 0.0, 4.0, 5.0, 15.0, 1.0, 0.0, 10.0, 6.0, 7.0, 59888], [59891, 1.0, 1.0, 1.0, 29.0, 0.0, 0.0, 1.0, 1.0, 1.0, 0.0, 0.0, 1.0, 0.0, 5.0, 3.0, 14.0, 1.0, 0.0, 13.0, 4.0, 3.0, 59891], [59894, 1.0, 1.0, 1.0, 24.0, 0.0, 0.0, 0.0, 1.0, 1.0, 1.0, 0.0, 1.0, 0.0, 5.0, 0.0, 15.0, 1.0, 1.0, 13.0, 4.0, 3.0, 59894], [59895, 1.0, 1.0, 1.0, 21.0, 1.0, 0.0, 1.0, 0.0, 0.0, 0.0, 0.0, 1.0, 0.0, 5.0, 0.0, 30.0, 1.0, 0.0, 11.0, 4.0, 1.0, 59895], [59896, 0.0, 1.0, 1.0, 40.0, 0.0, 0.0, 0.0, 0.0, 0.0, 1.0, 0.0, 1.0, 0.0, 3.0, 0.0, 0.0, 0.0, 1.0, 10.0, 4.0, 5.0, 59896], [59897, 1.0, 0.0, 1.0, 34.0, 1.0, 0.0, 1.0, 0.0, 1.0, 1.0, 0.0, 1.0, 0.0, 2.0, 0.0, 0.0, 1.0, 1.0, 13.0, 4.0, 3.0, 59897], [59898, 1.0, 1.0, 1.0, 32.0, 0.0, 0.0, 1.0, 0.0, 1.0, 1.0, 0.0, 1.0, 0.0, 2.0, 0.0, 0.0, 1.0, 1.0, 10.0, 6.0, 8.0, 59898]]}}","{""predictions"": [0.0, 1.0, 0.0, 1.0, 1.0, 1.0, 1.0, 0.0, 1.0, 1.0]}",1,"{""model_name"":""demo_faddadbfcefc_model_monitor.ws_3551974319838082.diabetes_mo"",""endpoint_name"":""anupriya-malik-databricks-com_ML_AS04_Demo_3b"",""model_version"":""1""}"
null,23da82c6-109f-4606-9ffa-936b4a710fa8,2024-09-28,1727528584308,200,5,"{""dataframe_split"": {""index"": [24190, 24191, 24192, 24193, 24194, 24195, 24196, 24197, 24198, 24199], ""columns"": [""index"", ""HighBP"", ""HighChol"", ""CholCheck"", ""BMI"", ""Smoker"", ""Stroke"", ""HeartDiseaseorAttack"", ""PhysActivity"", ""Fruits"", ""Veggies"", ""HvyAlcoholConsump"", ""AnyHealthcare"", ""NoDocbcCost"", ""GenHlth"", ""MentHlth"", ""PhysHlth"", ""DiffWalk"", ""Sex"", ""Age"", ""Education"", ""Income"", ""id""], ""data"": [[59899, 1.0, 1.0, 1.0, 27.0, 1.0, 0.0, 0.0, 0.0, 1.0, 1.0, 0.0, 1.0, 0.0, 5.0, 0.0, 30.0, 1.0, 0.0, 10.0, 4.0, 6.0, 59899], [59901, 1.0, 1.0, 1.0, 36.0, 1.0, 0.0, 0.0, 1.0, 1.0, 1.0, 0.0, 1.0, 0.0, 3.0, 1.0, 2.0, 1.0, 0.0, 12.0, 4.0, 4.0, 59901], [59903, 0.0, 0.0, 1.0, 32.0, 1.0, 0.0, 0.0, 1.0, 0.0, 1.0, 0.0, 1.0, 0.0, 3.0, 14.0, 0.0, 0.0, 1.0, 11.0, 4.0, 5.0, 59903], [59905, 1.0, 1.0, 1.0, 27.0, 0.0, 0.0, 0.0, 0.0, 0.0, 1.0, 0.0, 1.0, 0.0, 3.0, 0.0, 20.0, 1.0, 0.0, 13.0, 4.0, 5.0, 59905], [59906, 1.0, 1.0, 1.0, 37.0, 0.0, 0.0, 0.0, 0.0, 1.0, 1.0, 0.0, 1.0, 0.0, 3.0, 0.0, 0.0, 1.0, 0.0, 11.0, 4.0, 4.0, 59906], [59909, 0.0, 0.0, 1.0, 32.0, 1.0, 1.0, 0.0, 0.0, 1.0, 1.0, 0.0, 1.0, 0.0, 3.0, 5.0, 14.0, 1.0, 0.0, 13.0, 6.0, 2.0, 59909], [59910, 1.0, 1.0, 1.0, 30.0, 0.0, 0.0, 1.0, 1.0, 1.0, 1.0, 0.0, 1.0, 0.0, 3.0, 0.0, 0.0, 0.0, 1.0, 12.0, 6.0, 7.0, 59910], [59911, 1.0, 1.0, 1.0, 32.0, 0.0, 0.0, 1.0, 1.0, 1.0, 0.0, 0.0, 1.0, 0.0, 5.0, 0.0, 30.0, 1.0, 1.0, 10.0, 6.0, 7.0, 59911], [59914, 1.0, 1.0, 1.0, 32.0, 1.0, 0.0, 1.0, 0.0, 0.0, 1.0, 0.0, 1.0, 0.0, 2.0, 0.0, 0.0, 1.0, 1.0, 11.0, 6.0, 8.0, 59914], [59915, 1.0, 1.0, 1.0, 29.0, 1.0, 0.0, 1.0, 1.0, 1.0, 1.0, 0.0, 1.0, 0.0, 2.0, 0.0, 0.0, 1.0, 1.0, 12.0, 6.0, 6.0, 59915]]}}","{""predictions"": [1.0, 1.0, 1.0, 1.0, 1.0, 1.0, 1.0, 1.0, 1.0, 1.0]}",1,"{""model_name"":""demo_faddadbfcefc_model_monitor.ws_3551974319838082.diabetes_mo"",""endpoint_name"":""anupriya-malik-databricks-com_ML_AS04_Demo_3b"",""model_version"":""1""}"
null,5b276528-759c-4533-a345-6e256e61fa70,2024-09-28,1727528584340,200,5,"{""dataframe_split"": {""index"": [24200, 24201, 24202, 24203, 24204, 24205, 24206, 24207, 24208, 24209], ""columns"": [""index"", ""HighBP"", ""HighChol"", ""CholCheck"", ""BMI"", ""Smoker"", ""Stroke"", ""HeartDiseaseorAttack"", ""PhysActivity"", ""Fruits"", ""Veggies"", ""HvyAlcoholConsump"", ""AnyHealthcare"", ""NoDocbcCost"", ""GenHlth"", ""MentHlth"", ""PhysHlth"", ""DiffWalk"", ""Sex"", ""Age"", ""Education"", ""Income"", ""id""], ""data"": [[59921, 1.0, 1.0, 1.0, 30.0, 1.0, 0.0, 0.0, 0.0, 0.0, 0.0, 0.0, 1.0, 0.0, 4.0, 0.0, 0.0, 1.0, 0.0, 12.0, 4.0, 4.0, 59921], [59924, 0.0, 1.0, 1.0, 30.0, 1.0, 0.0, 0.0, 1.0, 0.0, 0.0, 0.0, 1.0, 0.0, 2.0, 10.0, 0.0, 0.0, 0.0, 10.0, 5.0, 7.0, 59924], [59925, 1.0, 1.0, 1.0, 34.0, 0.0, 0.0, 0.0, 0.0, 0.0, 0.0, 0.0, 1.0, 1.0, 3.0, 30.0, 0.0, 0.0, 1.0, 12.0, 4.0, 3.0, 59925], [59929, 1.0, 1.0, 1.0, 33.0, 1.0, 0.0, 1.0, 1.0, 1.0, 1.0, 0.0, 1.0, 0.0, 5.0, 0.0, 0.0, 0.0, 1.0, 11.0, 6.0, 7.0, 59929], [59932, 1.0, 1.0, 1.0, 29.0, 1.0, 0.0, 0.0, 0.0, 1.0, 1.0, 0.0, 1.0, 0.0, 3.0, 0.0, 0.0, 0.0, 0.0, 11.0, 4.0, 5.0, 59932], [59938, 1.0, 1.0, 1.0, 37.0, 0.0, 0.0, 1.0, 1.0, 1.0, 1.0, 0.0, 1.0, 0.0, 3.0, 0.0, 0.0, 0.0, 1.0, 11.0, 6.0, 8.0, 59938], [59940, 1.0, 1.0, 1.0, 29.0, 1.0, 0.0, 0.0, 0.0, 0.0, 1.0, 0.0, 1.0, 1.0, 3.0, 5.0, 0.0, 0.0, 0.0, 11.0, 5.0, 2.0, 59940], [59942, 1.0, 1.0, 1.0, 35.0, 0.0, 0.0, 0.0, 1.0, 0.0, 1.0, 0.0, 1.0, 0.0, 3.0, 0.0, 0.0, 1.0, 0.0, 10.0, 6.0, 6.0, 59942], [59943, 1.0, 1.0, 1.0, 30.0, 1.0, 0.0, 0.0, 1.0, 1.0, 1.0, 0.0, 1.0, 0.0, 3.0, 0.0, 0.0, 0.0, 1.0, 10.0, 5.0, 6.0, 59943], [59944, 1.0, 1.0, 1.0, 31.0, 1.0, 0.0, 0.0, 0.0, 1.0, 0.0, 0.0, 1.0, 0.0, 4.0, 0.0, 0.0, 1.0, 1.0, 12.0, 5.0, 4.0, 59944]]}}","{""predictions"": [1.0, 0.0, 0.0, 1.0, 1.0, 0.0, 0.0, 1.0, 0.0, 0.0]}",1,"{""model_name"":""demo_faddadbfcefc_model_monitor.ws_3551974319838082.diabetes_mo"",""endpoint_name"":""anupriya-malik-databricks-com_ML_AS04_Demo_3b"",""model_version"":""1""}"
null,2016f587-7429-4bea-ad91-5f208e0e4427,2024-09-28,1727528584371,200,5,"{""dataframe_split"": {""index"": [24210, 24211, 24212, 24213, 24214, 24215, 24216, 24217, 24218, 24219], ""columns"": [""index"", ""HighBP"", ""HighChol"", ""CholCheck"", ""BMI"", ""Smoker"", ""Stroke"", ""HeartDiseaseorAttack"", ""PhysActivity"", ""Fruits"", ""Veggies"", ""HvyAlcoholConsump"", ""AnyHealthcare"", ""NoDocbcCost"", ""GenHlth"", ""MentHlth"", ""PhysHlth"", ""DiffWalk"", ""Sex"", ""Age"", ""Education"", ""Income"", ""id""], ""data"": [[59945, 1.0, 1.0, 1.0, 46.0, 0.0, 0.0, 0.0, 0.0, 1.0, 1.0, 0.0, 1.0, 0.0, 3.0, 0.0, 0.0, 1.0, 0.0, 11.0, 4.0, 3.0, 59945], [59949, 1.0, 1.0, 1.0, 30.0, 1.0, 0.0, 0.0, 0.0, 1.0, 1.0, 0.0, 1.0, 1.0, 5.0, 15.0, 29.0, 0.0, 1.0, 12.0, 4.0, 4.0, 59949], [59950, 1.0, 1.0, 1.0, 42.0, 1.0, 0.0, 1.0, 0.0, 1.0, 1.0, 0.0, 1.0, 0.0, 4.0, 0.0, 0.0, 1.0, 0.0, 11.0, 3.0, 3.0, 59950], [59951, 1.0, 1.0, 1.0, 32.0, 0.0, 1.0, 0.0, 0.0, 0.0, 0.0, 0.0, 1.0, 0.0, 4.0, 0.0, 3.0, 1.0, 0.0, 10.0, 5.0, 4.0, 59951], [59952, 1.0, 0.0, 1.0, 43.0, 1.0, 0.0, 0.0, 0.0, 0.0, 1.0, 0.0, 1.0, 0.0, 3.0, 0.0, 0.0, 1.0, 1.0, 11.0, 4.0, 3.0, 59952], [59953, 1.0, 1.0, 0.0, 25.0, 1.0, 1.0, 1.0, 1.0, 0.0, 0.0, 0.0, 1.0, 0.0, 4.0, 0.0, 2.0, 0.0, 0.0, 11.0, 5.0, 4.0, 59953], [59954, 1.0, 1.0, 1.0, 25.0, 1.0, 1.0, 1.0, 1.0, 0.0, 1.0, 0.0, 1.0, 0.0, 4.0, 0.0, 0.0, 0.0, 0.0, 10.0, 4.0, 3.0, 59954], [59955, 1.0, 0.0, 1.0, 32.0, 0.0, 0.0, 0.0, 0.0, 1.0, 1.0, 0.0, 1.0, 0.0, 4.0, 2.0, 0.0, 0.0, 0.0, 10.0, 5.0, 2.0, 59955], [59957, 1.0, 1.0, 1.0, 23.0, 1.0, 0.0, 1.0, 1.0, 1.0, 1.0, 0.0, 1.0, 0.0, 3.0, 0.0, 0.0, 0.0, 0.0, 11.0, 2.0, 2.0, 59957], [59958, 1.0, 1.0, 1.0, 30.0, 0.0, 0.0, 0.0, 1.0, 0.0, 1.0, 0.0, 1.0, 0.0, 3.0, 0.0, 2.0, 0.0, 0.0, 10.0, 3.0, 4.0, 59958]]}}","{""predictions"": [1.0, 1.0, 1.0, 1.0, 1.0, 0.0, 1.0, 1.0, 1.0, 1.0]}",1,"{""model_name"":""demo_faddadbfcefc_model_monitor.ws_3551974319838082.diabetes_mo"",""endpoint_name"":""anupriya-malik-databricks-com_ML_AS04_Demo_3b"",""model_version"":""1""}"
null,d65b2401-ead5-49f7-846b-06a292f1280d,2024-09-28,1727528584642,200,5,"{""dataframe_split"": {""index"": [24300, 24301, 24302, 24303, 24304, 24305, 24306, 24307, 24308, 24309], ""columns"": [""index"", ""HighBP"", ""HighChol"", ""CholCheck"", ""BMI"", ""Smoker"", ""Stroke"", ""HeartDiseaseorAttack"", ""PhysActivity"", ""Fruits"", ""Veggies"", ""HvyAlcoholConsump"", ""AnyHealthcare"", ""NoDocbcCost"", ""GenHlth"", ""MentHlth"", ""PhysHlth"", ""DiffWalk"", ""Sex"", ""Age"", ""Education"", ""Income"", ""id""], ""data"": [[60126, 0.0, 1.0, 1.0, 26.0, 0.0, 0.0, 0.0, 1.0, 0.0, 1.0, 0.0, 1.0, 0.0, 2.0, 0.0, 0.0, 0.0, 0.0, 12.0, 6.0, 4.0, 60126], [60129, 1.0, 1.0, 1.0, 24.0, 1.0, 0.0, 0.0, 1.0, 0.0, 1.0, 0.0, 1.0, 0.0, 2.0, 0.0, 4.0, 1.0, 0.0, 13.0, 4.0, 3.0, 60129], [60130, 1.0, 1.0, 1.0, 27.0, 1.0, 1.0, 0.0, 0.0, 1.0, 1.0, 0.0, 1.0, 0.0, 3.0, 2.0, 10.0, 1.0, 0.0, 12.0, 3.0, 2.0, 60130], [60132, 1.0, 1.0, 1.0, 27.0, 1.0, 1.0, 0.0, 1.0, 1.0, 1.0, 0.0, 1.0, 0.0, 4.0, 0.0, 7.0, 1.0, 0.0, 11.0, 4.0, 3.0, 60132], [60134, 1.0, 0.0, 1.0, 24.0, 0.0, 0.0, 0.0, 1.0, 1.0, 1.0, 0.0, 1.0, 0.0, 2.0, 0.0, 0.0, 0.0, 0.0, 10.0, 5.0, 3.0, 60134], [60135, 1.0, 0.0, 1.0, 21.0, 0.0, 0.0, 0.0, 1.0, 0.0, 1.0, 0.0, 1.0, 0.0, 2.0, 0.0, 0.0, 1.0, 0.0, 11.0, 5.0, 5.0, 60135], [60137, 1.0, 1.0, 1.0, 31.0, 0.0, 0.0, 0.0, 1.0, 0.0, 0.0, 0.0, 1.0, 0.0, 3.0, 0.0, 0.0, 0.0, 0.0, 10.0, 6.0, 8.0, 60137], [60138, 1.0, 1.0, 1.0, 34.0, 0.0, 0.0, 0.0, 0.0, 1.0, 1.0, 0.0, 1.0, 0.0, 4.0, 30.0, 20.0, 1.0, 0.0, 10.0, 4.0, 3.0, 60138], [60139, 1.0, 1.0, 1.0, 29.0, 1.0, 0.0, 0.0, 1.0, 1.0, 1.0, 0.0, 1.0, 1.0, 4.0, 0.0, 0.0, 0.0, 0.0, 12.0, 4.0, 3.0, 60139], [60141, 1.0, 1.0, 1.0, 29.0, 0.0, 0.0, 0.0, 1.0, 1.0, 1.0, 0.0, 1.0, 0.0, 3.0, 0.0, 0.0, 0.0, 0.0, 13.0, 6.0, 5.0, 60141]]}}","{""predictions"": [0.0, 1.0, 1.0, 1.0, 1.0, 0.0, 0.0, 1.0, 0.0, 0.0]}",1,"{""model_name"":""demo_faddadbfcefc_model_monitor.ws_3551974319838082.diabetes_mo"",""endpoint_name"":""anupriya-malik-databricks-com_ML_AS04_Demo_3b"",""model_version"":""1""}"
null,115d391c-a6cd-46bd-966a-cb8911160cac,2024-09-28,1727528584794,200,5,"{""dataframe_split"": {""index"": [24350, 24351, 24352, 24353, 24354, 24355, 24356, 24357, 24358, 24359], ""columns"": [""index"", ""HighBP"", ""HighChol"", ""CholCheck"", ""BMI"", ""Smoker"", ""Stroke"", ""HeartDiseaseorAttack"", ""PhysActivity"", ""Fruits"", ""Veggies"", ""HvyAlcoholConsump"", ""AnyHealthcare"", ""NoDocbcCost"", ""GenHlth"", ""MentHlth"", ""PhysHlth"", ""DiffWalk"", ""Sex"", ""Age"", ""Education"", ""Income"", ""id""], ""data"": [[60196, 1.0, 1.0, 1.0, 34.0, 1.0, 0.0, 1.0, 0.0, 0.0, 1.0, 0.0, 1.0, 0.0, 3.0, 0.0, 0.0, 0.0, 1.0, 11.0, 5.0, 3.0, 60196], [60197, 1.0, 0.0, 1.0, 27.0, 1.0, 0.0, 0.0, 0.0, 1.0, 1.0, 0.0, 1.0, 0.0, 5.0, 10.0, 30.0, 1.0, 0.0, 11.0, 4.0, 6.0, 60197], [60198, 1.0, 1.0, 1.0, 28.0, 1.0, 0.0, 1.0, 1.0, 0.0, 1.0, 0.0, 1.0, 0.0, 3.0, 0.0, 0.0, 1.0, 1.0, 11.0, 5.0, 4.0, 60198], [60200, 1.0, 1.0, 1.0, 32.0, 1.0, 0.0, 1.0, 0.0, 0.0, 1.0, 0.0, 1.0, 0.0, 3.0, 0.0, 0.0, 0.0, 1.0, 10.0, 5.0, 7.0, 60200], [60201, 1.0, 1.0, 1.0, 36.0, 1.0, 0.0, 0.0, 1.0, 1.0, 0.0, 0.0, 1.0, 0.0, 3.0, 0.0, 0.0, 1.0, 0.0, 10.0, 4.0, 5.0, 60201], [60204, 1.0, 1.0, 1.0, 28.0, 1.0, 0.0, 1.0, 0.0, 1.0, 1.0, 0.0, 1.0, 0.0, 4.0, 0.0, 30.0, 1.0, 1.0, 10.0, 5.0, 4.0, 60204], [60206, 1.0, 0.0, 1.0, 27.0, 1.0, 0.0, 0.0, 1.0, 1.0, 1.0, 0.0, 1.0, 0.0, 5.0, 20.0, 30.0, 0.0, 1.0, 12.0, 3.0, 3.0, 60206], [60207, 1.0, 0.0, 1.0, 42.0, 1.0, 0.0, 0.0, 1.0, 1.0, 1.0, 0.0, 1.0, 0.0, 3.0, 0.0, 3.0, 1.0, 0.0, 11.0, 3.0, 4.0, 60207], [60208, 0.0, 0.0, 1.0, 27.0, 1.0, 0.0, 0.0, 1.0, 1.0, 0.0, 0.0, 1.0, 0.0, 3.0, 0.0, 0.0, 0.0, 1.0, 10.0, 6.0, 6.0, 60208], [60209, 0.0, 1.0, 1.0, 27.0, 0.0, 0.0, 1.0, 0.0, 1.0, 1.0, 0.0, 1.0, 0.0, 4.0, 0.0, 0.0, 0.0, 0.0, 13.0, 4.0, 1.0, 60209]]}}","{""predictions"": [1.0, 1.0, 0.0, 1.0, 1.0, 0.0, 0.0, 1.0, 0.0, 1.0]}",1,"{""model_name"":""demo_faddadbfcefc_model_monitor.ws_3551974319838082.diabetes_mo"",""endpoint_name"":""anupriya-malik-databricks-com_ML_AS04_Demo_3b"",""model_version"":""1""}"
null,08711aaf-7e94-40cb-aefb-1b3c53ef61f7,2024-09-28,1727528585336,200,7,"{""dataframe_split"": {""index"": [24520, 24521, 24522, 24523, 24524, 24525, 24526, 24527, 24528, 24529], ""columns"": [""index"", ""HighBP"", ""HighChol"", ""CholCheck"", ""BMI"", ""Smoker"", ""Stroke"", ""HeartDiseaseorAttack"", ""PhysActivity"", ""Fruits"", ""Veggies"", ""HvyAlcoholConsump"", ""AnyHealthcare"", ""NoDocbcCost"", ""GenHlth"", ""MentHlth"", ""PhysHlth"", ""DiffWalk"", ""Sex"", ""Age"", ""Education"", ""Income"", ""id""], ""data"": [[60540, 1.0, 1.0, 1.0, 34.0, 0.0, 0.0, 1.0, 0.0, 1.0, 1.0, 0.0, 1.0, 0.0, 3.0, 0.0, 0.0, 1.0, 1.0, 11.0, 5.0, 7.0, 60540], [60542, 1.0, 0.0, 1.0, 26.0, 1.0, 0.0, 0.0, 0.0, 0.0, 1.0, 0.0, 1.0, 0.0, 4.0, 0.0, 0.0, 1.0, 0.0, 11.0, 3.0, 5.0, 60542], [60544, 1.0, 1.0, 1.0, 25.0, 1.0, 0.0, 1.0, 0.0, 1.0, 1.0, 0.0, 1.0, 0.0, 4.0, 30.0, 30.0, 1.0, 1.0, 11.0, 4.0, 6.0, 60544], [60545, 1.0, 0.0, 1.0, 36.0, 1.0, 0.0, 1.0, 0.0, 0.0, 0.0, 0.0, 1.0, 0.0, 4.0, 0.0, 0.0, 1.0, 0.0, 13.0, 3.0, 3.0, 60545], [60546, 1.0, 0.0, 1.0, 27.0, 0.0, 0.0, 0.0, 1.0, 1.0, 1.0, 0.0, 1.0, 0.0, 3.0, 0.0, 0.0, 0.0, 0.0, 12.0, 6.0, 7.0, 60546], [60548, 1.0, 1.0, 1.0, 23.0, 0.0, 0.0, 0.0, 0.0, 0.0, 0.0, 0.0, 1.0, 0.0, 4.0, 15.0, 4.0, 0.0, 0.0, 10.0, 3.0, 4.0, 60548], [60549, 1.0, 1.0, 1.0, 31.0, 1.0, 0.0, 0.0, 1.0, 0.0, 1.0, 0.0, 1.0, 0.0, 3.0, 0.0, 0.0, 1.0, 1.0, 10.0, 5.0, 7.0, 60549], [60550, 1.0, 1.0, 1.0, 32.0, 1.0, 0.0, 0.0, 1.0, 0.0, 1.0, 0.0, 1.0, 0.0, 2.0, 0.0, 0.0, 0.0, 0.0, 11.0, 6.0, 8.0, 60550], [60552, 0.0, 1.0, 1.0, 27.0, 1.0, 0.0, 0.0, 0.0, 1.0, 1.0, 0.0, 1.0, 0.0, 5.0, 10.0, 30.0, 0.0, 0.0, 12.0, 6.0, 8.0, 60552], [60554, 1.0, 1.0, 1.0, 33.0, 0.0, 0.0, 0.0, 1.0, 1.0, 1.0, 0.0, 1.0, 0.0, 4.0, 0.0, 30.0, 1.0, 0.0, 10.0, 6.0, 6.0, 60554]]}}","{""predictions"": [1.0, 0.0, 1.0, 0.0, 0.0, 0.0, 1.0, 1.0, 0.0, 0.0]}",1,"{""model_name"":""demo_faddadbfcefc_model_monitor.ws_3551974319838082.diabetes_mo"",""endpoint_name"":""anupriya-malik-databricks-com_ML_AS04_Demo_3b"",""model_version"":""1""}"
null,ec9dc4b0-2b84-4232-b839-7287b99ed905,2024-09-28,1727528585368,200,6,"{""dataframe_split"": {""index"": [24530, 24531, 24532, 24533, 24534, 24535, 24536, 24537, 24538, 24539], ""columns"": [""index"", ""HighBP"", ""HighChol"", ""CholCheck"", ""BMI"", ""Smoker"", ""Stroke"", ""HeartDiseaseorAttack"", ""PhysActivity"", ""Fruits"", ""Veggies"", ""HvyAlcoholConsump"", ""AnyHealthcare"", ""NoDocbcCost"", ""GenHlth"", ""MentHlth"", ""PhysHlth"", ""DiffWalk"", ""Sex"", ""Age"", ""Education"", ""Income"", ""id""], ""data"": [[60558, 0.0, 1.0, 1.0, 34.0, 0.0, 0.0, 0.0, 1.0, 0.0, 1.0, 0.0, 1.0, 0.0, 3.0, 3.0, 5.0, 0.0, 0.0, 10.0, 6.0, 7.0, 60558], [60559, 1.0, 0.0, 1.0, 39.0, 1.0, 0.0, 0.0, 0.0, 0.0, 0.0, 0.0, 1.0, 1.0, 4.0, 0.0, 30.0, 1.0, 1.0, 10.0, 4.0, 3.0, 60559], [60562, 0.0, 1.0, 1.0, 28.0, 0.0, 0.0, 0.0, 0.0, 0.0, 1.0, 0.0, 1.0, 0.0, 3.0, 25.0, 7.0, 0.0, 1.0, 11.0, 4.0, 6.0, 60562], [60566, 0.0, 0.0, 1.0, 22.0, 1.0, 1.0, 0.0, 0.0, 1.0, 1.0, 0.0, 1.0, 0.0, 4.0, 0.0, 30.0, 0.0, 1.0, 13.0, 6.0, 3.0, 60566], [60568, 0.0, 1.0, 1.0, 30.0, 1.0, 0.0, 0.0, 0.0, 0.0, 0.0, 0.0, 1.0, 0.0, 3.0, 0.0, 0.0, 0.0, 0.0, 12.0, 4.0, 6.0, 60568], [60569, 1.0, 1.0, 1.0, 27.0, 1.0, 0.0, 1.0, 0.0, 0.0, 1.0, 0.0, 1.0, 0.0, 4.0, 0.0, 15.0, 0.0, 1.0, 12.0, 4.0, 5.0, 60569], [60572, 1.0, 1.0, 1.0, 29.0, 1.0, 0.0, 0.0, 0.0, 1.0, 1.0, 0.0, 1.0, 0.0, 4.0, 0.0, 25.0, 0.0, 0.0, 11.0, 5.0, 5.0, 60572], [60573, 1.0, 1.0, 1.0, 25.0, 0.0, 1.0, 0.0, 0.0, 1.0, 1.0, 0.0, 1.0, 0.0, 5.0, 20.0, 5.0, 0.0, 0.0, 13.0, 3.0, 6.0, 60573], [60574, 0.0, 1.0, 1.0, 30.0, 1.0, 0.0, 0.0, 1.0, 1.0, 1.0, 1.0, 1.0, 0.0, 2.0, 0.0, 0.0, 0.0, 1.0, 12.0, 6.0, 6.0, 60574], [60575, 1.0, 1.0, 1.0, 27.0, 0.0, 0.0, 0.0, 1.0, 1.0, 1.0, 0.0, 1.0, 0.0, 3.0, 0.0, 0.0, 0.0, 0.0, 13.0, 6.0, 6.0, 60575]]}}","{""predictions"": [1.0, 0.0, 0.0, 1.0, 1.0, 0.0, 0.0, 1.0, 0.0, 1.0]}",1,"{""model_name"":""demo_faddadbfcefc_model_monitor.ws_3551974319838082.diabetes_mo"",""endpoint_name"":""anupriya-malik-databricks-com_ML_AS04_Demo_3b"",""model_version"":""1""}"
null,c3c4a82e-6e45-4941-aedb-4293ff6de13d,2024-09-28,1727528585398,200,5,"{""dataframe_split"": {""index"": [24540, 24541, 24542, 24543, 24544, 24545, 24546, 24547, 24548, 24549], ""columns"": [""index"", ""HighBP"", ""HighChol"", ""CholCheck"", ""BMI"", ""Smoker"", ""Stroke"", ""HeartDiseaseorAttack"", ""PhysActivity"", ""Fruits"", ""Veggies"", ""HvyAlcoholConsump"", ""AnyHealthcare"", ""NoDocbcCost"", ""GenHlth"", ""MentHlth"", ""PhysHlth"", ""DiffWalk"", ""Sex"", ""Age"", ""Education"", ""Income"", ""id""], ""data"": [[60576, 1.0, 1.0, 1.0, 27.0, 1.0, 0.0, 0.0, 1.0, 1.0, 1.0, 0.0, 1.0, 0.0, 3.0, 0.0, 0.0, 0.0, 0.0, 12.0, 6.0, 8.0, 60576], [60579, 1.0, 0.0, 1.0, 32.0, 0.0, 0.0, 0.0, 1.0, 1.0, 1.0, 0.0, 1.0, 0.0, 2.0, 0.0, 0.0, 0.0, 0.0, 10.0, 5.0, 7.0, 60579], [60580, 1.0, 0.0, 1.0, 31.0, 0.0, 1.0, 0.0, 1.0, 1.0, 1.0, 0.0, 1.0, 0.0, 2.0, 0.0, 1.0, 0.0, 1.0, 11.0, 6.0, 7.0, 60580], [60582, 1.0, 0.0, 1.0, 38.0, 0.0, 0.0, 0.0, 0.0, 1.0, 1.0, 0.0, 1.0, 0.0, 3.0, 0.0, 3.0, 1.0, 0.0, 12.0, 6.0, 6.0, 60582], [60583, 1.0, 1.0, 1.0, 26.0, 0.0, 0.0, 0.0, 1.0, 1.0, 1.0, 0.0, 1.0, 0.0, 2.0, 10.0, 7.0, 0.0, 1.0, 11.0, 6.0, 8.0, 60583], [60584, 0.0, 1.0, 1.0, 29.0, 1.0, 0.0, 0.0, 0.0, 0.0, 0.0, 0.0, 1.0, 0.0, 5.0, 0.0, 30.0, 1.0, 1.0, 12.0, 4.0, 2.0, 60584], [60586, 1.0, 1.0, 1.0, 25.0, 1.0, 0.0, 1.0, 1.0, 1.0, 1.0, 0.0, 1.0, 0.0, 3.0, 0.0, 0.0, 0.0, 0.0, 13.0, 5.0, 4.0, 60586], [60587, 1.0, 1.0, 1.0, 25.0, 1.0, 0.0, 0.0, 1.0, 0.0, 1.0, 1.0, 1.0, 0.0, 3.0, 0.0, 0.0, 0.0, 1.0, 10.0, 5.0, 4.0, 60587], [60588, 1.0, 1.0, 1.0, 32.0, 1.0, 0.0, 0.0, 1.0, 0.0, 1.0, 0.0, 1.0, 0.0, 2.0, 1.0, 0.0, 0.0, 0.0, 13.0, 4.0, 5.0, 60588], [60589, 1.0, 1.0, 1.0, 35.0, 1.0, 0.0, 1.0, 1.0, 1.0, 1.0, 0.0, 1.0, 0.0, 3.0, 0.0, 15.0, 0.0, 1.0, 11.0, 6.0, 3.0, 60589]]}}","{""predictions"": [0.0, 1.0, 1.0, 0.0, 0.0, 1.0, 0.0, 1.0, 1.0, 1.0]}",1,"{""model_name"":""demo_faddadbfcefc_model_monitor.ws_3551974319838082.diabetes_mo"",""endpoint_name"":""anupriya-malik-databricks-com_ML_AS04_Demo_3b"",""model_version"":""1""}"
null,0888ca03-8724-4806-acf2-2bace9577f0c,2024-09-28,1727528585617,200,5,"{""dataframe_split"": {""index"": [24610, 24611, 24612, 24613, 24614, 24615, 24616, 24617, 24618, 24619], ""columns"": [""index"", ""HighBP"", ""HighChol"", ""CholCheck"", ""BMI"", ""Smoker"", ""Stroke"", ""HeartDiseaseorAttack"", ""PhysActivity"", ""Fruits"", ""Veggies"", ""HvyAlcoholConsump"", ""AnyHealthcare"", ""NoDocbcCost"", ""GenHlth"", ""MentHlth"", ""PhysHlth"", ""DiffWalk"", ""Sex"", ""Age"", ""Education"", ""Income"", ""id""], ""data"": [[60682, 1.0, 1.0, 1.0, 29.0, 1.0, 0.0, 1.0, 1.0, 1.0, 1.0, 0.0, 1.0, 0.0, 2.0, 0.0, 7.0, 0.0, 1.0, 12.0, 4.0, 5.0, 60682], [60685, 1.0, 1.0, 1.0, 26.0, 1.0, 1.0, 1.0, 1.0, 0.0, 0.0, 0.0, 1.0, 0.0, 4.0, 10.0, 18.0, 1.0, 1.0, 10.0, 4.0, 4.0, 60685], [60686, 1.0, 1.0, 1.0, 29.0, 0.0, 0.0, 0.0, 0.0, 0.0, 0.0, 0.0, 1.0, 0.0, 4.0, 5.0, 15.0, 0.0, 1.0, 10.0, 6.0, 4.0, 60686], [60687, 1.0, 0.0, 1.0, 33.0, 0.0, 0.0, 0.0, 1.0, 0.0, 1.0, 0.0, 1.0, 0.0, 2.0, 0.0, 0.0, 0.0, 1.0, 11.0, 6.0, 8.0, 60687], [60688, 0.0, 1.0, 1.0, 21.0, 0.0, 0.0, 0.0, 1.0, 0.0, 1.0, 0.0, 1.0, 0.0, 4.0, 0.0, 0.0, 0.0, 0.0, 10.0, 5.0, 2.0, 60688], [60691, 1.0, 1.0, 1.0, 36.0, 1.0, 0.0, 1.0, 1.0, 1.0, 1.0, 0.0, 1.0, 1.0, 5.0, 30.0, 30.0, 1.0, 0.0, 10.0, 6.0, 2.0, 60691], [60692, 1.0, 0.0, 1.0, 33.0, 0.0, 0.0, 0.0, 0.0, 1.0, 1.0, 0.0, 1.0, 0.0, 3.0, 0.0, 0.0, 0.0, 1.0, 10.0, 5.0, 8.0, 60692], [60695, 1.0, 1.0, 1.0, 30.0, 1.0, 0.0, 1.0, 0.0, 0.0, 1.0, 0.0, 1.0, 0.0, 2.0, 0.0, 0.0, 1.0, 1.0, 13.0, 5.0, 7.0, 60695], [60698, 1.0, 0.0, 1.0, 32.0, 1.0, 0.0, 1.0, 1.0, 0.0, 1.0, 0.0, 0.0, 0.0, 5.0, 0.0, 30.0, 1.0, 1.0, 11.0, 5.0, 5.0, 60698], [60699, 0.0, 1.0, 1.0, 36.0, 1.0, 0.0, 0.0, 1.0, 1.0, 1.0, 0.0, 1.0, 0.0, 3.0, 0.0, 0.0, 0.0, 1.0, 11.0, 5.0, 5.0, 60699]]}}","{""predictions"": [1.0, 1.0, 1.0, 1.0, 0.0, 0.0, 0.0, 1.0, 1.0, 1.0]}",1,"{""model_name"":""demo_faddadbfcefc_model_monitor.ws_3551974319838082.diabetes_mo"",""endpoint_name"":""anupriya-malik-databricks-com_ML_AS04_Demo_3b"",""model_version"":""1""}"
null,0f59878b-55fc-4622-8629-3628b5e5170c,2024-09-28,1727528585860,200,5,"{""dataframe_split"": {""index"": [24690, 24691, 24692, 24693, 24694, 24695, 24696, 24697, 24698, 24699], ""columns"": [""index"", ""HighBP"", ""HighChol"", ""CholCheck"", ""BMI"", ""Smoker"", ""Stroke"", ""HeartDiseaseorAttack"", ""PhysActivity"", ""Fruits"", ""Veggies"", ""HvyAlcoholConsump"", ""AnyHealthcare"", ""NoDocbcCost"", ""GenHlth"", ""MentHlth"", ""PhysHlth"", ""DiffWalk"", ""Sex"", ""Age"", ""Education"", ""Income"", ""id""], ""data"": [[60839, 1.0, 0.0, 1.0, 45.0, 1.0, 0.0, 0.0, 1.0, 1.0, 1.0, 0.0, 1.0, 1.0, 4.0, 3.0, 0.0, 1.0, 0.0, 10.0, 5.0, 5.0, 60839], [60840, 0.0, 0.0, 1.0, 21.0, 0.0, 0.0, 0.0, 1.0, 1.0, 1.0, 0.0, 1.0, 0.0, 4.0, 0.0, 0.0, 0.0, 0.0, 13.0, 4.0, 2.0, 60840], [60841, 1.0, 1.0, 1.0, 25.0, 0.0, 0.0, 1.0, 1.0, 1.0, 1.0, 0.0, 1.0, 0.0, 2.0, 0.0, 0.0, 0.0, 1.0, 10.0, 6.0, 6.0, 60841], [60845, 1.0, 0.0, 1.0, 37.0, 1.0, 0.0, 0.0, 0.0, 1.0, 1.0, 0.0, 1.0, 0.0, 3.0, 0.0, 0.0, 0.0, 0.0, 10.0, 5.0, 3.0, 60845], [60846, 1.0, 1.0, 1.0, 35.0, 0.0, 0.0, 0.0, 0.0, 0.0, 1.0, 0.0, 1.0, 0.0, 4.0, 5.0, 25.0, 1.0, 0.0, 10.0, 5.0, 8.0, 60846], [60849, 1.0, 1.0, 1.0, 43.0, 0.0, 0.0, 1.0, 1.0, 0.0, 0.0, 0.0, 1.0, 0.0, 4.0, 0.0, 0.0, 1.0, 0.0, 10.0, 5.0, 5.0, 60849], [60850, 0.0, 1.0, 1.0, 29.0, 0.0, 0.0, 0.0, 1.0, 1.0, 1.0, 0.0, 1.0, 0.0, 4.0, 0.0, 0.0, 0.0, 0.0, 10.0, 4.0, 2.0, 60850], [60851, 1.0, 1.0, 1.0, 28.0, 1.0, 0.0, 0.0, 1.0, 1.0, 1.0, 0.0, 1.0, 0.0, 3.0, 2.0, 5.0, 0.0, 1.0, 10.0, 4.0, 6.0, 60851], [60852, 1.0, 1.0, 1.0, 24.0, 0.0, 0.0, 0.0, 0.0, 1.0, 0.0, 0.0, 1.0, 1.0, 4.0, 0.0, 3.0, 1.0, 1.0, 11.0, 3.0, 3.0, 60852], [60853, 1.0, 1.0, 1.0, 34.0, 1.0, 0.0, 1.0, 0.0, 1.0, 0.0, 0.0, 1.0, 0.0, 5.0, 3.0, 30.0, 1.0, 1.0, 12.0, 4.0, 3.0, 60853]]}}","{""predictions"": [1.0, 0.0, 1.0, 1.0, 1.0, 1.0, 1.0, 0.0, 1.0, 1.0]}",1,"{""model_name"":""demo_faddadbfcefc_model_monitor.ws_3551974319838082.diabetes_mo"",""endpoint_name"":""anupriya-malik-databricks-com_ML_AS04_Demo_3b"",""model_version"":""1""}"
null,33c6f582-c51e-4569-aeee-f455362e2b2b,2024-09-28,1727528586546,200,5,"{""dataframe_split"": {""index"": [24910, 24911, 24912, 24913, 24914, 24915, 24916, 24917, 24918, 24919], ""columns"": [""index"", ""HighBP"", ""HighChol"", ""CholCheck"", ""BMI"", ""Smoker"", ""Stroke"", ""HeartDiseaseorAttack"", ""PhysActivity"", ""Fruits"", ""Veggies"", ""HvyAlcoholConsump"", ""AnyHealthcare"", ""NoDocbcCost"", ""GenHlth"", ""MentHlth"", ""PhysHlth"", ""DiffWalk"", ""Sex"", ""Age"", ""Education"", ""Income"", ""id""], ""data"": [[61230, 1.0, 1.0, 1.0, 36.0, 1.0, 0.0, 0.0, 1.0, 0.0, 1.0, 0.0, 1.0, 0.0, 2.0, 0.0, 0.0, 0.0, 0.0, 11.0, 4.0, 4.0, 61230], [61232, 1.0, 1.0, 1.0, 29.0, 0.0, 0.0, 0.0, 0.0, 1.0, 1.0, 0.0, 1.0, 0.0, 3.0, 0.0, 0.0, 0.0, 0.0, 10.0, 5.0, 4.0, 61232], [61239, 0.0, 1.0, 1.0, 25.0, 1.0, 1.0, 1.0, 1.0, 0.0, 0.0, 0.0, 1.0, 0.0, 3.0, 0.0, 0.0, 0.0, 1.0, 10.0, 5.0, 5.0, 61239], [61242, 0.0, 1.0, 1.0, 25.0, 1.0, 0.0, 0.0, 1.0, 1.0, 1.0, 0.0, 1.0, 0.0, 3.0, 0.0, 30.0, 1.0, 1.0, 10.0, 4.0, 3.0, 61242], [61246, 1.0, 1.0, 1.0, 36.0, 0.0, 0.0, 1.0, 0.0, 1.0, 1.0, 0.0, 1.0, 0.0, 3.0, 0.0, 0.0, 0.0, 1.0, 11.0, 5.0, 6.0, 61246], [61247, 1.0, 0.0, 1.0, 27.0, 1.0, 0.0, 1.0, 0.0, 0.0, 0.0, 0.0, 1.0, 0.0, 5.0, 0.0, 30.0, 1.0, 1.0, 10.0, 3.0, 5.0, 61247], [61250, 1.0, 1.0, 1.0, 44.0, 0.0, 0.0, 1.0, 1.0, 0.0, 1.0, 0.0, 1.0, 0.0, 4.0, 30.0, 30.0, 1.0, 0.0, 10.0, 6.0, 6.0, 61250], [61252, 0.0, 1.0, 1.0, 38.0, 1.0, 1.0, 0.0, 0.0, 0.0, 1.0, 0.0, 1.0, 0.0, 3.0, 0.0, 0.0, 1.0, 0.0, 11.0, 4.0, 4.0, 61252], [61257, 0.0, 1.0, 1.0, 26.0, 0.0, 0.0, 1.0, 1.0, 0.0, 1.0, 0.0, 1.0, 0.0, 3.0, 0.0, 0.0, 0.0, 1.0, 10.0, 6.0, 8.0, 61257], [61260, 0.0, 0.0, 1.0, 26.0, 0.0, 0.0, 0.0, 0.0, 1.0, 0.0, 0.0, 1.0, 0.0, 2.0, 0.0, 0.0, 0.0, 1.0, 11.0, 4.0, 5.0, 61260]]}}","{""predictions"": [1.0, 0.0, 0.0, 1.0, 1.0, 0.0, 1.0, 1.0, 0.0, 0.0]}",1,"{""model_name"":""demo_faddadbfcefc_model_monitor.ws_3551974319838082.diabetes_mo"",""endpoint_name"":""anupriya-malik-databricks-com_ML_AS04_Demo_3b"",""model_version"":""1""}"
null,f6b6f387-40e9-4791-9203-77599733f11c,2024-09-28,1727528586675,200,8,"{""dataframe_split"": {""index"": [24950, 24951, 24952, 24953, 24954, 24955, 24956, 24957, 24958, 24959], ""columns"": [""index"", ""HighBP"", ""HighChol"", ""CholCheck"", ""BMI"", ""Smoker"", ""Stroke"", ""HeartDiseaseorAttack"", ""PhysActivity"", ""Fruits"", ""Veggies"", ""HvyAlcoholConsump"", ""AnyHealthcare"", ""NoDocbcCost"", ""GenHlth"", ""MentHlth"", ""PhysHlth"", ""DiffWalk"", ""Sex"", ""Age"", ""Education"", ""Income"", ""id""], ""data"": [[61349, 1.0, 1.0, 1.0, 24.0, 1.0, 0.0, 0.0, 1.0, 1.0, 1.0, 0.0, 1.0, 0.0, 3.0, 0.0, 0.0, 0.0, 1.0, 11.0, 6.0, 8.0, 61349], [61350, 1.0, 1.0, 1.0, 28.0, 0.0, 1.0, 1.0, 0.0, 0.0, 0.0, 0.0, 1.0, 0.0, 5.0, 0.0, 30.0, 1.0, 0.0, 11.0, 3.0, 5.0, 61350], [61352, 0.0, 0.0, 1.0, 28.0, 1.0, 0.0, 0.0, 0.0, 0.0, 1.0, 1.0, 1.0, 0.0, 4.0, 2.0, 0.0, 0.0, 1.0, 10.0, 5.0, 6.0, 61352], [61353, 1.0, 0.0, 1.0, 36.0, 0.0, 1.0, 0.0, 1.0, 0.0, 1.0, 0.0, 1.0, 0.0, 4.0, 0.0, 0.0, 0.0, 1.0, 12.0, 4.0, 3.0, 61353], [61355, 1.0, 1.0, 1.0, 38.0, 1.0, 0.0, 0.0, 0.0, 0.0, 1.0, 0.0, 1.0, 0.0, 3.0, 0.0, 0.0, 1.0, 1.0, 11.0, 5.0, 7.0, 61355], [61358, 1.0, 1.0, 1.0, 29.0, 1.0, 0.0, 1.0, 1.0, 1.0, 1.0, 0.0, 1.0, 0.0, 2.0, 0.0, 0.0, 0.0, 1.0, 11.0, 5.0, 7.0, 61358], [61361, 1.0, 1.0, 1.0, 31.0, 1.0, 0.0, 1.0, 0.0, 1.0, 1.0, 0.0, 1.0, 0.0, 4.0, 0.0, 0.0, 0.0, 1.0, 12.0, 4.0, 6.0, 61361], [61362, 1.0, 1.0, 1.0, 44.0, 0.0, 0.0, 1.0, 1.0, 1.0, 1.0, 0.0, 1.0, 0.0, 3.0, 0.0, 5.0, 1.0, 0.0, 11.0, 5.0, 4.0, 61362], [61367, 1.0, 1.0, 1.0, 31.0, 1.0, 0.0, 1.0, 0.0, 0.0, 1.0, 0.0, 1.0, 0.0, 4.0, 0.0, 30.0, 1.0, 0.0, 12.0, 5.0, 5.0, 61367], [61373, 0.0, 1.0, 1.0, 28.0, 0.0, 1.0, 0.0, 1.0, 1.0, 1.0, 0.0, 1.0, 0.0, 2.0, 0.0, 0.0, 0.0, 0.0, 10.0, 6.0, 7.0, 61373]]}}","{""predictions"": [1.0, 1.0, 0.0, 1.0, 0.0, 1.0, 1.0, 1.0, 1.0, 1.0]}",1,"{""model_name"":""demo_faddadbfcefc_model_monitor.ws_3551974319838082.diabetes_mo"",""endpoint_name"":""anupriya-malik-databricks-com_ML_AS04_Demo_3b"",""model_version"":""1""}"
null,497e3aa6-1df6-43a4-894d-9d493b789ea5,2024-09-28,1727528587268,200,5,"{""dataframe_split"": {""index"": [25120, 25121, 25122, 25123, 25124, 25125, 25126, 25127, 25128, 25129], ""columns"": [""index"", ""HighBP"", ""HighChol"", ""CholCheck"", ""BMI"", ""Smoker"", ""Stroke"", ""HeartDiseaseorAttack"", ""PhysActivity"", ""Fruits"", ""Veggies"", ""HvyAlcoholConsump"", ""AnyHealthcare"", ""NoDocbcCost"", ""GenHlth"", ""MentHlth"", ""PhysHlth"", ""DiffWalk"", ""Sex"", ""Age"", ""Education"", ""Income"", ""id""], ""data"": [[61638, 1.0, 1.0, 1.0, 33.0, 1.0, 0.0, 1.0, 0.0, 0.0, 0.0, 0.0, 1.0, 0.0, 4.0, 0.0, 2.0, 0.0, 0.0, 11.0, 4.0, 6.0, 61638], [61641, 0.0, 1.0, 1.0, 29.0, 1.0, 0.0, 0.0, 1.0, 1.0, 1.0, 0.0, 1.0, 0.0, 2.0, 0.0, 0.0, 0.0, 0.0, 11.0, 6.0, 6.0, 61641], [61644, 1.0, 1.0, 1.0, 25.0, 1.0, 0.0, 0.0, 0.0, 0.0, 0.0, 0.0, 1.0, 0.0, 4.0, 3.0, 25.0, 1.0, 0.0, 13.0, 4.0, 4.0, 61644], [61647, 0.0, 1.0, 1.0, 29.0, 0.0, 0.0, 0.0, 0.0, 0.0, 0.0, 0.0, 1.0, 0.0, 3.0, 0.0, 30.0, 1.0, 1.0, 12.0, 4.0, 6.0, 61647], [61649, 1.0, 1.0, 1.0, 29.0, 0.0, 0.0, 0.0, 1.0, 1.0, 1.0, 0.0, 1.0, 0.0, 2.0, 0.0, 2.0, 0.0, 1.0, 11.0, 6.0, 8.0, 61649], [61650, 1.0, 1.0, 1.0, 29.0, 1.0, 0.0, 0.0, 1.0, 1.0, 1.0, 0.0, 1.0, 0.0, 2.0, 0.0, 10.0, 0.0, 1.0, 11.0, 5.0, 7.0, 61650], [61654, 1.0, 1.0, 1.0, 29.0, 1.0, 1.0, 1.0, 1.0, 1.0, 1.0, 0.0, 1.0, 1.0, 5.0, 30.0, 30.0, 0.0, 1.0, 12.0, 4.0, 5.0, 61654], [61655, 1.0, 1.0, 1.0, 31.0, 0.0, 0.0, 0.0, 1.0, 1.0, 1.0, 0.0, 1.0, 0.0, 4.0, 20.0, 5.0, 0.0, 0.0, 10.0, 4.0, 5.0, 61655], [61656, 1.0, 1.0, 1.0, 30.0, 0.0, 0.0, 0.0, 1.0, 1.0, 1.0, 0.0, 1.0, 0.0, 3.0, 0.0, 1.0, 0.0, 0.0, 11.0, 5.0, 8.0, 61656], [61657, 1.0, 1.0, 1.0, 26.0, 1.0, 0.0, 0.0, 0.0, 1.0, 1.0, 0.0, 1.0, 0.0, 3.0, 0.0, 0.0, 0.0, 0.0, 13.0, 3.0, 2.0, 61657]]}}","{""predictions"": [1.0, 0.0, 1.0, 1.0, 0.0, 1.0, 1.0, 1.0, 1.0, 1.0]}",1,"{""model_name"":""demo_faddadbfcefc_model_monitor.ws_3551974319838082.diabetes_mo"",""endpoint_name"":""anupriya-malik-databricks-com_ML_AS04_Demo_3b"",""model_version"":""1""}"
null,18e6a629-582d-4b89-8108-b6eca0bc2dc9,2024-09-28,1727528587342,200,9,"{""dataframe_split"": {""index"": [25140, 25141, 25142, 25143, 25144, 25145, 25146, 25147, 25148, 25149], ""columns"": [""index"", ""HighBP"", ""HighChol"", ""CholCheck"", ""BMI"", ""Smoker"", ""Stroke"", ""HeartDiseaseorAttack"", ""PhysActivity"", ""Fruits"", ""Veggies"", ""HvyAlcoholConsump"", ""AnyHealthcare"", ""NoDocbcCost"", ""GenHlth"", ""MentHlth"", ""PhysHlth"", ""DiffWalk"", ""Sex"", ""Age"", ""Education"", ""Income"", ""id""], ""data"": [[61680, 1.0, 0.0, 1.0, 27.0, 0.0, 0.0, 0.0, 0.0, 0.0, 1.0, 0.0, 1.0, 0.0, 4.0, 0.0, 10.0, 1.0, 0.0, 10.0, 2.0, 5.0, 61680], [61681, 1.0, 1.0, 1.0, 31.0, 0.0, 1.0, 0.0, 0.0, 1.0, 1.0, 0.0, 1.0, 0.0, 2.0, 0.0, 0.0, 1.0, 0.0, 13.0, 5.0, 6.0, 61681], [61682, 1.0, 1.0, 1.0, 40.0, 1.0, 0.0, 0.0, 0.0, 0.0, 0.0, 0.0, 1.0, 0.0, 3.0, 0.0, 28.0, 1.0, 0.0, 11.0, 5.0, 5.0, 61682], [61684, 1.0, 1.0, 1.0, 25.0, 1.0, 0.0, 0.0, 1.0, 0.0, 1.0, 0.0, 1.0, 0.0, 2.0, 0.0, 0.0, 0.0, 0.0, 10.0, 6.0, 8.0, 61684], [61686, 0.0, 1.0, 1.0, 31.0, 0.0, 1.0, 1.0, 1.0, 1.0, 1.0, 0.0, 1.0, 0.0, 4.0, 0.0, 0.0, 0.0, 1.0, 10.0, 6.0, 8.0, 61686], [61687, 1.0, 1.0, 1.0, 21.0, 0.0, 0.0, 0.0, 0.0, 1.0, 0.0, 0.0, 1.0, 0.0, 5.0, 30.0, 30.0, 0.0, 0.0, 10.0, 4.0, 6.0, 61687], [61689, 1.0, 1.0, 1.0, 28.0, 1.0, 0.0, 1.0, 0.0, 0.0, 1.0, 0.0, 1.0, 0.0, 5.0, 5.0, 5.0, 1.0, 1.0, 13.0, 3.0, 2.0, 61689], [61690, 1.0, 1.0, 1.0, 29.0, 1.0, 0.0, 1.0, 0.0, 1.0, 1.0, 0.0, 1.0, 0.0, 4.0, 0.0, 25.0, 1.0, 1.0, 13.0, 4.0, 3.0, 61690], [61691, 1.0, 1.0, 1.0, 32.0, 1.0, 0.0, 0.0, 1.0, 0.0, 1.0, 0.0, 1.0, 0.0, 2.0, 0.0, 0.0, 0.0, 1.0, 10.0, 4.0, 5.0, 61691], [61692, 1.0, 0.0, 1.0, 35.0, 0.0, 0.0, 0.0, 0.0, 1.0, 1.0, 0.0, 1.0, 0.0, 5.0, 2.0, 25.0, 1.0, 0.0, 10.0, 4.0, 7.0, 61692]]}}","{""predictions"": [1.0, 1.0, 1.0, 0.0, 0.0, 0.0, 1.0, 1.0, 1.0, 0.0]}",1,"{""model_name"":""demo_faddadbfcefc_model_monitor.ws_3551974319838082.diabetes_mo"",""endpoint_name"":""anupriya-malik-databricks-com_ML_AS04_Demo_3b"",""model_version"":""1""}"
null,a512abb4-038d-4128-bde5-1ea1b884a6fa,2024-09-28,1727528587405,200,5,"{""dataframe_split"": {""index"": [25160, 25161, 25162, 25163, 25164, 25165, 25166, 25167, 25168, 25169], ""columns"": [""index"", ""HighBP"", ""HighChol"", ""CholCheck"", ""BMI"", ""Smoker"", ""Stroke"", ""HeartDiseaseorAttack"", ""PhysActivity"", ""Fruits"", ""Veggies"", ""HvyAlcoholConsump"", ""AnyHealthcare"", ""NoDocbcCost"", ""GenHlth"", ""MentHlth"", ""PhysHlth"", ""DiffWalk"", ""Sex"", ""Age"", ""Education"", ""Income"", ""id""], ""data"": [[61710, 1.0, 1.0, 1.0, 37.0, 1.0, 0.0, 0.0, 1.0, 0.0, 1.0, 0.0, 1.0, 0.0, 2.0, 0.0, 0.0, 0.0, 1.0, 10.0, 6.0, 8.0, 61710], [61711, 0.0, 0.0, 1.0, 24.0, 0.0, 1.0, 0.0, 1.0, 0.0, 1.0, 0.0, 1.0, 0.0, 5.0, 0.0, 30.0, 1.0, 1.0, 10.0, 6.0, 5.0, 61711], [61712, 1.0, 1.0, 1.0, 40.0, 1.0, 0.0, 1.0, 0.0, 1.0, 1.0, 0.0, 1.0, 0.0, 4.0, 2.0, 15.0, 0.0, 1.0, 10.0, 5.0, 8.0, 61712], [61714, 1.0, 1.0, 1.0, 38.0, 1.0, 0.0, 0.0, 1.0, 0.0, 0.0, 0.0, 1.0, 0.0, 3.0, 0.0, 0.0, 0.0, 1.0, 11.0, 5.0, 4.0, 61714], [61715, 1.0, 0.0, 1.0, 31.0, 1.0, 0.0, 0.0, 1.0, 1.0, 0.0, 0.0, 1.0, 0.0, 3.0, 0.0, 0.0, 0.0, 1.0, 11.0, 3.0, 5.0, 61715], [61716, 0.0, 0.0, 1.0, 29.0, 1.0, 0.0, 0.0, 1.0, 1.0, 1.0, 0.0, 1.0, 0.0, 3.0, 2.0, 0.0, 0.0, 1.0, 10.0, 5.0, 7.0, 61716], [61718, 1.0, 1.0, 1.0, 37.0, 0.0, 0.0, 0.0, 0.0, 1.0, 1.0, 0.0, 1.0, 1.0, 4.0, 0.0, 10.0, 1.0, 0.0, 11.0, 6.0, 6.0, 61718], [61719, 1.0, 1.0, 1.0, 34.0, 1.0, 0.0, 1.0, 1.0, 1.0, 1.0, 0.0, 1.0, 0.0, 4.0, 0.0, 10.0, 1.0, 1.0, 12.0, 4.0, 7.0, 61719], [61720, 1.0, 1.0, 1.0, 26.0, 1.0, 1.0, 1.0, 0.0, 1.0, 1.0, 0.0, 1.0, 0.0, 5.0, 0.0, 30.0, 1.0, 1.0, 13.0, 4.0, 4.0, 61720], [61722, 0.0, 1.0, 1.0, 24.0, 0.0, 0.0, 0.0, 1.0, 1.0, 1.0, 1.0, 1.0, 0.0, 2.0, 0.0, 0.0, 1.0, 1.0, 10.0, 5.0, 6.0, 61722]]}}","{""predictions"": [1.0, 0.0, 1.0, 1.0, 1.0, 0.0, 1.0, 1.0, 1.0, 0.0]}",1,"{""model_name"":""demo_faddadbfcefc_model_monitor.ws_3551974319838082.diabetes_mo"",""endpoint_name"":""anupriya-malik-databricks-com_ML_AS04_Demo_3b"",""model_version"":""1""}"
null,cd877d1d-f354-4fee-b471-791e069a2ce2,2024-09-28,1727528587436,200,6,"{""dataframe_split"": {""index"": [25170, 25171, 25172, 25173, 25174, 25175, 25176, 25177, 25178, 25179], ""columns"": [""index"", ""HighBP"", ""HighChol"", ""CholCheck"", ""BMI"", ""Smoker"", ""Stroke"", ""HeartDiseaseorAttack"", ""PhysActivity"", ""Fruits"", ""Veggies"", ""HvyAlcoholConsump"", ""AnyHealthcare"", ""NoDocbcCost"", ""GenHlth"", ""MentHlth"", ""PhysHlth"", ""DiffWalk"", ""Sex"", ""Age"", ""Education"", ""Income"", ""id""], ""data"": [[61724, 1.0, 1.0, 1.0, 37.0, 0.0, 0.0, 0.0, 1.0, 1.0, 1.0, 0.0, 1.0, 1.0, 4.0, 28.0, 8.0, 0.0, 1.0, 10.0, 2.0, 2.0, 61724], [61728, 1.0, 1.0, 1.0, 25.0, 0.0, 0.0, 0.0, 1.0, 1.0, 1.0, 0.0, 1.0, 0.0, 2.0, 0.0, 0.0, 0.0, 1.0, 10.0, 6.0, 8.0, 61728], [61731, 1.0, 1.0, 1.0, 36.0, 1.0, 0.0, 1.0, 0.0, 1.0, 0.0, 0.0, 1.0, 0.0, 4.0, 0.0, 0.0, 1.0, 1.0, 13.0, 5.0, 4.0, 61731], [61734, 1.0, 1.0, 1.0, 32.0, 1.0, 0.0, 1.0, 0.0, 0.0, 1.0, 0.0, 1.0, 0.0, 2.0, 0.0, 0.0, 0.0, 0.0, 11.0, 4.0, 6.0, 61734], [61736, 1.0, 1.0, 1.0, 27.0, 1.0, 0.0, 0.0, 1.0, 1.0, 0.0, 0.0, 1.0, 0.0, 3.0, 0.0, 15.0, 0.0, 1.0, 11.0, 4.0, 7.0, 61736], [61739, 1.0, 1.0, 1.0, 27.0, 0.0, 0.0, 0.0, 1.0, 1.0, 1.0, 0.0, 1.0, 0.0, 4.0, 10.0, 0.0, 0.0, 0.0, 10.0, 6.0, 6.0, 61739], [61741, 1.0, 1.0, 1.0, 31.0, 1.0, 0.0, 0.0, 1.0, 1.0, 1.0, 0.0, 1.0, 0.0, 2.0, 0.0, 6.0, 0.0, 1.0, 11.0, 5.0, 4.0, 61741], [61745, 1.0, 1.0, 1.0, 30.0, 1.0, 0.0, 0.0, 1.0, 1.0, 0.0, 0.0, 1.0, 0.0, 3.0, 0.0, 0.0, 0.0, 0.0, 11.0, 5.0, 3.0, 61745], [61746, 1.0, 0.0, 1.0, 20.0, 1.0, 1.0, 1.0, 0.0, 0.0, 1.0, 0.0, 1.0, 0.0, 3.0, 0.0, 0.0, 1.0, 0.0, 12.0, 3.0, 3.0, 61746], [61750, 1.0, 1.0, 1.0, 25.0, 1.0, 0.0, 0.0, 1.0, 1.0, 1.0, 0.0, 1.0, 0.0, 3.0, 0.0, 0.0, 0.0, 0.0, 11.0, 6.0, 8.0, 61750]]}}","{""predictions"": [1.0, 0.0, 1.0, 1.0, 1.0, 0.0, 1.0, 0.0, 1.0, 0.0]}",1,"{""model_name"":""demo_faddadbfcefc_model_monitor.ws_3551974319838082.diabetes_mo"",""endpoint_name"":""anupriya-malik-databricks-com_ML_AS04_Demo_3b"",""model_version"":""1""}"
null,6eefb268-bc80-407d-bc99-47caf8f5045b,2024-09-28,1727528587468,200,5,"{""dataframe_split"": {""index"": [25180, 25181, 25182, 25183, 25184, 25185, 25186, 25187, 25188, 25189], ""columns"": [""index"", ""HighBP"", ""HighChol"", ""CholCheck"", ""BMI"", ""Smoker"", ""Stroke"", ""HeartDiseaseorAttack"", ""PhysActivity"", ""Fruits"", ""Veggies"", ""HvyAlcoholConsump"", ""AnyHealthcare"", ""NoDocbcCost"", ""GenHlth"", ""MentHlth"", ""PhysHlth"", ""DiffWalk"", ""Sex"", ""Age"", ""Education"", ""Income"", ""id""], ""data"": [[61753, 1.0, 0.0, 1.0, 35.0, 1.0, 0.0, 0.0, 0.0, 0.0, 1.0, 0.0, 1.0, 0.0, 3.0, 30.0, 0.0, 0.0, 1.0, 10.0, 6.0, 8.0, 61753], [61761, 0.0, 1.0, 1.0, 25.0, 0.0, 0.0, 0.0, 0.0, 0.0, 1.0, 0.0, 1.0, 0.0, 3.0, 0.0, 3.0, 0.0, 1.0, 10.0, 5.0, 1.0, 61761], [61767, 0.0, 1.0, 1.0, 27.0, 0.0, 0.0, 0.0, 1.0, 0.0, 1.0, 0.0, 1.0, 0.0, 4.0, 2.0, 7.0, 0.0, 1.0, 11.0, 2.0, 1.0, 61767], [61769, 1.0, 0.0, 1.0, 25.0, 0.0, 0.0, 0.0, 1.0, 1.0, 1.0, 0.0, 1.0, 0.0, 2.0, 0.0, 0.0, 0.0, 0.0, 12.0, 5.0, 7.0, 61769], [61770, 1.0, 0.0, 1.0, 34.0, 0.0, 0.0, 0.0, 1.0, 1.0, 1.0, 0.0, 1.0, 0.0, 3.0, 0.0, 30.0, 1.0, 0.0, 12.0, 5.0, 7.0, 61770], [61773, 1.0, 0.0, 1.0, 41.0, 1.0, 0.0, 1.0, 1.0, 0.0, 1.0, 0.0, 1.0, 0.0, 4.0, 2.0, 30.0, 1.0, 1.0, 10.0, 5.0, 8.0, 61773], [61775, 1.0, 1.0, 1.0, 34.0, 0.0, 0.0, 0.0, 0.0, 1.0, 1.0, 0.0, 1.0, 0.0, 3.0, 0.0, 2.0, 1.0, 0.0, 13.0, 5.0, 5.0, 61775], [61777, 1.0, 0.0, 1.0, 42.0, 1.0, 0.0, 0.0, 1.0, 1.0, 1.0, 0.0, 1.0, 0.0, 3.0, 3.0, 0.0, 1.0, 0.0, 10.0, 4.0, 1.0, 61777], [61778, 0.0, 1.0, 1.0, 29.0, 1.0, 0.0, 0.0, 1.0, 0.0, 0.0, 0.0, 1.0, 0.0, 3.0, 3.0, 0.0, 0.0, 1.0, 10.0, 5.0, 6.0, 61778], [61779, 1.0, 1.0, 1.0, 38.0, 1.0, 0.0, 1.0, 0.0, 1.0, 1.0, 0.0, 1.0, 0.0, 3.0, 1.0, 10.0, 1.0, 1.0, 11.0, 6.0, 7.0, 61779]]}}","{""predictions"": [1.0, 0.0, 0.0, 0.0, 1.0, 0.0, 0.0, 1.0, 0.0, 0.0]}",1,"{""model_name"":""demo_faddadbfcefc_model_monitor.ws_3551974319838082.diabetes_mo"",""endpoint_name"":""anupriya-malik-databricks-com_ML_AS04_Demo_3b"",""model_version"":""1""}"
null,88f6300c-d444-4f04-b007-53a7a113e210,2024-09-28,1727528587636,200,7,"{""dataframe_split"": {""index"": [25230, 25231, 25232, 25233, 25234, 25235, 25236, 25237, 25238, 25239], ""columns"": [""index"", ""HighBP"", ""HighChol"", ""CholCheck"", ""BMI"", ""Smoker"", ""Stroke"", ""HeartDiseaseorAttack"", ""PhysActivity"", ""Fruits"", ""Veggies"", ""HvyAlcoholConsump"", ""AnyHealthcare"", ""NoDocbcCost"", ""GenHlth"", ""MentHlth"", ""PhysHlth"", ""DiffWalk"", ""Sex"", ""Age"", ""Education"", ""Income"", ""id""], ""data"": [[61884, 1.0, 1.0, 1.0, 28.0, 1.0, 1.0, 1.0, 1.0, 1.0, 1.0, 0.0, 1.0, 0.0, 4.0, 0.0, 0.0, 0.0, 1.0, 11.0, 5.0, 4.0, 61884], [61886, 1.0, 1.0, 1.0, 30.0, 0.0, 0.0, 0.0, 1.0, 0.0, 1.0, 0.0, 0.0, 0.0, 4.0, 0.0, 30.0, 0.0, 1.0, 11.0, 6.0, 8.0, 61886], [61888, 1.0, 0.0, 1.0, 29.0, 0.0, 0.0, 0.0, 1.0, 1.0, 0.0, 0.0, 1.0, 0.0, 2.0, 0.0, 0.0, 0.0, 0.0, 11.0, 5.0, 6.0, 61888], [61891, 1.0, 1.0, 1.0, 32.0, 0.0, 0.0, 0.0, 1.0, 1.0, 1.0, 0.0, 1.0, 0.0, 3.0, 0.0, 3.0, 0.0, 0.0, 11.0, 2.0, 2.0, 61891], [61893, 1.0, 0.0, 1.0, 32.0, 0.0, 0.0, 1.0, 1.0, 1.0, 1.0, 0.0, 1.0, 0.0, 2.0, 30.0, 0.0, 0.0, 1.0, 12.0, 5.0, 6.0, 61893], [61894, 1.0, 1.0, 1.0, 36.0, 0.0, 0.0, 0.0, 1.0, 1.0, 0.0, 0.0, 1.0, 0.0, 3.0, 0.0, 0.0, 0.0, 1.0, 11.0, 5.0, 8.0, 61894], [61895, 1.0, 1.0, 1.0, 32.0, 1.0, 0.0, 0.0, 1.0, 0.0, 0.0, 0.0, 1.0, 0.0, 3.0, 0.0, 0.0, 0.0, 1.0, 11.0, 3.0, 3.0, 61895], [61896, 1.0, 1.0, 1.0, 30.0, 0.0, 0.0, 0.0, 1.0, 1.0, 0.0, 0.0, 1.0, 0.0, 3.0, 0.0, 5.0, 1.0, 0.0, 11.0, 4.0, 3.0, 61896], [61898, 0.0, 1.0, 1.0, 29.0, 1.0, 0.0, 0.0, 1.0, 0.0, 1.0, 1.0, 1.0, 0.0, 3.0, 0.0, 0.0, 0.0, 1.0, 10.0, 5.0, 4.0, 61898], [61900, 1.0, 0.0, 1.0, 32.0, 0.0, 1.0, 0.0, 1.0, 0.0, 0.0, 0.0, 1.0, 0.0, 1.0, 0.0, 0.0, 0.0, 0.0, 12.0, 4.0, 4.0, 61900]]}}","{""predictions"": [1.0, 0.0, 1.0, 1.0, 0.0, 1.0, 1.0, 0.0, 1.0, 0.0]}",1,"{""model_name"":""demo_faddadbfcefc_model_monitor.ws_3551974319838082.diabetes_mo"",""endpoint_name"":""anupriya-malik-databricks-com_ML_AS04_Demo_3b"",""model_version"":""1""}"
null,ff71913c-d528-4f24-b9e6-09529480e306,2024-09-28,1727528588065,200,9,"{""dataframe_split"": {""index"": [25360, 25361, 25362, 25363, 25364, 25365, 25366, 25367, 25368, 25369], ""columns"": [""index"", ""HighBP"", ""HighChol"", ""CholCheck"", ""BMI"", ""Smoker"", ""Stroke"", ""HeartDiseaseorAttack"", ""PhysActivity"", ""Fruits"", ""Veggies"", ""HvyAlcoholConsump"", ""AnyHealthcare"", ""NoDocbcCost"", ""GenHlth"", ""MentHlth"", ""PhysHlth"", ""DiffWalk"", ""Sex"", ""Age"", ""Education"", ""Income"", ""id""], ""data"": [[62091, 1.0, 1.0, 1.0, 26.0, 0.0, 0.0, 0.0, 1.0, 1.0, 1.0, 0.0, 1.0, 0.0, 2.0, 0.0, 0.0, 0.0, 0.0, 11.0, 3.0, 4.0, 62091], [62092, 1.0, 1.0, 1.0, 25.0, 0.0, 0.0, 0.0, 0.0, 0.0, 1.0, 0.0, 1.0, 0.0, 2.0, 0.0, 0.0, 0.0, 0.0, 10.0, 4.0, 6.0, 62092], [62094, 0.0, 0.0, 1.0, 32.0, 1.0, 0.0, 0.0, 0.0, 0.0, 1.0, 0.0, 1.0, 0.0, 3.0, 0.0, 0.0, 1.0, 1.0, 13.0, 6.0, 8.0, 62094], [62095, 1.0, 1.0, 1.0, 27.0, 1.0, 1.0, 0.0, 1.0, 1.0, 1.0, 0.0, 1.0, 0.0, 4.0, 3.0, 5.0, 1.0, 0.0, 10.0, 6.0, 5.0, 62095], [62096, 1.0, 1.0, 1.0, 34.0, 0.0, 1.0, 1.0, 0.0, 0.0, 0.0, 0.0, 1.0, 0.0, 5.0, 0.0, 2.0, 1.0, 0.0, 13.0, 2.0, 4.0, 62096], [62099, 1.0, 1.0, 1.0, 40.0, 0.0, 0.0, 1.0, 1.0, 0.0, 1.0, 0.0, 1.0, 1.0, 4.0, 10.0, 0.0, 1.0, 0.0, 11.0, 4.0, 1.0, 62099], [62100, 1.0, 0.0, 1.0, 45.0, 0.0, 0.0, 0.0, 1.0, 1.0, 1.0, 0.0, 1.0, 0.0, 3.0, 0.0, 28.0, 1.0, 1.0, 10.0, 4.0, 3.0, 62100], [62101, 1.0, 1.0, 1.0, 38.0, 1.0, 0.0, 0.0, 1.0, 1.0, 1.0, 0.0, 1.0, 0.0, 4.0, 0.0, 6.0, 1.0, 0.0, 10.0, 3.0, 2.0, 62101], [62103, 0.0, 0.0, 0.0, 22.0, 1.0, 0.0, 0.0, 1.0, 0.0, 0.0, 1.0, 1.0, 0.0, 2.0, 6.0, 2.0, 0.0, 0.0, 10.0, 5.0, 7.0, 62103], [62104, 1.0, 1.0, 1.0, 47.0, 1.0, 0.0, 0.0, 1.0, 1.0, 1.0, 0.0, 1.0, 0.0, 3.0, 0.0, 0.0, 1.0, 0.0, 12.0, 5.0, 8.0, 62104]]}}","{""predictions"": [1.0, 0.0, 0.0, 1.0, 1.0, 1.0, 1.0, 0.0, 0.0, 1.0]}",1,"{""model_name"":""demo_faddadbfcefc_model_monitor.ws_3551974319838082.diabetes_mo"",""endpoint_name"":""anupriya-malik-databricks-com_ML_AS04_Demo_3b"",""model_version"":""1""}"
null,455d9c4c-0a49-4a1f-a4e6-b40afdd50f65,2024-09-28,1727528588095,200,5,"{""dataframe_split"": {""index"": [25370, 25371, 25372, 25373, 25374, 25375, 25376, 25377, 25378, 25379], ""columns"": [""index"", ""HighBP"", ""HighChol"", ""CholCheck"", ""BMI"", ""Smoker"", ""Stroke"", ""HeartDiseaseorAttack"", ""PhysActivity"", ""Fruits"", ""Veggies"", ""HvyAlcoholConsump"", ""AnyHealthcare"", ""NoDocbcCost"", ""GenHlth"", ""MentHlth"", ""PhysHlth"", ""DiffWalk"", ""Sex"", ""Age"", ""Education"", ""Income"", ""id""], ""data"": [[62107, 0.0, 1.0, 1.0, 26.0, 0.0, 0.0, 0.0, 1.0, 0.0, 0.0, 0.0, 1.0, 0.0, 3.0, 0.0, 0.0, 0.0, 0.0, 13.0, 4.0, 3.0, 62107], [62114, 1.0, 1.0, 1.0, 48.0, 0.0, 0.0, 1.0, 1.0, 1.0, 1.0, 0.0, 1.0, 0.0, 5.0, 0.0, 30.0, 1.0, 0.0, 10.0, 3.0, 1.0, 62114], [62117, 1.0, 0.0, 1.0, 28.0, 1.0, 0.0, 0.0, 0.0, 0.0, 0.0, 0.0, 1.0, 0.0, 3.0, 0.0, 0.0, 0.0, 1.0, 13.0, 2.0, 3.0, 62117], [62118, 1.0, 1.0, 1.0, 36.0, 1.0, 1.0, 0.0, 1.0, 0.0, 1.0, 0.0, 1.0, 0.0, 5.0, 0.0, 30.0, 0.0, 1.0, 12.0, 6.0, 5.0, 62118], [62119, 0.0, 0.0, 1.0, 22.0, 1.0, 0.0, 0.0, 1.0, 0.0, 1.0, 0.0, 1.0, 0.0, 3.0, 10.0, 0.0, 0.0, 1.0, 12.0, 6.0, 6.0, 62119], [62120, 1.0, 1.0, 1.0, 34.0, 1.0, 0.0, 1.0, 0.0, 0.0, 1.0, 0.0, 1.0, 0.0, 5.0, 0.0, 7.0, 1.0, 0.0, 12.0, 3.0, 3.0, 62120], [62122, 1.0, 1.0, 1.0, 34.0, 0.0, 0.0, 1.0, 0.0, 0.0, 0.0, 0.0, 1.0, 0.0, 1.0, 0.0, 4.0, 0.0, 1.0, 13.0, 2.0, 3.0, 62122], [62123, 1.0, 1.0, 1.0, 37.0, 1.0, 0.0, 1.0, 1.0, 0.0, 0.0, 0.0, 1.0, 0.0, 5.0, 0.0, 14.0, 1.0, 0.0, 10.0, 2.0, 3.0, 62123], [62126, 1.0, 1.0, 1.0, 27.0, 0.0, 0.0, 0.0, 1.0, 1.0, 1.0, 0.0, 1.0, 1.0, 4.0, 0.0, 4.0, 0.0, 0.0, 10.0, 4.0, 4.0, 62126], [62127, 1.0, 1.0, 1.0, 29.0, 1.0, 0.0, 0.0, 1.0, 1.0, 1.0, 0.0, 1.0, 0.0, 3.0, 0.0, 0.0, 0.0, 1.0, 11.0, 6.0, 7.0, 62127]]}}","{""predictions"": [0.0, 1.0, 0.0, 1.0, 0.0, 1.0, 0.0, 1.0, 0.0, 1.0]}",1,"{""model_name"":""demo_faddadbfcefc_model_monitor.ws_3551974319838082.diabetes_mo"",""endpoint_name"":""anupriya-malik-databricks-com_ML_AS04_Demo_3b"",""model_version"":""1""}"
null,09ce0886-5ee6-4825-8135-b48ca347f27d,2024-09-28,1727528588130,200,8,"{""dataframe_split"": {""index"": [25380, 25381, 25382, 25383, 25384, 25385, 25386, 25387, 25388, 25389], ""columns"": [""index"", ""HighBP"", ""HighChol"", ""CholCheck"", ""BMI"", ""Smoker"", ""Stroke"", ""HeartDiseaseorAttack"", ""PhysActivity"", ""Fruits"", ""Veggies"", ""HvyAlcoholConsump"", ""AnyHealthcare"", ""NoDocbcCost"", ""GenHlth"", ""MentHlth"", ""PhysHlth"", ""DiffWalk"", ""Sex"", ""Age"", ""Education"", ""Income"", ""id""], ""data"": [[62128, 1.0, 0.0, 1.0, 29.0, 0.0, 0.0, 0.0, 1.0, 1.0, 1.0, 0.0, 1.0, 0.0, 3.0, 0.0, 0.0, 0.0, 0.0, 10.0, 5.0, 5.0, 62128], [62129, 1.0, 0.0, 1.0, 33.0, 0.0, 0.0, 0.0, 1.0, 1.0, 1.0, 0.0, 1.0, 0.0, 3.0, 0.0, 2.0, 0.0, 1.0, 10.0, 6.0, 5.0, 62129], [62130, 1.0, 1.0, 1.0, 24.0, 1.0, 1.0, 0.0, 0.0, 1.0, 1.0, 0.0, 1.0, 0.0, 3.0, 0.0, 0.0, 0.0, 0.0, 12.0, 5.0, 5.0, 62130], [62133, 1.0, 1.0, 1.0, 42.0, 0.0, 0.0, 0.0, 0.0, 1.0, 1.0, 0.0, 1.0, 0.0, 3.0, 0.0, 0.0, 1.0, 0.0, 11.0, 6.0, 5.0, 62133], [62138, 1.0, 1.0, 1.0, 23.0, 1.0, 1.0, 0.0, 1.0, 1.0, 1.0, 0.0, 1.0, 0.0, 2.0, 0.0, 1.0, 0.0, 0.0, 13.0, 6.0, 5.0, 62138], [62139, 0.0, 1.0, 1.0, 27.0, 1.0, 0.0, 0.0, 0.0, 1.0, 1.0, 0.0, 1.0, 0.0, 3.0, 0.0, 0.0, 0.0, 1.0, 11.0, 6.0, 5.0, 62139], [62141, 1.0, 1.0, 1.0, 36.0, 1.0, 1.0, 1.0, 0.0, 0.0, 1.0, 0.0, 1.0, 0.0, 5.0, 30.0, 30.0, 0.0, 1.0, 13.0, 4.0, 4.0, 62141], [62142, 0.0, 1.0, 1.0, 27.0, 1.0, 1.0, 1.0, 1.0, 0.0, 0.0, 0.0, 1.0, 0.0, 4.0, 15.0, 0.0, 0.0, 1.0, 12.0, 4.0, 3.0, 62142], [62145, 1.0, 1.0, 1.0, 35.0, 1.0, 1.0, 0.0, 1.0, 1.0, 1.0, 0.0, 1.0, 0.0, 2.0, 0.0, 6.0, 0.0, 1.0, 11.0, 4.0, 2.0, 62145], [62148, 1.0, 1.0, 1.0, 24.0, 1.0, 0.0, 0.0, 0.0, 0.0, 1.0, 0.0, 1.0, 0.0, 3.0, 0.0, 4.0, 0.0, 1.0, 12.0, 3.0, 4.0, 62148]]}}","{""predictions"": [0.0, 0.0, 1.0, 1.0, 1.0, 1.0, 1.0, 0.0, 1.0, 1.0]}",1,"{""model_name"":""demo_faddadbfcefc_model_monitor.ws_3551974319838082.diabetes_mo"",""endpoint_name"":""anupriya-malik-databricks-com_ML_AS04_Demo_3b"",""model_version"":""1""}"
null,f8f7fe16-c3ba-4e8d-bd9a-a62e0c14b6a2,2024-09-28,1727528588457,200,5,"{""dataframe_split"": {""index"": [25460, 25461, 25462, 25463, 25464, 25465, 25466, 25467, 25468, 25469], ""columns"": [""index"", ""HighBP"", ""HighChol"", ""CholCheck"", ""BMI"", ""Smoker"", ""Stroke"", ""HeartDiseaseorAttack"", ""PhysActivity"", ""Fruits"", ""Veggies"", ""HvyAlcoholConsump"", ""AnyHealthcare"", ""NoDocbcCost"", ""GenHlth"", ""MentHlth"", ""PhysHlth"", ""DiffWalk"", ""Sex"", ""Age"", ""Education"", ""Income"", ""id""], ""data"": [[62261, 1.0, 1.0, 1.0, 27.0, 1.0, 1.0, 1.0, 0.0, 0.0, 1.0, 0.0, 1.0, 0.0, 5.0, 5.0, 20.0, 1.0, 1.0, 12.0, 2.0, 1.0, 62261], [62265, 0.0, 1.0, 1.0, 23.0, 1.0, 0.0, 1.0, 1.0, 1.0, 1.0, 1.0, 1.0, 0.0, 3.0, 4.0, 0.0, 0.0, 0.0, 10.0, 5.0, 8.0, 62265], [62267, 1.0, 0.0, 1.0, 37.0, 0.0, 0.0, 0.0, 1.0, 0.0, 1.0, 0.0, 1.0, 0.0, 2.0, 0.0, 0.0, 0.0, 1.0, 10.0, 5.0, 6.0, 62267], [62268, 1.0, 0.0, 1.0, 38.0, 1.0, 0.0, 0.0, 0.0, 0.0, 1.0, 0.0, 1.0, 0.0, 3.0, 0.0, 0.0, 0.0, 1.0, 10.0, 6.0, 7.0, 62268], [62270, 1.0, 1.0, 1.0, 25.0, 0.0, 0.0, 0.0, 1.0, 1.0, 1.0, 0.0, 1.0, 0.0, 4.0, 0.0, 30.0, 1.0, 0.0, 13.0, 4.0, 4.0, 62270], [62272, 1.0, 0.0, 1.0, 23.0, 1.0, 1.0, 1.0, 1.0, 1.0, 1.0, 0.0, 0.0, 0.0, 4.0, 0.0, 0.0, 1.0, 1.0, 12.0, 2.0, 2.0, 62272], [62273, 1.0, 1.0, 1.0, 27.0, 0.0, 0.0, 0.0, 1.0, 1.0, 1.0, 0.0, 1.0, 0.0, 2.0, 0.0, 2.0, 0.0, 1.0, 11.0, 6.0, 6.0, 62273], [62277, 1.0, 0.0, 1.0, 27.0, 0.0, 0.0, 0.0, 1.0, 1.0, 1.0, 0.0, 1.0, 0.0, 4.0, 0.0, 0.0, 0.0, 0.0, 11.0, 5.0, 3.0, 62277], [62278, 1.0, 1.0, 1.0, 35.0, 0.0, 0.0, 0.0, 1.0, 0.0, 1.0, 0.0, 1.0, 0.0, 3.0, 0.0, 3.0, 0.0, 0.0, 13.0, 4.0, 4.0, 62278], [62281, 1.0, 1.0, 1.0, 30.0, 1.0, 0.0, 0.0, 0.0, 0.0, 0.0, 0.0, 1.0, 1.0, 4.0, 0.0, 15.0, 1.0, 1.0, 10.0, 6.0, 2.0, 62281]]}}","{""predictions"": [1.0, 0.0, 1.0, 1.0, 0.0, 0.0, 0.0, 0.0, 1.0, 0.0]}",1,"{""model_name"":""demo_faddadbfcefc_model_monitor.ws_3551974319838082.diabetes_mo"",""endpoint_name"":""anupriya-malik-databricks-com_ML_AS04_Demo_3b"",""model_version"":""1""}"
null,c745777f-ced3-421c-8c9b-e2a67e6e952c,2024-09-28,1727528588522,200,5,"{""dataframe_split"": {""index"": [25480, 25481, 25482, 25483, 25484, 25485, 25486, 25487, 25488, 25489], ""columns"": [""index"", ""HighBP"", ""HighChol"", ""CholCheck"", ""BMI"", ""Smoker"", ""Stroke"", ""HeartDiseaseorAttack"", ""PhysActivity"", ""Fruits"", ""Veggies"", ""HvyAlcoholConsump"", ""AnyHealthcare"", ""NoDocbcCost"", ""GenHlth"", ""MentHlth"", ""PhysHlth"", ""DiffWalk"", ""Sex"", ""Age"", ""Education"", ""Income"", ""id""], ""data"": [[62296, 0.0, 0.0, 1.0, 29.0, 1.0, 0.0, 0.0, 1.0, 1.0, 1.0, 0.0, 1.0, 0.0, 2.0, 0.0, 1.0, 0.0, 1.0, 12.0, 5.0, 7.0, 62296], [62297, 1.0, 1.0, 1.0, 36.0, 1.0, 0.0, 1.0, 1.0, 1.0, 0.0, 0.0, 1.0, 0.0, 3.0, 0.0, 0.0, 0.0, 0.0, 10.0, 6.0, 5.0, 62297], [62300, 0.0, 0.0, 1.0, 21.0, 0.0, 0.0, 0.0, 1.0, 0.0, 1.0, 0.0, 1.0, 0.0, 5.0, 30.0, 30.0, 1.0, 0.0, 13.0, 3.0, 3.0, 62300], [62302, 1.0, 1.0, 1.0, 37.0, 1.0, 0.0, 0.0, 0.0, 1.0, 1.0, 0.0, 1.0, 0.0, 2.0, 0.0, 0.0, 1.0, 0.0, 13.0, 5.0, 7.0, 62302], [62305, 1.0, 1.0, 1.0, 32.0, 0.0, 0.0, 0.0, 1.0, 0.0, 1.0, 0.0, 1.0, 0.0, 2.0, 0.0, 0.0, 0.0, 1.0, 10.0, 6.0, 8.0, 62305], [62306, 1.0, 1.0, 1.0, 25.0, 0.0, 0.0, 0.0, 1.0, 1.0, 1.0, 0.0, 1.0, 0.0, 2.0, 0.0, 0.0, 1.0, 0.0, 13.0, 4.0, 4.0, 62306], [62308, 0.0, 1.0, 1.0, 27.0, 0.0, 0.0, 0.0, 1.0, 1.0, 1.0, 0.0, 1.0, 0.0, 5.0, 0.0, 30.0, 1.0, 1.0, 13.0, 4.0, 4.0, 62308], [62311, 0.0, 0.0, 1.0, 36.0, 0.0, 0.0, 0.0, 1.0, 1.0, 1.0, 0.0, 1.0, 0.0, 2.0, 2.0, 0.0, 0.0, 1.0, 10.0, 6.0, 7.0, 62311], [62312, 1.0, 1.0, 1.0, 29.0, 0.0, 0.0, 1.0, 1.0, 1.0, 1.0, 0.0, 1.0, 0.0, 2.0, 0.0, 0.0, 0.0, 0.0, 10.0, 6.0, 7.0, 62312], [62314, 1.0, 1.0, 1.0, 41.0, 1.0, 1.0, 0.0, 1.0, 0.0, 1.0, 0.0, 1.0, 0.0, 3.0, 0.0, 0.0, 0.0, 1.0, 11.0, 3.0, 6.0, 62314]]}}","{""predictions"": [0.0, 1.0, 0.0, 1.0, 1.0, 1.0, 1.0, 1.0, 1.0, 1.0]}",1,"{""model_name"":""demo_faddadbfcefc_model_monitor.ws_3551974319838082.diabetes_mo"",""endpoint_name"":""anupriya-malik-databricks-com_ML_AS04_Demo_3b"",""model_version"":""1""}"
null,5b7629cd-eb0a-4039-b376-d9583a9578c5,2024-09-28,1727528588552,200,5,"{""dataframe_split"": {""index"": [25490, 25491, 25492, 25493, 25494, 25495, 25496, 25497, 25498, 25499], ""columns"": [""index"", ""HighBP"", ""HighChol"", ""CholCheck"", ""BMI"", ""Smoker"", ""Stroke"", ""HeartDiseaseorAttack"", ""PhysActivity"", ""Fruits"", ""Veggies"", ""HvyAlcoholConsump"", ""AnyHealthcare"", ""NoDocbcCost"", ""GenHlth"", ""MentHlth"", ""PhysHlth"", ""DiffWalk"", ""Sex"", ""Age"", ""Education"", ""Income"", ""id""], ""data"": [[62317, 1.0, 1.0, 1.0, 35.0, 1.0, 0.0, 0.0, 0.0, 1.0, 1.0, 0.0, 1.0, 0.0, 5.0, 30.0, 30.0, 1.0, 0.0, 11.0, 5.0, 5.0, 62317], [62319, 1.0, 1.0, 1.0, 36.0, 0.0, 1.0, 1.0, 0.0, 0.0, 0.0, 0.0, 1.0, 0.0, 5.0, 30.0, 30.0, 1.0, 0.0, 12.0, 3.0, 2.0, 62319], [62321, 1.0, 1.0, 1.0, 28.0, 0.0, 0.0, 0.0, 0.0, 0.0, 1.0, 0.0, 1.0, 0.0, 3.0, 0.0, 15.0, 0.0, 0.0, 11.0, 4.0, 6.0, 62321], [62322, 1.0, 0.0, 1.0, 26.0, 1.0, 0.0, 1.0, 1.0, 0.0, 0.0, 0.0, 1.0, 0.0, 4.0, 0.0, 30.0, 1.0, 1.0, 13.0, 5.0, 3.0, 62322], [62323, 1.0, 1.0, 1.0, 28.0, 1.0, 0.0, 0.0, 0.0, 1.0, 1.0, 0.0, 1.0, 0.0, 4.0, 0.0, 0.0, 1.0, 0.0, 13.0, 4.0, 1.0, 62323], [62325, 1.0, 1.0, 1.0, 26.0, 1.0, 0.0, 0.0, 1.0, 0.0, 1.0, 0.0, 1.0, 0.0, 2.0, 0.0, 0.0, 0.0, 0.0, 13.0, 4.0, 3.0, 62325], [62327, 0.0, 0.0, 1.0, 27.0, 0.0, 0.0, 0.0, 1.0, 1.0, 1.0, 0.0, 1.0, 0.0, 3.0, 0.0, 0.0, 0.0, 0.0, 10.0, 4.0, 7.0, 62327], [62329, 1.0, 1.0, 1.0, 25.0, 1.0, 0.0, 0.0, 1.0, 1.0, 1.0, 0.0, 1.0, 0.0, 4.0, 0.0, 0.0, 1.0, 1.0, 10.0, 3.0, 3.0, 62329], [62333, 1.0, 1.0, 1.0, 28.0, 1.0, 0.0, 0.0, 1.0, 0.0, 1.0, 0.0, 1.0, 0.0, 5.0, 0.0, 0.0, 0.0, 1.0, 10.0, 4.0, 7.0, 62333], [62334, 1.0, 1.0, 1.0, 27.0, 0.0, 0.0, 0.0, 1.0, 1.0, 1.0, 0.0, 1.0, 0.0, 2.0, 0.0, 0.0, 0.0, 0.0, 12.0, 4.0, 3.0, 62334]]}}","{""predictions"": [1.0, 1.0, 1.0, 0.0, 1.0, 1.0, 1.0, 1.0, 1.0, 1.0]}",1,"{""model_name"":""demo_faddadbfcefc_model_monitor.ws_3551974319838082.diabetes_mo"",""endpoint_name"":""anupriya-malik-databricks-com_ML_AS04_Demo_3b"",""model_version"":""1""}"
null,889481a1-2c9d-44ab-9c7c-9f2f1807ee25,2024-09-28,1727528588581,200,5,"{""dataframe_split"": {""index"": [25500, 25501, 25502, 25503, 25504, 25505, 25506, 25507, 25508, 25509], ""columns"": [""index"", ""HighBP"", ""HighChol"", ""CholCheck"", ""BMI"", ""Smoker"", ""Stroke"", ""HeartDiseaseorAttack"", ""PhysActivity"", ""Fruits"", ""Veggies"", ""HvyAlcoholConsump"", ""AnyHealthcare"", ""NoDocbcCost"", ""GenHlth"", ""MentHlth"", ""PhysHlth"", ""DiffWalk"", ""Sex"", ""Age"", ""Education"", ""Income"", ""id""], ""data"": [[62335, 1.0, 1.0, 1.0, 25.0, 0.0, 0.0, 0.0, 1.0, 0.0, 1.0, 0.0, 1.0, 0.0, 2.0, 0.0, 0.0, 0.0, 0.0, 10.0, 4.0, 7.0, 62335], [62337, 1.0, 1.0, 1.0, 32.0, 0.0, 0.0, 1.0, 0.0, 1.0, 1.0, 0.0, 1.0, 0.0, 3.0, 0.0, 0.0, 0.0, 0.0, 13.0, 5.0, 7.0, 62337], [62339, 1.0, 1.0, 1.0, 29.0, 0.0, 1.0, 1.0, 0.0, 0.0, 1.0, 0.0, 1.0, 0.0, 4.0, 0.0, 2.0, 1.0, 0.0, 12.0, 4.0, 5.0, 62339], [62340, 1.0, 1.0, 1.0, 24.0, 1.0, 0.0, 1.0, 1.0, 1.0, 1.0, 0.0, 1.0, 0.0, 3.0, 0.0, 0.0, 0.0, 1.0, 13.0, 6.0, 6.0, 62340], [62343, 1.0, 1.0, 1.0, 25.0, 1.0, 0.0, 0.0, 1.0, 0.0, 0.0, 0.0, 1.0, 1.0, 4.0, 0.0, 0.0, 0.0, 0.0, 10.0, 4.0, 3.0, 62343], [62347, 1.0, 1.0, 1.0, 36.0, 1.0, 0.0, 0.0, 0.0, 1.0, 0.0, 0.0, 1.0, 0.0, 3.0, 0.0, 1.0, 0.0, 0.0, 13.0, 2.0, 2.0, 62347], [62349, 1.0, 1.0, 1.0, 33.0, 0.0, 0.0, 0.0, 1.0, 1.0, 0.0, 0.0, 1.0, 0.0, 2.0, 0.0, 0.0, 1.0, 0.0, 13.0, 5.0, 4.0, 62349], [62351, 1.0, 1.0, 1.0, 24.0, 1.0, 0.0, 0.0, 1.0, 0.0, 0.0, 0.0, 1.0, 0.0, 5.0, 2.0, 30.0, 1.0, 1.0, 10.0, 2.0, 3.0, 62351], [62352, 1.0, 1.0, 1.0, 29.0, 1.0, 0.0, 1.0, 1.0, 1.0, 1.0, 0.0, 1.0, 0.0, 5.0, 0.0, 30.0, 1.0, 1.0, 11.0, 3.0, 5.0, 62352], [62354, 1.0, 1.0, 1.0, 35.0, 1.0, 1.0, 1.0, 1.0, 1.0, 1.0, 0.0, 1.0, 0.0, 4.0, 0.0, 4.0, 0.0, 0.0, 10.0, 6.0, 6.0, 62354]]}}","{""predictions"": [1.0, 0.0, 1.0, 1.0, 1.0, 1.0, 1.0, 1.0, 1.0, 1.0]}",1,"{""model_name"":""demo_faddadbfcefc_model_monitor.ws_3551974319838082.diabetes_mo"",""endpoint_name"":""anupriya-malik-databricks-com_ML_AS04_Demo_3b"",""model_version"":""1""}"
null,13fdfab4-dd8f-4fa6-893a-a8aae3f0fa05,2024-09-28,1727528588612,200,5,"{""dataframe_split"": {""index"": [25510, 25511, 25512, 25513, 25514, 25515, 25516, 25517, 25518, 25519], ""columns"": [""index"", ""HighBP"", ""HighChol"", ""CholCheck"", ""BMI"", ""Smoker"", ""Stroke"", ""HeartDiseaseorAttack"", ""PhysActivity"", ""Fruits"", ""Veggies"", ""HvyAlcoholConsump"", ""AnyHealthcare"", ""NoDocbcCost"", ""GenHlth"", ""MentHlth"", ""PhysHlth"", ""DiffWalk"", ""Sex"", ""Age"", ""Education"", ""Income"", ""id""], ""data"": [[62355, 1.0, 1.0, 1.0, 27.0, 0.0, 0.0, 0.0, 0.0, 1.0, 1.0, 0.0, 1.0, 1.0, 4.0, 30.0, 6.0, 0.0, 0.0, 12.0, 2.0, 5.0, 62355], [62356, 1.0, 1.0, 1.0, 30.0, 1.0, 0.0, 0.0, 0.0, 0.0, 0.0, 0.0, 1.0, 0.0, 4.0, 30.0, 30.0, 1.0, 0.0, 10.0, 4.0, 5.0, 62356], [62358, 1.0, 1.0, 1.0, 32.0, 1.0, 0.0, 0.0, 1.0, 1.0, 1.0, 0.0, 1.0, 0.0, 3.0, 0.0, 0.0, 0.0, 1.0, 10.0, 6.0, 5.0, 62358], [62359, 1.0, 0.0, 1.0, 27.0, 0.0, 0.0, 0.0, 1.0, 1.0, 1.0, 0.0, 1.0, 0.0, 2.0, 0.0, 0.0, 0.0, 0.0, 12.0, 6.0, 3.0, 62359], [62361, 1.0, 1.0, 1.0, 28.0, 0.0, 0.0, 0.0, 0.0, 1.0, 0.0, 0.0, 1.0, 0.0, 3.0, 0.0, 0.0, 0.0, 0.0, 11.0, 4.0, 5.0, 62361], [62362, 1.0, 1.0, 1.0, 28.0, 1.0, 0.0, 0.0, 1.0, 1.0, 1.0, 0.0, 1.0, 0.0, 3.0, 0.0, 0.0, 0.0, 1.0, 10.0, 6.0, 6.0, 62362], [62364, 1.0, 0.0, 1.0, 24.0, 1.0, 0.0, 1.0, 0.0, 0.0, 0.0, 0.0, 1.0, 0.0, 3.0, 0.0, 0.0, 1.0, 0.0, 13.0, 3.0, 2.0, 62364], [62366, 1.0, 1.0, 1.0, 29.0, 0.0, 0.0, 0.0, 1.0, 0.0, 1.0, 0.0, 1.0, 0.0, 3.0, 0.0, 0.0, 0.0, 0.0, 12.0, 4.0, 4.0, 62366], [62367, 1.0, 1.0, 1.0, 35.0, 0.0, 0.0, 0.0, 1.0, 1.0, 1.0, 0.0, 1.0, 0.0, 2.0, 0.0, 1.0, 0.0, 0.0, 10.0, 4.0, 6.0, 62367], [62368, 1.0, 1.0, 1.0, 31.0, 1.0, 0.0, 1.0, 1.0, 1.0, 1.0, 0.0, 1.0, 0.0, 3.0, 0.0, 10.0, 0.0, 1.0, 12.0, 5.0, 6.0, 62368]]}}","{""predictions"": [0.0, 1.0, 1.0, 1.0, 0.0, 1.0, 1.0, 0.0, 0.0, 1.0]}",1,"{""model_name"":""demo_faddadbfcefc_model_monitor.ws_3551974319838082.diabetes_mo"",""endpoint_name"":""anupriya-malik-databricks-com_ML_AS04_Demo_3b"",""model_version"":""1""}"
null,752b6bc2-53a4-42a8-bf76-383a137fb462,2024-09-28,1727528588674,200,5,"{""dataframe_split"": {""index"": [25530, 25531, 25532, 25533, 25534, 25535, 25536, 25537, 25538, 25539], ""columns"": [""index"", ""HighBP"", ""HighChol"", ""CholCheck"", ""BMI"", ""Smoker"", ""Stroke"", ""HeartDiseaseorAttack"", ""PhysActivity"", ""Fruits"", ""Veggies"", ""HvyAlcoholConsump"", ""AnyHealthcare"", ""NoDocbcCost"", ""GenHlth"", ""MentHlth"", ""PhysHlth"", ""DiffWalk"", ""Sex"", ""Age"", ""Education"", ""Income"", ""id""], ""data"": [[62386, 1.0, 1.0, 1.0, 27.0, 1.0, 0.0, 0.0, 1.0, 0.0, 1.0, 0.0, 1.0, 0.0, 3.0, 0.0, 10.0, 0.0, 1.0, 13.0, 4.0, 6.0, 62386], [62388, 1.0, 1.0, 1.0, 22.0, 0.0, 0.0, 0.0, 1.0, 0.0, 1.0, 0.0, 1.0, 0.0, 3.0, 0.0, 0.0, 0.0, 1.0, 12.0, 5.0, 6.0, 62388], [62389, 1.0, 0.0, 1.0, 29.0, 0.0, 0.0, 0.0, 1.0, 0.0, 0.0, 0.0, 1.0, 0.0, 3.0, 0.0, 2.0, 0.0, 0.0, 11.0, 4.0, 6.0, 62389], [62390, 1.0, 0.0, 1.0, 38.0, 1.0, 0.0, 0.0, 1.0, 1.0, 1.0, 0.0, 1.0, 0.0, 2.0, 0.0, 0.0, 1.0, 1.0, 13.0, 4.0, 4.0, 62390], [62392, 1.0, 1.0, 1.0, 40.0, 1.0, 0.0, 0.0, 0.0, 1.0, 1.0, 0.0, 1.0, 0.0, 4.0, 0.0, 30.0, 1.0, 1.0, 12.0, 5.0, 6.0, 62392], [62395, 1.0, 0.0, 1.0, 32.0, 0.0, 0.0, 0.0, 1.0, 1.0, 1.0, 0.0, 1.0, 0.0, 3.0, 0.0, 7.0, 1.0, 1.0, 12.0, 5.0, 8.0, 62395], [62400, 1.0, 1.0, 1.0, 29.0, 0.0, 0.0, 0.0, 1.0, 0.0, 1.0, 0.0, 1.0, 0.0, 4.0, 20.0, 30.0, 1.0, 1.0, 12.0, 5.0, 8.0, 62400], [62401, 1.0, 1.0, 1.0, 30.0, 0.0, 0.0, 0.0, 1.0, 1.0, 1.0, 0.0, 1.0, 0.0, 3.0, 4.0, 5.0, 1.0, 0.0, 10.0, 4.0, 2.0, 62401], [62404, 1.0, 0.0, 1.0, 42.0, 1.0, 0.0, 1.0, 0.0, 0.0, 1.0, 0.0, 1.0, 0.0, 5.0, 0.0, 30.0, 1.0, 1.0, 12.0, 6.0, 7.0, 62404], [62405, 1.0, 1.0, 1.0, 42.0, 1.0, 0.0, 1.0, 0.0, 1.0, 0.0, 0.0, 1.0, 0.0, 5.0, 30.0, 30.0, 1.0, 1.0, 10.0, 6.0, 8.0, 62405]]}}","{""predictions"": [1.0, 1.0, 1.0, 1.0, 1.0, 0.0, 1.0, 1.0, 1.0, 1.0]}",1,"{""model_name"":""demo_faddadbfcefc_model_monitor.ws_3551974319838082.diabetes_mo"",""endpoint_name"":""anupriya-malik-databricks-com_ML_AS04_Demo_3b"",""model_version"":""1""}"
null,8126e661-444a-4b4c-9705-fb9b446f8297,2024-09-28,1727528588704,200,5,"{""dataframe_split"": {""index"": [25540, 25541, 25542, 25543, 25544, 25545, 25546, 25547, 25548, 25549], ""columns"": [""index"", ""HighBP"", ""HighChol"", ""CholCheck"", ""BMI"", ""Smoker"", ""Stroke"", ""HeartDiseaseorAttack"", ""PhysActivity"", ""Fruits"", ""Veggies"", ""HvyAlcoholConsump"", ""AnyHealthcare"", ""NoDocbcCost"", ""GenHlth"", ""MentHlth"", ""PhysHlth"", ""DiffWalk"", ""Sex"", ""Age"", ""Education"", ""Income"", ""id""], ""data"": [[62406, 1.0, 1.0, 1.0, 29.0, 1.0, 0.0, 1.0, 1.0, 0.0, 0.0, 0.0, 1.0, 0.0, 4.0, 0.0, 2.0, 0.0, 1.0, 12.0, 2.0, 3.0, 62406], [62410, 1.0, 1.0, 1.0, 26.0, 1.0, 0.0, 0.0, 1.0, 1.0, 1.0, 0.0, 1.0, 1.0, 3.0, 30.0, 30.0, 1.0, 0.0, 10.0, 4.0, 4.0, 62410], [62411, 1.0, 1.0, 1.0, 24.0, 0.0, 0.0, 0.0, 1.0, 1.0, 0.0, 0.0, 1.0, 0.0, 2.0, 0.0, 0.0, 0.0, 0.0, 12.0, 4.0, 5.0, 62411], [62413, 1.0, 0.0, 1.0, 32.0, 0.0, 0.0, 0.0, 1.0, 1.0, 1.0, 0.0, 1.0, 0.0, 2.0, 0.0, 0.0, 0.0, 0.0, 10.0, 6.0, 7.0, 62413], [62414, 1.0, 0.0, 1.0, 31.0, 1.0, 0.0, 0.0, 1.0, 0.0, 1.0, 0.0, 1.0, 0.0, 2.0, 0.0, 0.0, 0.0, 1.0, 10.0, 5.0, 8.0, 62414], [62416, 1.0, 1.0, 1.0, 25.0, 0.0, 0.0, 0.0, 1.0, 1.0, 1.0, 0.0, 1.0, 0.0, 4.0, 0.0, 5.0, 1.0, 0.0, 10.0, 6.0, 5.0, 62416], [62423, 1.0, 1.0, 1.0, 35.0, 0.0, 0.0, 1.0, 1.0, 0.0, 1.0, 0.0, 1.0, 0.0, 3.0, 0.0, 2.0, 1.0, 1.0, 11.0, 2.0, 5.0, 62423], [62424, 1.0, 1.0, 1.0, 32.0, 1.0, 0.0, 1.0, 1.0, 1.0, 1.0, 0.0, 0.0, 0.0, 5.0, 0.0, 30.0, 1.0, 1.0, 13.0, 3.0, 1.0, 62424], [62425, 1.0, 1.0, 1.0, 31.0, 1.0, 0.0, 1.0, 1.0, 0.0, 1.0, 0.0, 1.0, 0.0, 3.0, 0.0, 0.0, 0.0, 1.0, 11.0, 6.0, 7.0, 62425], [62426, 1.0, 1.0, 1.0, 32.0, 0.0, 1.0, 1.0, 0.0, 0.0, 1.0, 0.0, 1.0, 0.0, 4.0, 0.0, 0.0, 1.0, 0.0, 13.0, 5.0, 4.0, 62426]]}}","{""predictions"": [1.0, 1.0, 0.0, 1.0, 1.0, 0.0, 1.0, 1.0, 1.0, 1.0]}",1,"{""model_name"":""demo_faddadbfcefc_model_monitor.ws_3551974319838082.diabetes_mo"",""endpoint_name"":""anupriya-malik-databricks-com_ML_AS04_Demo_3b"",""model_version"":""1""}"
null,15a1024a-4b98-4bfe-929d-8fc742e75400,2024-09-28,1727528589008,200,5,"{""dataframe_split"": {""index"": [25640, 25641, 25642, 25643, 25644, 25645, 25646, 25647, 25648, 25649], ""columns"": [""index"", ""HighBP"", ""HighChol"", ""CholCheck"", ""BMI"", ""Smoker"", ""Stroke"", ""HeartDiseaseorAttack"", ""PhysActivity"", ""Fruits"", ""Veggies"", ""HvyAlcoholConsump"", ""AnyHealthcare"", ""NoDocbcCost"", ""GenHlth"", ""MentHlth"", ""PhysHlth"", ""DiffWalk"", ""Sex"", ""Age"", ""Education"", ""Income"", ""id""], ""data"": [[62598, 1.0, 1.0, 1.0, 27.0, 0.0, 0.0, 0.0, 1.0, 1.0, 0.0, 0.0, 1.0, 0.0, 2.0, 0.0, 0.0, 0.0, 0.0, 10.0, 5.0, 8.0, 62598], [62599, 1.0, 0.0, 1.0, 37.0, 1.0, 0.0, 0.0, 1.0, 1.0, 0.0, 0.0, 1.0, 0.0, 3.0, 0.0, 0.0, 0.0, 1.0, 10.0, 4.0, 4.0, 62599], [62602, 1.0, 1.0, 1.0, 25.0, 1.0, 0.0, 1.0, 1.0, 1.0, 0.0, 0.0, 1.0, 0.0, 5.0, 30.0, 30.0, 0.0, 1.0, 10.0, 6.0, 7.0, 62602], [62603, 1.0, 1.0, 1.0, 43.0, 0.0, 0.0, 0.0, 1.0, 1.0, 1.0, 0.0, 1.0, 0.0, 3.0, 0.0, 0.0, 0.0, 0.0, 10.0, 5.0, 2.0, 62603], [62610, 1.0, 1.0, 1.0, 47.0, 1.0, 0.0, 1.0, 0.0, 1.0, 0.0, 0.0, 1.0, 1.0, 5.0, 0.0, 30.0, 1.0, 1.0, 10.0, 5.0, 3.0, 62610], [62611, 1.0, 1.0, 1.0, 35.0, 1.0, 0.0, 0.0, 1.0, 1.0, 1.0, 0.0, 1.0, 0.0, 3.0, 5.0, 15.0, 1.0, 0.0, 11.0, 4.0, 5.0, 62611], [62612, 1.0, 1.0, 1.0, 34.0, 1.0, 0.0, 0.0, 1.0, 1.0, 1.0, 0.0, 0.0, 0.0, 4.0, 0.0, 0.0, 0.0, 0.0, 10.0, 5.0, 1.0, 62612], [62614, 1.0, 1.0, 1.0, 28.0, 1.0, 0.0, 0.0, 0.0, 1.0, 1.0, 0.0, 1.0, 0.0, 3.0, 0.0, 18.0, 0.0, 1.0, 10.0, 3.0, 6.0, 62614], [62617, 1.0, 0.0, 1.0, 30.0, 0.0, 0.0, 0.0, 0.0, 0.0, 1.0, 0.0, 1.0, 0.0, 3.0, 0.0, 1.0, 0.0, 0.0, 11.0, 4.0, 6.0, 62617], [62621, 1.0, 0.0, 1.0, 28.0, 1.0, 0.0, 0.0, 1.0, 1.0, 1.0, 0.0, 1.0, 0.0, 2.0, 0.0, 1.0, 0.0, 1.0, 10.0, 6.0, 8.0, 62621]]}}","{""predictions"": [1.0, 1.0, 1.0, 1.0, 1.0, 1.0, 1.0, 0.0, 1.0, 0.0]}",1,"{""model_name"":""demo_faddadbfcefc_model_monitor.ws_3551974319838082.diabetes_mo"",""endpoint_name"":""anupriya-malik-databricks-com_ML_AS04_Demo_3b"",""model_version"":""1""}"
null,3e288af6-37c4-43f2-9f4e-3df7216e2363,2024-09-28,1727528589098,200,6,"{""dataframe_split"": {""index"": [25670, 25671, 25672, 25673, 25674, 25675, 25676, 25677, 25678, 25679], ""columns"": [""index"", ""HighBP"", ""HighChol"", ""CholCheck"", ""BMI"", ""Smoker"", ""Stroke"", ""HeartDiseaseorAttack"", ""PhysActivity"", ""Fruits"", ""Veggies"", ""HvyAlcoholConsump"", ""AnyHealthcare"", ""NoDocbcCost"", ""GenHlth"", ""MentHlth"", ""PhysHlth"", ""DiffWalk"", ""Sex"", ""Age"", ""Education"", ""Income"", ""id""], ""data"": [[62660, 1.0, 1.0, 1.0, 37.0, 0.0, 0.0, 1.0, 0.0, 1.0, 0.0, 0.0, 1.0, 0.0, 5.0, 0.0, 6.0, 1.0, 0.0, 11.0, 4.0, 6.0, 62660], [62662, 1.0, 1.0, 1.0, 25.0, 1.0, 0.0, 1.0, 0.0, 0.0, 1.0, 0.0, 1.0, 0.0, 3.0, 0.0, 0.0, 0.0, 0.0, 11.0, 4.0, 4.0, 62662], [62667, 0.0, 0.0, 1.0, 29.0, 0.0, 0.0, 0.0, 1.0, 1.0, 1.0, 0.0, 1.0, 0.0, 2.0, 0.0, 0.0, 0.0, 1.0, 12.0, 3.0, 5.0, 62667], [62669, 1.0, 1.0, 1.0, 31.0, 0.0, 0.0, 1.0, 1.0, 1.0, 1.0, 0.0, 1.0, 0.0, 3.0, 0.0, 0.0, 0.0, 1.0, 12.0, 6.0, 6.0, 62669], [62672, 0.0, 0.0, 1.0, 26.0, 1.0, 0.0, 0.0, 1.0, 0.0, 1.0, 0.0, 1.0, 0.0, 1.0, 0.0, 0.0, 0.0, 1.0, 11.0, 6.0, 8.0, 62672], [62673, 1.0, 0.0, 1.0, 31.0, 1.0, 0.0, 1.0, 1.0, 0.0, 1.0, 0.0, 1.0, 0.0, 3.0, 0.0, 0.0, 0.0, 1.0, 13.0, 3.0, 4.0, 62673], [62674, 1.0, 1.0, 1.0, 26.0, 1.0, 0.0, 0.0, 1.0, 0.0, 0.0, 0.0, 1.0, 0.0, 4.0, 0.0, 0.0, 0.0, 1.0, 11.0, 3.0, 6.0, 62674], [62676, 1.0, 1.0, 1.0, 29.0, 1.0, 1.0, 0.0, 0.0, 0.0, 0.0, 0.0, 1.0, 0.0, 3.0, 0.0, 1.0, 0.0, 1.0, 11.0, 5.0, 3.0, 62676], [62677, 1.0, 1.0, 1.0, 40.0, 1.0, 0.0, 0.0, 1.0, 1.0, 1.0, 0.0, 1.0, 0.0, 3.0, 0.0, 0.0, 0.0, 1.0, 11.0, 4.0, 5.0, 62677], [62678, 1.0, 0.0, 1.0, 26.0, 0.0, 0.0, 0.0, 1.0, 1.0, 0.0, 0.0, 1.0, 0.0, 4.0, 0.0, 0.0, 1.0, 1.0, 10.0, 4.0, 5.0, 62678]]}}","{""predictions"": [1.0, 0.0, 1.0, 1.0, 0.0, 1.0, 1.0, 1.0, 0.0, 0.0]}",1,"{""model_name"":""demo_faddadbfcefc_model_monitor.ws_3551974319838082.diabetes_mo"",""endpoint_name"":""anupriya-malik-databricks-com_ML_AS04_Demo_3b"",""model_version"":""1""}"
null,e6cb9fd4-827f-4b01-83b7-750f0496b88c,2024-09-28,1727528589161,200,5,"{""dataframe_split"": {""index"": [25690, 25691, 25692, 25693, 25694, 25695, 25696, 25697, 25698, 25699], ""columns"": [""index"", ""HighBP"", ""HighChol"", ""CholCheck"", ""BMI"", ""Smoker"", ""Stroke"", ""HeartDiseaseorAttack"", ""PhysActivity"", ""Fruits"", ""Veggies"", ""HvyAlcoholConsump"", ""AnyHealthcare"", ""NoDocbcCost"", ""GenHlth"", ""MentHlth"", ""PhysHlth"", ""DiffWalk"", ""Sex"", ""Age"", ""Education"", ""Income"", ""id""], ""data"": [[62714, 1.0, 1.0, 1.0, 30.0, 1.0, 0.0, 0.0, 1.0, 1.0, 1.0, 0.0, 1.0, 0.0, 2.0, 0.0, 0.0, 0.0, 1.0, 12.0, 6.0, 6.0, 62714], [62715, 1.0, 1.0, 1.0, 24.0, 1.0, 0.0, 1.0, 1.0, 1.0, 1.0, 0.0, 1.0, 0.0, 3.0, 0.0, 0.0, 0.0, 1.0, 10.0, 5.0, 8.0, 62715], [62716, 1.0, 1.0, 1.0, 17.0, 0.0, 0.0, 1.0, 0.0, 1.0, 1.0, 0.0, 0.0, 0.0, 4.0, 20.0, 30.0, 0.0, 0.0, 13.0, 3.0, 1.0, 62716], [62718, 1.0, 1.0, 1.0, 31.0, 1.0, 0.0, 0.0, 0.0, 0.0, 1.0, 0.0, 1.0, 0.0, 2.0, 0.0, 0.0, 0.0, 1.0, 10.0, 5.0, 8.0, 62718], [62719, 1.0, 1.0, 1.0, 36.0, 1.0, 0.0, 0.0, 1.0, 0.0, 1.0, 0.0, 1.0, 0.0, 3.0, 0.0, 0.0, 0.0, 1.0, 10.0, 6.0, 8.0, 62719], [62720, 1.0, 1.0, 1.0, 34.0, 0.0, 0.0, 0.0, 1.0, 1.0, 1.0, 0.0, 1.0, 0.0, 4.0, 0.0, 0.0, 0.0, 0.0, 10.0, 5.0, 3.0, 62720], [62721, 1.0, 0.0, 1.0, 30.0, 1.0, 0.0, 0.0, 1.0, 1.0, 1.0, 0.0, 1.0, 1.0, 3.0, 0.0, 10.0, 0.0, 0.0, 11.0, 4.0, 1.0, 62721], [62722, 1.0, 1.0, 1.0, 40.0, 1.0, 0.0, 0.0, 1.0, 0.0, 1.0, 0.0, 1.0, 0.0, 2.0, 0.0, 0.0, 1.0, 0.0, 11.0, 5.0, 6.0, 62722], [62723, 1.0, 1.0, 1.0, 30.0, 0.0, 0.0, 0.0, 1.0, 1.0, 1.0, 0.0, 1.0, 0.0, 3.0, 2.0, 5.0, 0.0, 1.0, 10.0, 5.0, 5.0, 62723], [62725, 1.0, 1.0, 1.0, 28.0, 0.0, 0.0, 1.0, 1.0, 0.0, 1.0, 0.0, 1.0, 0.0, 3.0, 0.0, 0.0, 1.0, 1.0, 11.0, 5.0, 8.0, 62725]]}}","{""predictions"": [0.0, 0.0, 1.0, 0.0, 0.0, 1.0, 1.0, 1.0, 1.0, 0.0]}",1,"{""model_name"":""demo_faddadbfcefc_model_monitor.ws_3551974319838082.diabetes_mo"",""endpoint_name"":""anupriya-malik-databricks-com_ML_AS04_Demo_3b"",""model_version"":""1""}"
null,45fac4a9-34d2-4304-b11c-78422d37428e,2024-09-28,1727528589476,200,5,"{""dataframe_split"": {""index"": [25790, 25791, 25792, 25793, 25794, 25795, 25796, 25797, 25798, 25799], ""columns"": [""index"", ""HighBP"", ""HighChol"", ""CholCheck"", ""BMI"", ""Smoker"", ""Stroke"", ""HeartDiseaseorAttack"", ""PhysActivity"", ""Fruits"", ""Veggies"", ""HvyAlcoholConsump"", ""AnyHealthcare"", ""NoDocbcCost"", ""GenHlth"", ""MentHlth"", ""PhysHlth"", ""DiffWalk"", ""Sex"", ""Age"", ""Education"", ""Income"", ""id""], ""data"": [[62967, 1.0, 0.0, 1.0, 30.0, 1.0, 0.0, 0.0, 0.0, 1.0, 1.0, 0.0, 1.0, 0.0, 2.0, 0.0, 0.0, 0.0, 0.0, 10.0, 4.0, 6.0, 62967], [62968, 1.0, 1.0, 1.0, 32.0, 0.0, 0.0, 1.0, 1.0, 0.0, 1.0, 0.0, 1.0, 0.0, 3.0, 0.0, 0.0, 0.0, 1.0, 10.0, 6.0, 8.0, 62968], [62970, 1.0, 1.0, 1.0, 31.0, 0.0, 0.0, 0.0, 1.0, 1.0, 1.0, 0.0, 1.0, 0.0, 3.0, 0.0, 0.0, 0.0, 1.0, 10.0, 6.0, 7.0, 62970], [62971, 1.0, 1.0, 1.0, 31.0, 1.0, 0.0, 0.0, 0.0, 0.0, 1.0, 0.0, 1.0, 0.0, 3.0, 0.0, 0.0, 0.0, 1.0, 10.0, 5.0, 5.0, 62971], [62972, 1.0, 1.0, 1.0, 31.0, 0.0, 0.0, 1.0, 1.0, 1.0, 1.0, 0.0, 1.0, 0.0, 4.0, 0.0, 0.0, 1.0, 0.0, 13.0, 5.0, 3.0, 62972], [62973, 1.0, 1.0, 1.0, 30.0, 0.0, 0.0, 1.0, 0.0, 1.0, 1.0, 0.0, 1.0, 0.0, 4.0, 0.0, 0.0, 1.0, 0.0, 13.0, 6.0, 4.0, 62973], [62974, 1.0, 1.0, 1.0, 39.0, 0.0, 0.0, 0.0, 1.0, 1.0, 0.0, 0.0, 1.0, 0.0, 2.0, 0.0, 0.0, 0.0, 1.0, 10.0, 3.0, 4.0, 62974], [62975, 1.0, 0.0, 1.0, 44.0, 0.0, 0.0, 0.0, 0.0, 0.0, 1.0, 0.0, 1.0, 1.0, 2.0, 2.0, 1.0, 0.0, 0.0, 11.0, 5.0, 5.0, 62975], [62976, 1.0, 1.0, 1.0, 27.0, 0.0, 0.0, 0.0, 1.0, 1.0, 0.0, 0.0, 1.0, 0.0, 3.0, 0.0, 0.0, 0.0, 0.0, 13.0, 4.0, 3.0, 62976], [62977, 1.0, 1.0, 1.0, 30.0, 0.0, 0.0, 0.0, 1.0, 0.0, 0.0, 0.0, 1.0, 0.0, 3.0, 0.0, 0.0, 0.0, 1.0, 13.0, 6.0, 6.0, 62977]]}}","{""predictions"": [0.0, 1.0, 1.0, 0.0, 1.0, 1.0, 0.0, 1.0, 1.0, 0.0]}",1,"{""model_name"":""demo_faddadbfcefc_model_monitor.ws_3551974319838082.diabetes_mo"",""endpoint_name"":""anupriya-malik-databricks-com_ML_AS04_Demo_3b"",""model_version"":""1""}"
null,6151035d-336a-4e74-8145-3a19fe9799d3,2024-09-28,1727528589776,200,5,"{""dataframe_split"": {""index"": [25890, 25891, 25892, 25893, 25894, 25895, 25896, 25897, 25898, 25899], ""columns"": [""index"", ""HighBP"", ""HighChol"", ""CholCheck"", ""BMI"", ""Smoker"", ""Stroke"", ""HeartDiseaseorAttack"", ""PhysActivity"", ""Fruits"", ""Veggies"", ""HvyAlcoholConsump"", ""AnyHealthcare"", ""NoDocbcCost"", ""GenHlth"", ""MentHlth"", ""PhysHlth"", ""DiffWalk"", ""Sex"", ""Age"", ""Education"", ""Income"", ""id""], ""data"": [[63150, 1.0, 0.0, 1.0, 28.0, 0.0, 0.0, 0.0, 1.0, 1.0, 1.0, 0.0, 1.0, 1.0, 4.0, 0.0, 14.0, 1.0, 0.0, 12.0, 3.0, 2.0, 63150], [63152, 1.0, 0.0, 1.0, 35.0, 0.0, 0.0, 1.0, 1.0, 0.0, 1.0, 0.0, 1.0, 1.0, 4.0, 3.0, 0.0, 0.0, 1.0, 12.0, 4.0, 3.0, 63152], [63155, 1.0, 1.0, 1.0, 34.0, 1.0, 1.0, 1.0, 0.0, 0.0, 0.0, 0.0, 1.0, 0.0, 1.0, 30.0, 30.0, 1.0, 0.0, 13.0, 3.0, 4.0, 63155], [63161, 1.0, 0.0, 1.0, 28.0, 0.0, 0.0, 0.0, 1.0, 1.0, 1.0, 0.0, 1.0, 0.0, 3.0, 0.0, 0.0, 0.0, 0.0, 13.0, 3.0, 1.0, 63161], [63164, 0.0, 0.0, 1.0, 27.0, 0.0, 1.0, 0.0, 1.0, 1.0, 1.0, 0.0, 1.0, 0.0, 3.0, 0.0, 0.0, 0.0, 0.0, 13.0, 6.0, 2.0, 63164], [63165, 1.0, 1.0, 1.0, 30.0, 1.0, 0.0, 1.0, 1.0, 1.0, 1.0, 0.0, 1.0, 0.0, 3.0, 0.0, 1.0, 0.0, 1.0, 11.0, 4.0, 6.0, 63165], [63166, 0.0, 1.0, 1.0, 36.0, 0.0, 0.0, 0.0, 1.0, 1.0, 1.0, 0.0, 1.0, 1.0, 2.0, 0.0, 0.0, 0.0, 1.0, 13.0, 4.0, 4.0, 63166], [63168, 1.0, 1.0, 1.0, 26.0, 1.0, 0.0, 0.0, 1.0, 1.0, 1.0, 1.0, 1.0, 0.0, 3.0, 0.0, 10.0, 1.0, 1.0, 12.0, 4.0, 7.0, 63168], [63169, 1.0, 1.0, 1.0, 27.0, 1.0, 0.0, 0.0, 0.0, 1.0, 0.0, 0.0, 1.0, 0.0, 3.0, 0.0, 0.0, 0.0, 1.0, 13.0, 4.0, 3.0, 63169], [63170, 1.0, 1.0, 1.0, 21.0, 1.0, 0.0, 0.0, 1.0, 1.0, 1.0, 0.0, 1.0, 0.0, 4.0, 0.0, 7.0, 1.0, 0.0, 11.0, 3.0, 2.0, 63170]]}}","{""predictions"": [1.0, 0.0, 0.0, 0.0, 1.0, 1.0, 0.0, 1.0, 1.0, 0.0]}",1,"{""model_name"":""demo_faddadbfcefc_model_monitor.ws_3551974319838082.diabetes_mo"",""endpoint_name"":""anupriya-malik-databricks-com_ML_AS04_Demo_3b"",""model_version"":""1""}"
null,51aa8f29-583a-4786-a512-96cabd346bd7,2024-09-28,1727528590389,200,5,"{""dataframe_split"": {""index"": [26090, 26091, 26092, 26093, 26094, 26095, 26096, 26097, 26098, 26099], ""columns"": [""index"", ""HighBP"", ""HighChol"", ""CholCheck"", ""BMI"", ""Smoker"", ""Stroke"", ""HeartDiseaseorAttack"", ""PhysActivity"", ""Fruits"", ""Veggies"", ""HvyAlcoholConsump"", ""AnyHealthcare"", ""NoDocbcCost"", ""GenHlth"", ""MentHlth"", ""PhysHlth"", ""DiffWalk"", ""Sex"", ""Age"", ""Education"", ""Income"", ""id""], ""data"": [[63558, 1.0, 1.0, 1.0, 42.0, 0.0, 0.0, 0.0, 0.0, 1.0, 1.0, 0.0, 1.0, 0.0, 3.0, 0.0, 0.0, 0.0, 0.0, 13.0, 6.0, 7.0, 63558], [63561, 1.0, 1.0, 1.0, 31.0, 0.0, 0.0, 0.0, 0.0, 0.0, 1.0, 0.0, 1.0, 0.0, 4.0, 0.0, 30.0, 0.0, 1.0, 10.0, 3.0, 4.0, 63561], [63563, 1.0, 1.0, 1.0, 33.0, 1.0, 0.0, 1.0, 1.0, 0.0, 1.0, 0.0, 1.0, 0.0, 4.0, 0.0, 30.0, 1.0, 1.0, 10.0, 3.0, 2.0, 63563], [63564, 1.0, 1.0, 1.0, 31.0, 0.0, 0.0, 0.0, 1.0, 0.0, 1.0, 0.0, 1.0, 0.0, 3.0, 0.0, 0.0, 0.0, 0.0, 10.0, 4.0, 5.0, 63564], [63565, 1.0, 1.0, 1.0, 24.0, 0.0, 0.0, 0.0, 1.0, 1.0, 0.0, 0.0, 1.0, 0.0, 5.0, 0.0, 30.0, 1.0, 0.0, 13.0, 2.0, 1.0, 63565], [63566, 1.0, 1.0, 1.0, 24.0, 0.0, 1.0, 0.0, 0.0, 1.0, 1.0, 0.0, 1.0, 0.0, 3.0, 0.0, 14.0, 0.0, 0.0, 11.0, 4.0, 4.0, 63566], [63567, 1.0, 0.0, 1.0, 22.0, 1.0, 0.0, 0.0, 1.0, 0.0, 0.0, 0.0, 1.0, 0.0, 2.0, 0.0, 0.0, 0.0, 0.0, 10.0, 4.0, 3.0, 63567], [63568, 0.0, 0.0, 1.0, 38.0, 1.0, 0.0, 0.0, 0.0, 0.0, 1.0, 0.0, 1.0, 0.0, 2.0, 0.0, 0.0, 0.0, 1.0, 10.0, 5.0, 6.0, 63568], [63574, 0.0, 1.0, 1.0, 35.0, 1.0, 0.0, 0.0, 0.0, 1.0, 1.0, 0.0, 1.0, 0.0, 1.0, 0.0, 0.0, 1.0, 0.0, 12.0, 5.0, 4.0, 63574], [63575, 1.0, 1.0, 1.0, 27.0, 1.0, 0.0, 1.0, 1.0, 0.0, 0.0, 0.0, 1.0, 1.0, 4.0, 0.0, 4.0, 1.0, 1.0, 13.0, 2.0, 4.0, 63575]]}}","{""predictions"": [0.0, 1.0, 0.0, 0.0, 1.0, 1.0, 0.0, 0.0, 1.0, 1.0]}",1,"{""model_name"":""demo_faddadbfcefc_model_monitor.ws_3551974319838082.diabetes_mo"",""endpoint_name"":""anupriya-malik-databricks-com_ML_AS04_Demo_3b"",""model_version"":""1""}"
null,0bec7181-56da-4e66-8dfa-3f6bfaea1331,2024-09-28,1727528590417,200,5,"{""dataframe_split"": {""index"": [26100, 26101, 26102, 26103, 26104, 26105, 26106, 26107, 26108, 26109], ""columns"": [""index"", ""HighBP"", ""HighChol"", ""CholCheck"", ""BMI"", ""Smoker"", ""Stroke"", ""HeartDiseaseorAttack"", ""PhysActivity"", ""Fruits"", ""Veggies"", ""HvyAlcoholConsump"", ""AnyHealthcare"", ""NoDocbcCost"", ""GenHlth"", ""MentHlth"", ""PhysHlth"", ""DiffWalk"", ""Sex"", ""Age"", ""Education"", ""Income"", ""id""], ""data"": [[63577, 1.0, 1.0, 1.0, 32.0, 0.0, 0.0, 0.0, 1.0, 0.0, 0.0, 0.0, 1.0, 0.0, 3.0, 0.0, 0.0, 0.0, 1.0, 12.0, 4.0, 4.0, 63577], [63580, 0.0, 1.0, 1.0, 31.0, 1.0, 0.0, 0.0, 1.0, 1.0, 0.0, 0.0, 1.0, 0.0, 1.0, 0.0, 30.0, 1.0, 1.0, 11.0, 4.0, 6.0, 63580], [63583, 1.0, 1.0, 1.0, 29.0, 1.0, 0.0, 0.0, 1.0, 1.0, 0.0, 0.0, 1.0, 0.0, 2.0, 0.0, 0.0, 0.0, 1.0, 13.0, 6.0, 5.0, 63583], [63585, 1.0, 1.0, 1.0, 37.0, 1.0, 0.0, 0.0, 0.0, 1.0, 0.0, 0.0, 1.0, 0.0, 5.0, 0.0, 20.0, 1.0, 1.0, 11.0, 6.0, 4.0, 63585], [63587, 1.0, 1.0, 1.0, 21.0, 0.0, 0.0, 0.0, 1.0, 1.0, 1.0, 0.0, 1.0, 0.0, 2.0, 0.0, 5.0, 0.0, 0.0, 10.0, 6.0, 1.0, 63587], [63589, 1.0, 1.0, 1.0, 33.0, 0.0, 0.0, 0.0, 0.0, 1.0, 1.0, 0.0, 1.0, 0.0, 3.0, 0.0, 0.0, 0.0, 0.0, 10.0, 5.0, 4.0, 63589], [63590, 1.0, 1.0, 1.0, 29.0, 0.0, 0.0, 0.0, 1.0, 1.0, 1.0, 0.0, 1.0, 0.0, 4.0, 0.0, 14.0, 1.0, 0.0, 13.0, 4.0, 5.0, 63590], [63591, 1.0, 1.0, 1.0, 32.0, 0.0, 1.0, 1.0, 0.0, 1.0, 0.0, 0.0, 1.0, 0.0, 5.0, 0.0, 30.0, 1.0, 1.0, 13.0, 5.0, 5.0, 63591], [63594, 1.0, 1.0, 1.0, 30.0, 0.0, 0.0, 0.0, 1.0, 1.0, 1.0, 0.0, 1.0, 0.0, 2.0, 0.0, 0.0, 0.0, 0.0, 13.0, 4.0, 6.0, 63594], [63597, 1.0, 0.0, 1.0, 24.0, 1.0, 0.0, 0.0, 1.0, 1.0, 0.0, 0.0, 1.0, 0.0, 3.0, 0.0, 5.0, 0.0, 0.0, 10.0, 6.0, 7.0, 63597]]}}","{""predictions"": [1.0, 0.0, 0.0, 1.0, 1.0, 1.0, 1.0, 1.0, 1.0, 0.0]}",1,"{""model_name"":""demo_faddadbfcefc_model_monitor.ws_3551974319838082.diabetes_mo"",""endpoint_name"":""anupriya-malik-databricks-com_ML_AS04_Demo_3b"",""model_version"":""1""}"
null,d7a18703-06cc-4e54-bbbc-0785a89057d2,2024-09-28,1727528590447,200,5,"{""dataframe_split"": {""index"": [26110, 26111, 26112, 26113, 26114, 26115, 26116, 26117, 26118, 26119], ""columns"": [""index"", ""HighBP"", ""HighChol"", ""CholCheck"", ""BMI"", ""Smoker"", ""Stroke"", ""HeartDiseaseorAttack"", ""PhysActivity"", ""Fruits"", ""Veggies"", ""HvyAlcoholConsump"", ""AnyHealthcare"", ""NoDocbcCost"", ""GenHlth"", ""MentHlth"", ""PhysHlth"", ""DiffWalk"", ""Sex"", ""Age"", ""Education"", ""Income"", ""id""], ""data"": [[63600, 1.0, 1.0, 1.0, 32.0, 0.0, 0.0, 0.0, 1.0, 1.0, 1.0, 0.0, 1.0, 0.0, 3.0, 0.0, 0.0, 0.0, 1.0, 10.0, 6.0, 5.0, 63600], [63602, 1.0, 1.0, 1.0, 24.0, 1.0, 0.0, 0.0, 0.0, 0.0, 0.0, 0.0, 1.0, 1.0, 3.0, 0.0, 0.0, 1.0, 0.0, 11.0, 4.0, 4.0, 63602], [63603, 1.0, 1.0, 1.0, 28.0, 0.0, 0.0, 0.0, 0.0, 0.0, 1.0, 0.0, 1.0, 0.0, 2.0, 0.0, 0.0, 0.0, 1.0, 10.0, 4.0, 7.0, 63603], [63604, 0.0, 1.0, 1.0, 28.0, 1.0, 0.0, 1.0, 1.0, 1.0, 1.0, 0.0, 1.0, 0.0, 4.0, 2.0, 0.0, 0.0, 1.0, 10.0, 6.0, 8.0, 63604], [63607, 1.0, 0.0, 1.0, 33.0, 1.0, 0.0, 1.0, 1.0, 1.0, 1.0, 0.0, 1.0, 0.0, 3.0, 0.0, 0.0, 0.0, 1.0, 10.0, 4.0, 8.0, 63607], [63608, 0.0, 0.0, 1.0, 33.0, 1.0, 0.0, 0.0, 1.0, 1.0, 1.0, 0.0, 1.0, 0.0, 2.0, 0.0, 0.0, 0.0, 1.0, 12.0, 6.0, 8.0, 63608], [63611, 1.0, 0.0, 1.0, 40.0, 1.0, 0.0, 0.0, 1.0, 0.0, 1.0, 0.0, 1.0, 0.0, 4.0, 0.0, 4.0, 0.0, 1.0, 12.0, 4.0, 6.0, 63611], [63612, 1.0, 0.0, 1.0, 27.0, 1.0, 1.0, 1.0, 0.0, 1.0, 1.0, 0.0, 1.0, 0.0, 4.0, 0.0, 21.0, 1.0, 0.0, 10.0, 6.0, 6.0, 63612], [63615, 1.0, 0.0, 1.0, 25.0, 0.0, 0.0, 0.0, 0.0, 1.0, 1.0, 0.0, 0.0, 0.0, 3.0, 0.0, 30.0, 1.0, 0.0, 12.0, 4.0, 2.0, 63615], [63616, 1.0, 1.0, 1.0, 31.0, 1.0, 0.0, 0.0, 1.0, 0.0, 0.0, 0.0, 1.0, 0.0, 3.0, 0.0, 0.0, 0.0, 0.0, 13.0, 6.0, 7.0, 63616]]}}","{""predictions"": [1.0, 1.0, 0.0, 0.0, 0.0, 0.0, 1.0, 1.0, 1.0, 1.0]}",1,"{""model_name"":""demo_faddadbfcefc_model_monitor.ws_3551974319838082.diabetes_mo"",""endpoint_name"":""anupriya-malik-databricks-com_ML_AS04_Demo_3b"",""model_version"":""1""}"
null,9e723c44-c7c6-440d-bc5e-3bfa4521cdc6,2024-09-28,1727528590656,200,5,"{""dataframe_split"": {""index"": [26180, 26181, 26182, 26183, 26184, 26185, 26186, 26187, 26188, 26189], ""columns"": [""index"", ""HighBP"", ""HighChol"", ""CholCheck"", ""BMI"", ""Smoker"", ""Stroke"", ""HeartDiseaseorAttack"", ""PhysActivity"", ""Fruits"", ""Veggies"", ""HvyAlcoholConsump"", ""AnyHealthcare"", ""NoDocbcCost"", ""GenHlth"", ""MentHlth"", ""PhysHlth"", ""DiffWalk"", ""Sex"", ""Age"", ""Education"", ""Income"", ""id""], ""data"": [[63727, 1.0, 0.0, 1.0, 41.0, 0.0, 0.0, 0.0, 1.0, 1.0, 1.0, 0.0, 1.0, 0.0, 4.0, 0.0, 15.0, 0.0, 0.0, 11.0, 6.0, 7.0, 63727], [63728, 0.0, 0.0, 1.0, 28.0, 1.0, 0.0, 0.0, 1.0, 1.0, 1.0, 0.0, 1.0, 0.0, 3.0, 3.0, 0.0, 0.0, 0.0, 10.0, 6.0, 6.0, 63728], [63730, 1.0, 1.0, 1.0, 38.0, 1.0, 0.0, 0.0, 1.0, 1.0, 1.0, 0.0, 1.0, 0.0, 3.0, 0.0, 0.0, 0.0, 0.0, 10.0, 5.0, 2.0, 63730], [63733, 1.0, 0.0, 1.0, 33.0, 1.0, 0.0, 0.0, 1.0, 0.0, 0.0, 0.0, 1.0, 0.0, 2.0, 0.0, 0.0, 0.0, 0.0, 11.0, 6.0, 5.0, 63733], [63734, 1.0, 1.0, 1.0, 36.0, 0.0, 0.0, 0.0, 1.0, 0.0, 0.0, 0.0, 1.0, 0.0, 1.0, 0.0, 0.0, 1.0, 0.0, 11.0, 6.0, 6.0, 63734], [63735, 1.0, 1.0, 1.0, 36.0, 1.0, 0.0, 0.0, 0.0, 0.0, 1.0, 0.0, 1.0, 0.0, 4.0, 1.0, 30.0, 1.0, 1.0, 10.0, 4.0, 2.0, 63735], [63739, 0.0, 0.0, 1.0, 30.0, 0.0, 0.0, 0.0, 1.0, 1.0, 1.0, 0.0, 1.0, 0.0, 3.0, 0.0, 0.0, 0.0, 0.0, 11.0, 5.0, 4.0, 63739], [63741, 0.0, 1.0, 1.0, 28.0, 1.0, 0.0, 0.0, 1.0, 1.0, 1.0, 0.0, 1.0, 0.0, 3.0, 20.0, 1.0, 1.0, 1.0, 13.0, 6.0, 8.0, 63741], [63744, 1.0, 1.0, 1.0, 31.0, 0.0, 0.0, 0.0, 1.0, 1.0, 1.0, 0.0, 1.0, 0.0, 3.0, 0.0, 0.0, 0.0, 0.0, 10.0, 6.0, 8.0, 63744], [63746, 1.0, 1.0, 1.0, 31.0, 0.0, 0.0, 0.0, 0.0, 1.0, 1.0, 0.0, 1.0, 0.0, 3.0, 0.0, 0.0, 0.0, 1.0, 10.0, 6.0, 7.0, 63746]]}}","{""predictions"": [1.0, 0.0, 1.0, 0.0, 0.0, 1.0, 0.0, 0.0, 1.0, 1.0]}",1,"{""model_name"":""demo_faddadbfcefc_model_monitor.ws_3551974319838082.diabetes_mo"",""endpoint_name"":""anupriya-malik-databricks-com_ML_AS04_Demo_3b"",""model_version"":""1""}"
null,04dc8f6f-ca3a-46f7-b26e-b8de4e7f67ea,2024-09-28,1727528590687,200,5,"{""dataframe_split"": {""index"": [26190, 26191, 26192, 26193, 26194, 26195, 26196, 26197, 26198, 26199], ""columns"": [""index"", ""HighBP"", ""HighChol"", ""CholCheck"", ""BMI"", ""Smoker"", ""Stroke"", ""HeartDiseaseorAttack"", ""PhysActivity"", ""Fruits"", ""Veggies"", ""HvyAlcoholConsump"", ""AnyHealthcare"", ""NoDocbcCost"", ""GenHlth"", ""MentHlth"", ""PhysHlth"", ""DiffWalk"", ""Sex"", ""Age"", ""Education"", ""Income"", ""id""], ""data"": [[63748, 1.0, 1.0, 1.0, 31.0, 0.0, 0.0, 0.0, 1.0, 0.0, 1.0, 0.0, 1.0, 0.0, 2.0, 0.0, 0.0, 0.0, 1.0, 11.0, 4.0, 7.0, 63748], [63749, 1.0, 0.0, 1.0, 34.0, 0.0, 0.0, 0.0, 0.0, 1.0, 1.0, 0.0, 1.0, 0.0, 4.0, 4.0, 2.0, 0.0, 0.0, 10.0, 6.0, 8.0, 63749], [63753, 1.0, 1.0, 1.0, 21.0, 0.0, 0.0, 0.0, 1.0, 0.0, 1.0, 0.0, 1.0, 0.0, 3.0, 0.0, 0.0, 0.0, 0.0, 13.0, 4.0, 2.0, 63753], [63754, 1.0, 1.0, 1.0, 33.0, 0.0, 0.0, 0.0, 1.0, 0.0, 1.0, 0.0, 1.0, 0.0, 1.0, 0.0, 0.0, 0.0, 0.0, 12.0, 6.0, 5.0, 63754], [63759, 1.0, 1.0, 1.0, 27.0, 0.0, 0.0, 0.0, 1.0, 1.0, 0.0, 0.0, 1.0, 0.0, 3.0, 0.0, 0.0, 0.0, 0.0, 13.0, 4.0, 4.0, 63759], [63762, 1.0, 1.0, 1.0, 31.0, 1.0, 0.0, 0.0, 1.0, 1.0, 1.0, 0.0, 1.0, 0.0, 3.0, 0.0, 0.0, 0.0, 0.0, 11.0, 3.0, 2.0, 63762], [63765, 1.0, 0.0, 1.0, 32.0, 1.0, 0.0, 1.0, 1.0, 1.0, 1.0, 0.0, 1.0, 0.0, 3.0, 0.0, 0.0, 0.0, 1.0, 12.0, 5.0, 6.0, 63765], [63768, 1.0, 1.0, 1.0, 25.0, 1.0, 0.0, 0.0, 1.0, 1.0, 1.0, 0.0, 1.0, 0.0, 2.0, 0.0, 0.0, 0.0, 0.0, 11.0, 4.0, 6.0, 63768], [63769, 1.0, 0.0, 1.0, 31.0, 0.0, 0.0, 0.0, 0.0, 1.0, 1.0, 0.0, 1.0, 0.0, 5.0, 0.0, 30.0, 1.0, 1.0, 13.0, 5.0, 4.0, 63769], [63770, 0.0, 0.0, 1.0, 22.0, 1.0, 0.0, 0.0, 0.0, 1.0, 0.0, 0.0, 1.0, 0.0, 5.0, 4.0, 30.0, 1.0, 0.0, 13.0, 3.0, 4.0, 63770]]}}","{""predictions"": [1.0, 1.0, 1.0, 0.0, 0.0, 1.0, 1.0, 0.0, 1.0, 0.0]}",1,"{""model_name"":""demo_faddadbfcefc_model_monitor.ws_3551974319838082.diabetes_mo"",""endpoint_name"":""anupriya-malik-databricks-com_ML_AS04_Demo_3b"",""model_version"":""1""}"
null,17fad889-92a6-403c-84d8-62f7a7940a8c,2024-09-28,1727528591098,200,5,"{""dataframe_split"": {""index"": [26330, 26331, 26332, 26333, 26334, 26335, 26336, 26337, 26338, 26339], ""columns"": [""index"", ""HighBP"", ""HighChol"", ""CholCheck"", ""BMI"", ""Smoker"", ""Stroke"", ""HeartDiseaseorAttack"", ""PhysActivity"", ""Fruits"", ""Veggies"", ""HvyAlcoholConsump"", ""AnyHealthcare"", ""NoDocbcCost"", ""GenHlth"", ""MentHlth"", ""PhysHlth"", ""DiffWalk"", ""Sex"", ""Age"", ""Education"", ""Income"", ""id""], ""data"": [[64061, 1.0, 1.0, 1.0, 25.0, 0.0, 0.0, 0.0, 1.0, 0.0, 0.0, 0.0, 1.0, 0.0, 3.0, 0.0, 0.0, 0.0, 0.0, 10.0, 4.0, 4.0, 64061], [64063, 1.0, 1.0, 1.0, 23.0, 0.0, 0.0, 1.0, 0.0, 1.0, 1.0, 0.0, 1.0, 0.0, 4.0, 0.0, 0.0, 0.0, 1.0, 12.0, 5.0, 6.0, 64063], [64065, 1.0, 1.0, 1.0, 27.0, 1.0, 0.0, 0.0, 1.0, 0.0, 1.0, 0.0, 1.0, 0.0, 2.0, 0.0, 0.0, 0.0, 1.0, 12.0, 6.0, 6.0, 64065], [64067, 1.0, 1.0, 1.0, 25.0, 1.0, 0.0, 1.0, 1.0, 0.0, 1.0, 0.0, 1.0, 0.0, 5.0, 30.0, 7.0, 1.0, 1.0, 10.0, 6.0, 8.0, 64067], [64068, 1.0, 1.0, 1.0, 23.0, 1.0, 0.0, 1.0, 0.0, 0.0, 0.0, 0.0, 1.0, 0.0, 3.0, 5.0, 30.0, 1.0, 0.0, 11.0, 2.0, 5.0, 64068], [64069, 1.0, 1.0, 1.0, 39.0, 0.0, 0.0, 0.0, 1.0, 0.0, 0.0, 0.0, 1.0, 0.0, 4.0, 0.0, 14.0, 0.0, 1.0, 10.0, 3.0, 2.0, 64069], [64071, 1.0, 1.0, 1.0, 24.0, 0.0, 0.0, 0.0, 0.0, 1.0, 1.0, 0.0, 1.0, 0.0, 3.0, 0.0, 0.0, 0.0, 1.0, 12.0, 4.0, 6.0, 64071], [64073, 1.0, 0.0, 1.0, 28.0, 1.0, 0.0, 0.0, 0.0, 0.0, 0.0, 0.0, 1.0, 0.0, 5.0, 30.0, 30.0, 1.0, 0.0, 11.0, 4.0, 5.0, 64073], [64074, 0.0, 0.0, 1.0, 18.0, 1.0, 0.0, 1.0, 1.0, 1.0, 0.0, 0.0, 1.0, 0.0, 5.0, 30.0, 30.0, 1.0, 0.0, 10.0, 6.0, 3.0, 64074], [64076, 0.0, 1.0, 1.0, 35.0, 1.0, 0.0, 0.0, 1.0, 1.0, 1.0, 0.0, 1.0, 0.0, 2.0, 0.0, 4.0, 0.0, 1.0, 11.0, 6.0, 8.0, 64076]]}}","{""predictions"": [1.0, 0.0, 1.0, 1.0, 0.0, 0.0, 1.0, 1.0, 0.0, 0.0]}",1,"{""model_name"":""demo_faddadbfcefc_model_monitor.ws_3551974319838082.diabetes_mo"",""endpoint_name"":""anupriya-malik-databricks-com_ML_AS04_Demo_3b"",""model_version"":""1""}"
null,3cf38ec6-774f-4ad3-94fc-b08b3da7e629,2024-09-28,1727528591126,200,5,"{""dataframe_split"": {""index"": [26340, 26341, 26342, 26343, 26344, 26345, 26346, 26347, 26348, 26349], ""columns"": [""index"", ""HighBP"", ""HighChol"", ""CholCheck"", ""BMI"", ""Smoker"", ""Stroke"", ""HeartDiseaseorAttack"", ""PhysActivity"", ""Fruits"", ""Veggies"", ""HvyAlcoholConsump"", ""AnyHealthcare"", ""NoDocbcCost"", ""GenHlth"", ""MentHlth"", ""PhysHlth"", ""DiffWalk"", ""Sex"", ""Age"", ""Education"", ""Income"", ""id""], ""data"": [[64083, 1.0, 1.0, 1.0, 30.0, 1.0, 0.0, 0.0, 0.0, 1.0, 1.0, 0.0, 1.0, 0.0, 4.0, 0.0, 0.0, 1.0, 0.0, 11.0, 4.0, 3.0, 64083], [64084, 1.0, 1.0, 1.0, 34.0, 0.0, 0.0, 0.0, 1.0, 1.0, 1.0, 1.0, 1.0, 0.0, 2.0, 0.0, 0.0, 1.0, 1.0, 10.0, 5.0, 6.0, 64084], [64085, 1.0, 0.0, 1.0, 30.0, 1.0, 0.0, 0.0, 1.0, 1.0, 1.0, 0.0, 1.0, 0.0, 4.0, 10.0, 6.0, 0.0, 1.0, 10.0, 5.0, 6.0, 64085], [64086, 1.0, 1.0, 1.0, 44.0, 1.0, 0.0, 1.0, 0.0, 0.0, 1.0, 0.0, 1.0, 0.0, 2.0, 0.0, 30.0, 0.0, 1.0, 10.0, 3.0, 7.0, 64086], [64087, 1.0, 1.0, 1.0, 24.0, 1.0, 0.0, 1.0, 1.0, 1.0, 1.0, 0.0, 1.0, 0.0, 3.0, 0.0, 0.0, 0.0, 0.0, 10.0, 4.0, 4.0, 64087], [64088, 1.0, 0.0, 1.0, 30.0, 1.0, 0.0, 0.0, 1.0, 1.0, 1.0, 0.0, 1.0, 0.0, 4.0, 0.0, 0.0, 1.0, 1.0, 10.0, 5.0, 6.0, 64088], [64090, 1.0, 1.0, 1.0, 30.0, 1.0, 1.0, 0.0, 1.0, 0.0, 0.0, 0.0, 1.0, 0.0, 3.0, 0.0, 3.0, 0.0, 1.0, 10.0, 4.0, 6.0, 64090], [64095, 1.0, 1.0, 1.0, 34.0, 0.0, 1.0, 0.0, 1.0, 1.0, 1.0, 0.0, 1.0, 0.0, 4.0, 0.0, 0.0, 0.0, 1.0, 10.0, 6.0, 5.0, 64095], [64100, 1.0, 1.0, 1.0, 38.0, 1.0, 0.0, 0.0, 0.0, 0.0, 1.0, 0.0, 1.0, 1.0, 4.0, 20.0, 30.0, 1.0, 0.0, 10.0, 4.0, 5.0, 64100], [64101, 0.0, 0.0, 1.0, 30.0, 1.0, 0.0, 0.0, 1.0, 0.0, 0.0, 0.0, 1.0, 0.0, 5.0, 2.0, 7.0, 1.0, 1.0, 10.0, 4.0, 2.0, 64101]]}}","{""predictions"": [1.0, 1.0, 0.0, 0.0, 0.0, 0.0, 1.0, 1.0, 1.0, 0.0]}",1,"{""model_name"":""demo_faddadbfcefc_model_monitor.ws_3551974319838082.diabetes_mo"",""endpoint_name"":""anupriya-malik-databricks-com_ML_AS04_Demo_3b"",""model_version"":""1""}"
null,222f1b4e-fe2a-4d65-b08c-0e66a8809163,2024-09-28,1727528591184,200,5,"{""dataframe_split"": {""index"": [26360, 26361, 26362, 26363, 26364, 26365, 26366, 26367, 26368, 26369], ""columns"": [""index"", ""HighBP"", ""HighChol"", ""CholCheck"", ""BMI"", ""Smoker"", ""Stroke"", ""HeartDiseaseorAttack"", ""PhysActivity"", ""Fruits"", ""Veggies"", ""HvyAlcoholConsump"", ""AnyHealthcare"", ""NoDocbcCost"", ""GenHlth"", ""MentHlth"", ""PhysHlth"", ""DiffWalk"", ""Sex"", ""Age"", ""Education"", ""Income"", ""id""], ""data"": [[64131, 0.0, 1.0, 1.0, 28.0, 0.0, 0.0, 0.0, 0.0, 1.0, 1.0, 0.0, 1.0, 0.0, 3.0, 0.0, 0.0, 1.0, 0.0, 10.0, 5.0, 8.0, 64131], [64132, 1.0, 0.0, 1.0, 33.0, 1.0, 0.0, 0.0, 1.0, 1.0, 1.0, 0.0, 1.0, 1.0, 3.0, 0.0, 0.0, 0.0, 1.0, 11.0, 3.0, 4.0, 64132], [64137, 1.0, 0.0, 1.0, 34.0, 0.0, 0.0, 0.0, 1.0, 1.0, 1.0, 0.0, 1.0, 1.0, 3.0, 0.0, 0.0, 0.0, 0.0, 12.0, 5.0, 3.0, 64137], [64138, 1.0, 0.0, 1.0, 29.0, 1.0, 0.0, 0.0, 1.0, 1.0, 0.0, 0.0, 1.0, 0.0, 3.0, 2.0, 2.0, 0.0, 0.0, 11.0, 5.0, 8.0, 64138], [64140, 1.0, 1.0, 1.0, 28.0, 1.0, 0.0, 0.0, 1.0, 0.0, 0.0, 0.0, 1.0, 0.0, 2.0, 0.0, 1.0, 0.0, 1.0, 10.0, 6.0, 8.0, 64140], [64144, 1.0, 1.0, 1.0, 35.0, 1.0, 0.0, 0.0, 0.0, 1.0, 1.0, 0.0, 1.0, 0.0, 3.0, 0.0, 0.0, 0.0, 1.0, 10.0, 6.0, 4.0, 64144], [64145, 1.0, 1.0, 1.0, 24.0, 0.0, 0.0, 1.0, 0.0, 0.0, 0.0, 0.0, 1.0, 0.0, 5.0, 0.0, 30.0, 1.0, 1.0, 10.0, 6.0, 4.0, 64145], [64151, 1.0, 1.0, 1.0, 32.0, 0.0, 0.0, 0.0, 1.0, 1.0, 1.0, 0.0, 1.0, 0.0, 1.0, 30.0, 30.0, 1.0, 1.0, 12.0, 6.0, 8.0, 64151], [64154, 1.0, 0.0, 1.0, 24.0, 0.0, 0.0, 0.0, 1.0, 0.0, 1.0, 0.0, 1.0, 0.0, 2.0, 0.0, 0.0, 0.0, 1.0, 12.0, 6.0, 7.0, 64154], [64156, 1.0, 1.0, 1.0, 36.0, 0.0, 0.0, 0.0, 0.0, 0.0, 1.0, 0.0, 1.0, 0.0, 4.0, 2.0, 10.0, 1.0, 0.0, 11.0, 4.0, 3.0, 64156]]}}","{""predictions"": [0.0, 0.0, 1.0, 1.0, 1.0, 1.0, 1.0, 0.0, 0.0, 1.0]}",1,"{""model_name"":""demo_faddadbfcefc_model_monitor.ws_3551974319838082.diabetes_mo"",""endpoint_name"":""anupriya-malik-databricks-com_ML_AS04_Demo_3b"",""model_version"":""1""}"
null,38219c18-2ff3-48c8-aaad-5466c4e2e7de,2024-09-28,1727528591405,200,5,"{""dataframe_split"": {""index"": [26430, 26431, 26432, 26433, 26434, 26435, 26436, 26437, 26438, 26439], ""columns"": [""index"", ""HighBP"", ""HighChol"", ""CholCheck"", ""BMI"", ""Smoker"", ""Stroke"", ""HeartDiseaseorAttack"", ""PhysActivity"", ""Fruits"", ""Veggies"", ""HvyAlcoholConsump"", ""AnyHealthcare"", ""NoDocbcCost"", ""GenHlth"", ""MentHlth"", ""PhysHlth"", ""DiffWalk"", ""Sex"", ""Age"", ""Education"", ""Income"", ""id""], ""data"": [[64267, 1.0, 1.0, 1.0, 34.0, 0.0, 0.0, 0.0, 1.0, 1.0, 1.0, 0.0, 1.0, 0.0, 4.0, 0.0, 0.0, 1.0, 1.0, 10.0, 4.0, 6.0, 64267], [64268, 0.0, 1.0, 1.0, 29.0, 1.0, 0.0, 1.0, 1.0, 0.0, 1.0, 0.0, 1.0, 0.0, 1.0, 30.0, 0.0, 0.0, 1.0, 11.0, 6.0, 8.0, 64268], [64269, 1.0, 1.0, 1.0, 27.0, 1.0, 0.0, 0.0, 1.0, 1.0, 1.0, 0.0, 1.0, 0.0, 3.0, 0.0, 3.0, 0.0, 0.0, 11.0, 5.0, 8.0, 64269], [64270, 1.0, 1.0, 1.0, 40.0, 0.0, 0.0, 0.0, 1.0, 0.0, 1.0, 0.0, 1.0, 0.0, 3.0, 0.0, 2.0, 1.0, 1.0, 10.0, 6.0, 7.0, 64270], [64271, 1.0, 1.0, 1.0, 34.0, 0.0, 0.0, 1.0, 1.0, 1.0, 1.0, 0.0, 1.0, 0.0, 3.0, 0.0, 4.0, 1.0, 0.0, 12.0, 4.0, 3.0, 64271], [64273, 1.0, 1.0, 1.0, 46.0, 1.0, 0.0, 0.0, 1.0, 1.0, 1.0, 0.0, 1.0, 0.0, 4.0, 30.0, 2.0, 1.0, 0.0, 12.0, 4.0, 3.0, 64273], [64276, 1.0, 1.0, 1.0, 34.0, 1.0, 0.0, 0.0, 1.0, 1.0, 1.0, 0.0, 1.0, 0.0, 4.0, 10.0, 25.0, 0.0, 1.0, 11.0, 5.0, 8.0, 64276], [64277, 1.0, 0.0, 1.0, 36.0, 0.0, 0.0, 0.0, 0.0, 1.0, 0.0, 0.0, 1.0, 0.0, 1.0, 0.0, 0.0, 0.0, 1.0, 13.0, 5.0, 7.0, 64277], [64278, 1.0, 1.0, 1.0, 24.0, 1.0, 0.0, 1.0, 0.0, 1.0, 1.0, 1.0, 1.0, 0.0, 2.0, 0.0, 0.0, 0.0, 1.0, 11.0, 6.0, 7.0, 64278], [64279, 0.0, 0.0, 1.0, 33.0, 1.0, 0.0, 0.0, 0.0, 1.0, 1.0, 0.0, 1.0, 0.0, 2.0, 0.0, 0.0, 0.0, 0.0, 12.0, 5.0, 7.0, 64279]]}}","{""predictions"": [1.0, 1.0, 1.0, 0.0, 1.0, 1.0, 1.0, 1.0, 0.0, 0.0]}",1,"{""model_name"":""demo_faddadbfcefc_model_monitor.ws_3551974319838082.diabetes_mo"",""endpoint_name"":""anupriya-malik-databricks-com_ML_AS04_Demo_3b"",""model_version"":""1""}"
null,eaeea470-a464-4daa-b5f6-6225ff84ed3e,2024-09-28,1727528591438,200,6,"{""dataframe_split"": {""index"": [26440, 26441, 26442, 26443, 26444, 26445, 26446, 26447, 26448, 26449], ""columns"": [""index"", ""HighBP"", ""HighChol"", ""CholCheck"", ""BMI"", ""Smoker"", ""Stroke"", ""HeartDiseaseorAttack"", ""PhysActivity"", ""Fruits"", ""Veggies"", ""HvyAlcoholConsump"", ""AnyHealthcare"", ""NoDocbcCost"", ""GenHlth"", ""MentHlth"", ""PhysHlth"", ""DiffWalk"", ""Sex"", ""Age"", ""Education"", ""Income"", ""id""], ""data"": [[64280, 1.0, 1.0, 1.0, 29.0, 0.0, 0.0, 0.0, 1.0, 0.0, 1.0, 0.0, 1.0, 0.0, 4.0, 15.0, 30.0, 0.0, 0.0, 12.0, 4.0, 5.0, 64280], [64281, 1.0, 1.0, 1.0, 37.0, 1.0, 0.0, 0.0, 0.0, 0.0, 0.0, 0.0, 1.0, 0.0, 2.0, 14.0, 0.0, 0.0, 0.0, 10.0, 3.0, 3.0, 64281], [64282, 1.0, 0.0, 1.0, 36.0, 0.0, 0.0, 0.0, 1.0, 0.0, 1.0, 0.0, 1.0, 0.0, 4.0, 0.0, 0.0, 0.0, 0.0, 10.0, 3.0, 2.0, 64282], [64283, 1.0, 1.0, 1.0, 35.0, 1.0, 0.0, 0.0, 0.0, 0.0, 1.0, 0.0, 1.0, 0.0, 3.0, 0.0, 0.0, 0.0, 1.0, 10.0, 5.0, 3.0, 64283], [64284, 1.0, 0.0, 1.0, 31.0, 0.0, 0.0, 0.0, 1.0, 0.0, 0.0, 0.0, 1.0, 0.0, 4.0, 0.0, 2.0, 0.0, 1.0, 10.0, 6.0, 6.0, 64284], [64285, 1.0, 1.0, 1.0, 30.0, 0.0, 0.0, 0.0, 0.0, 0.0, 0.0, 0.0, 1.0, 0.0, 2.0, 0.0, 0.0, 0.0, 1.0, 11.0, 5.0, 7.0, 64285], [64287, 1.0, 1.0, 1.0, 34.0, 1.0, 0.0, 1.0, 1.0, 0.0, 1.0, 0.0, 1.0, 0.0, 4.0, 10.0, 30.0, 0.0, 1.0, 11.0, 4.0, 6.0, 64287], [64290, 1.0, 1.0, 1.0, 30.0, 1.0, 0.0, 0.0, 1.0, 1.0, 1.0, 0.0, 1.0, 0.0, 2.0, 0.0, 0.0, 0.0, 0.0, 10.0, 6.0, 8.0, 64290], [64291, 1.0, 0.0, 1.0, 73.0, 0.0, 0.0, 1.0, 1.0, 0.0, 1.0, 0.0, 1.0, 0.0, 5.0, 0.0, 0.0, 0.0, 1.0, 13.0, 4.0, 1.0, 64291], [64292, 1.0, 0.0, 1.0, 40.0, 1.0, 0.0, 0.0, 1.0, 1.0, 1.0, 0.0, 1.0, 0.0, 2.0, 0.0, 0.0, 0.0, 1.0, 11.0, 6.0, 7.0, 64292]]}}","{""predictions"": [1.0, 0.0, 1.0, 1.0, 1.0, 0.0, 1.0, 1.0, 1.0, 0.0]}",1,"{""model_name"":""demo_faddadbfcefc_model_monitor.ws_3551974319838082.diabetes_mo"",""endpoint_name"":""anupriya-malik-databricks-com_ML_AS04_Demo_3b"",""model_version"":""1""}"
null,8ab8d216-f37b-4b9e-ae1f-ffd0045ef2f8,2024-09-28,1727528591469,200,5,"{""dataframe_split"": {""index"": [26450, 26451, 26452, 26453, 26454, 26455, 26456, 26457, 26458, 26459], ""columns"": [""index"", ""HighBP"", ""HighChol"", ""CholCheck"", ""BMI"", ""Smoker"", ""Stroke"", ""HeartDiseaseorAttack"", ""PhysActivity"", ""Fruits"", ""Veggies"", ""HvyAlcoholConsump"", ""AnyHealthcare"", ""NoDocbcCost"", ""GenHlth"", ""MentHlth"", ""PhysHlth"", ""DiffWalk"", ""Sex"", ""Age"", ""Education"", ""Income"", ""id""], ""data"": [[64293, 1.0, 1.0, 1.0, 49.0, 1.0, 0.0, 0.0, 0.0, 1.0, 1.0, 0.0, 1.0, 0.0, 3.0, 0.0, 30.0, 1.0, 1.0, 11.0, 5.0, 4.0, 64293], [64294, 1.0, 0.0, 1.0, 40.0, 1.0, 0.0, 1.0, 0.0, 0.0, 0.0, 0.0, 1.0, 0.0, 3.0, 0.0, 2.0, 1.0, 1.0, 11.0, 5.0, 8.0, 64294], [64299, 1.0, 1.0, 1.0, 43.0, 0.0, 1.0, 1.0, 1.0, 0.0, 1.0, 0.0, 1.0, 0.0, 4.0, 0.0, 0.0, 1.0, 0.0, 10.0, 6.0, 5.0, 64299], [64300, 1.0, 1.0, 1.0, 32.0, 1.0, 0.0, 0.0, 0.0, 0.0, 0.0, 0.0, 1.0, 0.0, 3.0, 0.0, 30.0, 0.0, 1.0, 10.0, 4.0, 3.0, 64300], [64301, 1.0, 0.0, 1.0, 32.0, 1.0, 0.0, 0.0, 0.0, 0.0, 0.0, 0.0, 1.0, 0.0, 4.0, 2.0, 30.0, 1.0, 0.0, 11.0, 5.0, 6.0, 64301], [64303, 1.0, 1.0, 1.0, 27.0, 0.0, 1.0, 0.0, 1.0, 1.0, 1.0, 0.0, 1.0, 0.0, 3.0, 0.0, 4.0, 0.0, 0.0, 11.0, 4.0, 5.0, 64303], [64304, 1.0, 1.0, 1.0, 32.0, 0.0, 0.0, 0.0, 0.0, 0.0, 1.0, 0.0, 1.0, 0.0, 3.0, 0.0, 3.0, 0.0, 0.0, 11.0, 4.0, 4.0, 64304], [64305, 0.0, 1.0, 1.0, 25.0, 0.0, 1.0, 1.0, 0.0, 1.0, 1.0, 0.0, 1.0, 0.0, 4.0, 0.0, 20.0, 0.0, 0.0, 11.0, 5.0, 7.0, 64305], [64306, 1.0, 1.0, 1.0, 24.0, 1.0, 0.0, 1.0, 0.0, 0.0, 1.0, 0.0, 1.0, 0.0, 4.0, 0.0, 30.0, 0.0, 0.0, 10.0, 5.0, 2.0, 64306], [64308, 1.0, 1.0, 1.0, 34.0, 1.0, 0.0, 0.0, 1.0, 1.0, 0.0, 0.0, 1.0, 0.0, 3.0, 10.0, 3.0, 0.0, 0.0, 10.0, 4.0, 5.0, 64308]]}}","{""predictions"": [0.0, 0.0, 1.0, 0.0, 0.0, 1.0, 0.0, 1.0, 1.0, 0.0]}",1,"{""model_name"":""demo_faddadbfcefc_model_monitor.ws_3551974319838082.diabetes_mo"",""endpoint_name"":""anupriya-malik-databricks-com_ML_AS04_Demo_3b"",""model_version"":""1""}"
null,218507bc-9e82-40e1-88db-edd106be6041,2024-09-28,1727528591559,200,5,"{""dataframe_split"": {""index"": [26480, 26481, 26482, 26483, 26484, 26485, 26486, 26487, 26488, 26489], ""columns"": [""index"", ""HighBP"", ""HighChol"", ""CholCheck"", ""BMI"", ""Smoker"", ""Stroke"", ""HeartDiseaseorAttack"", ""PhysActivity"", ""Fruits"", ""Veggies"", ""HvyAlcoholConsump"", ""AnyHealthcare"", ""NoDocbcCost"", ""GenHlth"", ""MentHlth"", ""PhysHlth"", ""DiffWalk"", ""Sex"", ""Age"", ""Education"", ""Income"", ""id""], ""data"": [[64344, 1.0, 0.0, 1.0, 24.0, 0.0, 0.0, 0.0, 1.0, 1.0, 1.0, 0.0, 1.0, 0.0, 3.0, 0.0, 0.0, 0.0, 1.0, 10.0, 6.0, 7.0, 64344], [64347, 1.0, 1.0, 1.0, 41.0, 1.0, 0.0, 1.0, 0.0, 1.0, 1.0, 0.0, 1.0, 0.0, 4.0, 0.0, 30.0, 1.0, 0.0, 11.0, 6.0, 5.0, 64347], [64349, 1.0, 1.0, 1.0, 27.0, 0.0, 0.0, 1.0, 1.0, 0.0, 1.0, 0.0, 1.0, 0.0, 4.0, 0.0, 0.0, 1.0, 0.0, 10.0, 3.0, 1.0, 64349], [64350, 1.0, 1.0, 1.0, 33.0, 0.0, 0.0, 0.0, 0.0, 1.0, 1.0, 0.0, 0.0, 0.0, 4.0, 10.0, 5.0, 0.0, 0.0, 11.0, 2.0, 3.0, 64350], [64351, 1.0, 0.0, 1.0, 26.0, 1.0, 0.0, 0.0, 0.0, 0.0, 0.0, 0.0, 1.0, 0.0, 3.0, 0.0, 0.0, 1.0, 1.0, 13.0, 4.0, 3.0, 64351], [64352, 1.0, 1.0, 1.0, 31.0, 1.0, 0.0, 1.0, 1.0, 1.0, 0.0, 0.0, 1.0, 0.0, 5.0, 15.0, 30.0, 1.0, 1.0, 10.0, 5.0, 2.0, 64352], [64353, 1.0, 1.0, 1.0, 22.0, 0.0, 0.0, 0.0, 0.0, 1.0, 1.0, 0.0, 1.0, 0.0, 2.0, 0.0, 0.0, 0.0, 1.0, 13.0, 6.0, 6.0, 64353], [64354, 1.0, 1.0, 1.0, 33.0, 1.0, 1.0, 1.0, 1.0, 0.0, 1.0, 0.0, 1.0, 0.0, 3.0, 15.0, 0.0, 0.0, 0.0, 11.0, 5.0, 7.0, 64354], [64355, 1.0, 1.0, 1.0, 33.0, 0.0, 0.0, 0.0, 1.0, 1.0, 1.0, 0.0, 1.0, 0.0, 4.0, 0.0, 3.0, 1.0, 0.0, 12.0, 5.0, 6.0, 64355], [64356, 1.0, 0.0, 1.0, 31.0, 0.0, 0.0, 0.0, 0.0, 0.0, 0.0, 0.0, 1.0, 0.0, 1.0, 0.0, 0.0, 0.0, 1.0, 12.0, 4.0, 7.0, 64356]]}}","{""predictions"": [1.0, 1.0, 1.0, 1.0, 0.0, 1.0, 1.0, 1.0, 1.0, 0.0]}",1,"{""model_name"":""demo_faddadbfcefc_model_monitor.ws_3551974319838082.diabetes_mo"",""endpoint_name"":""anupriya-malik-databricks-com_ML_AS04_Demo_3b"",""model_version"":""1""}"
null,d32472ba-d1f4-4c04-9fd4-799597d5a9f5,2024-09-28,1727528591588,200,5,"{""dataframe_split"": {""index"": [26490, 26491, 26492, 26493, 26494, 26495, 26496, 26497, 26498, 26499], ""columns"": [""index"", ""HighBP"", ""HighChol"", ""CholCheck"", ""BMI"", ""Smoker"", ""Stroke"", ""HeartDiseaseorAttack"", ""PhysActivity"", ""Fruits"", ""Veggies"", ""HvyAlcoholConsump"", ""AnyHealthcare"", ""NoDocbcCost"", ""GenHlth"", ""MentHlth"", ""PhysHlth"", ""DiffWalk"", ""Sex"", ""Age"", ""Education"", ""Income"", ""id""], ""data"": [[64357, 1.0, 1.0, 1.0, 32.0, 0.0, 0.0, 0.0, 0.0, 0.0, 1.0, 1.0, 1.0, 0.0, 3.0, 0.0, 0.0, 0.0, 1.0, 10.0, 6.0, 8.0, 64357], [64359, 1.0, 1.0, 1.0, 25.0, 1.0, 0.0, 1.0, 0.0, 1.0, 1.0, 0.0, 1.0, 0.0, 2.0, 0.0, 0.0, 1.0, 1.0, 13.0, 6.0, 8.0, 64359], [64361, 1.0, 0.0, 1.0, 27.0, 0.0, 0.0, 0.0, 0.0, 1.0, 1.0, 0.0, 1.0, 0.0, 4.0, 0.0, 15.0, 0.0, 0.0, 12.0, 5.0, 5.0, 64361], [64362, 1.0, 0.0, 1.0, 39.0, 0.0, 0.0, 0.0, 0.0, 0.0, 1.0, 0.0, 1.0, 0.0, 3.0, 0.0, 0.0, 1.0, 0.0, 11.0, 6.0, 4.0, 64362], [64363, 1.0, 1.0, 1.0, 31.0, 0.0, 0.0, 0.0, 1.0, 0.0, 0.0, 0.0, 1.0, 0.0, 4.0, 6.0, 0.0, 0.0, 1.0, 10.0, 6.0, 8.0, 64363], [64365, 1.0, 1.0, 1.0, 24.0, 0.0, 0.0, 1.0, 0.0, 0.0, 1.0, 0.0, 1.0, 0.0, 4.0, 0.0, 0.0, 1.0, 0.0, 11.0, 4.0, 1.0, 64365], [64366, 1.0, 0.0, 1.0, 25.0, 0.0, 0.0, 0.0, 1.0, 0.0, 1.0, 0.0, 1.0, 0.0, 3.0, 0.0, 0.0, 0.0, 0.0, 13.0, 4.0, 3.0, 64366], [64368, 1.0, 0.0, 1.0, 27.0, 0.0, 0.0, 0.0, 1.0, 1.0, 0.0, 0.0, 1.0, 0.0, 1.0, 0.0, 0.0, 0.0, 0.0, 11.0, 3.0, 4.0, 64368], [64371, 1.0, 0.0, 1.0, 27.0, 0.0, 0.0, 0.0, 1.0, 0.0, 1.0, 0.0, 1.0, 0.0, 2.0, 0.0, 2.0, 0.0, 1.0, 13.0, 6.0, 3.0, 64371], [64372, 1.0, 0.0, 1.0, 30.0, 0.0, 0.0, 0.0, 1.0, 0.0, 0.0, 0.0, 1.0, 0.0, 4.0, 0.0, 0.0, 0.0, 0.0, 12.0, 4.0, 2.0, 64372]]}}","{""predictions"": [0.0, 1.0, 1.0, 1.0, 1.0, 1.0, 0.0, 0.0, 1.0, 1.0]}",1,"{""model_name"":""demo_faddadbfcefc_model_monitor.ws_3551974319838082.diabetes_mo"",""endpoint_name"":""anupriya-malik-databricks-com_ML_AS04_Demo_3b"",""model_version"":""1""}"
null,d38ef6b4-bd80-49c5-a1af-a68c4529a953,2024-09-28,1727528591798,200,5,"{""dataframe_split"": {""index"": [26560, 26561, 26562, 26563, 26564, 26565, 26566, 26567, 26568, 26569], ""columns"": [""index"", ""HighBP"", ""HighChol"", ""CholCheck"", ""BMI"", ""Smoker"", ""Stroke"", ""HeartDiseaseorAttack"", ""PhysActivity"", ""Fruits"", ""Veggies"", ""HvyAlcoholConsump"", ""AnyHealthcare"", ""NoDocbcCost"", ""GenHlth"", ""MentHlth"", ""PhysHlth"", ""DiffWalk"", ""Sex"", ""Age"", ""Education"", ""Income"", ""id""], ""data"": [[64475, 1.0, 1.0, 1.0, 34.0, 0.0, 1.0, 1.0, 1.0, 0.0, 1.0, 0.0, 1.0, 0.0, 5.0, 15.0, 20.0, 1.0, 0.0, 10.0, 2.0, 1.0, 64475], [64476, 0.0, 1.0, 1.0, 39.0, 0.0, 0.0, 1.0, 1.0, 1.0, 0.0, 0.0, 1.0, 0.0, 4.0, 0.0, 21.0, 0.0, 0.0, 10.0, 6.0, 7.0, 64476], [64478, 1.0, 1.0, 1.0, 50.0, 1.0, 0.0, 0.0, 0.0, 0.0, 1.0, 0.0, 1.0, 0.0, 1.0, 0.0, 0.0, 1.0, 0.0, 12.0, 4.0, 5.0, 64478], [64479, 1.0, 1.0, 1.0, 36.0, 1.0, 0.0, 1.0, 1.0, 0.0, 1.0, 0.0, 1.0, 0.0, 4.0, 0.0, 0.0, 1.0, 1.0, 11.0, 5.0, 6.0, 64479], [64481, 1.0, 0.0, 1.0, 31.0, 1.0, 0.0, 0.0, 1.0, 1.0, 1.0, 0.0, 1.0, 0.0, 2.0, 0.0, 0.0, 0.0, 1.0, 12.0, 6.0, 7.0, 64481], [64482, 1.0, 1.0, 1.0, 19.0, 0.0, 0.0, 1.0, 1.0, 1.0, 1.0, 0.0, 1.0, 0.0, 4.0, 0.0, 10.0, 1.0, 0.0, 12.0, 6.0, 5.0, 64482], [64485, 1.0, 1.0, 1.0, 25.0, 0.0, 0.0, 1.0, 0.0, 0.0, 1.0, 0.0, 1.0, 0.0, 3.0, 5.0, 0.0, 0.0, 0.0, 11.0, 5.0, 4.0, 64485], [64489, 1.0, 1.0, 1.0, 39.0, 0.0, 0.0, 0.0, 1.0, 0.0, 1.0, 0.0, 1.0, 1.0, 3.0, 0.0, 10.0, 1.0, 1.0, 10.0, 5.0, 1.0, 64489], [64490, 1.0, 1.0, 0.0, 25.0, 0.0, 1.0, 0.0, 1.0, 0.0, 1.0, 0.0, 1.0, 0.0, 4.0, 0.0, 0.0, 0.0, 0.0, 10.0, 3.0, 5.0, 64490], [64491, 1.0, 1.0, 1.0, 29.0, 1.0, 1.0, 1.0, 0.0, 0.0, 0.0, 1.0, 1.0, 0.0, 2.0, 0.0, 0.0, 1.0, 1.0, 13.0, 4.0, 4.0, 64491]]}}","{""predictions"": [1.0, 0.0, 1.0, 1.0, 1.0, 1.0, 1.0, 0.0, 0.0, 1.0]}",1,"{""model_name"":""demo_faddadbfcefc_model_monitor.ws_3551974319838082.diabetes_mo"",""endpoint_name"":""anupriya-malik-databricks-com_ML_AS04_Demo_3b"",""model_version"":""1""}"
null,9c27d5ff-194b-48d0-b309-2472a0103305,2024-09-28,1727528591827,200,5,"{""dataframe_split"": {""index"": [26570, 26571, 26572, 26573, 26574, 26575, 26576, 26577, 26578, 26579], ""columns"": [""index"", ""HighBP"", ""HighChol"", ""CholCheck"", ""BMI"", ""Smoker"", ""Stroke"", ""HeartDiseaseorAttack"", ""PhysActivity"", ""Fruits"", ""Veggies"", ""HvyAlcoholConsump"", ""AnyHealthcare"", ""NoDocbcCost"", ""GenHlth"", ""MentHlth"", ""PhysHlth"", ""DiffWalk"", ""Sex"", ""Age"", ""Education"", ""Income"", ""id""], ""data"": [[64492, 1.0, 1.0, 1.0, 38.0, 0.0, 0.0, 0.0, 1.0, 0.0, 0.0, 0.0, 1.0, 0.0, 3.0, 0.0, 10.0, 1.0, 0.0, 11.0, 4.0, 1.0, 64492], [64495, 0.0, 0.0, 1.0, 29.0, 1.0, 0.0, 1.0, 1.0, 1.0, 1.0, 0.0, 1.0, 0.0, 2.0, 0.0, 0.0, 0.0, 1.0, 10.0, 5.0, 5.0, 64495], [64498, 1.0, 1.0, 1.0, 25.0, 1.0, 0.0, 0.0, 0.0, 1.0, 1.0, 0.0, 1.0, 0.0, 3.0, 0.0, 0.0, 1.0, 1.0, 13.0, 6.0, 6.0, 64498], [64502, 1.0, 0.0, 1.0, 33.0, 0.0, 0.0, 0.0, 0.0, 1.0, 0.0, 0.0, 1.0, 0.0, 3.0, 2.0, 7.0, 1.0, 0.0, 10.0, 2.0, 3.0, 64502], [64504, 1.0, 1.0, 1.0, 31.0, 1.0, 0.0, 0.0, 1.0, 0.0, 1.0, 0.0, 1.0, 0.0, 3.0, 1.0, 0.0, 0.0, 1.0, 10.0, 5.0, 6.0, 64504], [64506, 1.0, 0.0, 1.0, 25.0, 1.0, 0.0, 0.0, 1.0, 0.0, 1.0, 0.0, 1.0, 0.0, 3.0, 0.0, 0.0, 0.0, 0.0, 11.0, 6.0, 8.0, 64506], [64507, 1.0, 0.0, 1.0, 26.0, 0.0, 0.0, 1.0, 1.0, 1.0, 1.0, 0.0, 1.0, 0.0, 3.0, 16.0, 0.0, 0.0, 0.0, 12.0, 6.0, 8.0, 64507], [64515, 1.0, 1.0, 1.0, 29.0, 1.0, 0.0, 0.0, 1.0, 0.0, 1.0, 0.0, 1.0, 0.0, 3.0, 0.0, 0.0, 0.0, 0.0, 11.0, 6.0, 5.0, 64515], [64516, 0.0, 0.0, 1.0, 34.0, 0.0, 0.0, 0.0, 0.0, 0.0, 1.0, 0.0, 1.0, 1.0, 2.0, 0.0, 0.0, 1.0, 0.0, 11.0, 5.0, 3.0, 64516], [64519, 1.0, 0.0, 1.0, 30.0, 1.0, 0.0, 0.0, 1.0, 1.0, 1.0, 0.0, 1.0, 0.0, 4.0, 5.0, 5.0, 0.0, 1.0, 11.0, 5.0, 7.0, 64519]]}}","{""predictions"": [0.0, 1.0, 0.0, 1.0, 0.0, 0.0, 1.0, 1.0, 1.0, 1.0]}",1,"{""model_name"":""demo_faddadbfcefc_model_monitor.ws_3551974319838082.diabetes_mo"",""endpoint_name"":""anupriya-malik-databricks-com_ML_AS04_Demo_3b"",""model_version"":""1""}"
null,5db89537-ea50-46a2-b94a-be599570644a,2024-09-28,1727528591857,200,5,"{""dataframe_split"": {""index"": [26580, 26581, 26582, 26583, 26584, 26585, 26586, 26587, 26588, 26589], ""columns"": [""index"", ""HighBP"", ""HighChol"", ""CholCheck"", ""BMI"", ""Smoker"", ""Stroke"", ""HeartDiseaseorAttack"", ""PhysActivity"", ""Fruits"", ""Veggies"", ""HvyAlcoholConsump"", ""AnyHealthcare"", ""NoDocbcCost"", ""GenHlth"", ""MentHlth"", ""PhysHlth"", ""DiffWalk"", ""Sex"", ""Age"", ""Education"", ""Income"", ""id""], ""data"": [[64521, 1.0, 1.0, 1.0, 30.0, 0.0, 0.0, 0.0, 1.0, 1.0, 1.0, 0.0, 1.0, 0.0, 3.0, 0.0, 0.0, 0.0, 1.0, 13.0, 6.0, 7.0, 64521], [64524, 1.0, 0.0, 1.0, 19.0, 0.0, 0.0, 0.0, 1.0, 1.0, 1.0, 0.0, 1.0, 0.0, 3.0, 0.0, 15.0, 0.0, 0.0, 12.0, 5.0, 8.0, 64524], [64525, 1.0, 1.0, 1.0, 36.0, 0.0, 0.0, 0.0, 0.0, 1.0, 1.0, 0.0, 1.0, 0.0, 3.0, 0.0, 10.0, 1.0, 0.0, 13.0, 6.0, 4.0, 64525], [64526, 1.0, 1.0, 1.0, 25.0, 1.0, 1.0, 0.0, 1.0, 0.0, 1.0, 0.0, 1.0, 1.0, 3.0, 0.0, 0.0, 0.0, 0.0, 10.0, 5.0, 7.0, 64526], [64527, 1.0, 0.0, 1.0, 29.0, 1.0, 0.0, 1.0, 1.0, 1.0, 1.0, 0.0, 1.0, 0.0, 3.0, 1.0, 0.0, 0.0, 1.0, 11.0, 5.0, 6.0, 64527], [64529, 1.0, 0.0, 1.0, 27.0, 1.0, 1.0, 0.0, 1.0, 1.0, 1.0, 0.0, 1.0, 0.0, 4.0, 0.0, 0.0, 1.0, 1.0, 13.0, 4.0, 7.0, 64529], [64532, 0.0, 0.0, 1.0, 29.0, 0.0, 0.0, 0.0, 1.0, 1.0, 1.0, 0.0, 1.0, 0.0, 3.0, 0.0, 2.0, 1.0, 1.0, 13.0, 5.0, 7.0, 64532], [64535, 1.0, 1.0, 1.0, 37.0, 0.0, 0.0, 0.0, 0.0, 0.0, 0.0, 0.0, 1.0, 0.0, 3.0, 0.0, 4.0, 1.0, 0.0, 12.0, 5.0, 4.0, 64535], [64538, 1.0, 1.0, 1.0, 23.0, 0.0, 0.0, 0.0, 1.0, 0.0, 0.0, 0.0, 1.0, 0.0, 3.0, 0.0, 0.0, 0.0, 1.0, 13.0, 4.0, 6.0, 64538], [64540, 1.0, 0.0, 1.0, 26.0, 1.0, 0.0, 0.0, 0.0, 1.0, 1.0, 0.0, 1.0, 0.0, 2.0, 0.0, 30.0, 0.0, 1.0, 11.0, 6.0, 8.0, 64540]]}}","{""predictions"": [0.0, 1.0, 0.0, 1.0, 0.0, 1.0, 0.0, 1.0, 1.0, 0.0]}",1,"{""model_name"":""demo_faddadbfcefc_model_monitor.ws_3551974319838082.diabetes_mo"",""endpoint_name"":""anupriya-malik-databricks-com_ML_AS04_Demo_3b"",""model_version"":""1""}"
null,dc37bbb0-b984-4d41-b235-5bb121c98a14,2024-09-28,1727528592040,200,5,"{""dataframe_split"": {""index"": [26640, 26641, 26642, 26643, 26644, 26645, 26646, 26647, 26648, 26649], ""columns"": [""index"", ""HighBP"", ""HighChol"", ""CholCheck"", ""BMI"", ""Smoker"", ""Stroke"", ""HeartDiseaseorAttack"", ""PhysActivity"", ""Fruits"", ""Veggies"", ""HvyAlcoholConsump"", ""AnyHealthcare"", ""NoDocbcCost"", ""GenHlth"", ""MentHlth"", ""PhysHlth"", ""DiffWalk"", ""Sex"", ""Age"", ""Education"", ""Income"", ""id""], ""data"": [[64617, 1.0, 1.0, 1.0, 27.0, 1.0, 0.0, 0.0, 0.0, 1.0, 1.0, 0.0, 1.0, 0.0, 4.0, 0.0, 30.0, 1.0, 0.0, 13.0, 6.0, 3.0, 64617], [64618, 1.0, 0.0, 1.0, 33.0, 1.0, 1.0, 0.0, 1.0, 0.0, 0.0, 0.0, 1.0, 0.0, 1.0, 0.0, 0.0, 0.0, 1.0, 12.0, 5.0, 6.0, 64618], [64619, 1.0, 1.0, 1.0, 32.0, 1.0, 0.0, 0.0, 1.0, 0.0, 1.0, 0.0, 1.0, 0.0, 3.0, 0.0, 0.0, 0.0, 0.0, 11.0, 3.0, 5.0, 64619], [64620, 0.0, 1.0, 1.0, 38.0, 1.0, 0.0, 0.0, 1.0, 0.0, 1.0, 0.0, 1.0, 0.0, 3.0, 0.0, 0.0, 0.0, 1.0, 10.0, 6.0, 8.0, 64620], [64622, 1.0, 1.0, 1.0, 28.0, 0.0, 0.0, 1.0, 1.0, 1.0, 1.0, 0.0, 1.0, 0.0, 2.0, 0.0, 0.0, 0.0, 1.0, 12.0, 6.0, 8.0, 64622], [64625, 1.0, 1.0, 1.0, 24.0, 1.0, 0.0, 0.0, 1.0, 1.0, 1.0, 0.0, 1.0, 0.0, 3.0, 0.0, 0.0, 1.0, 0.0, 13.0, 4.0, 5.0, 64625], [64626, 1.0, 1.0, 1.0, 28.0, 1.0, 0.0, 0.0, 1.0, 0.0, 1.0, 0.0, 1.0, 0.0, 2.0, 0.0, 0.0, 0.0, 1.0, 12.0, 6.0, 8.0, 64626], [64628, 0.0, 1.0, 1.0, 28.0, 0.0, 0.0, 1.0, 1.0, 0.0, 0.0, 0.0, 1.0, 0.0, 3.0, 1.0, 7.0, 1.0, 1.0, 13.0, 6.0, 8.0, 64628], [64633, 1.0, 1.0, 1.0, 26.0, 1.0, 0.0, 1.0, 1.0, 0.0, 1.0, 0.0, 1.0, 0.0, 5.0, 0.0, 5.0, 1.0, 1.0, 11.0, 5.0, 8.0, 64633], [64634, 1.0, 1.0, 1.0, 37.0, 0.0, 0.0, 1.0, 0.0, 1.0, 1.0, 0.0, 1.0, 1.0, 5.0, 7.0, 7.0, 1.0, 0.0, 10.0, 4.0, 2.0, 64634]]}}","{""predictions"": [1.0, 0.0, 1.0, 1.0, 1.0, 1.0, 0.0, 0.0, 1.0, 1.0]}",1,"{""model_name"":""demo_faddadbfcefc_model_monitor.ws_3551974319838082.diabetes_mo"",""endpoint_name"":""anupriya-malik-databricks-com_ML_AS04_Demo_3b"",""model_version"":""1""}"
null,02544381-dd01-4b8d-9db7-8153a74b2328,2024-09-28,1727528592072,200,5,"{""dataframe_split"": {""index"": [26650, 26651, 26652, 26653, 26654, 26655, 26656, 26657, 26658, 26659], ""columns"": [""index"", ""HighBP"", ""HighChol"", ""CholCheck"", ""BMI"", ""Smoker"", ""Stroke"", ""HeartDiseaseorAttack"", ""PhysActivity"", ""Fruits"", ""Veggies"", ""HvyAlcoholConsump"", ""AnyHealthcare"", ""NoDocbcCost"", ""GenHlth"", ""MentHlth"", ""PhysHlth"", ""DiffWalk"", ""Sex"", ""Age"", ""Education"", ""Income"", ""id""], ""data"": [[64635, 0.0, 1.0, 1.0, 27.0, 0.0, 1.0, 0.0, 1.0, 0.0, 1.0, 0.0, 1.0, 0.0, 2.0, 0.0, 25.0, 0.0, 0.0, 10.0, 4.0, 1.0, 64635], [64638, 1.0, 1.0, 1.0, 27.0, 1.0, 0.0, 0.0, 1.0, 1.0, 1.0, 0.0, 1.0, 0.0, 2.0, 0.0, 0.0, 0.0, 1.0, 12.0, 6.0, 8.0, 64638], [64639, 0.0, 1.0, 1.0, 44.0, 0.0, 0.0, 0.0, 1.0, 0.0, 1.0, 0.0, 1.0, 0.0, 5.0, 12.0, 28.0, 1.0, 0.0, 10.0, 2.0, 1.0, 64639], [64640, 1.0, 0.0, 1.0, 40.0, 0.0, 0.0, 0.0, 1.0, 1.0, 1.0, 0.0, 1.0, 0.0, 2.0, 0.0, 0.0, 0.0, 0.0, 10.0, 2.0, 5.0, 64640], [64641, 1.0, 0.0, 1.0, 30.0, 0.0, 0.0, 0.0, 1.0, 0.0, 1.0, 0.0, 1.0, 0.0, 2.0, 0.0, 0.0, 0.0, 1.0, 11.0, 6.0, 8.0, 64641], [64647, 1.0, 1.0, 1.0, 33.0, 0.0, 0.0, 0.0, 1.0, 0.0, 1.0, 0.0, 1.0, 0.0, 2.0, 0.0, 0.0, 0.0, 1.0, 10.0, 6.0, 8.0, 64647], [64650, 1.0, 1.0, 1.0, 29.0, 0.0, 0.0, 0.0, 1.0, 1.0, 1.0, 0.0, 1.0, 0.0, 4.0, 0.0, 19.0, 0.0, 0.0, 10.0, 5.0, 5.0, 64650], [64652, 0.0, 1.0, 1.0, 29.0, 1.0, 0.0, 0.0, 1.0, 1.0, 1.0, 0.0, 1.0, 0.0, 4.0, 0.0, 2.0, 1.0, 0.0, 11.0, 5.0, 4.0, 64652], [64653, 1.0, 1.0, 1.0, 31.0, 0.0, 0.0, 0.0, 0.0, 1.0, 1.0, 0.0, 1.0, 0.0, 4.0, 0.0, 15.0, 1.0, 0.0, 10.0, 4.0, 2.0, 64653], [64654, 1.0, 1.0, 1.0, 28.0, 0.0, 0.0, 0.0, 1.0, 0.0, 1.0, 0.0, 1.0, 0.0, 3.0, 0.0, 0.0, 0.0, 1.0, 11.0, 6.0, 6.0, 64654]]}}","{""predictions"": [0.0, 0.0, 1.0, 1.0, 0.0, 0.0, 1.0, 1.0, 1.0, 1.0]}",1,"{""model_name"":""demo_faddadbfcefc_model_monitor.ws_3551974319838082.diabetes_mo"",""endpoint_name"":""anupriya-malik-databricks-com_ML_AS04_Demo_3b"",""model_version"":""1""}"
null,e4f86d19-f2ca-4df1-b5af-73ce86903ba8,2024-09-28,1727528592106,200,5,"{""dataframe_split"": {""index"": [26660, 26661, 26662, 26663, 26664, 26665, 26666, 26667, 26668, 26669], ""columns"": [""index"", ""HighBP"", ""HighChol"", ""CholCheck"", ""BMI"", ""Smoker"", ""Stroke"", ""HeartDiseaseorAttack"", ""PhysActivity"", ""Fruits"", ""Veggies"", ""HvyAlcoholConsump"", ""AnyHealthcare"", ""NoDocbcCost"", ""GenHlth"", ""MentHlth"", ""PhysHlth"", ""DiffWalk"", ""Sex"", ""Age"", ""Education"", ""Income"", ""id""], ""data"": [[64655, 1.0, 1.0, 1.0, 28.0, 0.0, 0.0, 0.0, 1.0, 1.0, 0.0, 0.0, 1.0, 0.0, 2.0, 0.0, 0.0, 0.0, 1.0, 10.0, 4.0, 5.0, 64655], [64658, 1.0, 1.0, 1.0, 28.0, 1.0, 0.0, 0.0, 1.0, 1.0, 1.0, 0.0, 1.0, 0.0, 4.0, 0.0, 4.0, 1.0, 0.0, 10.0, 5.0, 6.0, 64658], [64659, 1.0, 1.0, 1.0, 27.0, 0.0, 0.0, 0.0, 1.0, 0.0, 0.0, 0.0, 1.0, 0.0, 3.0, 0.0, 0.0, 1.0, 0.0, 13.0, 6.0, 7.0, 64659], [64660, 1.0, 1.0, 1.0, 31.0, 1.0, 0.0, 0.0, 1.0, 1.0, 0.0, 0.0, 1.0, 0.0, 2.0, 0.0, 0.0, 0.0, 1.0, 12.0, 6.0, 8.0, 64660], [64662, 1.0, 1.0, 1.0, 32.0, 1.0, 1.0, 0.0, 0.0, 0.0, 0.0, 0.0, 1.0, 1.0, 4.0, 10.0, 24.0, 1.0, 0.0, 10.0, 5.0, 2.0, 64662], [64663, 1.0, 1.0, 1.0, 33.0, 0.0, 0.0, 0.0, 1.0, 1.0, 1.0, 0.0, 1.0, 0.0, 3.0, 0.0, 0.0, 0.0, 1.0, 12.0, 6.0, 7.0, 64663], [64666, 1.0, 1.0, 1.0, 39.0, 0.0, 1.0, 1.0, 0.0, 0.0, 1.0, 0.0, 1.0, 0.0, 4.0, 0.0, 6.0, 1.0, 1.0, 10.0, 4.0, 3.0, 64666], [64667, 1.0, 1.0, 1.0, 29.0, 1.0, 0.0, 1.0, 1.0, 0.0, 1.0, 0.0, 1.0, 1.0, 3.0, 0.0, 0.0, 0.0, 1.0, 10.0, 4.0, 4.0, 64667], [64670, 0.0, 0.0, 1.0, 27.0, 0.0, 0.0, 0.0, 1.0, 1.0, 1.0, 0.0, 1.0, 0.0, 1.0, 0.0, 0.0, 0.0, 1.0, 10.0, 6.0, 5.0, 64670], [64672, 0.0, 0.0, 1.0, 26.0, 0.0, 0.0, 0.0, 0.0, 0.0, 1.0, 0.0, 1.0, 0.0, 2.0, 0.0, 0.0, 0.0, 0.0, 13.0, 5.0, 8.0, 64672]]}}","{""predictions"": [1.0, 1.0, 0.0, 1.0, 1.0, 1.0, 1.0, 1.0, 0.0, 0.0]}",1,"{""model_name"":""demo_faddadbfcefc_model_monitor.ws_3551974319838082.diabetes_mo"",""endpoint_name"":""anupriya-malik-databricks-com_ML_AS04_Demo_3b"",""model_version"":""1""}"
null,55b1b397-1258-443c-b066-733a764ae7ac,2024-09-28,1727528592452,200,5,"{""dataframe_split"": {""index"": [26750, 26751, 26752, 26753, 26754, 26755, 26756, 26757, 26758, 26759], ""columns"": [""index"", ""HighBP"", ""HighChol"", ""CholCheck"", ""BMI"", ""Smoker"", ""Stroke"", ""HeartDiseaseorAttack"", ""PhysActivity"", ""Fruits"", ""Veggies"", ""HvyAlcoholConsump"", ""AnyHealthcare"", ""NoDocbcCost"", ""GenHlth"", ""MentHlth"", ""PhysHlth"", ""DiffWalk"", ""Sex"", ""Age"", ""Education"", ""Income"", ""id""], ""data"": [[64808, 1.0, 1.0, 1.0, 32.0, 0.0, 0.0, 0.0, 1.0, 0.0, 1.0, 0.0, 1.0, 0.0, 4.0, 0.0, 11.0, 1.0, 0.0, 13.0, 4.0, 2.0, 64808], [64809, 1.0, 1.0, 1.0, 32.0, 1.0, 0.0, 0.0, 0.0, 1.0, 0.0, 1.0, 1.0, 1.0, 4.0, 30.0, 20.0, 1.0, 0.0, 11.0, 5.0, 3.0, 64809], [64810, 1.0, 1.0, 1.0, 30.0, 0.0, 0.0, 1.0, 0.0, 0.0, 1.0, 0.0, 1.0, 0.0, 5.0, 0.0, 30.0, 1.0, 1.0, 13.0, 3.0, 6.0, 64810], [64811, 1.0, 1.0, 1.0, 30.0, 1.0, 0.0, 0.0, 0.0, 1.0, 1.0, 0.0, 1.0, 0.0, 2.0, 0.0, 0.0, 0.0, 0.0, 12.0, 6.0, 8.0, 64811], [64812, 0.0, 1.0, 1.0, 32.0, 1.0, 0.0, 0.0, 1.0, 0.0, 1.0, 0.0, 1.0, 0.0, 3.0, 0.0, 0.0, 0.0, 1.0, 11.0, 4.0, 6.0, 64812], [64813, 1.0, 1.0, 1.0, 26.0, 1.0, 0.0, 0.0, 0.0, 0.0, 1.0, 0.0, 1.0, 0.0, 1.0, 0.0, 0.0, 0.0, 1.0, 13.0, 6.0, 6.0, 64813], [64816, 0.0, 1.0, 1.0, 24.0, 0.0, 0.0, 0.0, 1.0, 0.0, 0.0, 0.0, 1.0, 0.0, 3.0, 1.0, 0.0, 0.0, 1.0, 13.0, 5.0, 7.0, 64816], [64818, 0.0, 0.0, 1.0, 36.0, 1.0, 0.0, 0.0, 1.0, 0.0, 1.0, 0.0, 1.0, 1.0, 3.0, 0.0, 7.0, 1.0, 1.0, 11.0, 6.0, 8.0, 64818], [64820, 1.0, 0.0, 1.0, 30.0, 1.0, 0.0, 0.0, 1.0, 1.0, 1.0, 0.0, 1.0, 0.0, 2.0, 0.0, 0.0, 0.0, 1.0, 10.0, 5.0, 7.0, 64820], [64822, 1.0, 1.0, 1.0, 38.0, 1.0, 0.0, 0.0, 1.0, 0.0, 0.0, 0.0, 1.0, 0.0, 3.0, 0.0, 0.0, 1.0, 0.0, 10.0, 4.0, 6.0, 64822]]}}","{""predictions"": [1.0, 1.0, 1.0, 1.0, 1.0, 0.0, 0.0, 1.0, 1.0, 1.0]}",1,"{""model_name"":""demo_faddadbfcefc_model_monitor.ws_3551974319838082.diabetes_mo"",""endpoint_name"":""anupriya-malik-databricks-com_ML_AS04_Demo_3b"",""model_version"":""1""}"
null,921c53fa-b274-4957-92c2-ee230856578a,2024-09-28,1727528592602,200,5,"{""dataframe_split"": {""index"": [26800, 26801, 26802, 26803, 26804, 26805, 26806, 26807, 26808, 26809], ""columns"": [""index"", ""HighBP"", ""HighChol"", ""CholCheck"", ""BMI"", ""Smoker"", ""Stroke"", ""HeartDiseaseorAttack"", ""PhysActivity"", ""Fruits"", ""Veggies"", ""HvyAlcoholConsump"", ""AnyHealthcare"", ""NoDocbcCost"", ""GenHlth"", ""MentHlth"", ""PhysHlth"", ""DiffWalk"", ""Sex"", ""Age"", ""Education"", ""Income"", ""id""], ""data"": [[64885, 1.0, 1.0, 1.0, 58.0, 1.0, 0.0, 1.0, 0.0, 1.0, 1.0, 0.0, 1.0, 0.0, 4.0, 0.0, 30.0, 1.0, 0.0, 11.0, 5.0, 1.0, 64885], [64886, 1.0, 1.0, 1.0, 27.0, 1.0, 0.0, 1.0, 1.0, 1.0, 1.0, 0.0, 1.0, 0.0, 3.0, 5.0, 5.0, 0.0, 1.0, 10.0, 6.0, 8.0, 64886], [64887, 0.0, 0.0, 1.0, 25.0, 1.0, 0.0, 0.0, 1.0, 1.0, 1.0, 0.0, 1.0, 0.0, 1.0, 0.0, 0.0, 0.0, 1.0, 11.0, 6.0, 8.0, 64887], [64888, 1.0, 1.0, 1.0, 38.0, 1.0, 0.0, 0.0, 0.0, 0.0, 1.0, 0.0, 1.0, 0.0, 4.0, 0.0, 30.0, 1.0, 0.0, 10.0, 2.0, 2.0, 64888], [64889, 0.0, 1.0, 1.0, 30.0, 0.0, 0.0, 0.0, 1.0, 1.0, 1.0, 0.0, 1.0, 0.0, 3.0, 0.0, 0.0, 0.0, 0.0, 13.0, 5.0, 3.0, 64889], [64891, 1.0, 1.0, 1.0, 30.0, 0.0, 1.0, 0.0, 1.0, 1.0, 1.0, 0.0, 1.0, 0.0, 3.0, 0.0, 10.0, 0.0, 0.0, 13.0, 4.0, 5.0, 64891], [64892, 0.0, 0.0, 1.0, 26.0, 0.0, 0.0, 0.0, 1.0, 1.0, 1.0, 0.0, 1.0, 0.0, 3.0, 0.0, 0.0, 0.0, 1.0, 11.0, 6.0, 8.0, 64892], [64894, 1.0, 1.0, 1.0, 27.0, 1.0, 0.0, 0.0, 1.0, 1.0, 1.0, 1.0, 1.0, 0.0, 3.0, 0.0, 1.0, 0.0, 1.0, 12.0, 4.0, 6.0, 64894], [64895, 1.0, 1.0, 1.0, 30.0, 1.0, 0.0, 0.0, 1.0, 0.0, 1.0, 0.0, 1.0, 0.0, 2.0, 0.0, 0.0, 0.0, 0.0, 11.0, 5.0, 5.0, 64895], [64896, 0.0, 1.0, 1.0, 30.0, 0.0, 0.0, 0.0, 1.0, 1.0, 1.0, 0.0, 1.0, 0.0, 4.0, 0.0, 0.0, 0.0, 0.0, 12.0, 4.0, 7.0, 64896]]}}","{""predictions"": [1.0, 1.0, 0.0, 1.0, 0.0, 1.0, 1.0, 1.0, 1.0, 1.0]}",1,"{""model_name"":""demo_faddadbfcefc_model_monitor.ws_3551974319838082.diabetes_mo"",""endpoint_name"":""anupriya-malik-databricks-com_ML_AS04_Demo_3b"",""model_version"":""1""}"
null,1e03e5e8-6dcd-4916-b927-6788580c0a2c,2024-09-28,1727528592809,200,5,"{""dataframe_split"": {""index"": [26870, 26871, 26872, 26873, 26874, 26875, 26876, 26877, 26878, 26879], ""columns"": [""index"", ""HighBP"", ""HighChol"", ""CholCheck"", ""BMI"", ""Smoker"", ""Stroke"", ""HeartDiseaseorAttack"", ""PhysActivity"", ""Fruits"", ""Veggies"", ""HvyAlcoholConsump"", ""AnyHealthcare"", ""NoDocbcCost"", ""GenHlth"", ""MentHlth"", ""PhysHlth"", ""DiffWalk"", ""Sex"", ""Age"", ""Education"", ""Income"", ""id""], ""data"": [[64998, 0.0, 1.0, 1.0, 33.0, 1.0, 1.0, 1.0, 0.0, 1.0, 1.0, 0.0, 1.0, 0.0, 4.0, 0.0, 8.0, 1.0, 0.0, 12.0, 2.0, 2.0, 64998], [64999, 1.0, 1.0, 1.0, 35.0, 1.0, 0.0, 1.0, 0.0, 0.0, 1.0, 0.0, 1.0, 0.0, 4.0, 0.0, 0.0, 0.0, 0.0, 11.0, 5.0, 8.0, 64999], [65000, 0.0, 1.0, 1.0, 26.0, 1.0, 0.0, 0.0, 0.0, 0.0, 1.0, 0.0, 1.0, 0.0, 2.0, 0.0, 0.0, 0.0, 0.0, 10.0, 5.0, 5.0, 65000], [65002, 1.0, 1.0, 1.0, 26.0, 0.0, 0.0, 0.0, 1.0, 0.0, 1.0, 0.0, 1.0, 0.0, 2.0, 0.0, 0.0, 1.0, 0.0, 12.0, 5.0, 6.0, 65002], [65005, 1.0, 1.0, 1.0, 23.0, 0.0, 0.0, 0.0, 1.0, 1.0, 1.0, 0.0, 1.0, 0.0, 3.0, 0.0, 0.0, 0.0, 0.0, 11.0, 6.0, 5.0, 65005], [65006, 1.0, 0.0, 1.0, 28.0, 1.0, 0.0, 1.0, 1.0, 1.0, 1.0, 0.0, 1.0, 0.0, 5.0, 0.0, 30.0, 1.0, 0.0, 10.0, 4.0, 1.0, 65006], [65008, 1.0, 1.0, 1.0, 35.0, 1.0, 0.0, 0.0, 0.0, 0.0, 1.0, 0.0, 1.0, 0.0, 3.0, 0.0, 0.0, 0.0, 1.0, 10.0, 6.0, 5.0, 65008], [65009, 1.0, 1.0, 1.0, 28.0, 0.0, 0.0, 0.0, 1.0, 0.0, 1.0, 0.0, 1.0, 0.0, 2.0, 0.0, 0.0, 0.0, 1.0, 11.0, 6.0, 8.0, 65009], [65010, 1.0, 0.0, 1.0, 45.0, 0.0, 0.0, 0.0, 0.0, 0.0, 0.0, 0.0, 1.0, 0.0, 4.0, 0.0, 0.0, 0.0, 0.0, 11.0, 4.0, 7.0, 65010], [65011, 1.0, 1.0, 1.0, 46.0, 1.0, 0.0, 0.0, 1.0, 0.0, 0.0, 0.0, 1.0, 0.0, 5.0, 0.0, 30.0, 0.0, 1.0, 12.0, 5.0, 6.0, 65011]]}}","{""predictions"": [1.0, 0.0, 0.0, 1.0, 1.0, 0.0, 1.0, 0.0, 1.0, 0.0]}",1,"{""model_name"":""demo_faddadbfcefc_model_monitor.ws_3551974319838082.diabetes_mo"",""endpoint_name"":""anupriya-malik-databricks-com_ML_AS04_Demo_3b"",""model_version"":""1""}"
null,7c6e81b5-bc88-4bbf-803c-729f0acdbe47,2024-09-28,1727528593047,200,5,"{""dataframe_split"": {""index"": [26950, 26951, 26952, 26953, 26954, 26955, 26956, 26957, 26958, 26959], ""columns"": [""index"", ""HighBP"", ""HighChol"", ""CholCheck"", ""BMI"", ""Smoker"", ""Stroke"", ""HeartDiseaseorAttack"", ""PhysActivity"", ""Fruits"", ""Veggies"", ""HvyAlcoholConsump"", ""AnyHealthcare"", ""NoDocbcCost"", ""GenHlth"", ""MentHlth"", ""PhysHlth"", ""DiffWalk"", ""Sex"", ""Age"", ""Education"", ""Income"", ""id""], ""data"": [[65124, 1.0, 1.0, 1.0, 30.0, 1.0, 0.0, 1.0, 0.0, 1.0, 1.0, 0.0, 1.0, 0.0, 4.0, 0.0, 0.0, 0.0, 1.0, 12.0, 4.0, 8.0, 65124], [65125, 1.0, 0.0, 1.0, 27.0, 1.0, 0.0, 0.0, 1.0, 1.0, 1.0, 0.0, 1.0, 0.0, 3.0, 0.0, 0.0, 0.0, 0.0, 12.0, 4.0, 4.0, 65125], [65126, 1.0, 1.0, 1.0, 19.0, 0.0, 0.0, 1.0, 0.0, 1.0, 1.0, 0.0, 1.0, 0.0, 3.0, 0.0, 0.0, 0.0, 0.0, 10.0, 4.0, 4.0, 65126], [65129, 0.0, 1.0, 1.0, 32.0, 0.0, 0.0, 0.0, 0.0, 0.0, 0.0, 0.0, 1.0, 0.0, 4.0, 0.0, 0.0, 0.0, 0.0, 10.0, 4.0, 3.0, 65129], [65131, 0.0, 1.0, 1.0, 38.0, 0.0, 0.0, 0.0, 1.0, 1.0, 1.0, 0.0, 1.0, 0.0, 3.0, 0.0, 0.0, 0.0, 1.0, 10.0, 5.0, 7.0, 65131], [65132, 1.0, 1.0, 1.0, 31.0, 0.0, 0.0, 0.0, 1.0, 1.0, 0.0, 0.0, 1.0, 0.0, 3.0, 0.0, 0.0, 0.0, 0.0, 10.0, 5.0, 7.0, 65132], [65133, 0.0, 1.0, 1.0, 26.0, 1.0, 1.0, 0.0, 1.0, 0.0, 0.0, 0.0, 1.0, 0.0, 3.0, 0.0, 0.0, 0.0, 0.0, 10.0, 5.0, 6.0, 65133], [65134, 1.0, 1.0, 1.0, 26.0, 1.0, 0.0, 1.0, 1.0, 0.0, 1.0, 0.0, 1.0, 0.0, 3.0, 4.0, 0.0, 0.0, 1.0, 10.0, 4.0, 6.0, 65134], [65136, 1.0, 0.0, 1.0, 30.0, 1.0, 0.0, 0.0, 1.0, 1.0, 1.0, 0.0, 1.0, 0.0, 3.0, 0.0, 0.0, 0.0, 1.0, 10.0, 6.0, 8.0, 65136], [65137, 1.0, 1.0, 1.0, 31.0, 0.0, 0.0, 0.0, 1.0, 1.0, 1.0, 0.0, 1.0, 0.0, 3.0, 0.0, 10.0, 0.0, 0.0, 10.0, 4.0, 5.0, 65137]]}}","{""predictions"": [0.0, 1.0, 1.0, 0.0, 0.0, 1.0, 0.0, 0.0, 0.0, 1.0]}",1,"{""model_name"":""demo_faddadbfcefc_model_monitor.ws_3551974319838082.diabetes_mo"",""endpoint_name"":""anupriya-malik-databricks-com_ML_AS04_Demo_3b"",""model_version"":""1""}"
null,daac946c-2a16-4610-a191-a9b343d48ef6,2024-09-28,1727528593476,200,5,"{""dataframe_split"": {""index"": [27090, 27091, 27092, 27093, 27094, 27095, 27096, 27097, 27098, 27099], ""columns"": [""index"", ""HighBP"", ""HighChol"", ""CholCheck"", ""BMI"", ""Smoker"", ""Stroke"", ""HeartDiseaseorAttack"", ""PhysActivity"", ""Fruits"", ""Veggies"", ""HvyAlcoholConsump"", ""AnyHealthcare"", ""NoDocbcCost"", ""GenHlth"", ""MentHlth"", ""PhysHlth"", ""DiffWalk"", ""Sex"", ""Age"", ""Education"", ""Income"", ""id""], ""data"": [[65493, 1.0, 1.0, 1.0, 25.0, 1.0, 0.0, 1.0, 1.0, 1.0, 1.0, 0.0, 1.0, 0.0, 2.0, 0.0, 2.0, 0.0, 1.0, 13.0, 4.0, 5.0, 65493], [65494, 1.0, 0.0, 1.0, 38.0, 1.0, 0.0, 0.0, 1.0, 1.0, 1.0, 0.0, 1.0, 0.0, 1.0, 0.0, 0.0, 0.0, 1.0, 11.0, 5.0, 8.0, 65494], [65495, 1.0, 1.0, 1.0, 31.0, 0.0, 0.0, 0.0, 1.0, 1.0, 1.0, 0.0, 1.0, 0.0, 4.0, 0.0, 30.0, 1.0, 0.0, 12.0, 5.0, 3.0, 65495], [65496, 1.0, 1.0, 1.0, 33.0, 0.0, 0.0, 0.0, 1.0, 1.0, 0.0, 0.0, 1.0, 0.0, 3.0, 0.0, 0.0, 0.0, 0.0, 11.0, 5.0, 5.0, 65496], [65497, 1.0, 0.0, 1.0, 39.0, 1.0, 0.0, 0.0, 1.0, 1.0, 1.0, 0.0, 1.0, 0.0, 4.0, 0.0, 10.0, 1.0, 1.0, 10.0, 6.0, 6.0, 65497], [65498, 1.0, 1.0, 1.0, 27.0, 1.0, 0.0, 0.0, 1.0, 1.0, 1.0, 0.0, 1.0, 0.0, 4.0, 5.0, 3.0, 1.0, 1.0, 11.0, 5.0, 6.0, 65498], [65499, 1.0, 1.0, 1.0, 35.0, 0.0, 0.0, 0.0, 1.0, 0.0, 1.0, 0.0, 1.0, 1.0, 3.0, 0.0, 30.0, 1.0, 0.0, 13.0, 4.0, 4.0, 65499], [65501, 0.0, 1.0, 1.0, 25.0, 0.0, 0.0, 1.0, 1.0, 0.0, 1.0, 0.0, 1.0, 0.0, 3.0, 0.0, 0.0, 0.0, 1.0, 13.0, 4.0, 7.0, 65501], [65502, 1.0, 1.0, 1.0, 32.0, 1.0, 0.0, 0.0, 1.0, 1.0, 1.0, 0.0, 1.0, 0.0, 3.0, 0.0, 0.0, 0.0, 1.0, 10.0, 6.0, 8.0, 65502], [65503, 1.0, 1.0, 1.0, 36.0, 1.0, 0.0, 1.0, 1.0, 1.0, 1.0, 0.0, 1.0, 0.0, 4.0, 0.0, 2.0, 1.0, 1.0, 12.0, 4.0, 7.0, 65503]]}}","{""predictions"": [0.0, 1.0, 1.0, 1.0, 1.0, 0.0, 1.0, 0.0, 0.0, 1.0]}",1,"{""model_name"":""demo_faddadbfcefc_model_monitor.ws_3551974319838082.diabetes_mo"",""endpoint_name"":""anupriya-malik-databricks-com_ML_AS04_Demo_3b"",""model_version"":""1""}"
null,51bc049d-dadc-45bf-ac76-1ea5d0796494,2024-09-28,1727528594038,200,5,"{""dataframe_split"": {""index"": [27280, 27281, 27282, 27283, 27284, 27285, 27286, 27287, 27288, 27289], ""columns"": [""index"", ""HighBP"", ""HighChol"", ""CholCheck"", ""BMI"", ""Smoker"", ""Stroke"", ""HeartDiseaseorAttack"", ""PhysActivity"", ""Fruits"", ""Veggies"", ""HvyAlcoholConsump"", ""AnyHealthcare"", ""NoDocbcCost"", ""GenHlth"", ""MentHlth"", ""PhysHlth"", ""DiffWalk"", ""Sex"", ""Age"", ""Education"", ""Income"", ""id""], ""data"": [[65833, 1.0, 1.0, 1.0, 26.0, 0.0, 0.0, 0.0, 1.0, 0.0, 1.0, 0.0, 1.0, 0.0, 2.0, 0.0, 2.0, 0.0, 1.0, 12.0, 6.0, 8.0, 65833], [65839, 0.0, 1.0, 1.0, 39.0, 0.0, 0.0, 0.0, 1.0, 0.0, 0.0, 0.0, 1.0, 0.0, 3.0, 0.0, 0.0, 0.0, 1.0, 10.0, 6.0, 8.0, 65839], [65843, 1.0, 1.0, 1.0, 25.0, 1.0, 1.0, 0.0, 1.0, 1.0, 1.0, 0.0, 1.0, 0.0, 2.0, 0.0, 0.0, 0.0, 1.0, 11.0, 6.0, 4.0, 65843], [65849, 1.0, 1.0, 1.0, 34.0, 0.0, 0.0, 1.0, 1.0, 0.0, 1.0, 0.0, 1.0, 1.0, 3.0, 0.0, 0.0, 0.0, 1.0, 11.0, 6.0, 4.0, 65849], [65851, 0.0, 1.0, 1.0, 32.0, 0.0, 0.0, 1.0, 1.0, 1.0, 1.0, 0.0, 1.0, 0.0, 4.0, 0.0, 0.0, 1.0, 0.0, 12.0, 3.0, 5.0, 65851], [65852, 1.0, 1.0, 1.0, 37.0, 1.0, 0.0, 0.0, 0.0, 0.0, 1.0, 0.0, 1.0, 0.0, 2.0, 0.0, 10.0, 1.0, 0.0, 10.0, 5.0, 4.0, 65852], [65854, 1.0, 1.0, 1.0, 31.0, 1.0, 1.0, 1.0, 1.0, 0.0, 0.0, 0.0, 1.0, 0.0, 4.0, 5.0, 0.0, 0.0, 0.0, 10.0, 6.0, 1.0, 65854], [65862, 1.0, 1.0, 1.0, 28.0, 0.0, 0.0, 0.0, 1.0, 0.0, 1.0, 0.0, 1.0, 0.0, 4.0, 0.0, 0.0, 0.0, 1.0, 11.0, 6.0, 7.0, 65862], [65863, 1.0, 1.0, 1.0, 30.0, 0.0, 0.0, 0.0, 1.0, 1.0, 1.0, 0.0, 1.0, 0.0, 4.0, 0.0, 2.0, 1.0, 0.0, 10.0, 5.0, 6.0, 65863], [65864, 0.0, 1.0, 1.0, 27.0, 0.0, 0.0, 0.0, 1.0, 0.0, 1.0, 0.0, 1.0, 0.0, 2.0, 0.0, 0.0, 0.0, 1.0, 10.0, 6.0, 8.0, 65864]]}}","{""predictions"": [0.0, 1.0, 1.0, 1.0, 1.0, 0.0, 0.0, 1.0, 1.0, 1.0]}",1,"{""model_name"":""demo_faddadbfcefc_model_monitor.ws_3551974319838082.diabetes_mo"",""endpoint_name"":""anupriya-malik-databricks-com_ML_AS04_Demo_3b"",""model_version"":""1""}"
null,143b9e67-5624-4c81-9c90-4d3957ec4cf9,2024-09-28,1727528594369,200,5,"{""dataframe_split"": {""index"": [27390, 27391, 27392, 27393, 27394, 27395, 27396, 27397, 27398, 27399], ""columns"": [""index"", ""HighBP"", ""HighChol"", ""CholCheck"", ""BMI"", ""Smoker"", ""Stroke"", ""HeartDiseaseorAttack"", ""PhysActivity"", ""Fruits"", ""Veggies"", ""HvyAlcoholConsump"", ""AnyHealthcare"", ""NoDocbcCost"", ""GenHlth"", ""MentHlth"", ""PhysHlth"", ""DiffWalk"", ""Sex"", ""Age"", ""Education"", ""Income"", ""id""], ""data"": [[66091, 1.0, 1.0, 1.0, 28.0, 1.0, 0.0, 0.0, 1.0, 0.0, 1.0, 0.0, 1.0, 0.0, 2.0, 0.0, 0.0, 0.0, 1.0, 10.0, 4.0, 4.0, 66091], [66092, 0.0, 1.0, 1.0, 32.0, 1.0, 0.0, 0.0, 1.0, 0.0, 1.0, 0.0, 1.0, 0.0, 2.0, 0.0, 0.0, 0.0, 1.0, 12.0, 4.0, 5.0, 66092], [66094, 0.0, 0.0, 1.0, 55.0, 1.0, 0.0, 0.0, 0.0, 0.0, 0.0, 0.0, 1.0, 0.0, 4.0, 0.0, 0.0, 1.0, 1.0, 11.0, 4.0, 6.0, 66094], [66095, 1.0, 1.0, 1.0, 37.0, 1.0, 0.0, 1.0, 0.0, 1.0, 1.0, 0.0, 1.0, 0.0, 3.0, 0.0, 3.0, 0.0, 1.0, 12.0, 5.0, 8.0, 66095], [66096, 1.0, 1.0, 1.0, 26.0, 0.0, 0.0, 0.0, 0.0, 1.0, 1.0, 0.0, 1.0, 0.0, 5.0, 0.0, 30.0, 0.0, 0.0, 13.0, 4.0, 5.0, 66096], [66097, 1.0, 1.0, 1.0, 25.0, 0.0, 0.0, 0.0, 0.0, 1.0, 1.0, 0.0, 1.0, 0.0, 3.0, 0.0, 0.0, 0.0, 0.0, 11.0, 6.0, 6.0, 66097], [66099, 1.0, 1.0, 1.0, 26.0, 0.0, 0.0, 0.0, 1.0, 1.0, 1.0, 0.0, 1.0, 0.0, 3.0, 2.0, 20.0, 1.0, 0.0, 12.0, 5.0, 5.0, 66099], [66102, 1.0, 1.0, 1.0, 31.0, 1.0, 1.0, 1.0, 1.0, 1.0, 1.0, 0.0, 1.0, 0.0, 4.0, 0.0, 30.0, 0.0, 1.0, 13.0, 4.0, 6.0, 66102], [66104, 1.0, 1.0, 1.0, 33.0, 1.0, 0.0, 1.0, 1.0, 0.0, 1.0, 0.0, 1.0, 0.0, 4.0, 3.0, 5.0, 0.0, 1.0, 10.0, 6.0, 6.0, 66104], [66106, 1.0, 1.0, 1.0, 29.0, 1.0, 0.0, 1.0, 1.0, 1.0, 1.0, 0.0, 1.0, 0.0, 5.0, 0.0, 30.0, 0.0, 1.0, 11.0, 6.0, 6.0, 66106]]}}","{""predictions"": [1.0, 0.0, 1.0, 0.0, 1.0, 1.0, 1.0, 1.0, 1.0, 1.0]}",1,"{""model_name"":""demo_faddadbfcefc_model_monitor.ws_3551974319838082.diabetes_mo"",""endpoint_name"":""anupriya-malik-databricks-com_ML_AS04_Demo_3b"",""model_version"":""1""}"
null,47a7a0eb-4751-4179-b1ed-25a8d7f1a080,2024-09-28,1727528594916,200,5,"{""dataframe_split"": {""index"": [27570, 27571, 27572, 27573, 27574, 27575, 27576, 27577, 27578, 27579], ""columns"": [""index"", ""HighBP"", ""HighChol"", ""CholCheck"", ""BMI"", ""Smoker"", ""Stroke"", ""HeartDiseaseorAttack"", ""PhysActivity"", ""Fruits"", ""Veggies"", ""HvyAlcoholConsump"", ""AnyHealthcare"", ""NoDocbcCost"", ""GenHlth"", ""MentHlth"", ""PhysHlth"", ""DiffWalk"", ""Sex"", ""Age"", ""Education"", ""Income"", ""id""], ""data"": [[66463, 0.0, 0.0, 1.0, 22.0, 1.0, 0.0, 0.0, 1.0, 0.0, 1.0, 0.0, 1.0, 0.0, 3.0, 0.0, 7.0, 0.0, 0.0, 10.0, 5.0, 6.0, 66463], [66465, 1.0, 1.0, 1.0, 34.0, 1.0, 0.0, 1.0, 0.0, 0.0, 1.0, 0.0, 1.0, 0.0, 4.0, 0.0, 5.0, 1.0, 0.0, 10.0, 5.0, 3.0, 66465], [66467, 1.0, 1.0, 1.0, 28.0, 1.0, 1.0, 0.0, 1.0, 0.0, 1.0, 0.0, 1.0, 0.0, 3.0, 0.0, 7.0, 0.0, 1.0, 10.0, 4.0, 5.0, 66467], [66469, 1.0, 1.0, 1.0, 38.0, 1.0, 0.0, 1.0, 1.0, 1.0, 1.0, 0.0, 1.0, 0.0, 5.0, 30.0, 30.0, 1.0, 1.0, 11.0, 4.0, 5.0, 66469], [66471, 1.0, 0.0, 1.0, 36.0, 0.0, 0.0, 1.0, 1.0, 0.0, 1.0, 0.0, 1.0, 0.0, 3.0, 0.0, 7.0, 0.0, 0.0, 11.0, 5.0, 8.0, 66471], [66474, 1.0, 1.0, 1.0, 31.0, 0.0, 0.0, 0.0, 1.0, 1.0, 1.0, 0.0, 1.0, 0.0, 3.0, 0.0, 0.0, 0.0, 1.0, 11.0, 5.0, 6.0, 66474], [66475, 1.0, 1.0, 1.0, 39.0, 1.0, 0.0, 0.0, 1.0, 1.0, 1.0, 0.0, 1.0, 0.0, 2.0, 0.0, 0.0, 1.0, 0.0, 12.0, 4.0, 2.0, 66475], [66476, 1.0, 1.0, 1.0, 33.0, 0.0, 0.0, 0.0, 0.0, 0.0, 0.0, 0.0, 1.0, 0.0, 3.0, 0.0, 0.0, 0.0, 1.0, 10.0, 6.0, 7.0, 66476], [66477, 1.0, 1.0, 1.0, 44.0, 0.0, 0.0, 0.0, 0.0, 0.0, 0.0, 0.0, 1.0, 0.0, 2.0, 0.0, 20.0, 0.0, 0.0, 10.0, 5.0, 8.0, 66477], [66478, 1.0, 1.0, 1.0, 21.0, 0.0, 0.0, 0.0, 1.0, 0.0, 0.0, 0.0, 1.0, 1.0, 2.0, 1.0, 0.0, 0.0, 0.0, 12.0, 6.0, 4.0, 66478]]}}","{""predictions"": [1.0, 1.0, 0.0, 1.0, 1.0, 1.0, 1.0, 1.0, 0.0, 1.0]}",1,"{""model_name"":""demo_faddadbfcefc_model_monitor.ws_3551974319838082.diabetes_mo"",""endpoint_name"":""anupriya-malik-databricks-com_ML_AS04_Demo_3b"",""model_version"":""1""}"
null,94f1dc47-10fe-4413-97c3-8b9e37de1092,2024-09-28,1727528594946,200,5,"{""dataframe_split"": {""index"": [27580, 27581, 27582, 27583, 27584, 27585, 27586, 27587, 27588, 27589], ""columns"": [""index"", ""HighBP"", ""HighChol"", ""CholCheck"", ""BMI"", ""Smoker"", ""Stroke"", ""HeartDiseaseorAttack"", ""PhysActivity"", ""Fruits"", ""Veggies"", ""HvyAlcoholConsump"", ""AnyHealthcare"", ""NoDocbcCost"", ""GenHlth"", ""MentHlth"", ""PhysHlth"", ""DiffWalk"", ""Sex"", ""Age"", ""Education"", ""Income"", ""id""], ""data"": [[66480, 1.0, 1.0, 1.0, 35.0, 1.0, 0.0, 0.0, 0.0, 0.0, 1.0, 0.0, 1.0, 0.0, 4.0, 0.0, 30.0, 0.0, 0.0, 11.0, 5.0, 8.0, 66480], [66482, 0.0, 0.0, 1.0, 24.0, 0.0, 0.0, 0.0, 1.0, 1.0, 1.0, 0.0, 1.0, 0.0, 1.0, 0.0, 0.0, 0.0, 1.0, 10.0, 6.0, 8.0, 66482], [66485, 1.0, 1.0, 1.0, 33.0, 1.0, 0.0, 0.0, 0.0, 1.0, 1.0, 0.0, 1.0, 0.0, 3.0, 0.0, 15.0, 1.0, 1.0, 11.0, 5.0, 8.0, 66485], [66486, 0.0, 1.0, 1.0, 37.0, 1.0, 0.0, 0.0, 1.0, 0.0, 0.0, 0.0, 1.0, 0.0, 3.0, 7.0, 0.0, 0.0, 0.0, 10.0, 3.0, 5.0, 66486], [66489, 1.0, 1.0, 1.0, 36.0, 0.0, 0.0, 0.0, 1.0, 1.0, 1.0, 0.0, 1.0, 0.0, 3.0, 3.0, 0.0, 0.0, 0.0, 10.0, 6.0, 8.0, 66489], [66491, 0.0, 1.0, 1.0, 36.0, 1.0, 0.0, 0.0, 0.0, 0.0, 0.0, 0.0, 0.0, 0.0, 4.0, 0.0, 0.0, 1.0, 1.0, 10.0, 4.0, 5.0, 66491], [66493, 1.0, 0.0, 1.0, 26.0, 1.0, 0.0, 0.0, 1.0, 1.0, 1.0, 0.0, 1.0, 0.0, 2.0, 0.0, 0.0, 0.0, 0.0, 12.0, 5.0, 3.0, 66493], [66494, 1.0, 1.0, 1.0, 33.0, 1.0, 0.0, 0.0, 0.0, 1.0, 1.0, 0.0, 1.0, 0.0, 1.0, 0.0, 0.0, 0.0, 1.0, 10.0, 6.0, 5.0, 66494], [66495, 1.0, 0.0, 1.0, 34.0, 1.0, 0.0, 1.0, 0.0, 1.0, 1.0, 0.0, 1.0, 0.0, 1.0, 0.0, 10.0, 1.0, 1.0, 12.0, 4.0, 6.0, 66495], [66500, 1.0, 1.0, 1.0, 29.0, 0.0, 0.0, 0.0, 1.0, 1.0, 1.0, 0.0, 1.0, 0.0, 3.0, 0.0, 30.0, 0.0, 0.0, 12.0, 4.0, 4.0, 66500]]}}","{""predictions"": [1.0, 0.0, 0.0, 1.0, 1.0, 1.0, 1.0, 1.0, 0.0, 1.0]}",1,"{""model_name"":""demo_faddadbfcefc_model_monitor.ws_3551974319838082.diabetes_mo"",""endpoint_name"":""anupriya-malik-databricks-com_ML_AS04_Demo_3b"",""model_version"":""1""}"
null,663ed6cc-e967-4d83-b214-d3d82130ad2e,2024-09-28,1727528594975,200,5,"{""dataframe_split"": {""index"": [27590, 27591, 27592, 27593, 27594, 27595, 27596, 27597, 27598, 27599], ""columns"": [""index"", ""HighBP"", ""HighChol"", ""CholCheck"", ""BMI"", ""Smoker"", ""Stroke"", ""HeartDiseaseorAttack"", ""PhysActivity"", ""Fruits"", ""Veggies"", ""HvyAlcoholConsump"", ""AnyHealthcare"", ""NoDocbcCost"", ""GenHlth"", ""MentHlth"", ""PhysHlth"", ""DiffWalk"", ""Sex"", ""Age"", ""Education"", ""Income"", ""id""], ""data"": [[66501, 0.0, 0.0, 1.0, 37.0, 1.0, 1.0, 1.0, 1.0, 0.0, 0.0, 0.0, 1.0, 0.0, 4.0, 0.0, 10.0, 1.0, 0.0, 10.0, 6.0, 3.0, 66501], [66502, 1.0, 1.0, 1.0, 30.0, 0.0, 0.0, 0.0, 0.0, 0.0, 1.0, 0.0, 1.0, 0.0, 4.0, 0.0, 0.0, 0.0, 0.0, 12.0, 4.0, 3.0, 66502], [66504, 1.0, 1.0, 1.0, 46.0, 1.0, 0.0, 0.0, 1.0, 1.0, 0.0, 0.0, 1.0, 0.0, 4.0, 0.0, 1.0, 1.0, 0.0, 11.0, 6.0, 7.0, 66504], [66505, 1.0, 1.0, 1.0, 32.0, 1.0, 0.0, 0.0, 1.0, 1.0, 1.0, 0.0, 1.0, 0.0, 2.0, 0.0, 0.0, 0.0, 1.0, 11.0, 4.0, 6.0, 66505], [66507, 1.0, 1.0, 1.0, 44.0, 1.0, 0.0, 0.0, 0.0, 0.0, 1.0, 0.0, 1.0, 0.0, 4.0, 10.0, 20.0, 1.0, 0.0, 10.0, 3.0, 4.0, 66507], [66510, 1.0, 1.0, 1.0, 46.0, 0.0, 0.0, 0.0, 1.0, 0.0, 1.0, 0.0, 1.0, 0.0, 3.0, 0.0, 0.0, 0.0, 0.0, 11.0, 5.0, 4.0, 66510], [66515, 1.0, 1.0, 1.0, 48.0, 1.0, 0.0, 0.0, 0.0, 1.0, 1.0, 0.0, 1.0, 1.0, 5.0, 0.0, 30.0, 1.0, 0.0, 10.0, 4.0, 2.0, 66515], [66516, 1.0, 1.0, 1.0, 32.0, 0.0, 0.0, 0.0, 1.0, 1.0, 1.0, 0.0, 1.0, 0.0, 2.0, 0.0, 0.0, 0.0, 1.0, 10.0, 4.0, 5.0, 66516], [66517, 1.0, 1.0, 1.0, 35.0, 1.0, 0.0, 1.0, 1.0, 1.0, 1.0, 0.0, 1.0, 0.0, 3.0, 2.0, 0.0, 1.0, 1.0, 11.0, 6.0, 4.0, 66517], [66519, 1.0, 0.0, 1.0, 36.0, 0.0, 0.0, 0.0, 0.0, 0.0, 1.0, 0.0, 1.0, 0.0, 3.0, 0.0, 2.0, 0.0, 0.0, 12.0, 5.0, 6.0, 66519]]}}","{""predictions"": [1.0, 1.0, 1.0, 0.0, 1.0, 1.0, 0.0, 0.0, 1.0, 1.0]}",1,"{""model_name"":""demo_faddadbfcefc_model_monitor.ws_3551974319838082.diabetes_mo"",""endpoint_name"":""anupriya-malik-databricks-com_ML_AS04_Demo_3b"",""model_version"":""1""}"
null,c04f093b-abc3-4f36-a6e2-e6556673e960,2024-09-28,1727528595004,200,5,"{""dataframe_split"": {""index"": [27600, 27601, 27602, 27603, 27604, 27605, 27606, 27607, 27608, 27609], ""columns"": [""index"", ""HighBP"", ""HighChol"", ""CholCheck"", ""BMI"", ""Smoker"", ""Stroke"", ""HeartDiseaseorAttack"", ""PhysActivity"", ""Fruits"", ""Veggies"", ""HvyAlcoholConsump"", ""AnyHealthcare"", ""NoDocbcCost"", ""GenHlth"", ""MentHlth"", ""PhysHlth"", ""DiffWalk"", ""Sex"", ""Age"", ""Education"", ""Income"", ""id""], ""data"": [[66522, 1.0, 1.0, 1.0, 26.0, 0.0, 0.0, 0.0, 0.0, 0.0, 0.0, 0.0, 1.0, 0.0, 3.0, 0.0, 30.0, 0.0, 1.0, 11.0, 6.0, 7.0, 66522], [66523, 1.0, 1.0, 1.0, 42.0, 1.0, 0.0, 0.0, 0.0, 0.0, 0.0, 0.0, 1.0, 1.0, 4.0, 0.0, 30.0, 1.0, 0.0, 10.0, 3.0, 1.0, 66523], [66524, 1.0, 1.0, 1.0, 33.0, 0.0, 0.0, 0.0, 0.0, 0.0, 1.0, 0.0, 1.0, 0.0, 2.0, 15.0, 0.0, 1.0, 0.0, 11.0, 4.0, 4.0, 66524], [66525, 1.0, 1.0, 1.0, 28.0, 1.0, 0.0, 0.0, 0.0, 1.0, 1.0, 0.0, 1.0, 0.0, 2.0, 0.0, 0.0, 0.0, 1.0, 11.0, 5.0, 6.0, 66525], [66528, 1.0, 1.0, 1.0, 22.0, 0.0, 0.0, 0.0, 1.0, 1.0, 1.0, 0.0, 1.0, 0.0, 3.0, 0.0, 25.0, 0.0, 0.0, 12.0, 4.0, 4.0, 66528], [66529, 1.0, 1.0, 1.0, 37.0, 1.0, 0.0, 0.0, 1.0, 1.0, 1.0, 0.0, 1.0, 0.0, 4.0, 0.0, 0.0, 1.0, 0.0, 12.0, 3.0, 8.0, 66529], [66531, 1.0, 1.0, 1.0, 39.0, 1.0, 1.0, 1.0, 1.0, 0.0, 0.0, 0.0, 1.0, 1.0, 5.0, 30.0, 28.0, 1.0, 1.0, 10.0, 4.0, 2.0, 66531], [66532, 1.0, 1.0, 1.0, 27.0, 1.0, 1.0, 1.0, 1.0, 0.0, 0.0, 0.0, 1.0, 0.0, 5.0, 0.0, 30.0, 1.0, 0.0, 12.0, 4.0, 3.0, 66532], [66536, 1.0, 1.0, 1.0, 33.0, 0.0, 0.0, 0.0, 0.0, 1.0, 1.0, 0.0, 1.0, 0.0, 4.0, 0.0, 0.0, 1.0, 0.0, 12.0, 2.0, 1.0, 66536], [66537, 1.0, 0.0, 1.0, 38.0, 0.0, 0.0, 0.0, 0.0, 1.0, 1.0, 0.0, 1.0, 0.0, 3.0, 10.0, 0.0, 1.0, 1.0, 11.0, 4.0, 4.0, 66537]]}}","{""predictions"": [1.0, 0.0, 0.0, 0.0, 1.0, 1.0, 1.0, 1.0, 1.0, 1.0]}",1,"{""model_name"":""demo_faddadbfcefc_model_monitor.ws_3551974319838082.diabetes_mo"",""endpoint_name"":""anupriya-malik-databricks-com_ML_AS04_Demo_3b"",""model_version"":""1""}"
null,48f0166a-6665-4a2a-aa43-7eb31bfcc81e,2024-09-28,1727528595031,200,5,"{""dataframe_split"": {""index"": [27610, 27611, 27612, 27613, 27614, 27615, 27616, 27617, 27618, 27619], ""columns"": [""index"", ""HighBP"", ""HighChol"", ""CholCheck"", ""BMI"", ""Smoker"", ""Stroke"", ""HeartDiseaseorAttack"", ""PhysActivity"", ""Fruits"", ""Veggies"", ""HvyAlcoholConsump"", ""AnyHealthcare"", ""NoDocbcCost"", ""GenHlth"", ""MentHlth"", ""PhysHlth"", ""DiffWalk"", ""Sex"", ""Age"", ""Education"", ""Income"", ""id""], ""data"": [[66538, 1.0, 0.0, 1.0, 35.0, 0.0, 0.0, 1.0, 0.0, 1.0, 1.0, 1.0, 1.0, 0.0, 3.0, 0.0, 0.0, 0.0, 1.0, 12.0, 4.0, 5.0, 66538], [66539, 1.0, 0.0, 1.0, 29.0, 1.0, 0.0, 0.0, 1.0, 1.0, 1.0, 0.0, 1.0, 0.0, 1.0, 0.0, 2.0, 0.0, 1.0, 12.0, 3.0, 8.0, 66539], [66540, 1.0, 1.0, 1.0, 25.0, 1.0, 0.0, 0.0, 0.0, 1.0, 0.0, 0.0, 1.0, 0.0, 3.0, 0.0, 0.0, 0.0, 1.0, 11.0, 6.0, 6.0, 66540], [66542, 1.0, 1.0, 1.0, 29.0, 1.0, 0.0, 0.0, 1.0, 1.0, 1.0, 0.0, 1.0, 1.0, 4.0, 0.0, 10.0, 0.0, 1.0, 10.0, 6.0, 4.0, 66542], [66544, 1.0, 1.0, 1.0, 28.0, 1.0, 0.0, 0.0, 1.0, 0.0, 1.0, 0.0, 1.0, 0.0, 3.0, 0.0, 0.0, 0.0, 1.0, 11.0, 4.0, 6.0, 66544], [66545, 1.0, 1.0, 1.0, 31.0, 1.0, 0.0, 1.0, 1.0, 0.0, 0.0, 0.0, 1.0, 0.0, 4.0, 3.0, 8.0, 0.0, 1.0, 12.0, 6.0, 8.0, 66545], [66546, 1.0, 1.0, 1.0, 38.0, 0.0, 0.0, 0.0, 1.0, 1.0, 1.0, 0.0, 1.0, 0.0, 4.0, 0.0, 2.0, 1.0, 0.0, 11.0, 5.0, 8.0, 66546], [66548, 0.0, 1.0, 1.0, 24.0, 1.0, 0.0, 0.0, 0.0, 0.0, 1.0, 0.0, 1.0, 0.0, 4.0, 0.0, 30.0, 0.0, 0.0, 10.0, 4.0, 7.0, 66548], [66550, 0.0, 1.0, 1.0, 26.0, 1.0, 0.0, 0.0, 0.0, 1.0, 1.0, 0.0, 1.0, 0.0, 3.0, 0.0, 14.0, 0.0, 1.0, 11.0, 5.0, 7.0, 66550], [66551, 0.0, 1.0, 1.0, 21.0, 1.0, 1.0, 1.0, 0.0, 0.0, 0.0, 0.0, 0.0, 0.0, 2.0, 0.0, 1.0, 0.0, 0.0, 11.0, 5.0, 5.0, 66551]]}}","{""predictions"": [1.0, 0.0, 1.0, 1.0, 0.0, 1.0, 1.0, 1.0, 1.0, 0.0]}",1,"{""model_name"":""demo_faddadbfcefc_model_monitor.ws_3551974319838082.diabetes_mo"",""endpoint_name"":""anupriya-malik-databricks-com_ML_AS04_Demo_3b"",""model_version"":""1""}"
null,d6d7640a-1442-4750-98ae-30e5108be829,2024-09-28,1727528595388,200,5,"{""dataframe_split"": {""index"": [27730, 27731, 27732, 27733, 27734, 27735, 27736, 27737, 27738, 27739], ""columns"": [""index"", ""HighBP"", ""HighChol"", ""CholCheck"", ""BMI"", ""Smoker"", ""Stroke"", ""HeartDiseaseorAttack"", ""PhysActivity"", ""Fruits"", ""Veggies"", ""HvyAlcoholConsump"", ""AnyHealthcare"", ""NoDocbcCost"", ""GenHlth"", ""MentHlth"", ""PhysHlth"", ""DiffWalk"", ""Sex"", ""Age"", ""Education"", ""Income"", ""id""], ""data"": [[66753, 1.0, 1.0, 1.0, 32.0, 1.0, 0.0, 0.0, 0.0, 0.0, 1.0, 0.0, 1.0, 0.0, 4.0, 0.0, 20.0, 1.0, 1.0, 10.0, 4.0, 4.0, 66753], [66754, 1.0, 1.0, 1.0, 29.0, 1.0, 0.0, 0.0, 0.0, 0.0, 1.0, 0.0, 1.0, 0.0, 4.0, 0.0, 30.0, 1.0, 0.0, 11.0, 5.0, 6.0, 66754], [66755, 1.0, 0.0, 1.0, 22.0, 1.0, 0.0, 0.0, 0.0, 1.0, 0.0, 0.0, 1.0, 0.0, 1.0, 3.0, 0.0, 0.0, 0.0, 12.0, 4.0, 5.0, 66755], [66756, 1.0, 0.0, 1.0, 25.0, 0.0, 0.0, 0.0, 1.0, 1.0, 0.0, 0.0, 1.0, 0.0, 3.0, 0.0, 0.0, 0.0, 0.0, 13.0, 5.0, 5.0, 66756], [66757, 1.0, 1.0, 1.0, 28.0, 0.0, 0.0, 1.0, 1.0, 1.0, 1.0, 0.0, 1.0, 0.0, 4.0, 0.0, 12.0, 1.0, 1.0, 10.0, 2.0, 3.0, 66757], [66758, 1.0, 1.0, 1.0, 35.0, 0.0, 0.0, 1.0, 0.0, 1.0, 1.0, 0.0, 1.0, 0.0, 3.0, 0.0, 0.0, 1.0, 1.0, 12.0, 5.0, 5.0, 66758], [66759, 1.0, 0.0, 1.0, 20.0, 0.0, 0.0, 0.0, 1.0, 1.0, 1.0, 0.0, 1.0, 0.0, 3.0, 0.0, 1.0, 0.0, 0.0, 11.0, 5.0, 2.0, 66759], [66762, 1.0, 1.0, 1.0, 24.0, 1.0, 1.0, 0.0, 1.0, 1.0, 1.0, 0.0, 1.0, 0.0, 3.0, 0.0, 0.0, 1.0, 0.0, 10.0, 6.0, 8.0, 66762], [66763, 0.0, 1.0, 1.0, 27.0, 1.0, 0.0, 0.0, 1.0, 0.0, 1.0, 0.0, 1.0, 0.0, 3.0, 0.0, 0.0, 0.0, 1.0, 12.0, 6.0, 8.0, 66763], [66764, 1.0, 0.0, 1.0, 33.0, 0.0, 0.0, 0.0, 0.0, 1.0, 0.0, 0.0, 1.0, 0.0, 4.0, 0.0, 0.0, 0.0, 0.0, 11.0, 3.0, 2.0, 66764]]}}","{""predictions"": [1.0, 1.0, 0.0, 1.0, 1.0, 1.0, 0.0, 0.0, 0.0, 1.0]}",1,"{""model_name"":""demo_faddadbfcefc_model_monitor.ws_3551974319838082.diabetes_mo"",""endpoint_name"":""anupriya-malik-databricks-com_ML_AS04_Demo_3b"",""model_version"":""1""}"
null,c8a9ee70-1d92-4c3c-89e7-a3856b8abb4d,2024-09-28,1727528595565,200,5,"{""dataframe_split"": {""index"": [27790, 27791, 27792, 27793, 27794, 27795, 27796, 27797, 27798, 27799], ""columns"": [""index"", ""HighBP"", ""HighChol"", ""CholCheck"", ""BMI"", ""Smoker"", ""Stroke"", ""HeartDiseaseorAttack"", ""PhysActivity"", ""Fruits"", ""Veggies"", ""HvyAlcoholConsump"", ""AnyHealthcare"", ""NoDocbcCost"", ""GenHlth"", ""MentHlth"", ""PhysHlth"", ""DiffWalk"", ""Sex"", ""Age"", ""Education"", ""Income"", ""id""], ""data"": [[66856, 0.0, 1.0, 1.0, 26.0, 0.0, 0.0, 0.0, 1.0, 0.0, 0.0, 0.0, 1.0, 0.0, 2.0, 6.0, 0.0, 0.0, 0.0, 10.0, 5.0, 6.0, 66856], [66859, 1.0, 1.0, 1.0, 27.0, 0.0, 0.0, 0.0, 0.0, 1.0, 1.0, 0.0, 1.0, 0.0, 3.0, 0.0, 7.0, 0.0, 0.0, 12.0, 5.0, 6.0, 66859], [66870, 0.0, 0.0, 1.0, 24.0, 1.0, 0.0, 0.0, 1.0, 1.0, 0.0, 0.0, 1.0, 0.0, 1.0, 0.0, 0.0, 0.0, 0.0, 12.0, 4.0, 5.0, 66870], [66872, 0.0, 0.0, 1.0, 20.0, 1.0, 0.0, 0.0, 1.0, 1.0, 1.0, 0.0, 1.0, 0.0, 4.0, 0.0, 30.0, 1.0, 1.0, 11.0, 4.0, 6.0, 66872], [66874, 1.0, 1.0, 1.0, 34.0, 0.0, 0.0, 0.0, 1.0, 0.0, 1.0, 0.0, 1.0, 1.0, 5.0, 0.0, 1.0, 0.0, 0.0, 11.0, 2.0, 4.0, 66874], [66875, 1.0, 1.0, 1.0, 28.0, 1.0, 0.0, 0.0, 1.0, 1.0, 1.0, 0.0, 1.0, 0.0, 3.0, 10.0, 8.0, 0.0, 0.0, 12.0, 3.0, 3.0, 66875], [66876, 1.0, 1.0, 1.0, 31.0, 0.0, 0.0, 1.0, 1.0, 1.0, 1.0, 0.0, 1.0, 0.0, 5.0, 15.0, 30.0, 0.0, 0.0, 11.0, 5.0, 1.0, 66876], [66877, 1.0, 1.0, 1.0, 23.0, 0.0, 0.0, 0.0, 1.0, 0.0, 1.0, 0.0, 1.0, 0.0, 4.0, 0.0, 0.0, 1.0, 0.0, 11.0, 2.0, 1.0, 66877], [66878, 1.0, 0.0, 1.0, 23.0, 1.0, 0.0, 0.0, 1.0, 0.0, 1.0, 0.0, 1.0, 0.0, 4.0, 0.0, 30.0, 0.0, 1.0, 11.0, 4.0, 3.0, 66878], [66880, 1.0, 0.0, 1.0, 27.0, 1.0, 0.0, 1.0, 1.0, 1.0, 1.0, 0.0, 1.0, 0.0, 2.0, 0.0, 0.0, 0.0, 1.0, 10.0, 4.0, 4.0, 66880]]}}","{""predictions"": [0.0, 1.0, 0.0, 1.0, 1.0, 0.0, 1.0, 0.0, 0.0, 0.0]}",1,"{""model_name"":""demo_faddadbfcefc_model_monitor.ws_3551974319838082.diabetes_mo"",""endpoint_name"":""anupriya-malik-databricks-com_ML_AS04_Demo_3b"",""model_version"":""1""}"
null,dd08bae6-7598-4296-bf3d-980cb43e5707,2024-09-28,1727528595714,200,5,"{""dataframe_split"": {""index"": [27840, 27841, 27842, 27843, 27844, 27845, 27846, 27847, 27848, 27849], ""columns"": [""index"", ""HighBP"", ""HighChol"", ""CholCheck"", ""BMI"", ""Smoker"", ""Stroke"", ""HeartDiseaseorAttack"", ""PhysActivity"", ""Fruits"", ""Veggies"", ""HvyAlcoholConsump"", ""AnyHealthcare"", ""NoDocbcCost"", ""GenHlth"", ""MentHlth"", ""PhysHlth"", ""DiffWalk"", ""Sex"", ""Age"", ""Education"", ""Income"", ""id""], ""data"": [[66976, 1.0, 0.0, 1.0, 27.0, 0.0, 0.0, 0.0, 0.0, 1.0, 1.0, 0.0, 1.0, 0.0, 4.0, 2.0, 10.0, 0.0, 0.0, 13.0, 4.0, 4.0, 66976], [66977, 1.0, 1.0, 1.0, 30.0, 1.0, 0.0, 1.0, 1.0, 1.0, 1.0, 0.0, 1.0, 0.0, 3.0, 0.0, 0.0, 0.0, 0.0, 11.0, 6.0, 6.0, 66977], [66980, 1.0, 0.0, 1.0, 27.0, 1.0, 0.0, 0.0, 0.0, 1.0, 0.0, 0.0, 1.0, 0.0, 4.0, 0.0, 30.0, 1.0, 1.0, 10.0, 4.0, 4.0, 66980], [66981, 0.0, 1.0, 1.0, 38.0, 0.0, 0.0, 0.0, 0.0, 0.0, 0.0, 0.0, 1.0, 0.0, 3.0, 0.0, 0.0, 1.0, 0.0, 10.0, 4.0, 3.0, 66981], [66982, 1.0, 0.0, 1.0, 29.0, 1.0, 0.0, 0.0, 0.0, 0.0, 1.0, 0.0, 1.0, 0.0, 4.0, 0.0, 0.0, 1.0, 1.0, 10.0, 2.0, 1.0, 66982], [66985, 1.0, 1.0, 1.0, 31.0, 1.0, 0.0, 0.0, 0.0, 0.0, 0.0, 0.0, 1.0, 0.0, 4.0, 0.0, 5.0, 1.0, 0.0, 11.0, 4.0, 8.0, 66985], [66986, 0.0, 1.0, 1.0, 29.0, 0.0, 0.0, 0.0, 1.0, 1.0, 1.0, 0.0, 1.0, 0.0, 2.0, 0.0, 0.0, 1.0, 1.0, 10.0, 6.0, 8.0, 66986], [66987, 1.0, 1.0, 1.0, 32.0, 0.0, 0.0, 1.0, 0.0, 1.0, 1.0, 0.0, 1.0, 0.0, 3.0, 0.0, 0.0, 0.0, 1.0, 12.0, 6.0, 8.0, 66987], [66988, 1.0, 1.0, 1.0, 29.0, 1.0, 0.0, 0.0, 0.0, 1.0, 0.0, 0.0, 1.0, 0.0, 3.0, 0.0, 0.0, 0.0, 0.0, 10.0, 3.0, 3.0, 66988], [66991, 1.0, 1.0, 1.0, 41.0, 0.0, 0.0, 0.0, 0.0, 0.0, 1.0, 0.0, 1.0, 0.0, 3.0, 0.0, 30.0, 1.0, 1.0, 10.0, 5.0, 8.0, 66991]]}}","{""predictions"": [1.0, 1.0, 1.0, 1.0, 1.0, 1.0, 1.0, 1.0, 0.0, 1.0]}",1,"{""model_name"":""demo_faddadbfcefc_model_monitor.ws_3551974319838082.diabetes_mo"",""endpoint_name"":""anupriya-malik-databricks-com_ML_AS04_Demo_3b"",""model_version"":""1""}"
null,33b58eb5-709d-4706-b01e-0471eeab12ec,2024-09-28,1727528595745,200,5,"{""dataframe_split"": {""index"": [27850, 27851, 27852, 27853, 27854, 27855, 27856, 27857, 27858, 27859], ""columns"": [""index"", ""HighBP"", ""HighChol"", ""CholCheck"", ""BMI"", ""Smoker"", ""Stroke"", ""HeartDiseaseorAttack"", ""PhysActivity"", ""Fruits"", ""Veggies"", ""HvyAlcoholConsump"", ""AnyHealthcare"", ""NoDocbcCost"", ""GenHlth"", ""MentHlth"", ""PhysHlth"", ""DiffWalk"", ""Sex"", ""Age"", ""Education"", ""Income"", ""id""], ""data"": [[67000, 1.0, 1.0, 1.0, 40.0, 1.0, 0.0, 0.0, 0.0, 1.0, 1.0, 0.0, 1.0, 0.0, 4.0, 0.0, 30.0, 0.0, 1.0, 10.0, 3.0, 4.0, 67000], [67003, 1.0, 1.0, 1.0, 24.0, 1.0, 0.0, 0.0, 1.0, 0.0, 1.0, 0.0, 1.0, 0.0, 1.0, 0.0, 0.0, 0.0, 1.0, 13.0, 4.0, 8.0, 67003], [67004, 1.0, 0.0, 1.0, 19.0, 0.0, 0.0, 0.0, 0.0, 0.0, 0.0, 0.0, 1.0, 0.0, 4.0, 0.0, 0.0, 1.0, 1.0, 10.0, 6.0, 8.0, 67004], [67006, 1.0, 0.0, 1.0, 26.0, 1.0, 0.0, 0.0, 1.0, 0.0, 1.0, 0.0, 1.0, 0.0, 5.0, 0.0, 5.0, 0.0, 1.0, 10.0, 4.0, 3.0, 67006], [67008, 1.0, 1.0, 1.0, 39.0, 1.0, 0.0, 0.0, 1.0, 1.0, 1.0, 0.0, 1.0, 0.0, 4.0, 0.0, 30.0, 1.0, 0.0, 11.0, 5.0, 5.0, 67008], [67014, 1.0, 1.0, 1.0, 36.0, 0.0, 0.0, 0.0, 0.0, 1.0, 1.0, 0.0, 1.0, 0.0, 3.0, 0.0, 0.0, 0.0, 0.0, 11.0, 6.0, 8.0, 67014], [67024, 1.0, 1.0, 1.0, 32.0, 0.0, 0.0, 0.0, 1.0, 1.0, 1.0, 0.0, 1.0, 0.0, 3.0, 0.0, 0.0, 1.0, 0.0, 12.0, 5.0, 7.0, 67024], [67026, 1.0, 1.0, 1.0, 40.0, 1.0, 1.0, 1.0, 1.0, 0.0, 1.0, 0.0, 1.0, 0.0, 3.0, 4.0, 2.0, 1.0, 1.0, 11.0, 4.0, 7.0, 67026], [67027, 1.0, 1.0, 1.0, 17.0, 1.0, 0.0, 0.0, 0.0, 0.0, 1.0, 0.0, 1.0, 0.0, 2.0, 0.0, 0.0, 0.0, 0.0, 10.0, 4.0, 3.0, 67027], [67031, 1.0, 1.0, 1.0, 28.0, 0.0, 0.0, 0.0, 1.0, 1.0, 1.0, 1.0, 1.0, 0.0, 1.0, 0.0, 14.0, 0.0, 1.0, 10.0, 6.0, 7.0, 67031]]}}","{""predictions"": [1.0, 0.0, 0.0, 1.0, 1.0, 1.0, 1.0, 1.0, 0.0, 0.0]}",1,"{""model_name"":""demo_faddadbfcefc_model_monitor.ws_3551974319838082.diabetes_mo"",""endpoint_name"":""anupriya-malik-databricks-com_ML_AS04_Demo_3b"",""model_version"":""1""}"
null,62931f97-d0d2-4823-958e-4e2c87b0080b,2024-09-28,1727528595808,200,5,"{""dataframe_split"": {""index"": [27870, 27871, 27872, 27873, 27874, 27875, 27876, 27877, 27878, 27879], ""columns"": [""index"", ""HighBP"", ""HighChol"", ""CholCheck"", ""BMI"", ""Smoker"", ""Stroke"", ""HeartDiseaseorAttack"", ""PhysActivity"", ""Fruits"", ""Veggies"", ""HvyAlcoholConsump"", ""AnyHealthcare"", ""NoDocbcCost"", ""GenHlth"", ""MentHlth"", ""PhysHlth"", ""DiffWalk"", ""Sex"", ""Age"", ""Education"", ""Income"", ""id""], ""data"": [[67069, 1.0, 1.0, 1.0, 33.0, 0.0, 0.0, 1.0, 1.0, 0.0, 1.0, 0.0, 1.0, 0.0, 5.0, 5.0, 15.0, 1.0, 0.0, 11.0, 4.0, 4.0, 67069], [67078, 0.0, 0.0, 1.0, 31.0, 0.0, 0.0, 0.0, 1.0, 1.0, 1.0, 0.0, 1.0, 0.0, 2.0, 0.0, 0.0, 0.0, 1.0, 10.0, 6.0, 6.0, 67078], [67081, 1.0, 1.0, 1.0, 34.0, 0.0, 0.0, 1.0, 0.0, 1.0, 1.0, 0.0, 1.0, 0.0, 4.0, 0.0, 0.0, 1.0, 0.0, 12.0, 6.0, 7.0, 67081], [67092, 1.0, 1.0, 1.0, 26.0, 1.0, 0.0, 0.0, 1.0, 0.0, 1.0, 0.0, 1.0, 0.0, 5.0, 0.0, 0.0, 1.0, 1.0, 13.0, 5.0, 6.0, 67092], [67095, 1.0, 0.0, 1.0, 23.0, 1.0, 0.0, 1.0, 1.0, 1.0, 1.0, 0.0, 1.0, 0.0, 3.0, 0.0, 5.0, 1.0, 0.0, 13.0, 6.0, 7.0, 67095], [67096, 1.0, 0.0, 1.0, 29.0, 1.0, 0.0, 0.0, 0.0, 1.0, 1.0, 0.0, 1.0, 0.0, 5.0, 0.0, 0.0, 0.0, 0.0, 11.0, 3.0, 1.0, 67096], [67098, 1.0, 1.0, 1.0, 28.0, 0.0, 0.0, 1.0, 0.0, 0.0, 0.0, 0.0, 1.0, 0.0, 4.0, 15.0, 20.0, 1.0, 0.0, 13.0, 4.0, 1.0, 67098], [67100, 0.0, 1.0, 1.0, 33.0, 0.0, 0.0, 0.0, 0.0, 0.0, 1.0, 0.0, 1.0, 0.0, 3.0, 0.0, 0.0, 1.0, 0.0, 11.0, 5.0, 6.0, 67100], [67105, 1.0, 1.0, 1.0, 33.0, 1.0, 0.0, 0.0, 1.0, 1.0, 1.0, 1.0, 0.0, 1.0, 3.0, 4.0, 5.0, 1.0, 0.0, 10.0, 2.0, 2.0, 67105], [67107, 1.0, 1.0, 1.0, 32.0, 1.0, 0.0, 0.0, 1.0, 0.0, 1.0, 0.0, 1.0, 0.0, 3.0, 0.0, 0.0, 0.0, 1.0, 11.0, 6.0, 7.0, 67107]]}}","{""predictions"": [1.0, 0.0, 1.0, 0.0, 0.0, 1.0, 1.0, 1.0, 0.0, 1.0]}",1,"{""model_name"":""demo_faddadbfcefc_model_monitor.ws_3551974319838082.diabetes_mo"",""endpoint_name"":""anupriya-malik-databricks-com_ML_AS04_Demo_3b"",""model_version"":""1""}"
null,be6dd3b4-b780-47b1-a548-a379ee324149,2024-09-28,1727528596107,200,5,"{""dataframe_split"": {""index"": [27970, 27971, 27972, 27973, 27974, 27975, 27976, 27977, 27978, 27979], ""columns"": [""index"", ""HighBP"", ""HighChol"", ""CholCheck"", ""BMI"", ""Smoker"", ""Stroke"", ""HeartDiseaseorAttack"", ""PhysActivity"", ""Fruits"", ""Veggies"", ""HvyAlcoholConsump"", ""AnyHealthcare"", ""NoDocbcCost"", ""GenHlth"", ""MentHlth"", ""PhysHlth"", ""DiffWalk"", ""Sex"", ""Age"", ""Education"", ""Income"", ""id""], ""data"": [[67304, 1.0, 1.0, 1.0, 25.0, 1.0, 0.0, 1.0, 1.0, 1.0, 1.0, 0.0, 1.0, 0.0, 5.0, 4.0, 30.0, 0.0, 1.0, 13.0, 6.0, 2.0, 67304], [67305, 1.0, 1.0, 1.0, 33.0, 1.0, 0.0, 1.0, 1.0, 1.0, 1.0, 0.0, 1.0, 0.0, 2.0, 0.0, 4.0, 0.0, 0.0, 11.0, 3.0, 3.0, 67305], [67306, 1.0, 1.0, 0.0, 35.0, 1.0, 0.0, 0.0, 1.0, 1.0, 1.0, 0.0, 1.0, 0.0, 5.0, 12.0, 25.0, 1.0, 1.0, 10.0, 5.0, 2.0, 67306], [67308, 1.0, 0.0, 1.0, 38.0, 1.0, 0.0, 0.0, 1.0, 1.0, 1.0, 0.0, 1.0, 0.0, 3.0, 0.0, 0.0, 1.0, 1.0, 13.0, 6.0, 7.0, 67308], [67313, 1.0, 1.0, 1.0, 31.0, 0.0, 1.0, 1.0, 1.0, 1.0, 1.0, 0.0, 1.0, 0.0, 4.0, 10.0, 15.0, 0.0, 0.0, 12.0, 5.0, 7.0, 67313], [67315, 1.0, 1.0, 1.0, 39.0, 1.0, 0.0, 0.0, 0.0, 0.0, 1.0, 0.0, 1.0, 1.0, 3.0, 0.0, 21.0, 1.0, 0.0, 10.0, 3.0, 1.0, 67315], [67316, 1.0, 1.0, 1.0, 27.0, 1.0, 0.0, 0.0, 1.0, 1.0, 1.0, 0.0, 1.0, 0.0, 3.0, 0.0, 1.0, 0.0, 0.0, 11.0, 5.0, 4.0, 67316], [67317, 1.0, 1.0, 1.0, 35.0, 1.0, 0.0, 0.0, 0.0, 1.0, 1.0, 0.0, 1.0, 0.0, 3.0, 4.0, 0.0, 0.0, 0.0, 11.0, 6.0, 5.0, 67317], [67318, 1.0, 1.0, 1.0, 30.0, 0.0, 0.0, 0.0, 0.0, 1.0, 1.0, 0.0, 1.0, 0.0, 4.0, 2.0, 25.0, 1.0, 0.0, 13.0, 4.0, 5.0, 67318], [67321, 1.0, 0.0, 1.0, 24.0, 0.0, 0.0, 0.0, 1.0, 1.0, 1.0, 0.0, 1.0, 0.0, 2.0, 0.0, 0.0, 0.0, 0.0, 11.0, 4.0, 6.0, 67321]]}}","{""predictions"": [1.0, 1.0, 1.0, 1.0, 1.0, 0.0, 0.0, 1.0, 0.0, 0.0]}",1,"{""model_name"":""demo_faddadbfcefc_model_monitor.ws_3551974319838082.diabetes_mo"",""endpoint_name"":""anupriya-malik-databricks-com_ML_AS04_Demo_3b"",""model_version"":""1""}"
null,a6ef2244-aab3-46e7-9b3f-6846b327f30d,2024-09-28,1727528596136,200,5,"{""dataframe_split"": {""index"": [27980, 27981, 27982, 27983, 27984, 27985, 27986, 27987, 27988, 27989], ""columns"": [""index"", ""HighBP"", ""HighChol"", ""CholCheck"", ""BMI"", ""Smoker"", ""Stroke"", ""HeartDiseaseorAttack"", ""PhysActivity"", ""Fruits"", ""Veggies"", ""HvyAlcoholConsump"", ""AnyHealthcare"", ""NoDocbcCost"", ""GenHlth"", ""MentHlth"", ""PhysHlth"", ""DiffWalk"", ""Sex"", ""Age"", ""Education"", ""Income"", ""id""], ""data"": [[67322, 1.0, 1.0, 1.0, 27.0, 0.0, 0.0, 0.0, 1.0, 1.0, 1.0, 0.0, 1.0, 0.0, 2.0, 0.0, 20.0, 0.0, 0.0, 13.0, 4.0, 5.0, 67322], [67323, 1.0, 1.0, 1.0, 41.0, 1.0, 0.0, 1.0, 0.0, 0.0, 1.0, 0.0, 1.0, 0.0, 4.0, 0.0, 0.0, 1.0, 1.0, 10.0, 6.0, 7.0, 67323], [67325, 1.0, 1.0, 1.0, 32.0, 1.0, 0.0, 1.0, 1.0, 0.0, 1.0, 0.0, 1.0, 0.0, 3.0, 0.0, 0.0, 0.0, 1.0, 12.0, 6.0, 7.0, 67325], [67326, 0.0, 0.0, 1.0, 30.0, 1.0, 0.0, 0.0, 1.0, 1.0, 0.0, 0.0, 1.0, 0.0, 2.0, 29.0, 0.0, 0.0, 0.0, 13.0, 5.0, 5.0, 67326], [67329, 1.0, 0.0, 1.0, 41.0, 0.0, 0.0, 0.0, 0.0, 1.0, 0.0, 0.0, 1.0, 0.0, 2.0, 5.0, 0.0, 1.0, 0.0, 10.0, 4.0, 6.0, 67329], [67330, 1.0, 1.0, 1.0, 30.0, 1.0, 0.0, 0.0, 1.0, 1.0, 1.0, 0.0, 1.0, 0.0, 2.0, 2.0, 30.0, 1.0, 0.0, 13.0, 6.0, 6.0, 67330], [67333, 0.0, 0.0, 1.0, 33.0, 1.0, 0.0, 0.0, 0.0, 0.0, 1.0, 0.0, 1.0, 0.0, 3.0, 0.0, 5.0, 0.0, 1.0, 10.0, 5.0, 8.0, 67333], [67334, 1.0, 1.0, 1.0, 40.0, 0.0, 0.0, 0.0, 1.0, 1.0, 0.0, 0.0, 1.0, 0.0, 3.0, 0.0, 0.0, 0.0, 0.0, 11.0, 5.0, 6.0, 67334], [67335, 1.0, 1.0, 1.0, 28.0, 0.0, 0.0, 1.0, 0.0, 1.0, 1.0, 0.0, 1.0, 0.0, 4.0, 0.0, 0.0, 1.0, 0.0, 12.0, 3.0, 3.0, 67335], [67336, 1.0, 1.0, 1.0, 35.0, 0.0, 0.0, 1.0, 1.0, 1.0, 1.0, 0.0, 1.0, 0.0, 3.0, 4.0, 5.0, 0.0, 1.0, 12.0, 6.0, 5.0, 67336]]}}","{""predictions"": [1.0, 1.0, 1.0, 0.0, 1.0, 1.0, 1.0, 1.0, 1.0, 1.0]}",1,"{""model_name"":""demo_faddadbfcefc_model_monitor.ws_3551974319838082.diabetes_mo"",""endpoint_name"":""anupriya-malik-databricks-com_ML_AS04_Demo_3b"",""model_version"":""1""}"
null,8e5499c0-b388-433f-a09d-e4b0ac931775,2024-09-28,1727528596196,200,5,"{""dataframe_split"": {""index"": [28000, 28001, 28002, 28003, 28004, 28005, 28006, 28007, 28008, 28009], ""columns"": [""index"", ""HighBP"", ""HighChol"", ""CholCheck"", ""BMI"", ""Smoker"", ""Stroke"", ""HeartDiseaseorAttack"", ""PhysActivity"", ""Fruits"", ""Veggies"", ""HvyAlcoholConsump"", ""AnyHealthcare"", ""NoDocbcCost"", ""GenHlth"", ""MentHlth"", ""PhysHlth"", ""DiffWalk"", ""Sex"", ""Age"", ""Education"", ""Income"", ""id""], ""data"": [[67357, 1.0, 1.0, 1.0, 35.0, 1.0, 0.0, 0.0, 0.0, 1.0, 1.0, 0.0, 1.0, 0.0, 4.0, 10.0, 7.0, 1.0, 0.0, 11.0, 5.0, 8.0, 67357], [67358, 0.0, 1.0, 1.0, 27.0, 0.0, 0.0, 0.0, 1.0, 1.0, 0.0, 0.0, 1.0, 0.0, 2.0, 0.0, 1.0, 1.0, 0.0, 12.0, 4.0, 6.0, 67358], [67359, 1.0, 1.0, 1.0, 38.0, 0.0, 0.0, 1.0, 1.0, 0.0, 0.0, 0.0, 1.0, 0.0, 5.0, 0.0, 30.0, 1.0, 0.0, 10.0, 5.0, 4.0, 67359], [67361, 1.0, 1.0, 1.0, 34.0, 0.0, 0.0, 0.0, 0.0, 1.0, 1.0, 0.0, 1.0, 0.0, 3.0, 0.0, 3.0, 0.0, 0.0, 10.0, 5.0, 7.0, 67361], [67362, 1.0, 0.0, 1.0, 22.0, 0.0, 0.0, 0.0, 1.0, 1.0, 1.0, 0.0, 1.0, 0.0, 1.0, 2.0, 0.0, 0.0, 0.0, 12.0, 4.0, 5.0, 67362], [67363, 1.0, 0.0, 1.0, 32.0, 0.0, 0.0, 0.0, 1.0, 0.0, 1.0, 1.0, 1.0, 0.0, 3.0, 0.0, 0.0, 0.0, 1.0, 11.0, 6.0, 8.0, 67363], [67364, 1.0, 0.0, 1.0, 32.0, 0.0, 0.0, 0.0, 0.0, 0.0, 1.0, 0.0, 1.0, 0.0, 3.0, 0.0, 0.0, 0.0, 1.0, 10.0, 5.0, 6.0, 67364], [67365, 1.0, 0.0, 1.0, 27.0, 1.0, 0.0, 1.0, 1.0, 1.0, 1.0, 0.0, 1.0, 0.0, 3.0, 0.0, 0.0, 0.0, 0.0, 13.0, 5.0, 6.0, 67365], [67366, 1.0, 1.0, 1.0, 37.0, 1.0, 0.0, 0.0, 1.0, 1.0, 1.0, 0.0, 1.0, 0.0, 3.0, 0.0, 0.0, 1.0, 0.0, 13.0, 3.0, 4.0, 67366], [67367, 1.0, 1.0, 1.0, 33.0, 0.0, 0.0, 0.0, 1.0, 1.0, 1.0, 0.0, 1.0, 0.0, 3.0, 0.0, 6.0, 1.0, 1.0, 10.0, 6.0, 7.0, 67367]]}}","{""predictions"": [1.0, 0.0, 1.0, 0.0, 1.0, 1.0, 0.0, 0.0, 1.0, 1.0]}",1,"{""model_name"":""demo_faddadbfcefc_model_monitor.ws_3551974319838082.diabetes_mo"",""endpoint_name"":""anupriya-malik-databricks-com_ML_AS04_Demo_3b"",""model_version"":""1""}"
null,32cb6e12-8c3a-489a-b75e-b9305363aaac,2024-09-28,1727528596345,200,6,"{""dataframe_split"": {""index"": [28050, 28051, 28052, 28053, 28054, 28055, 28056, 28057, 28058, 28059], ""columns"": [""index"", ""HighBP"", ""HighChol"", ""CholCheck"", ""BMI"", ""Smoker"", ""Stroke"", ""HeartDiseaseorAttack"", ""PhysActivity"", ""Fruits"", ""Veggies"", ""HvyAlcoholConsump"", ""AnyHealthcare"", ""NoDocbcCost"", ""GenHlth"", ""MentHlth"", ""PhysHlth"", ""DiffWalk"", ""Sex"", ""Age"", ""Education"", ""Income"", ""id""], ""data"": [[67426, 1.0, 1.0, 1.0, 34.0, 1.0, 0.0, 1.0, 1.0, 1.0, 1.0, 0.0, 1.0, 0.0, 4.0, 28.0, 8.0, 1.0, 1.0, 10.0, 6.0, 7.0, 67426], [67427, 0.0, 1.0, 1.0, 29.0, 1.0, 1.0, 0.0, 1.0, 1.0, 0.0, 0.0, 1.0, 0.0, 2.0, 0.0, 0.0, 0.0, 1.0, 10.0, 5.0, 2.0, 67427], [67429, 1.0, 1.0, 1.0, 35.0, 0.0, 0.0, 1.0, 1.0, 1.0, 1.0, 0.0, 1.0, 0.0, 4.0, 30.0, 6.0, 1.0, 1.0, 10.0, 6.0, 8.0, 67429], [67430, 1.0, 1.0, 1.0, 24.0, 1.0, 0.0, 0.0, 1.0, 0.0, 1.0, 0.0, 1.0, 0.0, 3.0, 0.0, 0.0, 0.0, 1.0, 11.0, 6.0, 8.0, 67430], [67434, 1.0, 1.0, 1.0, 30.0, 0.0, 0.0, 0.0, 1.0, 1.0, 1.0, 0.0, 1.0, 0.0, 1.0, 0.0, 0.0, 0.0, 0.0, 10.0, 5.0, 5.0, 67434], [67436, 1.0, 1.0, 1.0, 39.0, 0.0, 0.0, 0.0, 0.0, 1.0, 1.0, 1.0, 1.0, 0.0, 3.0, 2.0, 3.0, 1.0, 0.0, 11.0, 5.0, 8.0, 67436], [67437, 0.0, 0.0, 1.0, 27.0, 1.0, 0.0, 1.0, 0.0, 1.0, 1.0, 0.0, 1.0, 0.0, 3.0, 0.0, 0.0, 0.0, 0.0, 10.0, 4.0, 6.0, 67437], [67439, 1.0, 1.0, 1.0, 26.0, 1.0, 0.0, 0.0, 1.0, 0.0, 0.0, 0.0, 0.0, 0.0, 3.0, 0.0, 0.0, 0.0, 1.0, 12.0, 4.0, 6.0, 67439], [67446, 0.0, 1.0, 1.0, 43.0, 1.0, 0.0, 0.0, 0.0, 0.0, 1.0, 0.0, 1.0, 0.0, 5.0, 0.0, 30.0, 1.0, 0.0, 12.0, 5.0, 5.0, 67446], [67447, 1.0, 1.0, 1.0, 33.0, 1.0, 0.0, 0.0, 0.0, 1.0, 1.0, 0.0, 1.0, 0.0, 4.0, 0.0, 30.0, 1.0, 0.0, 13.0, 6.0, 3.0, 67447]]}}","{""predictions"": [1.0, 0.0, 1.0, 1.0, 1.0, 1.0, 1.0, 1.0, 1.0, 1.0]}",1,"{""model_name"":""demo_faddadbfcefc_model_monitor.ws_3551974319838082.diabetes_mo"",""endpoint_name"":""anupriya-malik-databricks-com_ML_AS04_Demo_3b"",""model_version"":""1""}"
null,5ff9a997-17a9-450c-8941-4a4f1c5e7af2,2024-09-28,1727528596675,200,5,"{""dataframe_split"": {""index"": [28160, 28161, 28162, 28163, 28164, 28165, 28166, 28167, 28168, 28169], ""columns"": [""index"", ""HighBP"", ""HighChol"", ""CholCheck"", ""BMI"", ""Smoker"", ""Stroke"", ""HeartDiseaseorAttack"", ""PhysActivity"", ""Fruits"", ""Veggies"", ""HvyAlcoholConsump"", ""AnyHealthcare"", ""NoDocbcCost"", ""GenHlth"", ""MentHlth"", ""PhysHlth"", ""DiffWalk"", ""Sex"", ""Age"", ""Education"", ""Income"", ""id""], ""data"": [[67616, 1.0, 1.0, 1.0, 38.0, 0.0, 0.0, 0.0, 0.0, 1.0, 1.0, 0.0, 1.0, 0.0, 4.0, 30.0, 30.0, 0.0, 1.0, 10.0, 6.0, 2.0, 67616], [67618, 0.0, 0.0, 1.0, 33.0, 1.0, 0.0, 0.0, 1.0, 0.0, 1.0, 0.0, 1.0, 0.0, 2.0, 0.0, 0.0, 0.0, 0.0, 13.0, 5.0, 8.0, 67618], [67619, 1.0, 1.0, 1.0, 30.0, 1.0, 0.0, 1.0, 1.0, 1.0, 0.0, 0.0, 1.0, 0.0, 3.0, 0.0, 0.0, 1.0, 1.0, 12.0, 5.0, 5.0, 67619], [67620, 1.0, 0.0, 1.0, 41.0, 0.0, 0.0, 0.0, 1.0, 1.0, 1.0, 0.0, 1.0, 0.0, 2.0, 0.0, 0.0, 0.0, 0.0, 12.0, 5.0, 6.0, 67620], [67621, 1.0, 1.0, 1.0, 35.0, 1.0, 0.0, 1.0, 0.0, 1.0, 1.0, 0.0, 1.0, 0.0, 4.0, 0.0, 5.0, 0.0, 1.0, 13.0, 4.0, 5.0, 67621], [67622, 1.0, 1.0, 1.0, 31.0, 0.0, 0.0, 0.0, 0.0, 0.0, 1.0, 0.0, 1.0, 0.0, 3.0, 10.0, 24.0, 0.0, 0.0, 10.0, 6.0, 7.0, 67622], [67623, 0.0, 0.0, 1.0, 22.0, 0.0, 0.0, 0.0, 1.0, 1.0, 1.0, 0.0, 1.0, 0.0, 3.0, 0.0, 0.0, 0.0, 1.0, 11.0, 6.0, 6.0, 67623], [67626, 1.0, 1.0, 1.0, 27.0, 1.0, 0.0, 1.0, 1.0, 1.0, 1.0, 0.0, 1.0, 0.0, 3.0, 0.0, 0.0, 0.0, 1.0, 11.0, 4.0, 6.0, 67626], [67627, 1.0, 1.0, 1.0, 30.0, 1.0, 0.0, 1.0, 0.0, 1.0, 1.0, 0.0, 1.0, 0.0, 4.0, 0.0, 0.0, 1.0, 0.0, 11.0, 4.0, 1.0, 67627], [67628, 0.0, 0.0, 1.0, 31.0, 1.0, 0.0, 1.0, 1.0, 1.0, 1.0, 0.0, 0.0, 0.0, 4.0, 0.0, 0.0, 1.0, 1.0, 13.0, 4.0, 7.0, 67628]]}}","{""predictions"": [1.0, 0.0, 1.0, 1.0, 1.0, 1.0, 0.0, 1.0, 1.0, 1.0]}",1,"{""model_name"":""demo_faddadbfcefc_model_monitor.ws_3551974319838082.diabetes_mo"",""endpoint_name"":""anupriya-malik-databricks-com_ML_AS04_Demo_3b"",""model_version"":""1""}"
null,99725fa1-9790-43a5-abb5-0d33aa9b70d3,2024-09-28,1727528596705,200,5,"{""dataframe_split"": {""index"": [28170, 28171, 28172, 28173, 28174, 28175, 28176, 28177, 28178, 28179], ""columns"": [""index"", ""HighBP"", ""HighChol"", ""CholCheck"", ""BMI"", ""Smoker"", ""Stroke"", ""HeartDiseaseorAttack"", ""PhysActivity"", ""Fruits"", ""Veggies"", ""HvyAlcoholConsump"", ""AnyHealthcare"", ""NoDocbcCost"", ""GenHlth"", ""MentHlth"", ""PhysHlth"", ""DiffWalk"", ""Sex"", ""Age"", ""Education"", ""Income"", ""id""], ""data"": [[67630, 1.0, 0.0, 1.0, 32.0, 1.0, 0.0, 0.0, 0.0, 1.0, 0.0, 0.0, 1.0, 0.0, 4.0, 0.0, 15.0, 0.0, 1.0, 12.0, 4.0, 6.0, 67630], [67631, 0.0, 1.0, 1.0, 35.0, 0.0, 0.0, 0.0, 1.0, 0.0, 1.0, 0.0, 1.0, 0.0, 2.0, 0.0, 0.0, 0.0, 0.0, 10.0, 3.0, 4.0, 67631], [67634, 1.0, 1.0, 1.0, 33.0, 1.0, 0.0, 1.0, 1.0, 1.0, 1.0, 0.0, 1.0, 0.0, 3.0, 0.0, 0.0, 0.0, 1.0, 13.0, 6.0, 6.0, 67634], [67635, 1.0, 0.0, 1.0, 39.0, 1.0, 0.0, 0.0, 0.0, 0.0, 1.0, 0.0, 1.0, 0.0, 4.0, 0.0, 0.0, 1.0, 1.0, 10.0, 5.0, 8.0, 67635], [67639, 1.0, 1.0, 1.0, 26.0, 0.0, 1.0, 1.0, 1.0, 1.0, 1.0, 0.0, 1.0, 0.0, 4.0, 21.0, 18.0, 1.0, 0.0, 13.0, 2.0, 3.0, 67639], [67640, 0.0, 1.0, 1.0, 40.0, 1.0, 0.0, 0.0, 1.0, 1.0, 1.0, 0.0, 1.0, 0.0, 4.0, 0.0, 30.0, 1.0, 0.0, 10.0, 5.0, 3.0, 67640], [67643, 1.0, 1.0, 1.0, 29.0, 1.0, 0.0, 0.0, 1.0, 0.0, 1.0, 0.0, 1.0, 0.0, 3.0, 0.0, 14.0, 0.0, 1.0, 10.0, 6.0, 8.0, 67643], [67644, 0.0, 0.0, 1.0, 20.0, 0.0, 0.0, 0.0, 1.0, 1.0, 1.0, 0.0, 1.0, 0.0, 2.0, 0.0, 0.0, 0.0, 1.0, 13.0, 4.0, 4.0, 67644], [67645, 1.0, 0.0, 1.0, 32.0, 1.0, 1.0, 0.0, 1.0, 1.0, 1.0, 0.0, 1.0, 0.0, 4.0, 0.0, 0.0, 1.0, 1.0, 12.0, 5.0, 5.0, 67645], [67646, 1.0, 1.0, 1.0, 58.0, 1.0, 0.0, 0.0, 0.0, 1.0, 0.0, 0.0, 1.0, 1.0, 3.0, 10.0, 30.0, 1.0, 0.0, 12.0, 5.0, 2.0, 67646]]}}","{""predictions"": [1.0, 1.0, 0.0, 1.0, 1.0, 1.0, 0.0, 0.0, 1.0, 0.0]}",1,"{""model_name"":""demo_faddadbfcefc_model_monitor.ws_3551974319838082.diabetes_mo"",""endpoint_name"":""anupriya-malik-databricks-com_ML_AS04_Demo_3b"",""model_version"":""1""}"
null,b4308339-d360-4513-9d89-2deb6cd51e62,2024-09-28,1727528596913,200,5,"{""dataframe_split"": {""index"": [28240, 28241, 28242, 28243, 28244, 28245, 28246, 28247, 28248, 28249], ""columns"": [""index"", ""HighBP"", ""HighChol"", ""CholCheck"", ""BMI"", ""Smoker"", ""Stroke"", ""HeartDiseaseorAttack"", ""PhysActivity"", ""Fruits"", ""Veggies"", ""HvyAlcoholConsump"", ""AnyHealthcare"", ""NoDocbcCost"", ""GenHlth"", ""MentHlth"", ""PhysHlth"", ""DiffWalk"", ""Sex"", ""Age"", ""Education"", ""Income"", ""id""], ""data"": [[67750, 0.0, 0.0, 1.0, 24.0, 0.0, 0.0, 1.0, 1.0, 0.0, 0.0, 0.0, 1.0, 0.0, 3.0, 0.0, 0.0, 0.0, 1.0, 10.0, 4.0, 6.0, 67750], [67752, 0.0, 1.0, 1.0, 24.0, 0.0, 0.0, 0.0, 1.0, 1.0, 0.0, 0.0, 1.0, 0.0, 2.0, 0.0, 0.0, 0.0, 1.0, 11.0, 6.0, 7.0, 67752], [67755, 1.0, 1.0, 1.0, 29.0, 0.0, 0.0, 1.0, 0.0, 1.0, 1.0, 0.0, 1.0, 0.0, 3.0, 0.0, 0.0, 1.0, 1.0, 12.0, 4.0, 8.0, 67755], [67756, 1.0, 1.0, 1.0, 40.0, 1.0, 0.0, 0.0, 0.0, 1.0, 1.0, 0.0, 1.0, 0.0, 3.0, 0.0, 0.0, 1.0, 1.0, 10.0, 4.0, 5.0, 67756], [67757, 1.0, 0.0, 1.0, 28.0, 1.0, 0.0, 0.0, 1.0, 1.0, 1.0, 0.0, 1.0, 0.0, 2.0, 0.0, 0.0, 0.0, 1.0, 11.0, 4.0, 7.0, 67757], [67758, 1.0, 1.0, 1.0, 26.0, 1.0, 0.0, 0.0, 1.0, 0.0, 1.0, 0.0, 1.0, 0.0, 2.0, 0.0, 0.0, 0.0, 1.0, 12.0, 6.0, 8.0, 67758], [67760, 1.0, 0.0, 1.0, 28.0, 0.0, 0.0, 0.0, 0.0, 1.0, 1.0, 0.0, 1.0, 0.0, 4.0, 0.0, 0.0, 1.0, 0.0, 10.0, 4.0, 5.0, 67760], [67761, 1.0, 1.0, 1.0, 27.0, 0.0, 0.0, 0.0, 1.0, 1.0, 1.0, 0.0, 1.0, 0.0, 3.0, 0.0, 2.0, 0.0, 0.0, 10.0, 6.0, 8.0, 67761], [67762, 1.0, 1.0, 1.0, 27.0, 1.0, 0.0, 0.0, 1.0, 0.0, 1.0, 0.0, 1.0, 0.0, 4.0, 0.0, 30.0, 1.0, 0.0, 10.0, 5.0, 5.0, 67762], [67763, 0.0, 1.0, 1.0, 23.0, 1.0, 0.0, 0.0, 1.0, 1.0, 1.0, 0.0, 1.0, 0.0, 4.0, 0.0, 0.0, 0.0, 0.0, 10.0, 5.0, 8.0, 67763]]}}","{""predictions"": [1.0, 1.0, 0.0, 1.0, 1.0, 0.0, 1.0, 1.0, 0.0, 1.0]}",1,"{""model_name"":""demo_faddadbfcefc_model_monitor.ws_3551974319838082.diabetes_mo"",""endpoint_name"":""anupriya-malik-databricks-com_ML_AS04_Demo_3b"",""model_version"":""1""}"
null,a4522336-1003-4ba7-86e5-e08f883ec35a,2024-09-28,1727528597387,200,6,"{""dataframe_split"": {""index"": [28400, 28401, 28402, 28403, 28404, 28405, 28406, 28407, 28408, 28409], ""columns"": [""index"", ""HighBP"", ""HighChol"", ""CholCheck"", ""BMI"", ""Smoker"", ""Stroke"", ""HeartDiseaseorAttack"", ""PhysActivity"", ""Fruits"", ""Veggies"", ""HvyAlcoholConsump"", ""AnyHealthcare"", ""NoDocbcCost"", ""GenHlth"", ""MentHlth"", ""PhysHlth"", ""DiffWalk"", ""Sex"", ""Age"", ""Education"", ""Income"", ""id""], ""data"": [[68000, 0.0, 1.0, 1.0, 32.0, 1.0, 0.0, 0.0, 1.0, 1.0, 1.0, 0.0, 1.0, 0.0, 3.0, 30.0, 5.0, 0.0, 0.0, 11.0, 6.0, 7.0, 68000], [68001, 0.0, 0.0, 1.0, 37.0, 0.0, 1.0, 1.0, 0.0, 1.0, 1.0, 0.0, 1.0, 0.0, 5.0, 30.0, 30.0, 1.0, 0.0, 10.0, 5.0, 2.0, 68001], [68003, 0.0, 0.0, 1.0, 24.0, 1.0, 1.0, 1.0, 1.0, 1.0, 1.0, 0.0, 1.0, 0.0, 3.0, 2.0, 0.0, 0.0, 1.0, 13.0, 4.0, 7.0, 68003], [68004, 1.0, 1.0, 1.0, 45.0, 0.0, 0.0, 0.0, 0.0, 1.0, 1.0, 0.0, 1.0, 0.0, 2.0, 30.0, 0.0, 1.0, 0.0, 11.0, 5.0, 4.0, 68004], [68005, 1.0, 1.0, 1.0, 29.0, 0.0, 0.0, 1.0, 1.0, 0.0, 1.0, 0.0, 1.0, 0.0, 3.0, 0.0, 30.0, 0.0, 1.0, 10.0, 4.0, 3.0, 68005], [68006, 1.0, 1.0, 1.0, 27.0, 0.0, 0.0, 0.0, 0.0, 1.0, 1.0, 0.0, 1.0, 0.0, 2.0, 0.0, 0.0, 1.0, 0.0, 11.0, 5.0, 7.0, 68006], [68008, 1.0, 1.0, 1.0, 25.0, 0.0, 0.0, 0.0, 1.0, 0.0, 0.0, 0.0, 1.0, 0.0, 1.0, 0.0, 0.0, 0.0, 0.0, 11.0, 6.0, 6.0, 68008], [68009, 1.0, 0.0, 1.0, 43.0, 1.0, 0.0, 0.0, 1.0, 1.0, 1.0, 0.0, 1.0, 0.0, 4.0, 0.0, 5.0, 1.0, 0.0, 10.0, 4.0, 6.0, 68009], [68011, 1.0, 1.0, 1.0, 28.0, 0.0, 0.0, 1.0, 0.0, 1.0, 1.0, 0.0, 1.0, 0.0, 4.0, 0.0, 30.0, 1.0, 1.0, 13.0, 6.0, 5.0, 68011], [68013, 1.0, 1.0, 1.0, 32.0, 1.0, 0.0, 0.0, 1.0, 1.0, 1.0, 0.0, 1.0, 0.0, 3.0, 0.0, 0.0, 0.0, 1.0, 11.0, 5.0, 5.0, 68013]]}}","{""predictions"": [1.0, 1.0, 1.0, 1.0, 1.0, 0.0, 0.0, 1.0, 0.0, 1.0]}",1,"{""model_name"":""demo_faddadbfcefc_model_monitor.ws_3551974319838082.diabetes_mo"",""endpoint_name"":""anupriya-malik-databricks-com_ML_AS04_Demo_3b"",""model_version"":""1""}"
null,5c9b33f8-8254-43bc-9538-3abe2fe48960,2024-09-28,1727528597456,200,5,"{""dataframe_split"": {""index"": [28420, 28421, 28422, 28423, 28424, 28425, 28426, 28427, 28428, 28429], ""columns"": [""index"", ""HighBP"", ""HighChol"", ""CholCheck"", ""BMI"", ""Smoker"", ""Stroke"", ""HeartDiseaseorAttack"", ""PhysActivity"", ""Fruits"", ""Veggies"", ""HvyAlcoholConsump"", ""AnyHealthcare"", ""NoDocbcCost"", ""GenHlth"", ""MentHlth"", ""PhysHlth"", ""DiffWalk"", ""Sex"", ""Age"", ""Education"", ""Income"", ""id""], ""data"": [[68025, 1.0, 1.0, 1.0, 33.0, 1.0, 0.0, 1.0, 1.0, 1.0, 1.0, 0.0, 1.0, 0.0, 3.0, 0.0, 0.0, 0.0, 1.0, 10.0, 6.0, 8.0, 68025], [68026, 1.0, 1.0, 1.0, 28.0, 1.0, 1.0, 1.0, 1.0, 1.0, 1.0, 0.0, 1.0, 0.0, 3.0, 15.0, 0.0, 0.0, 1.0, 13.0, 6.0, 7.0, 68026], [68027, 1.0, 1.0, 1.0, 33.0, 0.0, 1.0, 1.0, 1.0, 1.0, 1.0, 0.0, 1.0, 0.0, 3.0, 2.0, 0.0, 1.0, 1.0, 13.0, 5.0, 2.0, 68027], [68028, 1.0, 1.0, 1.0, 33.0, 1.0, 0.0, 0.0, 1.0, 0.0, 0.0, 0.0, 1.0, 0.0, 2.0, 1.0, 0.0, 0.0, 1.0, 11.0, 5.0, 6.0, 68028], [68029, 1.0, 0.0, 1.0, 38.0, 0.0, 1.0, 1.0, 1.0, 0.0, 1.0, 0.0, 1.0, 0.0, 4.0, 0.0, 0.0, 1.0, 1.0, 10.0, 5.0, 7.0, 68029], [68030, 1.0, 1.0, 1.0, 31.0, 0.0, 0.0, 0.0, 1.0, 0.0, 1.0, 0.0, 1.0, 0.0, 5.0, 3.0, 22.0, 0.0, 0.0, 10.0, 4.0, 8.0, 68030], [68033, 1.0, 0.0, 1.0, 33.0, 0.0, 0.0, 1.0, 1.0, 1.0, 1.0, 0.0, 1.0, 0.0, 3.0, 0.0, 0.0, 1.0, 0.0, 11.0, 6.0, 7.0, 68033], [68034, 1.0, 0.0, 1.0, 31.0, 0.0, 0.0, 0.0, 1.0, 1.0, 1.0, 0.0, 1.0, 0.0, 2.0, 0.0, 7.0, 1.0, 0.0, 13.0, 6.0, 8.0, 68034], [68035, 1.0, 1.0, 1.0, 35.0, 1.0, 0.0, 0.0, 1.0, 1.0, 0.0, 0.0, 1.0, 0.0, 2.0, 0.0, 0.0, 0.0, 1.0, 12.0, 6.0, 7.0, 68035], [68036, 0.0, 1.0, 1.0, 33.0, 1.0, 0.0, 0.0, 1.0, 1.0, 1.0, 0.0, 1.0, 0.0, 2.0, 0.0, 0.0, 0.0, 1.0, 11.0, 4.0, 2.0, 68036]]}}","{""predictions"": [1.0, 0.0, 0.0, 1.0, 1.0, 1.0, 1.0, 1.0, 1.0, 1.0]}",1,"{""model_name"":""demo_faddadbfcefc_model_monitor.ws_3551974319838082.diabetes_mo"",""endpoint_name"":""anupriya-malik-databricks-com_ML_AS04_Demo_3b"",""model_version"":""1""}"
null,c5f2a96d-3d62-4588-aeaf-3d57512ae2b9,2024-09-28,1727528597488,200,5,"{""dataframe_split"": {""index"": [28430, 28431, 28432, 28433, 28434, 28435, 28436, 28437, 28438, 28439], ""columns"": [""index"", ""HighBP"", ""HighChol"", ""CholCheck"", ""BMI"", ""Smoker"", ""Stroke"", ""HeartDiseaseorAttack"", ""PhysActivity"", ""Fruits"", ""Veggies"", ""HvyAlcoholConsump"", ""AnyHealthcare"", ""NoDocbcCost"", ""GenHlth"", ""MentHlth"", ""PhysHlth"", ""DiffWalk"", ""Sex"", ""Age"", ""Education"", ""Income"", ""id""], ""data"": [[68038, 0.0, 1.0, 1.0, 23.0, 0.0, 0.0, 0.0, 1.0, 1.0, 1.0, 0.0, 1.0, 0.0, 2.0, 0.0, 0.0, 0.0, 0.0, 11.0, 5.0, 6.0, 68038], [68039, 1.0, 1.0, 1.0, 27.0, 0.0, 0.0, 0.0, 1.0, 1.0, 1.0, 0.0, 1.0, 0.0, 2.0, 1.0, 0.0, 0.0, 1.0, 11.0, 3.0, 4.0, 68039], [68040, 1.0, 1.0, 1.0, 24.0, 1.0, 0.0, 1.0, 1.0, 1.0, 1.0, 0.0, 1.0, 0.0, 3.0, 0.0, 0.0, 0.0, 1.0, 12.0, 6.0, 8.0, 68040], [68041, 1.0, 1.0, 1.0, 33.0, 1.0, 0.0, 1.0, 1.0, 1.0, 0.0, 0.0, 1.0, 0.0, 3.0, 0.0, 0.0, 0.0, 1.0, 11.0, 4.0, 6.0, 68041], [68043, 1.0, 1.0, 1.0, 26.0, 1.0, 0.0, 1.0, 0.0, 0.0, 0.0, 0.0, 1.0, 0.0, 4.0, 0.0, 5.0, 1.0, 0.0, 13.0, 4.0, 6.0, 68043], [68044, 1.0, 1.0, 1.0, 31.0, 0.0, 0.0, 0.0, 0.0, 1.0, 0.0, 0.0, 1.0, 0.0, 4.0, 0.0, 0.0, 1.0, 0.0, 11.0, 6.0, 6.0, 68044], [68046, 1.0, 0.0, 1.0, 30.0, 0.0, 0.0, 0.0, 1.0, 1.0, 0.0, 0.0, 1.0, 0.0, 2.0, 0.0, 0.0, 0.0, 0.0, 13.0, 4.0, 2.0, 68046], [68048, 0.0, 1.0, 1.0, 20.0, 0.0, 0.0, 1.0, 1.0, 1.0, 1.0, 0.0, 1.0, 0.0, 3.0, 0.0, 3.0, 0.0, 0.0, 12.0, 4.0, 4.0, 68048], [68051, 1.0, 0.0, 1.0, 32.0, 1.0, 0.0, 0.0, 0.0, 0.0, 1.0, 0.0, 1.0, 0.0, 4.0, 0.0, 3.0, 1.0, 1.0, 13.0, 5.0, 4.0, 68051], [68053, 1.0, 1.0, 1.0, 27.0, 0.0, 1.0, 0.0, 1.0, 1.0, 1.0, 0.0, 1.0, 0.0, 4.0, 28.0, 1.0, 1.0, 0.0, 10.0, 6.0, 7.0, 68053]]}}","{""predictions"": [0.0, 1.0, 1.0, 1.0, 1.0, 1.0, 1.0, 0.0, 1.0, 1.0]}",1,"{""model_name"":""demo_faddadbfcefc_model_monitor.ws_3551974319838082.diabetes_mo"",""endpoint_name"":""anupriya-malik-databricks-com_ML_AS04_Demo_3b"",""model_version"":""1""}"
null,303b9c14-5d62-48c6-af7c-bf5926834854,2024-09-28,1727528597515,200,5,"{""dataframe_split"": {""index"": [28440, 28441, 28442, 28443, 28444, 28445, 28446, 28447, 28448, 28449], ""columns"": [""index"", ""HighBP"", ""HighChol"", ""CholCheck"", ""BMI"", ""Smoker"", ""Stroke"", ""HeartDiseaseorAttack"", ""PhysActivity"", ""Fruits"", ""Veggies"", ""HvyAlcoholConsump"", ""AnyHealthcare"", ""NoDocbcCost"", ""GenHlth"", ""MentHlth"", ""PhysHlth"", ""DiffWalk"", ""Sex"", ""Age"", ""Education"", ""Income"", ""id""], ""data"": [[68055, 1.0, 0.0, 1.0, 31.0, 0.0, 0.0, 0.0, 1.0, 0.0, 0.0, 0.0, 1.0, 0.0, 2.0, 5.0, 0.0, 1.0, 0.0, 10.0, 6.0, 1.0, 68055], [68056, 1.0, 1.0, 1.0, 31.0, 1.0, 0.0, 1.0, 0.0, 0.0, 0.0, 0.0, 1.0, 0.0, 5.0, 4.0, 30.0, 1.0, 0.0, 12.0, 5.0, 3.0, 68056], [68057, 1.0, 1.0, 1.0, 34.0, 1.0, 0.0, 0.0, 1.0, 0.0, 1.0, 1.0, 1.0, 0.0, 3.0, 0.0, 0.0, 0.0, 1.0, 11.0, 6.0, 8.0, 68057], [68060, 1.0, 1.0, 1.0, 22.0, 1.0, 0.0, 0.0, 0.0, 0.0, 1.0, 0.0, 1.0, 0.0, 4.0, 30.0, 3.0, 1.0, 1.0, 11.0, 4.0, 1.0, 68060], [68062, 1.0, 1.0, 1.0, 30.0, 1.0, 1.0, 1.0, 1.0, 0.0, 1.0, 0.0, 1.0, 0.0, 3.0, 0.0, 0.0, 1.0, 1.0, 11.0, 5.0, 6.0, 68062], [68064, 0.0, 0.0, 1.0, 33.0, 0.0, 0.0, 0.0, 0.0, 1.0, 1.0, 0.0, 1.0, 0.0, 5.0, 30.0, 30.0, 1.0, 1.0, 10.0, 5.0, 8.0, 68064], [68068, 1.0, 1.0, 1.0, 28.0, 0.0, 0.0, 1.0, 1.0, 0.0, 1.0, 0.0, 1.0, 0.0, 2.0, 0.0, 2.0, 0.0, 1.0, 13.0, 6.0, 8.0, 68068], [68069, 1.0, 1.0, 1.0, 40.0, 0.0, 0.0, 0.0, 0.0, 1.0, 1.0, 0.0, 1.0, 0.0, 4.0, 0.0, 1.0, 0.0, 1.0, 10.0, 6.0, 8.0, 68069], [68070, 1.0, 1.0, 1.0, 27.0, 0.0, 0.0, 1.0, 1.0, 0.0, 1.0, 0.0, 1.0, 0.0, 3.0, 0.0, 0.0, 0.0, 1.0, 13.0, 5.0, 4.0, 68070], [68071, 1.0, 1.0, 1.0, 25.0, 0.0, 0.0, 1.0, 0.0, 1.0, 1.0, 0.0, 1.0, 1.0, 4.0, 0.0, 0.0, 0.0, 1.0, 12.0, 5.0, 8.0, 68071]]}}","{""predictions"": [1.0, 0.0, 1.0, 1.0, 1.0, 1.0, 1.0, 0.0, 0.0, 1.0]}",1,"{""model_name"":""demo_faddadbfcefc_model_monitor.ws_3551974319838082.diabetes_mo"",""endpoint_name"":""anupriya-malik-databricks-com_ML_AS04_Demo_3b"",""model_version"":""1""}"
null,b459dec8-3c5a-44a1-9f91-e4e7419ffd00,2024-09-28,1727528597545,200,5,"{""dataframe_split"": {""index"": [28450, 28451, 28452, 28453, 28454, 28455, 28456, 28457, 28458, 28459], ""columns"": [""index"", ""HighBP"", ""HighChol"", ""CholCheck"", ""BMI"", ""Smoker"", ""Stroke"", ""HeartDiseaseorAttack"", ""PhysActivity"", ""Fruits"", ""Veggies"", ""HvyAlcoholConsump"", ""AnyHealthcare"", ""NoDocbcCost"", ""GenHlth"", ""MentHlth"", ""PhysHlth"", ""DiffWalk"", ""Sex"", ""Age"", ""Education"", ""Income"", ""id""], ""data"": [[68073, 1.0, 0.0, 1.0, 50.0, 0.0, 0.0, 0.0, 1.0, 1.0, 1.0, 0.0, 1.0, 0.0, 3.0, 0.0, 15.0, 0.0, 0.0, 10.0, 5.0, 7.0, 68073], [68074, 0.0, 0.0, 1.0, 24.0, 0.0, 0.0, 0.0, 1.0, 1.0, 1.0, 0.0, 1.0, 0.0, 4.0, 0.0, 1.0, 0.0, 0.0, 11.0, 4.0, 3.0, 68074], [68075, 0.0, 0.0, 1.0, 37.0, 0.0, 0.0, 1.0, 0.0, 1.0, 1.0, 0.0, 1.0, 0.0, 4.0, 0.0, 5.0, 1.0, 1.0, 11.0, 6.0, 2.0, 68075], [68077, 1.0, 0.0, 1.0, 34.0, 1.0, 0.0, 0.0, 1.0, 0.0, 1.0, 0.0, 1.0, 0.0, 3.0, 0.0, 0.0, 0.0, 1.0, 10.0, 6.0, 8.0, 68077], [68078, 0.0, 1.0, 1.0, 26.0, 1.0, 0.0, 0.0, 1.0, 1.0, 1.0, 0.0, 1.0, 0.0, 2.0, 30.0, 0.0, 0.0, 1.0, 11.0, 6.0, 8.0, 68078], [68085, 1.0, 0.0, 1.0, 31.0, 1.0, 0.0, 0.0, 1.0, 1.0, 1.0, 1.0, 1.0, 0.0, 3.0, 0.0, 0.0, 1.0, 0.0, 12.0, 6.0, 8.0, 68085], [68086, 1.0, 1.0, 1.0, 25.0, 1.0, 0.0, 1.0, 1.0, 0.0, 1.0, 0.0, 1.0, 1.0, 3.0, 0.0, 0.0, 0.0, 1.0, 10.0, 4.0, 3.0, 68086], [68090, 0.0, 0.0, 1.0, 27.0, 0.0, 0.0, 1.0, 0.0, 0.0, 1.0, 0.0, 1.0, 0.0, 2.0, 0.0, 0.0, 1.0, 0.0, 13.0, 4.0, 5.0, 68090], [68095, 1.0, 1.0, 1.0, 44.0, 1.0, 1.0, 0.0, 0.0, 1.0, 1.0, 0.0, 1.0, 0.0, 2.0, 0.0, 0.0, 0.0, 1.0, 10.0, 5.0, 8.0, 68095], [68098, 1.0, 0.0, 1.0, 25.0, 1.0, 0.0, 0.0, 1.0, 0.0, 1.0, 0.0, 1.0, 0.0, 3.0, 0.0, 0.0, 0.0, 1.0, 11.0, 5.0, 8.0, 68098]]}}","{""predictions"": [1.0, 1.0, 1.0, 1.0, 0.0, 1.0, 1.0, 1.0, 1.0, 0.0]}",1,"{""model_name"":""demo_faddadbfcefc_model_monitor.ws_3551974319838082.diabetes_mo"",""endpoint_name"":""anupriya-malik-databricks-com_ML_AS04_Demo_3b"",""model_version"":""1""}"
null,9f484829-c04c-4102-b0ed-7e5b52d18dcd,2024-09-28,1727528597605,200,5,"{""dataframe_split"": {""index"": [28470, 28471, 28472, 28473, 28474, 28475, 28476, 28477, 28478, 28479], ""columns"": [""index"", ""HighBP"", ""HighChol"", ""CholCheck"", ""BMI"", ""Smoker"", ""Stroke"", ""HeartDiseaseorAttack"", ""PhysActivity"", ""Fruits"", ""Veggies"", ""HvyAlcoholConsump"", ""AnyHealthcare"", ""NoDocbcCost"", ""GenHlth"", ""MentHlth"", ""PhysHlth"", ""DiffWalk"", ""Sex"", ""Age"", ""Education"", ""Income"", ""id""], ""data"": [[68132, 1.0, 1.0, 1.0, 28.0, 1.0, 0.0, 1.0, 1.0, 0.0, 1.0, 0.0, 1.0, 0.0, 4.0, 0.0, 5.0, 1.0, 1.0, 12.0, 4.0, 3.0, 68132], [68133, 1.0, 1.0, 1.0, 33.0, 0.0, 0.0, 0.0, 1.0, 1.0, 1.0, 0.0, 1.0, 0.0, 1.0, 0.0, 1.0, 0.0, 0.0, 10.0, 5.0, 8.0, 68133], [68136, 1.0, 1.0, 1.0, 31.0, 0.0, 0.0, 0.0, 0.0, 0.0, 0.0, 0.0, 1.0, 0.0, 2.0, 2.0, 0.0, 0.0, 1.0, 11.0, 5.0, 5.0, 68136], [68138, 0.0, 0.0, 1.0, 22.0, 1.0, 1.0, 0.0, 1.0, 1.0, 1.0, 0.0, 1.0, 1.0, 4.0, 15.0, 15.0, 0.0, 0.0, 10.0, 4.0, 4.0, 68138], [68140, 1.0, 0.0, 1.0, 37.0, 1.0, 0.0, 0.0, 1.0, 1.0, 1.0, 0.0, 1.0, 1.0, 3.0, 0.0, 0.0, 0.0, 1.0, 10.0, 5.0, 6.0, 68140], [68142, 1.0, 0.0, 1.0, 45.0, 1.0, 0.0, 0.0, 1.0, 1.0, 1.0, 0.0, 1.0, 0.0, 2.0, 0.0, 0.0, 0.0, 1.0, 10.0, 5.0, 8.0, 68142], [68144, 1.0, 1.0, 1.0, 25.0, 1.0, 0.0, 0.0, 1.0, 0.0, 1.0, 1.0, 1.0, 0.0, 4.0, 0.0, 0.0, 0.0, 0.0, 11.0, 5.0, 7.0, 68144], [68146, 0.0, 0.0, 1.0, 30.0, 1.0, 0.0, 0.0, 1.0, 1.0, 1.0, 0.0, 1.0, 1.0, 2.0, 0.0, 0.0, 0.0, 1.0, 10.0, 4.0, 3.0, 68146], [68147, 1.0, 1.0, 1.0, 39.0, 1.0, 0.0, 1.0, 0.0, 0.0, 1.0, 0.0, 1.0, 0.0, 5.0, 4.0, 20.0, 1.0, 0.0, 10.0, 3.0, 5.0, 68147], [68148, 1.0, 1.0, 1.0, 35.0, 1.0, 0.0, 0.0, 0.0, 1.0, 1.0, 0.0, 1.0, 0.0, 4.0, 0.0, 3.0, 0.0, 1.0, 12.0, 5.0, 5.0, 68148]]}}","{""predictions"": [1.0, 0.0, 1.0, 0.0, 1.0, 0.0, 0.0, 1.0, 0.0, 1.0]}",1,"{""model_name"":""demo_faddadbfcefc_model_monitor.ws_3551974319838082.diabetes_mo"",""endpoint_name"":""anupriya-malik-databricks-com_ML_AS04_Demo_3b"",""model_version"":""1""}"
null,8d6d8e04-8095-46cb-bb31-440bb11db794,2024-09-28,1727528597634,200,5,"{""dataframe_split"": {""index"": [28480, 28481, 28482, 28483, 28484, 28485, 28486, 28487, 28488, 28489], ""columns"": [""index"", ""HighBP"", ""HighChol"", ""CholCheck"", ""BMI"", ""Smoker"", ""Stroke"", ""HeartDiseaseorAttack"", ""PhysActivity"", ""Fruits"", ""Veggies"", ""HvyAlcoholConsump"", ""AnyHealthcare"", ""NoDocbcCost"", ""GenHlth"", ""MentHlth"", ""PhysHlth"", ""DiffWalk"", ""Sex"", ""Age"", ""Education"", ""Income"", ""id""], ""data"": [[68150, 1.0, 1.0, 1.0, 28.0, 1.0, 0.0, 0.0, 1.0, 1.0, 1.0, 0.0, 1.0, 0.0, 3.0, 0.0, 15.0, 1.0, 1.0, 10.0, 6.0, 7.0, 68150], [68152, 1.0, 1.0, 1.0, 34.0, 1.0, 0.0, 1.0, 0.0, 0.0, 0.0, 0.0, 1.0, 0.0, 3.0, 0.0, 2.0, 0.0, 1.0, 11.0, 4.0, 6.0, 68152], [68153, 1.0, 1.0, 1.0, 29.0, 1.0, 0.0, 1.0, 1.0, 1.0, 1.0, 0.0, 1.0, 0.0, 3.0, 0.0, 0.0, 1.0, 1.0, 13.0, 6.0, 8.0, 68153], [68154, 0.0, 1.0, 1.0, 34.0, 0.0, 0.0, 0.0, 1.0, 1.0, 1.0, 0.0, 1.0, 0.0, 1.0, 0.0, 0.0, 0.0, 1.0, 10.0, 6.0, 8.0, 68154], [68155, 1.0, 1.0, 1.0, 34.0, 1.0, 0.0, 0.0, 1.0, 0.0, 1.0, 0.0, 1.0, 0.0, 3.0, 0.0, 0.0, 1.0, 0.0, 10.0, 5.0, 8.0, 68155], [68156, 1.0, 1.0, 1.0, 29.0, 1.0, 0.0, 1.0, 1.0, 1.0, 1.0, 0.0, 1.0, 1.0, 5.0, 5.0, 30.0, 0.0, 0.0, 10.0, 6.0, 1.0, 68156], [68163, 1.0, 1.0, 1.0, 31.0, 1.0, 0.0, 0.0, 1.0, 1.0, 1.0, 0.0, 1.0, 0.0, 3.0, 0.0, 0.0, 0.0, 1.0, 12.0, 4.0, 8.0, 68163], [68171, 1.0, 0.0, 1.0, 29.0, 1.0, 0.0, 1.0, 1.0, 0.0, 1.0, 0.0, 1.0, 0.0, 2.0, 0.0, 0.0, 0.0, 1.0, 10.0, 6.0, 8.0, 68171], [68176, 1.0, 1.0, 1.0, 26.0, 0.0, 0.0, 0.0, 1.0, 1.0, 1.0, 0.0, 1.0, 0.0, 2.0, 0.0, 0.0, 0.0, 0.0, 10.0, 3.0, 1.0, 68176], [68179, 1.0, 1.0, 1.0, 25.0, 0.0, 0.0, 1.0, 1.0, 1.0, 1.0, 0.0, 1.0, 0.0, 3.0, 0.0, 0.0, 0.0, 1.0, 10.0, 6.0, 8.0, 68179]]}}","{""predictions"": [0.0, 1.0, 1.0, 1.0, 0.0, 1.0, 0.0, 0.0, 1.0, 0.0]}",1,"{""model_name"":""demo_faddadbfcefc_model_monitor.ws_3551974319838082.diabetes_mo"",""endpoint_name"":""anupriya-malik-databricks-com_ML_AS04_Demo_3b"",""model_version"":""1""}"
null,52d62eeb-5714-4586-875b-ab73b6c0aef8,2024-09-28,1727528597664,200,5,"{""dataframe_split"": {""index"": [28490, 28491, 28492, 28493, 28494, 28495, 28496, 28497, 28498, 28499], ""columns"": [""index"", ""HighBP"", ""HighChol"", ""CholCheck"", ""BMI"", ""Smoker"", ""Stroke"", ""HeartDiseaseorAttack"", ""PhysActivity"", ""Fruits"", ""Veggies"", ""HvyAlcoholConsump"", ""AnyHealthcare"", ""NoDocbcCost"", ""GenHlth"", ""MentHlth"", ""PhysHlth"", ""DiffWalk"", ""Sex"", ""Age"", ""Education"", ""Income"", ""id""], ""data"": [[68183, 1.0, 1.0, 1.0, 27.0, 0.0, 0.0, 0.0, 1.0, 0.0, 1.0, 1.0, 1.0, 0.0, 2.0, 2.0, 0.0, 0.0, 0.0, 10.0, 6.0, 7.0, 68183], [68184, 1.0, 1.0, 1.0, 32.0, 1.0, 0.0, 0.0, 1.0, 1.0, 1.0, 0.0, 1.0, 0.0, 4.0, 0.0, 0.0, 0.0, 1.0, 10.0, 5.0, 4.0, 68184], [68188, 1.0, 1.0, 1.0, 26.0, 0.0, 0.0, 0.0, 1.0, 1.0, 1.0, 0.0, 1.0, 0.0, 3.0, 0.0, 1.0, 0.0, 0.0, 11.0, 5.0, 4.0, 68188], [68192, 1.0, 0.0, 1.0, 40.0, 0.0, 1.0, 1.0, 0.0, 0.0, 0.0, 0.0, 1.0, 0.0, 3.0, 10.0, 0.0, 1.0, 1.0, 10.0, 5.0, 5.0, 68192], [68196, 1.0, 1.0, 1.0, 43.0, 0.0, 0.0, 0.0, 0.0, 0.0, 0.0, 0.0, 1.0, 0.0, 4.0, 0.0, 15.0, 1.0, 1.0, 10.0, 5.0, 6.0, 68196], [68201, 0.0, 1.0, 1.0, 28.0, 0.0, 0.0, 0.0, 0.0, 1.0, 0.0, 0.0, 1.0, 0.0, 3.0, 5.0, 0.0, 1.0, 0.0, 11.0, 4.0, 3.0, 68201], [68202, 1.0, 0.0, 1.0, 31.0, 1.0, 0.0, 1.0, 1.0, 0.0, 1.0, 0.0, 1.0, 0.0, 4.0, 0.0, 0.0, 1.0, 1.0, 10.0, 5.0, 2.0, 68202], [68203, 1.0, 1.0, 1.0, 40.0, 0.0, 0.0, 1.0, 0.0, 1.0, 1.0, 0.0, 1.0, 0.0, 4.0, 0.0, 0.0, 1.0, 0.0, 10.0, 5.0, 7.0, 68203], [68206, 1.0, 1.0, 1.0, 30.0, 1.0, 0.0, 0.0, 1.0, 1.0, 1.0, 0.0, 1.0, 0.0, 2.0, 0.0, 0.0, 0.0, 0.0, 12.0, 6.0, 7.0, 68206], [68208, 1.0, 1.0, 1.0, 27.0, 1.0, 1.0, 0.0, 1.0, 1.0, 1.0, 0.0, 1.0, 0.0, 3.0, 0.0, 0.0, 0.0, 1.0, 12.0, 5.0, 7.0, 68208]]}}","{""predictions"": [1.0, 1.0, 1.0, 0.0, 1.0, 1.0, 1.0, 1.0, 0.0, 1.0]}",1,"{""model_name"":""demo_faddadbfcefc_model_monitor.ws_3551974319838082.diabetes_mo"",""endpoint_name"":""anupriya-malik-databricks-com_ML_AS04_Demo_3b"",""model_version"":""1""}"
null,27efd15b-d2da-4bcf-8dd2-0c0c57ad14ad,2024-09-28,1727528597692,200,5,"{""dataframe_split"": {""index"": [28500, 28501, 28502, 28503, 28504, 28505, 28506, 28507, 28508, 28509], ""columns"": [""index"", ""HighBP"", ""HighChol"", ""CholCheck"", ""BMI"", ""Smoker"", ""Stroke"", ""HeartDiseaseorAttack"", ""PhysActivity"", ""Fruits"", ""Veggies"", ""HvyAlcoholConsump"", ""AnyHealthcare"", ""NoDocbcCost"", ""GenHlth"", ""MentHlth"", ""PhysHlth"", ""DiffWalk"", ""Sex"", ""Age"", ""Education"", ""Income"", ""id""], ""data"": [[68211, 0.0, 1.0, 1.0, 21.0, 0.0, 0.0, 0.0, 1.0, 1.0, 1.0, 0.0, 1.0, 0.0, 2.0, 0.0, 0.0, 0.0, 1.0, 11.0, 6.0, 6.0, 68211], [68213, 0.0, 1.0, 1.0, 33.0, 1.0, 1.0, 1.0, 0.0, 0.0, 0.0, 0.0, 1.0, 0.0, 4.0, 0.0, 0.0, 0.0, 1.0, 11.0, 5.0, 7.0, 68213], [68214, 1.0, 1.0, 1.0, 67.0, 0.0, 0.0, 0.0, 0.0, 1.0, 0.0, 0.0, 1.0, 0.0, 3.0, 5.0, 2.0, 1.0, 0.0, 10.0, 6.0, 7.0, 68214], [68217, 1.0, 1.0, 1.0, 32.0, 0.0, 0.0, 0.0, 1.0, 1.0, 1.0, 0.0, 1.0, 0.0, 2.0, 0.0, 0.0, 0.0, 0.0, 10.0, 5.0, 8.0, 68217], [68218, 0.0, 1.0, 1.0, 29.0, 0.0, 0.0, 1.0, 0.0, 1.0, 1.0, 0.0, 1.0, 0.0, 2.0, 0.0, 30.0, 1.0, 1.0, 10.0, 6.0, 8.0, 68218], [68220, 1.0, 1.0, 1.0, 31.0, 0.0, 0.0, 0.0, 1.0, 1.0, 1.0, 0.0, 1.0, 0.0, 3.0, 0.0, 0.0, 1.0, 1.0, 13.0, 6.0, 5.0, 68220], [68230, 1.0, 1.0, 1.0, 26.0, 0.0, 0.0, 0.0, 1.0, 1.0, 1.0, 0.0, 1.0, 0.0, 2.0, 0.0, 0.0, 0.0, 0.0, 13.0, 4.0, 6.0, 68230], [68231, 1.0, 0.0, 1.0, 30.0, 0.0, 0.0, 0.0, 1.0, 1.0, 1.0, 0.0, 1.0, 0.0, 4.0, 0.0, 30.0, 1.0, 0.0, 10.0, 5.0, 7.0, 68231], [68232, 1.0, 1.0, 1.0, 47.0, 1.0, 1.0, 0.0, 1.0, 0.0, 1.0, 0.0, 1.0, 1.0, 2.0, 30.0, 3.0, 1.0, 0.0, 11.0, 6.0, 2.0, 68232], [68234, 1.0, 1.0, 1.0, 28.0, 0.0, 0.0, 1.0, 1.0, 1.0, 1.0, 0.0, 1.0, 0.0, 3.0, 0.0, 0.0, 0.0, 1.0, 11.0, 6.0, 8.0, 68234]]}}","{""predictions"": [0.0, 1.0, 0.0, 1.0, 0.0, 1.0, 0.0, 1.0, 1.0, 0.0]}",1,"{""model_name"":""demo_faddadbfcefc_model_monitor.ws_3551974319838082.diabetes_mo"",""endpoint_name"":""anupriya-malik-databricks-com_ML_AS04_Demo_3b"",""model_version"":""1""}"
null,0571a8e1-a36a-4922-85a2-f91a527d5036,2024-09-28,1727528597753,200,5,"{""dataframe_split"": {""index"": [28520, 28521, 28522, 28523, 28524, 28525, 28526, 28527, 28528, 28529], ""columns"": [""index"", ""HighBP"", ""HighChol"", ""CholCheck"", ""BMI"", ""Smoker"", ""Stroke"", ""HeartDiseaseorAttack"", ""PhysActivity"", ""Fruits"", ""Veggies"", ""HvyAlcoholConsump"", ""AnyHealthcare"", ""NoDocbcCost"", ""GenHlth"", ""MentHlth"", ""PhysHlth"", ""DiffWalk"", ""Sex"", ""Age"", ""Education"", ""Income"", ""id""], ""data"": [[68269, 0.0, 1.0, 1.0, 35.0, 1.0, 0.0, 0.0, 0.0, 1.0, 1.0, 0.0, 0.0, 0.0, 5.0, 15.0, 0.0, 0.0, 1.0, 10.0, 2.0, 2.0, 68269], [68273, 1.0, 0.0, 1.0, 33.0, 0.0, 0.0, 0.0, 1.0, 1.0, 1.0, 0.0, 1.0, 0.0, 3.0, 0.0, 0.0, 0.0, 1.0, 11.0, 4.0, 2.0, 68273], [68274, 1.0, 0.0, 1.0, 38.0, 1.0, 0.0, 1.0, 1.0, 0.0, 0.0, 0.0, 1.0, 0.0, 3.0, 0.0, 30.0, 1.0, 1.0, 11.0, 5.0, 3.0, 68274], [68276, 1.0, 1.0, 1.0, 26.0, 1.0, 0.0, 0.0, 1.0, 1.0, 1.0, 0.0, 1.0, 0.0, 3.0, 0.0, 0.0, 0.0, 0.0, 11.0, 6.0, 8.0, 68276], [68280, 1.0, 0.0, 1.0, 23.0, 1.0, 0.0, 1.0, 1.0, 0.0, 1.0, 0.0, 1.0, 0.0, 3.0, 3.0, 30.0, 0.0, 1.0, 13.0, 4.0, 6.0, 68280], [68281, 0.0, 1.0, 1.0, 37.0, 1.0, 0.0, 0.0, 1.0, 0.0, 1.0, 0.0, 1.0, 0.0, 3.0, 3.0, 0.0, 0.0, 1.0, 10.0, 5.0, 6.0, 68281], [68282, 1.0, 1.0, 1.0, 40.0, 1.0, 0.0, 1.0, 1.0, 0.0, 1.0, 0.0, 1.0, 0.0, 4.0, 0.0, 0.0, 1.0, 1.0, 13.0, 6.0, 8.0, 68282], [68286, 0.0, 0.0, 1.0, 28.0, 1.0, 1.0, 1.0, 1.0, 1.0, 1.0, 0.0, 1.0, 0.0, 4.0, 5.0, 3.0, 1.0, 1.0, 13.0, 5.0, 8.0, 68286], [68293, 1.0, 1.0, 1.0, 30.0, 1.0, 0.0, 0.0, 1.0, 1.0, 1.0, 0.0, 1.0, 0.0, 3.0, 0.0, 2.0, 0.0, 1.0, 10.0, 5.0, 3.0, 68293], [68294, 1.0, 1.0, 1.0, 24.0, 1.0, 0.0, 0.0, 1.0, 1.0, 1.0, 0.0, 1.0, 0.0, 3.0, 2.0, 2.0, 0.0, 0.0, 11.0, 6.0, 8.0, 68294]]}}","{""predictions"": [1.0, 1.0, 1.0, 1.0, 1.0, 1.0, 1.0, 0.0, 1.0, 1.0]}",1,"{""model_name"":""demo_faddadbfcefc_model_monitor.ws_3551974319838082.diabetes_mo"",""endpoint_name"":""anupriya-malik-databricks-com_ML_AS04_Demo_3b"",""model_version"":""1""}"
null,418729b2-7a87-46b8-93f8-58d3fc4629c5,2024-09-28,1727528597782,200,5,"{""dataframe_split"": {""index"": [28530, 28531, 28532, 28533, 28534, 28535, 28536, 28537, 28538, 28539], ""columns"": [""index"", ""HighBP"", ""HighChol"", ""CholCheck"", ""BMI"", ""Smoker"", ""Stroke"", ""HeartDiseaseorAttack"", ""PhysActivity"", ""Fruits"", ""Veggies"", ""HvyAlcoholConsump"", ""AnyHealthcare"", ""NoDocbcCost"", ""GenHlth"", ""MentHlth"", ""PhysHlth"", ""DiffWalk"", ""Sex"", ""Age"", ""Education"", ""Income"", ""id""], ""data"": [[68296, 0.0, 0.0, 1.0, 34.0, 1.0, 1.0, 0.0, 1.0, 0.0, 1.0, 0.0, 1.0, 0.0, 3.0, 0.0, 0.0, 1.0, 1.0, 11.0, 6.0, 7.0, 68296], [68298, 0.0, 1.0, 1.0, 35.0, 1.0, 0.0, 0.0, 0.0, 0.0, 1.0, 0.0, 1.0, 0.0, 4.0, 10.0, 30.0, 1.0, 0.0, 10.0, 6.0, 3.0, 68298], [68300, 1.0, 0.0, 1.0, 23.0, 0.0, 0.0, 0.0, 1.0, 1.0, 1.0, 0.0, 1.0, 0.0, 2.0, 0.0, 0.0, 0.0, 0.0, 11.0, 5.0, 3.0, 68300], [68301, 1.0, 1.0, 1.0, 39.0, 1.0, 0.0, 0.0, 0.0, 1.0, 1.0, 0.0, 1.0, 0.0, 3.0, 0.0, 4.0, 1.0, 0.0, 10.0, 6.0, 4.0, 68301], [68308, 1.0, 0.0, 1.0, 33.0, 0.0, 0.0, 0.0, 0.0, 1.0, 1.0, 0.0, 1.0, 0.0, 2.0, 0.0, 0.0, 0.0, 0.0, 13.0, 5.0, 5.0, 68308], [68311, 1.0, 0.0, 1.0, 46.0, 1.0, 0.0, 0.0, 0.0, 0.0, 1.0, 0.0, 1.0, 0.0, 4.0, 1.0, 7.0, 1.0, 0.0, 11.0, 5.0, 5.0, 68311], [68316, 1.0, 1.0, 1.0, 28.0, 0.0, 0.0, 1.0, 1.0, 0.0, 1.0, 0.0, 1.0, 0.0, 4.0, 3.0, 0.0, 1.0, 1.0, 10.0, 4.0, 5.0, 68316], [68318, 1.0, 1.0, 1.0, 33.0, 0.0, 0.0, 0.0, 0.0, 0.0, 0.0, 0.0, 1.0, 0.0, 4.0, 20.0, 25.0, 1.0, 0.0, 11.0, 4.0, 5.0, 68318], [68319, 1.0, 1.0, 1.0, 29.0, 1.0, 0.0, 1.0, 1.0, 1.0, 1.0, 0.0, 1.0, 0.0, 4.0, 0.0, 30.0, 0.0, 1.0, 10.0, 5.0, 7.0, 68319], [68321, 1.0, 0.0, 1.0, 26.0, 1.0, 0.0, 0.0, 1.0, 0.0, 1.0, 0.0, 1.0, 0.0, 2.0, 0.0, 0.0, 0.0, 1.0, 10.0, 4.0, 6.0, 68321]]}}","{""predictions"": [1.0, 1.0, 0.0, 1.0, 1.0, 1.0, 0.0, 1.0, 1.0, 1.0]}",1,"{""model_name"":""demo_faddadbfcefc_model_monitor.ws_3551974319838082.diabetes_mo"",""endpoint_name"":""anupriya-malik-databricks-com_ML_AS04_Demo_3b"",""model_version"":""1""}"
null,628851ad-f0ce-4cc2-98fd-0b7e8a0ed2e3,2024-09-28,1727528598015,200,5,"{""dataframe_split"": {""index"": [28610, 28611, 28612, 28613, 28614, 28615, 28616, 28617, 28618, 28619], ""columns"": [""index"", ""HighBP"", ""HighChol"", ""CholCheck"", ""BMI"", ""Smoker"", ""Stroke"", ""HeartDiseaseorAttack"", ""PhysActivity"", ""Fruits"", ""Veggies"", ""HvyAlcoholConsump"", ""AnyHealthcare"", ""NoDocbcCost"", ""GenHlth"", ""MentHlth"", ""PhysHlth"", ""DiffWalk"", ""Sex"", ""Age"", ""Education"", ""Income"", ""id""], ""data"": [[68467, 1.0, 0.0, 1.0, 27.0, 1.0, 0.0, 0.0, 1.0, 0.0, 1.0, 0.0, 1.0, 0.0, 3.0, 0.0, 0.0, 0.0, 1.0, 10.0, 5.0, 7.0, 68467], [68468, 1.0, 0.0, 1.0, 37.0, 1.0, 0.0, 0.0, 1.0, 1.0, 0.0, 0.0, 1.0, 0.0, 2.0, 3.0, 2.0, 0.0, 0.0, 12.0, 4.0, 6.0, 68468], [68469, 0.0, 1.0, 1.0, 29.0, 0.0, 0.0, 1.0, 1.0, 1.0, 1.0, 0.0, 1.0, 0.0, 1.0, 0.0, 0.0, 0.0, 1.0, 11.0, 4.0, 8.0, 68469], [68470, 1.0, 1.0, 1.0, 36.0, 1.0, 0.0, 0.0, 1.0, 1.0, 1.0, 0.0, 1.0, 0.0, 3.0, 0.0, 0.0, 0.0, 1.0, 10.0, 5.0, 8.0, 68470], [68471, 1.0, 1.0, 1.0, 32.0, 0.0, 0.0, 0.0, 0.0, 0.0, 1.0, 0.0, 1.0, 0.0, 4.0, 7.0, 30.0, 1.0, 0.0, 10.0, 4.0, 5.0, 68471], [68474, 1.0, 1.0, 1.0, 38.0, 0.0, 1.0, 1.0, 1.0, 0.0, 1.0, 0.0, 1.0, 0.0, 4.0, 1.0, 15.0, 1.0, 0.0, 10.0, 6.0, 5.0, 68474], [68476, 1.0, 1.0, 1.0, 30.0, 1.0, 0.0, 1.0, 1.0, 0.0, 1.0, 0.0, 1.0, 0.0, 3.0, 5.0, 2.0, 0.0, 1.0, 11.0, 4.0, 6.0, 68476], [68478, 1.0, 1.0, 1.0, 37.0, 0.0, 0.0, 0.0, 1.0, 1.0, 1.0, 0.0, 1.0, 0.0, 3.0, 0.0, 20.0, 1.0, 0.0, 10.0, 4.0, 6.0, 68478], [68479, 1.0, 1.0, 1.0, 26.0, 0.0, 0.0, 1.0, 1.0, 0.0, 1.0, 0.0, 1.0, 0.0, 4.0, 0.0, 14.0, 0.0, 0.0, 13.0, 4.0, 2.0, 68479], [68482, 1.0, 0.0, 1.0, 38.0, 1.0, 0.0, 1.0, 1.0, 1.0, 0.0, 0.0, 1.0, 0.0, 5.0, 0.0, 25.0, 1.0, 0.0, 11.0, 4.0, 3.0, 68482]]}}","{""predictions"": [0.0, 0.0, 1.0, 1.0, 1.0, 1.0, 1.0, 0.0, 1.0, 1.0]}",1,"{""model_name"":""demo_faddadbfcefc_model_monitor.ws_3551974319838082.diabetes_mo"",""endpoint_name"":""anupriya-malik-databricks-com_ML_AS04_Demo_3b"",""model_version"":""1""}"
null,7f56b889-bc2c-43d7-90f4-5f57b92e6f36,2024-09-28,1727528598045,200,5,"{""dataframe_split"": {""index"": [28620, 28621, 28622, 28623, 28624, 28625, 28626, 28627, 28628, 28629], ""columns"": [""index"", ""HighBP"", ""HighChol"", ""CholCheck"", ""BMI"", ""Smoker"", ""Stroke"", ""HeartDiseaseorAttack"", ""PhysActivity"", ""Fruits"", ""Veggies"", ""HvyAlcoholConsump"", ""AnyHealthcare"", ""NoDocbcCost"", ""GenHlth"", ""MentHlth"", ""PhysHlth"", ""DiffWalk"", ""Sex"", ""Age"", ""Education"", ""Income"", ""id""], ""data"": [[68483, 1.0, 0.0, 1.0, 30.0, 1.0, 0.0, 0.0, 0.0, 1.0, 1.0, 0.0, 1.0, 0.0, 4.0, 0.0, 30.0, 1.0, 1.0, 11.0, 5.0, 8.0, 68483], [68484, 0.0, 1.0, 1.0, 30.0, 0.0, 0.0, 0.0, 0.0, 0.0, 1.0, 0.0, 1.0, 1.0, 5.0, 30.0, 30.0, 1.0, 0.0, 10.0, 5.0, 4.0, 68484], [68486, 1.0, 1.0, 1.0, 24.0, 1.0, 0.0, 1.0, 1.0, 0.0, 1.0, 0.0, 1.0, 1.0, 5.0, 0.0, 30.0, 0.0, 1.0, 11.0, 5.0, 6.0, 68486], [68488, 1.0, 0.0, 1.0, 28.0, 1.0, 0.0, 1.0, 1.0, 1.0, 1.0, 0.0, 1.0, 0.0, 4.0, 0.0, 2.0, 0.0, 1.0, 12.0, 2.0, 3.0, 68488], [68489, 0.0, 1.0, 1.0, 44.0, 1.0, 0.0, 0.0, 0.0, 0.0, 1.0, 0.0, 1.0, 0.0, 5.0, 15.0, 30.0, 1.0, 1.0, 12.0, 5.0, 5.0, 68489], [68492, 1.0, 1.0, 1.0, 45.0, 1.0, 0.0, 0.0, 0.0, 1.0, 1.0, 0.0, 1.0, 0.0, 5.0, 0.0, 6.0, 0.0, 0.0, 12.0, 4.0, 2.0, 68492], [68495, 1.0, 1.0, 1.0, 34.0, 1.0, 0.0, 1.0, 0.0, 0.0, 1.0, 0.0, 1.0, 0.0, 5.0, 30.0, 30.0, 1.0, 0.0, 11.0, 3.0, 2.0, 68495], [68496, 1.0, 1.0, 1.0, 28.0, 0.0, 0.0, 0.0, 0.0, 1.0, 1.0, 0.0, 1.0, 0.0, 4.0, 2.0, 0.0, 0.0, 0.0, 12.0, 4.0, 4.0, 68496], [68498, 0.0, 1.0, 1.0, 33.0, 1.0, 0.0, 0.0, 0.0, 1.0, 0.0, 0.0, 1.0, 0.0, 4.0, 14.0, 14.0, 1.0, 0.0, 11.0, 5.0, 5.0, 68498], [68502, 0.0, 1.0, 1.0, 26.0, 1.0, 0.0, 0.0, 1.0, 0.0, 1.0, 0.0, 1.0, 0.0, 3.0, 0.0, 2.0, 0.0, 1.0, 13.0, 4.0, 6.0, 68502]]}}","{""predictions"": [1.0, 0.0, 0.0, 1.0, 1.0, 1.0, 1.0, 1.0, 1.0, 1.0]}",1,"{""model_name"":""demo_faddadbfcefc_model_monitor.ws_3551974319838082.diabetes_mo"",""endpoint_name"":""anupriya-malik-databricks-com_ML_AS04_Demo_3b"",""model_version"":""1""}"
null,e81a19fd-eda7-4b34-ac87-2c408af70bac,2024-09-28,1727528598074,200,5,"{""dataframe_split"": {""index"": [28630, 28631, 28632, 28633, 28634, 28635, 28636, 28637, 28638, 28639], ""columns"": [""index"", ""HighBP"", ""HighChol"", ""CholCheck"", ""BMI"", ""Smoker"", ""Stroke"", ""HeartDiseaseorAttack"", ""PhysActivity"", ""Fruits"", ""Veggies"", ""HvyAlcoholConsump"", ""AnyHealthcare"", ""NoDocbcCost"", ""GenHlth"", ""MentHlth"", ""PhysHlth"", ""DiffWalk"", ""Sex"", ""Age"", ""Education"", ""Income"", ""id""], ""data"": [[68507, 1.0, 0.0, 1.0, 22.0, 1.0, 0.0, 1.0, 1.0, 1.0, 1.0, 0.0, 1.0, 0.0, 5.0, 0.0, 30.0, 1.0, 0.0, 13.0, 6.0, 5.0, 68507], [68509, 1.0, 1.0, 1.0, 39.0, 0.0, 0.0, 0.0, 0.0, 1.0, 1.0, 0.0, 1.0, 0.0, 5.0, 8.0, 14.0, 1.0, 0.0, 11.0, 3.0, 3.0, 68509], [68510, 0.0, 0.0, 1.0, 26.0, 0.0, 1.0, 0.0, 1.0, 1.0, 1.0, 0.0, 1.0, 0.0, 2.0, 0.0, 0.0, 0.0, 1.0, 13.0, 6.0, 7.0, 68510], [68511, 1.0, 1.0, 1.0, 35.0, 1.0, 0.0, 1.0, 1.0, 1.0, 1.0, 0.0, 1.0, 0.0, 4.0, 0.0, 0.0, 1.0, 0.0, 13.0, 5.0, 5.0, 68511], [68512, 1.0, 1.0, 1.0, 22.0, 1.0, 0.0, 1.0, 0.0, 0.0, 1.0, 0.0, 1.0, 0.0, 5.0, 25.0, 30.0, 1.0, 0.0, 10.0, 4.0, 7.0, 68512], [68516, 1.0, 1.0, 1.0, 22.0, 1.0, 1.0, 0.0, 1.0, 0.0, 1.0, 0.0, 1.0, 0.0, 2.0, 0.0, 0.0, 0.0, 1.0, 12.0, 5.0, 2.0, 68516], [68517, 1.0, 1.0, 1.0, 27.0, 0.0, 0.0, 0.0, 1.0, 1.0, 1.0, 0.0, 1.0, 0.0, 4.0, 0.0, 0.0, 0.0, 0.0, 11.0, 4.0, 3.0, 68517], [68519, 1.0, 1.0, 1.0, 31.0, 0.0, 0.0, 1.0, 1.0, 1.0, 1.0, 0.0, 1.0, 0.0, 1.0, 0.0, 0.0, 0.0, 0.0, 11.0, 5.0, 8.0, 68519], [68521, 0.0, 1.0, 1.0, 21.0, 0.0, 0.0, 0.0, 1.0, 1.0, 1.0, 0.0, 1.0, 0.0, 2.0, 0.0, 0.0, 0.0, 0.0, 13.0, 4.0, 5.0, 68521], [68522, 1.0, 0.0, 1.0, 25.0, 1.0, 0.0, 0.0, 0.0, 0.0, 0.0, 0.0, 1.0, 0.0, 1.0, 0.0, 0.0, 0.0, 0.0, 12.0, 2.0, 2.0, 68522]]}}","{""predictions"": [1.0, 1.0, 0.0, 1.0, 0.0, 1.0, 1.0, 0.0, 0.0, 0.0]}",1,"{""model_name"":""demo_faddadbfcefc_model_monitor.ws_3551974319838082.diabetes_mo"",""endpoint_name"":""anupriya-malik-databricks-com_ML_AS04_Demo_3b"",""model_version"":""1""}"
null,7904b7a2-7c4d-496b-b399-677c4577c204,2024-09-28,1727528598161,200,5,"{""dataframe_split"": {""index"": [28660, 28661, 28662, 28663, 28664, 28665, 28666, 28667, 28668, 28669], ""columns"": [""index"", ""HighBP"", ""HighChol"", ""CholCheck"", ""BMI"", ""Smoker"", ""Stroke"", ""HeartDiseaseorAttack"", ""PhysActivity"", ""Fruits"", ""Veggies"", ""HvyAlcoholConsump"", ""AnyHealthcare"", ""NoDocbcCost"", ""GenHlth"", ""MentHlth"", ""PhysHlth"", ""DiffWalk"", ""Sex"", ""Age"", ""Education"", ""Income"", ""id""], ""data"": [[68563, 1.0, 0.0, 1.0, 46.0, 0.0, 0.0, 0.0, 1.0, 1.0, 1.0, 0.0, 1.0, 0.0, 3.0, 0.0, 3.0, 1.0, 0.0, 10.0, 4.0, 2.0, 68563], [68566, 1.0, 0.0, 1.0, 23.0, 0.0, 0.0, 1.0, 1.0, 0.0, 0.0, 0.0, 1.0, 1.0, 3.0, 2.0, 2.0, 1.0, 1.0, 11.0, 2.0, 2.0, 68566], [68569, 1.0, 0.0, 1.0, 32.0, 1.0, 0.0, 0.0, 0.0, 0.0, 0.0, 0.0, 1.0, 0.0, 3.0, 12.0, 25.0, 1.0, 1.0, 10.0, 5.0, 6.0, 68569], [68571, 1.0, 0.0, 1.0, 30.0, 1.0, 0.0, 0.0, 1.0, 1.0, 1.0, 0.0, 1.0, 0.0, 2.0, 0.0, 0.0, 0.0, 0.0, 11.0, 6.0, 6.0, 68571], [68572, 0.0, 0.0, 1.0, 34.0, 1.0, 0.0, 0.0, 1.0, 0.0, 0.0, 0.0, 1.0, 0.0, 2.0, 0.0, 0.0, 0.0, 1.0, 11.0, 4.0, 6.0, 68572], [68574, 1.0, 1.0, 1.0, 30.0, 1.0, 0.0, 0.0, 1.0, 0.0, 0.0, 0.0, 1.0, 0.0, 5.0, 30.0, 0.0, 0.0, 1.0, 10.0, 6.0, 8.0, 68574], [68575, 1.0, 1.0, 1.0, 29.0, 1.0, 0.0, 0.0, 1.0, 0.0, 0.0, 0.0, 1.0, 0.0, 4.0, 2.0, 10.0, 1.0, 1.0, 13.0, 4.0, 4.0, 68575], [68576, 1.0, 0.0, 1.0, 23.0, 1.0, 0.0, 0.0, 1.0, 1.0, 1.0, 0.0, 1.0, 0.0, 5.0, 15.0, 25.0, 0.0, 0.0, 11.0, 6.0, 5.0, 68576], [68577, 1.0, 0.0, 1.0, 23.0, 1.0, 1.0, 1.0, 1.0, 0.0, 0.0, 0.0, 1.0, 0.0, 3.0, 0.0, 4.0, 1.0, 1.0, 11.0, 5.0, 6.0, 68577], [68578, 0.0, 1.0, 1.0, 24.0, 1.0, 0.0, 0.0, 1.0, 1.0, 1.0, 0.0, 1.0, 0.0, 1.0, 0.0, 1.0, 0.0, 0.0, 10.0, 6.0, 7.0, 68578]]}}","{""predictions"": [1.0, 0.0, 0.0, 0.0, 1.0, 0.0, 1.0, 0.0, 0.0, 0.0]}",1,"{""model_name"":""demo_faddadbfcefc_model_monitor.ws_3551974319838082.diabetes_mo"",""endpoint_name"":""anupriya-malik-databricks-com_ML_AS04_Demo_3b"",""model_version"":""1""}"
null,21a82853-a95f-43c6-ae77-266567c0769d,2024-09-28,1727528598505,200,5,"{""dataframe_split"": {""index"": [28770, 28771, 28772, 28773, 28774, 28775, 28776, 28777, 28778, 28779], ""columns"": [""index"", ""HighBP"", ""HighChol"", ""CholCheck"", ""BMI"", ""Smoker"", ""Stroke"", ""HeartDiseaseorAttack"", ""PhysActivity"", ""Fruits"", ""Veggies"", ""HvyAlcoholConsump"", ""AnyHealthcare"", ""NoDocbcCost"", ""GenHlth"", ""MentHlth"", ""PhysHlth"", ""DiffWalk"", ""Sex"", ""Age"", ""Education"", ""Income"", ""id""], ""data"": [[68792, 1.0, 1.0, 1.0, 24.0, 1.0, 0.0, 0.0, 0.0, 0.0, 0.0, 0.0, 1.0, 0.0, 5.0, 0.0, 30.0, 0.0, 0.0, 10.0, 3.0, 2.0, 68792], [68794, 1.0, 0.0, 1.0, 30.0, 1.0, 0.0, 0.0, 1.0, 0.0, 1.0, 0.0, 1.0, 0.0, 3.0, 0.0, 7.0, 1.0, 1.0, 13.0, 5.0, 4.0, 68794], [68804, 0.0, 1.0, 1.0, 28.0, 0.0, 0.0, 0.0, 1.0, 1.0, 0.0, 0.0, 1.0, 0.0, 2.0, 0.0, 1.0, 0.0, 0.0, 11.0, 6.0, 7.0, 68804], [68805, 1.0, 1.0, 1.0, 27.0, 0.0, 1.0, 0.0, 1.0, 1.0, 1.0, 0.0, 1.0, 0.0, 4.0, 0.0, 0.0, 1.0, 0.0, 10.0, 4.0, 2.0, 68805], [68806, 1.0, 1.0, 1.0, 24.0, 1.0, 1.0, 1.0, 1.0, 1.0, 1.0, 0.0, 1.0, 0.0, 4.0, 20.0, 10.0, 1.0, 1.0, 10.0, 5.0, 7.0, 68806], [68808, 1.0, 1.0, 1.0, 23.0, 0.0, 0.0, 0.0, 1.0, 1.0, 1.0, 0.0, 1.0, 0.0, 5.0, 10.0, 27.0, 1.0, 0.0, 10.0, 5.0, 1.0, 68808], [68810, 1.0, 1.0, 1.0, 30.0, 1.0, 0.0, 0.0, 1.0, 0.0, 1.0, 0.0, 1.0, 1.0, 4.0, 2.0, 20.0, 0.0, 1.0, 11.0, 4.0, 2.0, 68810], [68811, 1.0, 1.0, 1.0, 37.0, 1.0, 0.0, 0.0, 1.0, 1.0, 1.0, 0.0, 1.0, 0.0, 4.0, 0.0, 0.0, 1.0, 1.0, 11.0, 4.0, 7.0, 68811], [68814, 1.0, 1.0, 1.0, 29.0, 0.0, 0.0, 0.0, 0.0, 0.0, 0.0, 0.0, 1.0, 1.0, 4.0, 0.0, 30.0, 0.0, 0.0, 11.0, 4.0, 6.0, 68814], [68819, 0.0, 1.0, 1.0, 30.0, 0.0, 0.0, 1.0, 1.0, 1.0, 1.0, 0.0, 1.0, 0.0, 3.0, 0.0, 0.0, 1.0, 0.0, 11.0, 5.0, 5.0, 68819]]}}","{""predictions"": [1.0, 0.0, 0.0, 1.0, 1.0, 1.0, 1.0, 1.0, 1.0, 1.0]}",1,"{""model_name"":""demo_faddadbfcefc_model_monitor.ws_3551974319838082.diabetes_mo"",""endpoint_name"":""anupriya-malik-databricks-com_ML_AS04_Demo_3b"",""model_version"":""1""}"
null,61e4b1f1-167b-4122-89e6-daad6208f6b5,2024-09-28,1727528598538,200,5,"{""dataframe_split"": {""index"": [28780, 28781, 28782, 28783, 28784, 28785, 28786, 28787, 28788, 28789], ""columns"": [""index"", ""HighBP"", ""HighChol"", ""CholCheck"", ""BMI"", ""Smoker"", ""Stroke"", ""HeartDiseaseorAttack"", ""PhysActivity"", ""Fruits"", ""Veggies"", ""HvyAlcoholConsump"", ""AnyHealthcare"", ""NoDocbcCost"", ""GenHlth"", ""MentHlth"", ""PhysHlth"", ""DiffWalk"", ""Sex"", ""Age"", ""Education"", ""Income"", ""id""], ""data"": [[68822, 1.0, 0.0, 1.0, 33.0, 1.0, 0.0, 1.0, 0.0, 0.0, 0.0, 0.0, 1.0, 1.0, 5.0, 30.0, 0.0, 1.0, 1.0, 10.0, 4.0, 2.0, 68822], [68824, 1.0, 0.0, 1.0, 32.0, 0.0, 0.0, 0.0, 1.0, 1.0, 1.0, 0.0, 1.0, 0.0, 5.0, 0.0, 20.0, 0.0, 0.0, 12.0, 4.0, 2.0, 68824], [68826, 1.0, 1.0, 1.0, 25.0, 1.0, 0.0, 1.0, 1.0, 1.0, 1.0, 0.0, 1.0, 0.0, 3.0, 0.0, 30.0, 0.0, 1.0, 10.0, 5.0, 5.0, 68826], [68833, 1.0, 0.0, 1.0, 32.0, 0.0, 0.0, 0.0, 1.0, 1.0, 1.0, 0.0, 1.0, 0.0, 2.0, 0.0, 0.0, 0.0, 0.0, 10.0, 5.0, 7.0, 68833], [68838, 1.0, 0.0, 1.0, 24.0, 1.0, 0.0, 0.0, 1.0, 1.0, 1.0, 0.0, 1.0, 0.0, 2.0, 0.0, 0.0, 0.0, 1.0, 10.0, 6.0, 7.0, 68838], [68847, 1.0, 0.0, 1.0, 36.0, 0.0, 0.0, 0.0, 1.0, 0.0, 1.0, 0.0, 1.0, 0.0, 3.0, 0.0, 0.0, 0.0, 0.0, 10.0, 4.0, 4.0, 68847], [68848, 0.0, 0.0, 1.0, 31.0, 0.0, 0.0, 0.0, 1.0, 0.0, 1.0, 0.0, 1.0, 0.0, 2.0, 0.0, 0.0, 1.0, 0.0, 10.0, 5.0, 7.0, 68848], [68851, 1.0, 0.0, 1.0, 33.0, 0.0, 0.0, 1.0, 1.0, 1.0, 1.0, 0.0, 1.0, 0.0, 3.0, 10.0, 14.0, 0.0, 1.0, 11.0, 6.0, 6.0, 68851], [68852, 0.0, 0.0, 1.0, 29.0, 1.0, 0.0, 0.0, 1.0, 1.0, 1.0, 0.0, 1.0, 0.0, 3.0, 0.0, 2.0, 0.0, 1.0, 10.0, 4.0, 6.0, 68852], [68854, 1.0, 1.0, 1.0, 28.0, 1.0, 1.0, 1.0, 0.0, 0.0, 1.0, 0.0, 1.0, 0.0, 5.0, 30.0, 30.0, 1.0, 0.0, 10.0, 4.0, 5.0, 68854]]}}","{""predictions"": [0.0, 1.0, 1.0, 1.0, 0.0, 1.0, 0.0, 1.0, 0.0, 1.0]}",1,"{""model_name"":""demo_faddadbfcefc_model_monitor.ws_3551974319838082.diabetes_mo"",""endpoint_name"":""anupriya-malik-databricks-com_ML_AS04_Demo_3b"",""model_version"":""1""}"
null,25a32929-f46a-419e-a275-ef5ff0804fff,2024-09-28,1727528598637,200,5,"{""dataframe_split"": {""index"": [28810, 28811, 28812, 28813, 28814, 28815, 28816, 28817, 28818, 28819], ""columns"": [""index"", ""HighBP"", ""HighChol"", ""CholCheck"", ""BMI"", ""Smoker"", ""Stroke"", ""HeartDiseaseorAttack"", ""PhysActivity"", ""Fruits"", ""Veggies"", ""HvyAlcoholConsump"", ""AnyHealthcare"", ""NoDocbcCost"", ""GenHlth"", ""MentHlth"", ""PhysHlth"", ""DiffWalk"", ""Sex"", ""Age"", ""Education"", ""Income"", ""id""], ""data"": [[68921, 1.0, 1.0, 1.0, 32.0, 1.0, 0.0, 1.0, 0.0, 1.0, 1.0, 0.0, 1.0, 0.0, 2.0, 0.0, 0.0, 0.0, 1.0, 13.0, 5.0, 4.0, 68921], [68925, 0.0, 0.0, 1.0, 31.0, 0.0, 1.0, 0.0, 1.0, 0.0, 0.0, 0.0, 1.0, 0.0, 2.0, 0.0, 0.0, 0.0, 1.0, 11.0, 6.0, 7.0, 68925], [68926, 0.0, 0.0, 1.0, 28.0, 0.0, 0.0, 0.0, 1.0, 1.0, 1.0, 0.0, 1.0, 0.0, 1.0, 0.0, 0.0, 0.0, 1.0, 12.0, 6.0, 8.0, 68926], [68930, 1.0, 1.0, 1.0, 31.0, 1.0, 0.0, 0.0, 1.0, 1.0, 1.0, 0.0, 1.0, 0.0, 4.0, 25.0, 30.0, 1.0, 1.0, 11.0, 5.0, 6.0, 68930], [68936, 1.0, 0.0, 1.0, 36.0, 0.0, 0.0, 0.0, 1.0, 1.0, 1.0, 0.0, 1.0, 0.0, 2.0, 0.0, 0.0, 0.0, 0.0, 10.0, 5.0, 7.0, 68936], [68942, 1.0, 1.0, 1.0, 25.0, 0.0, 0.0, 0.0, 0.0, 0.0, 0.0, 0.0, 1.0, 0.0, 1.0, 0.0, 0.0, 0.0, 0.0, 13.0, 4.0, 1.0, 68942], [68943, 1.0, 0.0, 1.0, 31.0, 0.0, 0.0, 1.0, 0.0, 0.0, 1.0, 0.0, 1.0, 0.0, 4.0, 10.0, 30.0, 1.0, 0.0, 13.0, 6.0, 5.0, 68943], [68944, 1.0, 0.0, 1.0, 25.0, 1.0, 0.0, 0.0, 0.0, 0.0, 0.0, 0.0, 1.0, 1.0, 4.0, 0.0, 1.0, 0.0, 1.0, 11.0, 3.0, 4.0, 68944], [68946, 1.0, 0.0, 1.0, 32.0, 0.0, 0.0, 0.0, 0.0, 1.0, 1.0, 0.0, 1.0, 0.0, 4.0, 0.0, 16.0, 1.0, 0.0, 12.0, 3.0, 2.0, 68946], [68950, 0.0, 0.0, 1.0, 30.0, 1.0, 0.0, 0.0, 0.0, 0.0, 1.0, 0.0, 1.0, 0.0, 4.0, 0.0, 30.0, 0.0, 1.0, 10.0, 4.0, 5.0, 68950]]}}","{""predictions"": [1.0, 1.0, 0.0, 1.0, 1.0, 0.0, 0.0, 0.0, 1.0, 0.0]}",1,"{""model_name"":""demo_faddadbfcefc_model_monitor.ws_3551974319838082.diabetes_mo"",""endpoint_name"":""anupriya-malik-databricks-com_ML_AS04_Demo_3b"",""model_version"":""1""}"
null,9c5e0836-0d5a-4112-b5cb-89c97dea38b5,2024-09-28,1727528599086,200,5,"{""dataframe_split"": {""index"": [28960, 28961, 28962, 28963, 28964, 28965, 28966, 28967, 28968, 28969], ""columns"": [""index"", ""HighBP"", ""HighChol"", ""CholCheck"", ""BMI"", ""Smoker"", ""Stroke"", ""HeartDiseaseorAttack"", ""PhysActivity"", ""Fruits"", ""Veggies"", ""HvyAlcoholConsump"", ""AnyHealthcare"", ""NoDocbcCost"", ""GenHlth"", ""MentHlth"", ""PhysHlth"", ""DiffWalk"", ""Sex"", ""Age"", ""Education"", ""Income"", ""id""], ""data"": [[69170, 1.0, 1.0, 1.0, 44.0, 1.0, 0.0, 0.0, 0.0, 1.0, 1.0, 1.0, 1.0, 0.0, 5.0, 30.0, 30.0, 1.0, 1.0, 10.0, 4.0, 7.0, 69170], [69171, 1.0, 1.0, 1.0, 25.0, 1.0, 0.0, 1.0, 0.0, 1.0, 1.0, 0.0, 1.0, 0.0, 3.0, 0.0, 0.0, 0.0, 1.0, 13.0, 4.0, 2.0, 69171], [69172, 1.0, 1.0, 1.0, 31.0, 1.0, 0.0, 0.0, 1.0, 1.0, 1.0, 0.0, 1.0, 0.0, 4.0, 0.0, 2.0, 1.0, 0.0, 12.0, 4.0, 6.0, 69172], [69174, 1.0, 1.0, 1.0, 28.0, 1.0, 0.0, 0.0, 1.0, 0.0, 1.0, 0.0, 1.0, 0.0, 4.0, 10.0, 30.0, 0.0, 1.0, 12.0, 2.0, 3.0, 69174], [69175, 1.0, 0.0, 1.0, 30.0, 1.0, 0.0, 0.0, 0.0, 1.0, 1.0, 0.0, 1.0, 0.0, 2.0, 0.0, 0.0, 0.0, 1.0, 11.0, 6.0, 8.0, 69175], [69176, 1.0, 1.0, 1.0, 49.0, 1.0, 0.0, 0.0, 1.0, 1.0, 1.0, 0.0, 1.0, 0.0, 3.0, 0.0, 0.0, 0.0, 1.0, 11.0, 6.0, 5.0, 69176], [69177, 1.0, 1.0, 1.0, 27.0, 1.0, 0.0, 1.0, 1.0, 0.0, 0.0, 0.0, 1.0, 0.0, 5.0, 1.0, 15.0, 0.0, 0.0, 10.0, 4.0, 2.0, 69177], [69178, 1.0, 1.0, 1.0, 27.0, 1.0, 1.0, 1.0, 1.0, 0.0, 0.0, 0.0, 1.0, 0.0, 3.0, 0.0, 0.0, 1.0, 1.0, 10.0, 3.0, 2.0, 69178], [69180, 1.0, 0.0, 1.0, 37.0, 1.0, 0.0, 0.0, 1.0, 0.0, 1.0, 1.0, 1.0, 0.0, 2.0, 1.0, 2.0, 0.0, 1.0, 11.0, 6.0, 6.0, 69180], [69181, 1.0, 1.0, 1.0, 33.0, 0.0, 0.0, 0.0, 0.0, 0.0, 1.0, 0.0, 1.0, 1.0, 3.0, 0.0, 2.0, 0.0, 1.0, 10.0, 6.0, 2.0, 69181]]}}","{""predictions"": [0.0, 1.0, 1.0, 1.0, 0.0, 1.0, 1.0, 1.0, 0.0, 1.0]}",1,"{""model_name"":""demo_faddadbfcefc_model_monitor.ws_3551974319838082.diabetes_mo"",""endpoint_name"":""anupriya-malik-databricks-com_ML_AS04_Demo_3b"",""model_version"":""1""}"
null,2514b69e-4e6a-4799-b699-283488cb9053,2024-09-28,1727528599328,200,5,"{""dataframe_split"": {""index"": [29040, 29041, 29042, 29043, 29044, 29045, 29046, 29047, 29048, 29049], ""columns"": [""index"", ""HighBP"", ""HighChol"", ""CholCheck"", ""BMI"", ""Smoker"", ""Stroke"", ""HeartDiseaseorAttack"", ""PhysActivity"", ""Fruits"", ""Veggies"", ""HvyAlcoholConsump"", ""AnyHealthcare"", ""NoDocbcCost"", ""GenHlth"", ""MentHlth"", ""PhysHlth"", ""DiffWalk"", ""Sex"", ""Age"", ""Education"", ""Income"", ""id""], ""data"": [[69342, 1.0, 1.0, 1.0, 37.0, 1.0, 0.0, 0.0, 0.0, 0.0, 1.0, 0.0, 1.0, 0.0, 3.0, 0.0, 0.0, 1.0, 1.0, 10.0, 5.0, 4.0, 69342], [69343, 1.0, 1.0, 1.0, 40.0, 0.0, 0.0, 0.0, 1.0, 0.0, 0.0, 0.0, 1.0, 0.0, 3.0, 0.0, 0.0, 0.0, 0.0, 10.0, 4.0, 3.0, 69343], [69348, 1.0, 1.0, 1.0, 25.0, 1.0, 0.0, 1.0, 1.0, 1.0, 1.0, 0.0, 1.0, 0.0, 3.0, 0.0, 1.0, 0.0, 0.0, 11.0, 6.0, 6.0, 69348], [69350, 1.0, 0.0, 1.0, 43.0, 1.0, 0.0, 1.0, 1.0, 1.0, 1.0, 0.0, 1.0, 0.0, 4.0, 0.0, 11.0, 0.0, 1.0, 11.0, 5.0, 8.0, 69350], [69351, 1.0, 1.0, 1.0, 26.0, 0.0, 0.0, 0.0, 1.0, 1.0, 1.0, 0.0, 1.0, 0.0, 2.0, 0.0, 0.0, 0.0, 1.0, 10.0, 6.0, 8.0, 69351], [69353, 1.0, 1.0, 1.0, 32.0, 0.0, 0.0, 0.0, 0.0, 0.0, 1.0, 0.0, 1.0, 0.0, 3.0, 0.0, 0.0, 0.0, 0.0, 11.0, 4.0, 3.0, 69353], [69358, 1.0, 1.0, 1.0, 29.0, 1.0, 0.0, 0.0, 1.0, 1.0, 1.0, 0.0, 1.0, 0.0, 2.0, 0.0, 0.0, 0.0, 1.0, 10.0, 4.0, 7.0, 69358], [69362, 1.0, 1.0, 1.0, 30.0, 1.0, 0.0, 0.0, 1.0, 1.0, 1.0, 0.0, 1.0, 0.0, 4.0, 0.0, 0.0, 1.0, 1.0, 10.0, 6.0, 5.0, 69362], [69363, 1.0, 1.0, 1.0, 27.0, 1.0, 0.0, 1.0, 1.0, 1.0, 1.0, 0.0, 1.0, 0.0, 3.0, 0.0, 0.0, 0.0, 1.0, 10.0, 4.0, 6.0, 69363], [69367, 1.0, 1.0, 1.0, 35.0, 1.0, 0.0, 0.0, 0.0, 1.0, 1.0, 0.0, 1.0, 0.0, 4.0, 30.0, 30.0, 0.0, 1.0, 12.0, 4.0, 4.0, 69367]]}}","{""predictions"": [1.0, 1.0, 0.0, 1.0, 0.0, 0.0, 1.0, 0.0, 1.0, 1.0]}",1,"{""model_name"":""demo_faddadbfcefc_model_monitor.ws_3551974319838082.diabetes_mo"",""endpoint_name"":""anupriya-malik-databricks-com_ML_AS04_Demo_3b"",""model_version"":""1""}"
null,5afcd12a-56c0-4354-bdde-25e1a34c12b7,2024-09-28,1727528599358,200,5,"{""dataframe_split"": {""index"": [29050, 29051, 29052, 29053, 29054, 29055, 29056, 29057, 29058, 29059], ""columns"": [""index"", ""HighBP"", ""HighChol"", ""CholCheck"", ""BMI"", ""Smoker"", ""Stroke"", ""HeartDiseaseorAttack"", ""PhysActivity"", ""Fruits"", ""Veggies"", ""HvyAlcoholConsump"", ""AnyHealthcare"", ""NoDocbcCost"", ""GenHlth"", ""MentHlth"", ""PhysHlth"", ""DiffWalk"", ""Sex"", ""Age"", ""Education"", ""Income"", ""id""], ""data"": [[69371, 1.0, 1.0, 1.0, 30.0, 0.0, 0.0, 0.0, 1.0, 1.0, 1.0, 0.0, 1.0, 0.0, 4.0, 0.0, 30.0, 0.0, 0.0, 12.0, 5.0, 6.0, 69371], [69373, 1.0, 1.0, 1.0, 25.0, 0.0, 0.0, 0.0, 0.0, 1.0, 0.0, 0.0, 1.0, 0.0, 3.0, 0.0, 0.0, 0.0, 1.0, 10.0, 6.0, 8.0, 69373], [69374, 1.0, 1.0, 1.0, 29.0, 1.0, 0.0, 0.0, 1.0, 0.0, 1.0, 0.0, 1.0, 0.0, 3.0, 0.0, 12.0, 0.0, 1.0, 12.0, 5.0, 7.0, 69374], [69375, 0.0, 0.0, 1.0, 24.0, 0.0, 1.0, 1.0, 0.0, 1.0, 0.0, 0.0, 1.0, 0.0, 3.0, 0.0, 10.0, 1.0, 1.0, 12.0, 4.0, 5.0, 69375], [69376, 1.0, 1.0, 1.0, 29.0, 1.0, 0.0, 1.0, 1.0, 1.0, 1.0, 0.0, 1.0, 1.0, 3.0, 0.0, 0.0, 1.0, 0.0, 10.0, 6.0, 5.0, 69376], [69379, 1.0, 1.0, 1.0, 26.0, 1.0, 1.0, 1.0, 1.0, 0.0, 0.0, 0.0, 1.0, 0.0, 4.0, 30.0, 30.0, 0.0, 1.0, 11.0, 4.0, 3.0, 69379], [69380, 0.0, 1.0, 1.0, 32.0, 0.0, 0.0, 0.0, 1.0, 0.0, 0.0, 0.0, 1.0, 0.0, 3.0, 0.0, 0.0, 0.0, 0.0, 11.0, 5.0, 8.0, 69380], [69381, 1.0, 1.0, 1.0, 47.0, 0.0, 0.0, 0.0, 1.0, 0.0, 0.0, 0.0, 1.0, 1.0, 3.0, 0.0, 7.0, 0.0, 0.0, 10.0, 4.0, 7.0, 69381], [69384, 0.0, 0.0, 1.0, 29.0, 1.0, 0.0, 0.0, 1.0, 1.0, 1.0, 0.0, 1.0, 0.0, 5.0, 0.0, 30.0, 1.0, 1.0, 13.0, 3.0, 8.0, 69384], [69385, 1.0, 0.0, 1.0, 39.0, 0.0, 0.0, 0.0, 1.0, 1.0, 1.0, 0.0, 1.0, 0.0, 3.0, 0.0, 0.0, 1.0, 0.0, 10.0, 4.0, 4.0, 69385]]}}","{""predictions"": [1.0, 1.0, 0.0, 1.0, 1.0, 1.0, 0.0, 1.0, 0.0, 1.0]}",1,"{""model_name"":""demo_faddadbfcefc_model_monitor.ws_3551974319838082.diabetes_mo"",""endpoint_name"":""anupriya-malik-databricks-com_ML_AS04_Demo_3b"",""model_version"":""1""}"
null,97d3514f-bbe7-4944-a585-d29cfdfdb36f,2024-09-28,1727528599418,200,5,"{""dataframe_split"": {""index"": [29070, 29071, 29072, 29073, 29074, 29075, 29076, 29077, 29078, 29079], ""columns"": [""index"", ""HighBP"", ""HighChol"", ""CholCheck"", ""BMI"", ""Smoker"", ""Stroke"", ""HeartDiseaseorAttack"", ""PhysActivity"", ""Fruits"", ""Veggies"", ""HvyAlcoholConsump"", ""AnyHealthcare"", ""NoDocbcCost"", ""GenHlth"", ""MentHlth"", ""PhysHlth"", ""DiffWalk"", ""Sex"", ""Age"", ""Education"", ""Income"", ""id""], ""data"": [[69408, 1.0, 0.0, 1.0, 41.0, 0.0, 1.0, 0.0, 1.0, 1.0, 0.0, 0.0, 1.0, 1.0, 5.0, 0.0, 30.0, 1.0, 1.0, 10.0, 6.0, 2.0, 69408], [69409, 1.0, 1.0, 1.0, 27.0, 1.0, 0.0, 1.0, 1.0, 1.0, 1.0, 0.0, 0.0, 0.0, 4.0, 0.0, 0.0, 0.0, 1.0, 10.0, 3.0, 4.0, 69409], [69410, 1.0, 1.0, 1.0, 29.0, 0.0, 0.0, 0.0, 1.0, 1.0, 1.0, 0.0, 1.0, 0.0, 4.0, 0.0, 4.0, 0.0, 1.0, 11.0, 4.0, 2.0, 69410], [69413, 1.0, 1.0, 1.0, 24.0, 0.0, 0.0, 0.0, 1.0, 1.0, 1.0, 0.0, 1.0, 0.0, 2.0, 10.0, 0.0, 1.0, 0.0, 12.0, 5.0, 7.0, 69413], [69414, 1.0, 1.0, 1.0, 31.0, 1.0, 0.0, 0.0, 1.0, 1.0, 1.0, 0.0, 1.0, 0.0, 5.0, 5.0, 30.0, 1.0, 0.0, 10.0, 5.0, 4.0, 69414], [69415, 1.0, 0.0, 1.0, 33.0, 1.0, 0.0, 1.0, 1.0, 0.0, 1.0, 0.0, 1.0, 0.0, 3.0, 0.0, 0.0, 0.0, 1.0, 11.0, 6.0, 6.0, 69415], [69416, 1.0, 0.0, 1.0, 29.0, 1.0, 1.0, 0.0, 0.0, 1.0, 1.0, 0.0, 1.0, 0.0, 4.0, 0.0, 0.0, 0.0, 1.0, 11.0, 5.0, 6.0, 69416], [69417, 0.0, 1.0, 1.0, 33.0, 1.0, 0.0, 0.0, 1.0, 0.0, 0.0, 0.0, 1.0, 0.0, 5.0, 0.0, 30.0, 1.0, 1.0, 10.0, 4.0, 6.0, 69417], [69418, 1.0, 0.0, 1.0, 27.0, 0.0, 0.0, 0.0, 1.0, 1.0, 1.0, 0.0, 1.0, 0.0, 3.0, 0.0, 13.0, 0.0, 1.0, 13.0, 6.0, 7.0, 69418], [69421, 1.0, 1.0, 1.0, 33.0, 0.0, 0.0, 0.0, 0.0, 1.0, 1.0, 0.0, 1.0, 0.0, 3.0, 0.0, 6.0, 1.0, 0.0, 11.0, 6.0, 6.0, 69421]]}}","{""predictions"": [1.0, 1.0, 1.0, 1.0, 1.0, 0.0, 1.0, 1.0, 0.0, 1.0]}",1,"{""model_name"":""demo_faddadbfcefc_model_monitor.ws_3551974319838082.diabetes_mo"",""endpoint_name"":""anupriya-malik-databricks-com_ML_AS04_Demo_3b"",""model_version"":""1""}"
null,0d6b7ebb-0987-442e-9f66-627dfe862c45,2024-09-28,1727528599688,200,5,"{""dataframe_split"": {""index"": [29160, 29161, 29162, 29163, 29164, 29165, 29166, 29167, 29168, 29169], ""columns"": [""index"", ""HighBP"", ""HighChol"", ""CholCheck"", ""BMI"", ""Smoker"", ""Stroke"", ""HeartDiseaseorAttack"", ""PhysActivity"", ""Fruits"", ""Veggies"", ""HvyAlcoholConsump"", ""AnyHealthcare"", ""NoDocbcCost"", ""GenHlth"", ""MentHlth"", ""PhysHlth"", ""DiffWalk"", ""Sex"", ""Age"", ""Education"", ""Income"", ""id""], ""data"": [[69545, 1.0, 0.0, 1.0, 29.0, 1.0, 0.0, 1.0, 0.0, 0.0, 0.0, 0.0, 1.0, 0.0, 4.0, 0.0, 4.0, 1.0, 0.0, 10.0, 4.0, 3.0, 69545], [69546, 1.0, 1.0, 1.0, 41.0, 0.0, 0.0, 0.0, 0.0, 0.0, 1.0, 1.0, 1.0, 0.0, 3.0, 0.0, 0.0, 1.0, 1.0, 11.0, 6.0, 8.0, 69546], [69549, 1.0, 1.0, 1.0, 22.0, 1.0, 0.0, 1.0, 1.0, 1.0, 1.0, 0.0, 1.0, 0.0, 3.0, 0.0, 1.0, 0.0, 1.0, 13.0, 6.0, 8.0, 69549], [69550, 0.0, 0.0, 1.0, 27.0, 0.0, 0.0, 0.0, 1.0, 1.0, 1.0, 0.0, 1.0, 0.0, 4.0, 1.0, 2.0, 0.0, 1.0, 13.0, 4.0, 7.0, 69550], [69553, 1.0, 1.0, 1.0, 28.0, 0.0, 0.0, 0.0, 0.0, 0.0, 1.0, 0.0, 1.0, 0.0, 1.0, 30.0, 0.0, 0.0, 1.0, 11.0, 5.0, 8.0, 69553], [69554, 1.0, 1.0, 1.0, 35.0, 0.0, 0.0, 0.0, 1.0, 1.0, 1.0, 0.0, 0.0, 0.0, 2.0, 0.0, 0.0, 0.0, 0.0, 10.0, 4.0, 6.0, 69554], [69559, 0.0, 1.0, 1.0, 30.0, 1.0, 0.0, 0.0, 1.0, 0.0, 1.0, 0.0, 1.0, 0.0, 2.0, 0.0, 1.0, 0.0, 1.0, 13.0, 6.0, 6.0, 69559], [69561, 1.0, 1.0, 1.0, 31.0, 1.0, 0.0, 1.0, 0.0, 1.0, 0.0, 0.0, 1.0, 1.0, 5.0, 0.0, 30.0, 1.0, 0.0, 12.0, 5.0, 5.0, 69561], [69566, 1.0, 1.0, 1.0, 30.0, 1.0, 0.0, 0.0, 0.0, 0.0, 1.0, 0.0, 1.0, 0.0, 4.0, 5.0, 10.0, 1.0, 0.0, 12.0, 3.0, 6.0, 69566], [69567, 1.0, 1.0, 1.0, 26.0, 0.0, 0.0, 0.0, 1.0, 1.0, 1.0, 0.0, 1.0, 0.0, 2.0, 1.0, 2.0, 0.0, 0.0, 10.0, 5.0, 6.0, 69567]]}}","{""predictions"": [1.0, 0.0, 1.0, 1.0, 1.0, 0.0, 1.0, 1.0, 1.0, 1.0]}",1,"{""model_name"":""demo_faddadbfcefc_model_monitor.ws_3551974319838082.diabetes_mo"",""endpoint_name"":""anupriya-malik-databricks-com_ML_AS04_Demo_3b"",""model_version"":""1""}"
null,d99e90f6-c2b6-4e17-927d-cd11bb32172a,2024-09-28,1727528600576,200,5,"{""dataframe_split"": {""index"": [29440, 29441, 29442, 29443, 29444, 29445, 29446, 29447, 29448, 29449], ""columns"": [""index"", ""HighBP"", ""HighChol"", ""CholCheck"", ""BMI"", ""Smoker"", ""Stroke"", ""HeartDiseaseorAttack"", ""PhysActivity"", ""Fruits"", ""Veggies"", ""HvyAlcoholConsump"", ""AnyHealthcare"", ""NoDocbcCost"", ""GenHlth"", ""MentHlth"", ""PhysHlth"", ""DiffWalk"", ""Sex"", ""Age"", ""Education"", ""Income"", ""id""], ""data"": [[70106, 1.0, 1.0, 1.0, 28.0, 0.0, 0.0, 1.0, 0.0, 1.0, 1.0, 0.0, 1.0, 0.0, 4.0, 0.0, 4.0, 0.0, 0.0, 12.0, 4.0, 2.0, 70106], [70108, 1.0, 1.0, 1.0, 21.0, 1.0, 0.0, 1.0, 0.0, 1.0, 1.0, 0.0, 1.0, 0.0, 3.0, 0.0, 0.0, 0.0, 0.0, 12.0, 1.0, 1.0, 70108], [70109, 1.0, 1.0, 1.0, 40.0, 0.0, 0.0, 0.0, 0.0, 0.0, 0.0, 0.0, 1.0, 0.0, 4.0, 0.0, 30.0, 1.0, 0.0, 12.0, 4.0, 3.0, 70109], [70111, 1.0, 1.0, 1.0, 23.0, 1.0, 0.0, 1.0, 1.0, 0.0, 1.0, 0.0, 1.0, 0.0, 4.0, 0.0, 0.0, 0.0, 1.0, 13.0, 4.0, 2.0, 70111], [70112, 1.0, 1.0, 1.0, 24.0, 0.0, 0.0, 0.0, 1.0, 1.0, 1.0, 0.0, 1.0, 0.0, 4.0, 0.0, 3.0, 0.0, 1.0, 10.0, 4.0, 2.0, 70112], [70115, 1.0, 0.0, 1.0, 26.0, 1.0, 0.0, 0.0, 0.0, 0.0, 0.0, 0.0, 1.0, 0.0, 4.0, 0.0, 30.0, 1.0, 0.0, 10.0, 2.0, 2.0, 70115], [70119, 1.0, 0.0, 1.0, 25.0, 0.0, 0.0, 1.0, 1.0, 1.0, 1.0, 0.0, 1.0, 0.0, 4.0, 0.0, 0.0, 1.0, 0.0, 11.0, 4.0, 1.0, 70119], [70120, 0.0, 0.0, 1.0, 24.0, 0.0, 0.0, 0.0, 1.0, 0.0, 1.0, 0.0, 1.0, 0.0, 4.0, 0.0, 7.0, 1.0, 0.0, 11.0, 4.0, 1.0, 70120], [70121, 1.0, 1.0, 1.0, 31.0, 0.0, 0.0, 1.0, 0.0, 1.0, 1.0, 0.0, 1.0, 0.0, 4.0, 0.0, 30.0, 1.0, 0.0, 11.0, 2.0, 1.0, 70121], [70124, 1.0, 0.0, 1.0, 33.0, 0.0, 0.0, 0.0, 0.0, 1.0, 1.0, 0.0, 1.0, 0.0, 4.0, 30.0, 20.0, 1.0, 0.0, 10.0, 6.0, 4.0, 70124]]}}","{""predictions"": [1.0, 0.0, 1.0, 1.0, 1.0, 0.0, 1.0, 1.0, 1.0, 1.0]}",1,"{""model_name"":""demo_faddadbfcefc_model_monitor.ws_3551974319838082.diabetes_mo"",""endpoint_name"":""anupriya-malik-databricks-com_ML_AS04_Demo_3b"",""model_version"":""1""}"
null,4e795450-fd48-46fc-820b-f23109c36f16,2024-09-28,1727528600660,200,5,"{""dataframe_split"": {""index"": [29470, 29471, 29472, 29473, 29474, 29475, 29476, 29477, 29478, 29479], ""columns"": [""index"", ""HighBP"", ""HighChol"", ""CholCheck"", ""BMI"", ""Smoker"", ""Stroke"", ""HeartDiseaseorAttack"", ""PhysActivity"", ""Fruits"", ""Veggies"", ""HvyAlcoholConsump"", ""AnyHealthcare"", ""NoDocbcCost"", ""GenHlth"", ""MentHlth"", ""PhysHlth"", ""DiffWalk"", ""Sex"", ""Age"", ""Education"", ""Income"", ""id""], ""data"": [[70155, 1.0, 1.0, 1.0, 23.0, 0.0, 0.0, 1.0, 0.0, 1.0, 1.0, 0.0, 1.0, 0.0, 5.0, 0.0, 30.0, 1.0, 0.0, 13.0, 2.0, 1.0, 70155], [70156, 1.0, 1.0, 1.0, 27.0, 0.0, 0.0, 0.0, 0.0, 0.0, 0.0, 0.0, 1.0, 0.0, 3.0, 0.0, 0.0, 1.0, 1.0, 12.0, 6.0, 6.0, 70156], [70159, 1.0, 1.0, 1.0, 26.0, 0.0, 0.0, 0.0, 1.0, 1.0, 1.0, 0.0, 1.0, 0.0, 4.0, 0.0, 0.0, 0.0, 0.0, 11.0, 4.0, 2.0, 70159], [70160, 1.0, 1.0, 1.0, 39.0, 1.0, 0.0, 0.0, 0.0, 0.0, 1.0, 0.0, 1.0, 0.0, 2.0, 0.0, 0.0, 0.0, 1.0, 10.0, 2.0, 2.0, 70160], [70162, 1.0, 1.0, 1.0, 25.0, 1.0, 0.0, 0.0, 1.0, 0.0, 1.0, 0.0, 1.0, 0.0, 4.0, 0.0, 0.0, 0.0, 0.0, 12.0, 6.0, 1.0, 70162], [70168, 1.0, 1.0, 1.0, 29.0, 0.0, 0.0, 0.0, 1.0, 1.0, 1.0, 0.0, 1.0, 0.0, 4.0, 0.0, 3.0, 1.0, 0.0, 10.0, 2.0, 3.0, 70168], [70169, 1.0, 1.0, 1.0, 27.0, 1.0, 0.0, 1.0, 0.0, 0.0, 1.0, 0.0, 1.0, 0.0, 4.0, 30.0, 30.0, 1.0, 1.0, 11.0, 2.0, 3.0, 70169], [70171, 1.0, 1.0, 1.0, 30.0, 1.0, 0.0, 1.0, 0.0, 0.0, 0.0, 0.0, 1.0, 1.0, 4.0, 0.0, 0.0, 1.0, 1.0, 11.0, 3.0, 2.0, 70171], [70172, 0.0, 1.0, 1.0, 29.0, 1.0, 0.0, 0.0, 0.0, 1.0, 1.0, 0.0, 1.0, 0.0, 3.0, 0.0, 0.0, 0.0, 1.0, 11.0, 6.0, 3.0, 70172], [70176, 1.0, 1.0, 1.0, 31.0, 0.0, 0.0, 1.0, 0.0, 0.0, 1.0, 0.0, 1.0, 0.0, 5.0, 30.0, 30.0, 1.0, 0.0, 11.0, 2.0, 1.0, 70176]]}}","{""predictions"": [1.0, 0.0, 1.0, 0.0, 1.0, 1.0, 1.0, 1.0, 0.0, 1.0]}",1,"{""model_name"":""demo_faddadbfcefc_model_monitor.ws_3551974319838082.diabetes_mo"",""endpoint_name"":""anupriya-malik-databricks-com_ML_AS04_Demo_3b"",""model_version"":""1""}"
null,4702fffe-a9a1-4bed-abc0-d117113a5c76,2024-09-28,1727528600756,200,5,"{""dataframe_split"": {""index"": [29500, 29501, 29502, 29503, 29504, 29505, 29506, 29507, 29508, 29509], ""columns"": [""index"", ""HighBP"", ""HighChol"", ""CholCheck"", ""BMI"", ""Smoker"", ""Stroke"", ""HeartDiseaseorAttack"", ""PhysActivity"", ""Fruits"", ""Veggies"", ""HvyAlcoholConsump"", ""AnyHealthcare"", ""NoDocbcCost"", ""GenHlth"", ""MentHlth"", ""PhysHlth"", ""DiffWalk"", ""Sex"", ""Age"", ""Education"", ""Income"", ""id""], ""data"": [[70207, 1.0, 0.0, 1.0, 22.0, 0.0, 0.0, 0.0, 0.0, 0.0, 1.0, 0.0, 1.0, 0.0, 3.0, 0.0, 0.0, 0.0, 0.0, 13.0, 2.0, 1.0, 70207], [70208, 1.0, 1.0, 1.0, 25.0, 0.0, 1.0, 0.0, 0.0, 0.0, 1.0, 0.0, 1.0, 0.0, 4.0, 0.0, 0.0, 0.0, 0.0, 13.0, 4.0, 1.0, 70208], [70209, 1.0, 1.0, 1.0, 32.0, 1.0, 0.0, 0.0, 1.0, 0.0, 1.0, 0.0, 1.0, 0.0, 2.0, 0.0, 20.0, 0.0, 1.0, 11.0, 6.0, 5.0, 70209], [70210, 1.0, 0.0, 1.0, 17.0, 1.0, 0.0, 0.0, 1.0, 1.0, 1.0, 0.0, 1.0, 0.0, 3.0, 0.0, 14.0, 0.0, 1.0, 12.0, 5.0, 5.0, 70210], [70211, 0.0, 1.0, 1.0, 19.0, 0.0, 0.0, 0.0, 1.0, 1.0, 1.0, 0.0, 1.0, 0.0, 3.0, 0.0, 0.0, 0.0, 0.0, 13.0, 6.0, 4.0, 70211], [70212, 1.0, 1.0, 1.0, 22.0, 0.0, 0.0, 0.0, 1.0, 0.0, 0.0, 0.0, 1.0, 0.0, 3.0, 0.0, 0.0, 0.0, 0.0, 10.0, 6.0, 4.0, 70212], [70213, 1.0, 0.0, 1.0, 35.0, 1.0, 0.0, 0.0, 0.0, 1.0, 1.0, 0.0, 1.0, 0.0, 4.0, 0.0, 30.0, 1.0, 0.0, 11.0, 6.0, 1.0, 70213], [70214, 1.0, 0.0, 1.0, 25.0, 0.0, 0.0, 0.0, 0.0, 1.0, 0.0, 0.0, 1.0, 0.0, 4.0, 0.0, 30.0, 1.0, 0.0, 12.0, 5.0, 1.0, 70214], [70217, 1.0, 1.0, 1.0, 32.0, 1.0, 0.0, 0.0, 0.0, 1.0, 1.0, 0.0, 1.0, 0.0, 4.0, 0.0, 0.0, 0.0, 0.0, 13.0, 4.0, 3.0, 70217], [70221, 1.0, 0.0, 1.0, 23.0, 0.0, 0.0, 0.0, 0.0, 1.0, 1.0, 0.0, 1.0, 0.0, 4.0, 0.0, 30.0, 0.0, 0.0, 10.0, 6.0, 8.0, 70221]]}}","{""predictions"": [1.0, 1.0, 1.0, 0.0, 0.0, 1.0, 1.0, 0.0, 1.0, 1.0]}",1,"{""model_name"":""demo_faddadbfcefc_model_monitor.ws_3551974319838082.diabetes_mo"",""endpoint_name"":""anupriya-malik-databricks-com_ML_AS04_Demo_3b"",""model_version"":""1""}"
null,6df26bdd-7fd6-4eed-8258-3f2deca1fa1f,2024-09-28,1727528600786,200,5,"{""dataframe_split"": {""index"": [29510, 29511, 29512, 29513, 29514, 29515, 29516, 29517, 29518, 29519], ""columns"": [""index"", ""HighBP"", ""HighChol"", ""CholCheck"", ""BMI"", ""Smoker"", ""Stroke"", ""HeartDiseaseorAttack"", ""PhysActivity"", ""Fruits"", ""Veggies"", ""HvyAlcoholConsump"", ""AnyHealthcare"", ""NoDocbcCost"", ""GenHlth"", ""MentHlth"", ""PhysHlth"", ""DiffWalk"", ""Sex"", ""Age"", ""Education"", ""Income"", ""id""], ""data"": [[70222, 1.0, 0.0, 1.0, 27.0, 1.0, 0.0, 0.0, 1.0, 0.0, 1.0, 0.0, 1.0, 0.0, 3.0, 4.0, 0.0, 0.0, 1.0, 12.0, 5.0, 4.0, 70222], [70223, 1.0, 1.0, 1.0, 25.0, 1.0, 0.0, 1.0, 0.0, 0.0, 1.0, 0.0, 1.0, 0.0, 4.0, 0.0, 30.0, 1.0, 1.0, 10.0, 4.0, 5.0, 70223], [70225, 1.0, 0.0, 1.0, 36.0, 1.0, 0.0, 0.0, 1.0, 1.0, 1.0, 0.0, 1.0, 0.0, 4.0, 0.0, 3.0, 0.0, 1.0, 12.0, 6.0, 7.0, 70225], [70226, 1.0, 1.0, 1.0, 24.0, 1.0, 0.0, 0.0, 0.0, 1.0, 1.0, 0.0, 1.0, 0.0, 4.0, 0.0, 2.0, 0.0, 1.0, 13.0, 6.0, 7.0, 70226], [70227, 1.0, 1.0, 1.0, 29.0, 1.0, 0.0, 0.0, 1.0, 0.0, 1.0, 0.0, 1.0, 0.0, 5.0, 0.0, 0.0, 1.0, 0.0, 10.0, 5.0, 4.0, 70227], [70228, 1.0, 1.0, 1.0, 25.0, 1.0, 0.0, 0.0, 0.0, 0.0, 0.0, 0.0, 1.0, 0.0, 4.0, 0.0, 10.0, 1.0, 0.0, 13.0, 2.0, 1.0, 70228], [70230, 1.0, 1.0, 1.0, 25.0, 0.0, 0.0, 0.0, 0.0, 1.0, 1.0, 0.0, 1.0, 0.0, 4.0, 0.0, 0.0, 0.0, 0.0, 13.0, 4.0, 3.0, 70230], [70233, 1.0, 1.0, 1.0, 29.0, 0.0, 0.0, 0.0, 1.0, 1.0, 1.0, 0.0, 1.0, 0.0, 3.0, 0.0, 0.0, 0.0, 0.0, 10.0, 4.0, 3.0, 70233], [70237, 1.0, 0.0, 1.0, 39.0, 1.0, 0.0, 0.0, 0.0, 1.0, 1.0, 0.0, 1.0, 0.0, 5.0, 0.0, 2.0, 1.0, 0.0, 12.0, 6.0, 3.0, 70237], [70238, 0.0, 1.0, 1.0, 28.0, 1.0, 0.0, 0.0, 0.0, 1.0, 1.0, 0.0, 1.0, 0.0, 2.0, 0.0, 0.0, 1.0, 1.0, 10.0, 3.0, 2.0, 70238]]}}","{""predictions"": [0.0, 1.0, 1.0, 1.0, 1.0, 1.0, 1.0, 1.0, 1.0, 0.0]}",1,"{""model_name"":""demo_faddadbfcefc_model_monitor.ws_3551974319838082.diabetes_mo"",""endpoint_name"":""anupriya-malik-databricks-com_ML_AS04_Demo_3b"",""model_version"":""1""}"
null,32a29097-12b6-402a-8dff-28024b098354,2024-09-28,1727528600868,200,5,"{""dataframe_split"": {""index"": [29540, 29541, 29542, 29543, 29544, 29545, 29546, 29547, 29548, 29549], ""columns"": [""index"", ""HighBP"", ""HighChol"", ""CholCheck"", ""BMI"", ""Smoker"", ""Stroke"", ""HeartDiseaseorAttack"", ""PhysActivity"", ""Fruits"", ""Veggies"", ""HvyAlcoholConsump"", ""AnyHealthcare"", ""NoDocbcCost"", ""GenHlth"", ""MentHlth"", ""PhysHlth"", ""DiffWalk"", ""Sex"", ""Age"", ""Education"", ""Income"", ""id""], ""data"": [[70274, 1.0, 0.0, 1.0, 30.0, 0.0, 1.0, 1.0, 1.0, 1.0, 1.0, 0.0, 1.0, 0.0, 5.0, 0.0, 30.0, 1.0, 0.0, 11.0, 4.0, 1.0, 70274], [70275, 1.0, 0.0, 1.0, 32.0, 0.0, 0.0, 0.0, 1.0, 0.0, 1.0, 0.0, 1.0, 0.0, 4.0, 0.0, 0.0, 0.0, 1.0, 12.0, 3.0, 1.0, 70275], [70276, 0.0, 0.0, 1.0, 28.0, 0.0, 0.0, 1.0, 0.0, 1.0, 1.0, 1.0, 1.0, 0.0, 4.0, 0.0, 0.0, 1.0, 1.0, 11.0, 4.0, 4.0, 70276], [70278, 1.0, 1.0, 1.0, 28.0, 0.0, 0.0, 1.0, 0.0, 1.0, 0.0, 0.0, 1.0, 0.0, 4.0, 0.0, 0.0, 1.0, 0.0, 13.0, 2.0, 1.0, 70278], [70279, 0.0, 0.0, 1.0, 32.0, 1.0, 0.0, 1.0, 0.0, 1.0, 1.0, 0.0, 1.0, 0.0, 4.0, 0.0, 0.0, 1.0, 0.0, 13.0, 3.0, 1.0, 70279], [70282, 1.0, 1.0, 1.0, 27.0, 0.0, 0.0, 0.0, 1.0, 1.0, 1.0, 0.0, 1.0, 0.0, 4.0, 20.0, 10.0, 1.0, 1.0, 11.0, 6.0, 5.0, 70282], [70284, 1.0, 0.0, 1.0, 26.0, 0.0, 0.0, 0.0, 1.0, 1.0, 1.0, 0.0, 1.0, 0.0, 4.0, 0.0, 0.0, 0.0, 1.0, 12.0, 4.0, 3.0, 70284], [70287, 0.0, 0.0, 1.0, 29.0, 1.0, 0.0, 0.0, 1.0, 0.0, 0.0, 0.0, 1.0, 0.0, 4.0, 0.0, 8.0, 0.0, 1.0, 13.0, 4.0, 4.0, 70287], [70288, 0.0, 0.0, 1.0, 23.0, 1.0, 0.0, 0.0, 1.0, 1.0, 1.0, 0.0, 1.0, 0.0, 4.0, 0.0, 0.0, 0.0, 1.0, 12.0, 2.0, 3.0, 70288], [70289, 1.0, 1.0, 1.0, 21.0, 0.0, 1.0, 1.0, 0.0, 1.0, 1.0, 0.0, 1.0, 0.0, 5.0, 30.0, 0.0, 1.0, 0.0, 13.0, 4.0, 1.0, 70289]]}}","{""predictions"": [0.0, 1.0, 1.0, 1.0, 1.0, 0.0, 1.0, 1.0, 1.0, 1.0]}",1,"{""model_name"":""demo_faddadbfcefc_model_monitor.ws_3551974319838082.diabetes_mo"",""endpoint_name"":""anupriya-malik-databricks-com_ML_AS04_Demo_3b"",""model_version"":""1""}"
null,46baf57a-0052-493d-b5f5-85dd3c743ff9,2024-09-28,1727528600896,200,5,"{""dataframe_split"": {""index"": [29550, 29551, 29552, 29553, 29554, 29555, 29556, 29557, 29558, 29559], ""columns"": [""index"", ""HighBP"", ""HighChol"", ""CholCheck"", ""BMI"", ""Smoker"", ""Stroke"", ""HeartDiseaseorAttack"", ""PhysActivity"", ""Fruits"", ""Veggies"", ""HvyAlcoholConsump"", ""AnyHealthcare"", ""NoDocbcCost"", ""GenHlth"", ""MentHlth"", ""PhysHlth"", ""DiffWalk"", ""Sex"", ""Age"", ""Education"", ""Income"", ""id""], ""data"": [[70290, 1.0, 1.0, 1.0, 25.0, 1.0, 0.0, 0.0, 1.0, 0.0, 0.0, 0.0, 1.0, 0.0, 5.0, 0.0, 0.0, 1.0, 0.0, 12.0, 3.0, 2.0, 70290], [70291, 1.0, 1.0, 1.0, 25.0, 0.0, 0.0, 1.0, 1.0, 0.0, 1.0, 0.0, 1.0, 0.0, 3.0, 0.0, 0.0, 0.0, 1.0, 10.0, 2.0, 1.0, 70291], [70292, 0.0, 0.0, 1.0, 22.0, 0.0, 0.0, 1.0, 0.0, 0.0, 1.0, 0.0, 1.0, 0.0, 4.0, 0.0, 2.0, 0.0, 1.0, 11.0, 3.0, 1.0, 70292], [70294, 0.0, 0.0, 1.0, 27.0, 0.0, 0.0, 0.0, 1.0, 1.0, 1.0, 0.0, 1.0, 0.0, 4.0, 0.0, 3.0, 0.0, 0.0, 11.0, 3.0, 2.0, 70294], [70295, 1.0, 1.0, 1.0, 34.0, 1.0, 0.0, 0.0, 1.0, 0.0, 1.0, 0.0, 1.0, 0.0, 1.0, 0.0, 0.0, 1.0, 0.0, 11.0, 4.0, 1.0, 70295], [70296, 1.0, 1.0, 1.0, 30.0, 1.0, 0.0, 1.0, 0.0, 0.0, 1.0, 0.0, 1.0, 0.0, 5.0, 0.0, 30.0, 1.0, 0.0, 13.0, 4.0, 2.0, 70296], [70297, 1.0, 1.0, 1.0, 31.0, 1.0, 0.0, 0.0, 0.0, 1.0, 0.0, 0.0, 1.0, 0.0, 3.0, 0.0, 0.0, 0.0, 1.0, 12.0, 6.0, 7.0, 70297], [70299, 1.0, 0.0, 1.0, 40.0, 0.0, 0.0, 0.0, 0.0, 0.0, 1.0, 0.0, 1.0, 0.0, 4.0, 0.0, 30.0, 1.0, 0.0, 10.0, 6.0, 2.0, 70299], [70300, 1.0, 1.0, 1.0, 31.0, 0.0, 0.0, 0.0, 0.0, 0.0, 1.0, 0.0, 1.0, 0.0, 4.0, 30.0, 30.0, 1.0, 0.0, 10.0, 4.0, 3.0, 70300], [70301, 1.0, 1.0, 1.0, 26.0, 0.0, 0.0, 1.0, 1.0, 0.0, 1.0, 0.0, 1.0, 0.0, 5.0, 0.0, 0.0, 1.0, 0.0, 11.0, 4.0, 4.0, 70301]]}}","{""predictions"": [1.0, 0.0, 0.0, 0.0, 1.0, 1.0, 1.0, 1.0, 1.0, 1.0]}",1,"{""model_name"":""demo_faddadbfcefc_model_monitor.ws_3551974319838082.diabetes_mo"",""endpoint_name"":""anupriya-malik-databricks-com_ML_AS04_Demo_3b"",""model_version"":""1""}"
null,e40f50d2-741a-4841-a731-4cf13706c812,2024-09-28,1727528600926,200,5,"{""dataframe_split"": {""index"": [29560, 29561, 29562, 29563, 29564, 29565, 29566, 29567, 29568, 29569], ""columns"": [""index"", ""HighBP"", ""HighChol"", ""CholCheck"", ""BMI"", ""Smoker"", ""Stroke"", ""HeartDiseaseorAttack"", ""PhysActivity"", ""Fruits"", ""Veggies"", ""HvyAlcoholConsump"", ""AnyHealthcare"", ""NoDocbcCost"", ""GenHlth"", ""MentHlth"", ""PhysHlth"", ""DiffWalk"", ""Sex"", ""Age"", ""Education"", ""Income"", ""id""], ""data"": [[70306, 1.0, 1.0, 1.0, 24.0, 0.0, 0.0, 0.0, 1.0, 1.0, 1.0, 0.0, 1.0, 0.0, 4.0, 0.0, 3.0, 0.0, 1.0, 11.0, 4.0, 5.0, 70306], [70308, 1.0, 0.0, 1.0, 29.0, 0.0, 0.0, 1.0, 0.0, 1.0, 1.0, 0.0, 1.0, 0.0, 5.0, 30.0, 30.0, 1.0, 1.0, 11.0, 2.0, 2.0, 70308], [70309, 1.0, 1.0, 1.0, 26.0, 0.0, 0.0, 0.0, 0.0, 1.0, 1.0, 0.0, 1.0, 0.0, 5.0, 30.0, 30.0, 0.0, 0.0, 11.0, 2.0, 2.0, 70309], [70311, 1.0, 0.0, 1.0, 30.0, 0.0, 0.0, 0.0, 0.0, 1.0, 1.0, 0.0, 1.0, 0.0, 4.0, 0.0, 0.0, 0.0, 0.0, 11.0, 4.0, 3.0, 70311], [70312, 0.0, 1.0, 1.0, 35.0, 0.0, 0.0, 0.0, 0.0, 0.0, 1.0, 0.0, 1.0, 0.0, 4.0, 0.0, 6.0, 1.0, 0.0, 10.0, 6.0, 5.0, 70312], [70313, 1.0, 0.0, 1.0, 26.0, 0.0, 0.0, 0.0, 0.0, 0.0, 1.0, 0.0, 1.0, 0.0, 4.0, 0.0, 0.0, 0.0, 0.0, 13.0, 6.0, 6.0, 70313], [70317, 1.0, 1.0, 1.0, 29.0, 0.0, 1.0, 0.0, 0.0, 0.0, 1.0, 0.0, 1.0, 0.0, 5.0, 7.0, 7.0, 1.0, 1.0, 11.0, 5.0, 4.0, 70317], [70318, 1.0, 1.0, 1.0, 29.0, 1.0, 0.0, 0.0, 0.0, 0.0, 0.0, 0.0, 1.0, 0.0, 4.0, 0.0, 0.0, 1.0, 0.0, 13.0, 2.0, 1.0, 70318], [70319, 1.0, 1.0, 1.0, 25.0, 0.0, 0.0, 0.0, 0.0, 1.0, 1.0, 0.0, 1.0, 0.0, 3.0, 0.0, 0.0, 0.0, 0.0, 13.0, 5.0, 3.0, 70319], [70325, 1.0, 1.0, 1.0, 36.0, 0.0, 0.0, 0.0, 1.0, 1.0, 1.0, 0.0, 1.0, 0.0, 4.0, 0.0, 0.0, 0.0, 0.0, 10.0, 4.0, 1.0, 70325]]}}","{""predictions"": [1.0, 1.0, 0.0, 1.0, 1.0, 0.0, 1.0, 1.0, 1.0, 1.0]}",1,"{""model_name"":""demo_faddadbfcefc_model_monitor.ws_3551974319838082.diabetes_mo"",""endpoint_name"":""anupriya-malik-databricks-com_ML_AS04_Demo_3b"",""model_version"":""1""}"
null,0f1cbaba-bd14-41d2-bdd5-7d5eab3b793a,2024-09-28,1727528600995,200,45,"{""dataframe_split"": {""index"": [29570, 29571, 29572, 29573, 29574, 29575, 29576, 29577, 29578, 29579], ""columns"": [""index"", ""HighBP"", ""HighChol"", ""CholCheck"", ""BMI"", ""Smoker"", ""Stroke"", ""HeartDiseaseorAttack"", ""PhysActivity"", ""Fruits"", ""Veggies"", ""HvyAlcoholConsump"", ""AnyHealthcare"", ""NoDocbcCost"", ""GenHlth"", ""MentHlth"", ""PhysHlth"", ""DiffWalk"", ""Sex"", ""Age"", ""Education"", ""Income"", ""id""], ""data"": [[70326, 1.0, 1.0, 1.0, 24.0, 0.0, 0.0, 1.0, 1.0, 1.0, 1.0, 0.0, 1.0, 0.0, 2.0, 0.0, 0.0, 0.0, 1.0, 11.0, 6.0, 8.0, 70326], [70328, 1.0, 1.0, 1.0, 32.0, 1.0, 0.0, 1.0, 0.0, 1.0, 1.0, 0.0, 1.0, 0.0, 4.0, 0.0, 30.0, 1.0, 1.0, 10.0, 3.0, 2.0, 70328], [70330, 1.0, 1.0, 1.0, 25.0, 0.0, 0.0, 0.0, 0.0, 1.0, 1.0, 0.0, 1.0, 0.0, 3.0, 0.0, 0.0, 0.0, 0.0, 12.0, 5.0, 1.0, 70330], [70331, 1.0, 1.0, 1.0, 25.0, 0.0, 0.0, 0.0, 1.0, 0.0, 0.0, 0.0, 1.0, 0.0, 1.0, 0.0, 0.0, 0.0, 0.0, 11.0, 5.0, 4.0, 70331], [70333, 1.0, 0.0, 1.0, 30.0, 0.0, 0.0, 1.0, 0.0, 0.0, 0.0, 0.0, 1.0, 0.0, 4.0, 0.0, 4.0, 0.0, 0.0, 12.0, 5.0, 2.0, 70333], [70335, 1.0, 1.0, 1.0, 28.0, 0.0, 0.0, 0.0, 0.0, 0.0, 0.0, 0.0, 1.0, 0.0, 4.0, 0.0, 0.0, 0.0, 0.0, 12.0, 3.0, 1.0, 70335], [70336, 1.0, 1.0, 1.0, 39.0, 1.0, 0.0, 1.0, 0.0, 0.0, 1.0, 0.0, 1.0, 0.0, 4.0, 15.0, 30.0, 1.0, 1.0, 10.0, 4.0, 1.0, 70336], [70340, 1.0, 1.0, 1.0, 30.0, 0.0, 0.0, 1.0, 0.0, 0.0, 0.0, 0.0, 1.0, 0.0, 5.0, 0.0, 30.0, 1.0, 1.0, 10.0, 2.0, 2.0, 70340], [70341, 1.0, 1.0, 1.0, 27.0, 0.0, 0.0, 0.0, 0.0, 0.0, 1.0, 0.0, 1.0, 0.0, 5.0, 0.0, 30.0, 1.0, 0.0, 13.0, 4.0, 2.0, 70341], [70343, 1.0, 1.0, 1.0, 30.0, 0.0, 0.0, 0.0, 0.0, 0.0, 0.0, 0.0, 1.0, 0.0, 4.0, 0.0, 30.0, 1.0, 0.0, 13.0, 4.0, 1.0, 70343]]}}","{""predictions"": [0.0, 1.0, 1.0, 1.0, 1.0, 1.0, 1.0, 1.0, 1.0, 1.0]}",1,"{""model_name"":""demo_faddadbfcefc_model_monitor.ws_3551974319838082.diabetes_mo"",""endpoint_name"":""anupriya-malik-databricks-com_ML_AS04_Demo_3b"",""model_version"":""1""}"
null,5aa57eae-c5d6-4822-8130-47f1fcb142dd,2024-09-28,1727528601025,200,5,"{""dataframe_split"": {""index"": [29580, 29581, 29582, 29583, 29584, 29585, 29586, 29587, 29588, 29589], ""columns"": [""index"", ""HighBP"", ""HighChol"", ""CholCheck"", ""BMI"", ""Smoker"", ""Stroke"", ""HeartDiseaseorAttack"", ""PhysActivity"", ""Fruits"", ""Veggies"", ""HvyAlcoholConsump"", ""AnyHealthcare"", ""NoDocbcCost"", ""GenHlth"", ""MentHlth"", ""PhysHlth"", ""DiffWalk"", ""Sex"", ""Age"", ""Education"", ""Income"", ""id""], ""data"": [[70344, 1.0, 0.0, 1.0, 24.0, 0.0, 0.0, 0.0, 0.0, 0.0, 1.0, 0.0, 1.0, 0.0, 4.0, 0.0, 0.0, 0.0, 1.0, 12.0, 3.0, 4.0, 70344], [70345, 1.0, 0.0, 1.0, 24.0, 0.0, 0.0, 1.0, 0.0, 1.0, 1.0, 0.0, 1.0, 0.0, 4.0, 0.0, 30.0, 1.0, 1.0, 12.0, 4.0, 4.0, 70345], [70346, 1.0, 1.0, 1.0, 23.0, 0.0, 0.0, 0.0, 0.0, 1.0, 1.0, 0.0, 1.0, 0.0, 4.0, 0.0, 30.0, 1.0, 0.0, 11.0, 5.0, 3.0, 70346], [70347, 1.0, 0.0, 1.0, 25.0, 1.0, 1.0, 0.0, 0.0, 1.0, 0.0, 0.0, 1.0, 0.0, 4.0, 0.0, 0.0, 0.0, 0.0, 10.0, 5.0, 4.0, 70347], [70348, 1.0, 1.0, 1.0, 34.0, 0.0, 0.0, 0.0, 1.0, 1.0, 1.0, 0.0, 1.0, 0.0, 4.0, 30.0, 0.0, 0.0, 0.0, 11.0, 6.0, 4.0, 70348], [70351, 1.0, 1.0, 1.0, 23.0, 0.0, 0.0, 0.0, 0.0, 0.0, 0.0, 0.0, 1.0, 0.0, 4.0, 0.0, 10.0, 1.0, 0.0, 12.0, 5.0, 2.0, 70351], [70352, 1.0, 1.0, 1.0, 30.0, 0.0, 0.0, 0.0, 0.0, 1.0, 1.0, 0.0, 1.0, 0.0, 2.0, 0.0, 0.0, 0.0, 0.0, 12.0, 4.0, 1.0, 70352], [70353, 1.0, 1.0, 1.0, 39.0, 0.0, 0.0, 0.0, 1.0, 1.0, 1.0, 0.0, 1.0, 0.0, 3.0, 0.0, 8.0, 0.0, 1.0, 10.0, 6.0, 8.0, 70353], [70354, 1.0, 1.0, 1.0, 29.0, 1.0, 0.0, 0.0, 1.0, 0.0, 1.0, 0.0, 1.0, 0.0, 4.0, 0.0, 0.0, 0.0, 0.0, 10.0, 5.0, 4.0, 70354], [70355, 0.0, 1.0, 1.0, 28.0, 1.0, 0.0, 0.0, 0.0, 1.0, 0.0, 0.0, 1.0, 1.0, 5.0, 0.0, 30.0, 1.0, 1.0, 12.0, 2.0, 1.0, 70355]]}}","{""predictions"": [1.0, 1.0, 0.0, 1.0, 1.0, 1.0, 0.0, 1.0, 1.0, 1.0]}",1,"{""model_name"":""demo_faddadbfcefc_model_monitor.ws_3551974319838082.diabetes_mo"",""endpoint_name"":""anupriya-malik-databricks-com_ML_AS04_Demo_3b"",""model_version"":""1""}"
null,49090e47-c9a1-422f-af5d-8d603c82dcb6,2024-09-28,1727528601178,200,5,"{""dataframe_split"": {""index"": [29630, 29631, 29632, 29633, 29634, 29635, 29636, 29637, 29638, 29639], ""columns"": [""index"", ""HighBP"", ""HighChol"", ""CholCheck"", ""BMI"", ""Smoker"", ""Stroke"", ""HeartDiseaseorAttack"", ""PhysActivity"", ""Fruits"", ""Veggies"", ""HvyAlcoholConsump"", ""AnyHealthcare"", ""NoDocbcCost"", ""GenHlth"", ""MentHlth"", ""PhysHlth"", ""DiffWalk"", ""Sex"", ""Age"", ""Education"", ""Income"", ""id""], ""data"": [[70447, 1.0, 1.0, 1.0, 28.0, 1.0, 0.0, 0.0, 0.0, 1.0, 1.0, 0.0, 1.0, 0.0, 4.0, 0.0, 0.0, 1.0, 1.0, 13.0, 6.0, 2.0, 70447], [70448, 0.0, 1.0, 1.0, 28.0, 1.0, 0.0, 0.0, 1.0, 1.0, 1.0, 0.0, 1.0, 0.0, 4.0, 2.0, 6.0, 1.0, 1.0, 10.0, 5.0, 7.0, 70448], [70451, 0.0, 1.0, 1.0, 21.0, 0.0, 0.0, 0.0, 0.0, 1.0, 0.0, 0.0, 1.0, 1.0, 4.0, 0.0, 30.0, 0.0, 0.0, 11.0, 4.0, 6.0, 70451], [70460, 0.0, 0.0, 1.0, 27.0, 1.0, 0.0, 0.0, 0.0, 1.0, 1.0, 0.0, 1.0, 0.0, 3.0, 0.0, 3.0, 1.0, 1.0, 11.0, 6.0, 4.0, 70460], [70462, 1.0, 0.0, 1.0, 32.0, 0.0, 0.0, 0.0, 1.0, 1.0, 1.0, 0.0, 1.0, 0.0, 4.0, 0.0, 0.0, 0.0, 0.0, 10.0, 5.0, 4.0, 70462], [70466, 1.0, 1.0, 1.0, 25.0, 0.0, 0.0, 0.0, 1.0, 0.0, 1.0, 0.0, 1.0, 0.0, 4.0, 2.0, 0.0, 1.0, 0.0, 10.0, 6.0, 2.0, 70466], [70468, 0.0, 1.0, 1.0, 21.0, 0.0, 0.0, 0.0, 0.0, 1.0, 1.0, 0.0, 1.0, 0.0, 5.0, 0.0, 7.0, 0.0, 0.0, 11.0, 5.0, 1.0, 70468], [70474, 1.0, 1.0, 1.0, 24.0, 1.0, 0.0, 0.0, 1.0, 1.0, 1.0, 0.0, 1.0, 0.0, 4.0, 0.0, 0.0, 0.0, 0.0, 10.0, 4.0, 3.0, 70474], [70476, 1.0, 1.0, 1.0, 29.0, 0.0, 0.0, 0.0, 0.0, 0.0, 1.0, 0.0, 1.0, 0.0, 4.0, 0.0, 7.0, 0.0, 0.0, 10.0, 3.0, 1.0, 70476], [70477, 1.0, 1.0, 1.0, 30.0, 0.0, 0.0, 0.0, 1.0, 0.0, 1.0, 0.0, 1.0, 0.0, 4.0, 0.0, 0.0, 1.0, 0.0, 12.0, 3.0, 3.0, 70477]]}}","{""predictions"": [0.0, 1.0, 0.0, 0.0, 1.0, 1.0, 1.0, 1.0, 1.0, 1.0]}",1,"{""model_name"":""demo_faddadbfcefc_model_monitor.ws_3551974319838082.diabetes_mo"",""endpoint_name"":""anupriya-malik-databricks-com_ML_AS04_Demo_3b"",""model_version"":""1""}"
null,e5f8f4d6-f890-4d30-bfc1-0af5cd96bda4,2024-09-28,1727528601241,200,5,"{""dataframe_split"": {""index"": [29650, 29651, 29652, 29653, 29654, 29655, 29656, 29657, 29658, 29659], ""columns"": [""index"", ""HighBP"", ""HighChol"", ""CholCheck"", ""BMI"", ""Smoker"", ""Stroke"", ""HeartDiseaseorAttack"", ""PhysActivity"", ""Fruits"", ""Veggies"", ""HvyAlcoholConsump"", ""AnyHealthcare"", ""NoDocbcCost"", ""GenHlth"", ""MentHlth"", ""PhysHlth"", ""DiffWalk"", ""Sex"", ""Age"", ""Education"", ""Income"", ""id""], ""data"": [[70515, 1.0, 1.0, 1.0, 28.0, 1.0, 0.0, 0.0, 1.0, 1.0, 0.0, 0.0, 1.0, 0.0, 5.0, 30.0, 30.0, 0.0, 1.0, 11.0, 6.0, 5.0, 70515], [70519, 1.0, 1.0, 1.0, 34.0, 0.0, 0.0, 0.0, 0.0, 1.0, 1.0, 0.0, 1.0, 0.0, 4.0, 0.0, 0.0, 1.0, 0.0, 12.0, 5.0, 5.0, 70519], [70522, 0.0, 1.0, 1.0, 30.0, 0.0, 0.0, 1.0, 1.0, 0.0, 1.0, 0.0, 1.0, 0.0, 4.0, 0.0, 0.0, 0.0, 0.0, 10.0, 5.0, 1.0, 70522], [70523, 1.0, 0.0, 1.0, 25.0, 0.0, 0.0, 0.0, 0.0, 1.0, 1.0, 0.0, 1.0, 0.0, 4.0, 0.0, 0.0, 0.0, 0.0, 12.0, 2.0, 1.0, 70523], [70524, 1.0, 1.0, 1.0, 27.0, 0.0, 0.0, 0.0, 1.0, 1.0, 0.0, 0.0, 1.0, 0.0, 1.0, 0.0, 0.0, 0.0, 0.0, 10.0, 4.0, 3.0, 70524], [70525, 1.0, 1.0, 1.0, 43.0, 0.0, 0.0, 0.0, 0.0, 1.0, 1.0, 0.0, 1.0, 0.0, 4.0, 21.0, 21.0, 1.0, 0.0, 11.0, 2.0, 1.0, 70525], [70526, 1.0, 1.0, 1.0, 27.0, 0.0, 0.0, 0.0, 0.0, 0.0, 0.0, 0.0, 1.0, 0.0, 4.0, 0.0, 0.0, 1.0, 0.0, 11.0, 2.0, 1.0, 70526], [70528, 0.0, 0.0, 1.0, 28.0, 0.0, 0.0, 0.0, 0.0, 1.0, 1.0, 0.0, 1.0, 0.0, 4.0, 0.0, 0.0, 0.0, 0.0, 11.0, 6.0, 7.0, 70528], [70532, 1.0, 1.0, 1.0, 26.0, 1.0, 0.0, 1.0, 1.0, 0.0, 0.0, 0.0, 1.0, 0.0, 5.0, 0.0, 30.0, 0.0, 0.0, 10.0, 2.0, 1.0, 70532], [70533, 1.0, 0.0, 1.0, 31.0, 0.0, 0.0, 1.0, 1.0, 0.0, 1.0, 0.0, 1.0, 0.0, 4.0, 0.0, 0.0, 0.0, 1.0, 11.0, 4.0, 3.0, 70533]]}}","{""predictions"": [1.0, 1.0, 1.0, 1.0, 1.0, 1.0, 1.0, 1.0, 1.0, 1.0]}",1,"{""model_name"":""demo_faddadbfcefc_model_monitor.ws_3551974319838082.diabetes_mo"",""endpoint_name"":""anupriya-malik-databricks-com_ML_AS04_Demo_3b"",""model_version"":""1""}"
null,33a0698b-fa50-4e4c-815f-7baf0e46db6e,2024-09-28,1727528601270,200,5,"{""dataframe_split"": {""index"": [29660, 29661, 29662, 29663, 29664, 29665, 29666, 29667, 29668, 29669], ""columns"": [""index"", ""HighBP"", ""HighChol"", ""CholCheck"", ""BMI"", ""Smoker"", ""Stroke"", ""HeartDiseaseorAttack"", ""PhysActivity"", ""Fruits"", ""Veggies"", ""HvyAlcoholConsump"", ""AnyHealthcare"", ""NoDocbcCost"", ""GenHlth"", ""MentHlth"", ""PhysHlth"", ""DiffWalk"", ""Sex"", ""Age"", ""Education"", ""Income"", ""id""], ""data"": [[70534, 1.0, 0.0, 1.0, 24.0, 1.0, 0.0, 0.0, 1.0, 1.0, 1.0, 0.0, 1.0, 1.0, 3.0, 1.0, 30.0, 0.0, 0.0, 10.0, 6.0, 2.0, 70534], [70540, 1.0, 0.0, 1.0, 33.0, 0.0, 0.0, 0.0, 0.0, 0.0, 1.0, 0.0, 1.0, 0.0, 4.0, 7.0, 0.0, 0.0, 0.0, 10.0, 4.0, 1.0, 70540], [70545, 0.0, 0.0, 1.0, 26.0, 0.0, 0.0, 1.0, 0.0, 1.0, 1.0, 0.0, 1.0, 1.0, 5.0, 30.0, 30.0, 1.0, 0.0, 12.0, 2.0, 2.0, 70545], [70549, 1.0, 0.0, 1.0, 31.0, 1.0, 0.0, 0.0, 0.0, 1.0, 1.0, 0.0, 1.0, 1.0, 4.0, 16.0, 0.0, 0.0, 1.0, 10.0, 4.0, 3.0, 70549], [70550, 0.0, 1.0, 1.0, 29.0, 1.0, 0.0, 0.0, 0.0, 1.0, 1.0, 0.0, 1.0, 0.0, 3.0, 0.0, 14.0, 1.0, 1.0, 12.0, 3.0, 2.0, 70550], [70556, 1.0, 1.0, 1.0, 23.0, 0.0, 0.0, 0.0, 0.0, 1.0, 1.0, 0.0, 1.0, 0.0, 3.0, 0.0, 0.0, 0.0, 0.0, 13.0, 4.0, 3.0, 70556], [70558, 1.0, 1.0, 1.0, 30.0, 0.0, 0.0, 1.0, 1.0, 0.0, 1.0, 0.0, 1.0, 0.0, 5.0, 0.0, 7.0, 1.0, 0.0, 10.0, 5.0, 1.0, 70558], [70560, 1.0, 0.0, 1.0, 33.0, 0.0, 1.0, 1.0, 0.0, 1.0, 0.0, 0.0, 1.0, 0.0, 5.0, 30.0, 30.0, 1.0, 0.0, 13.0, 1.0, 1.0, 70560], [70566, 0.0, 1.0, 1.0, 31.0, 0.0, 0.0, 0.0, 1.0, 0.0, 0.0, 0.0, 1.0, 0.0, 3.0, 0.0, 0.0, 0.0, 1.0, 10.0, 2.0, 3.0, 70566], [70567, 1.0, 0.0, 1.0, 33.0, 0.0, 0.0, 0.0, 1.0, 0.0, 1.0, 0.0, 1.0, 0.0, 4.0, 0.0, 30.0, 1.0, 0.0, 11.0, 2.0, 1.0, 70567]]}}","{""predictions"": [1.0, 1.0, 1.0, 0.0, 0.0, 1.0, 1.0, 1.0, 0.0, 0.0]}",1,"{""model_name"":""demo_faddadbfcefc_model_monitor.ws_3551974319838082.diabetes_mo"",""endpoint_name"":""anupriya-malik-databricks-com_ML_AS04_Demo_3b"",""model_version"":""1""}"
