client_request_id,databricks_request_id,date,timestamp_ms,status_code,execution_time_ms,request,response,sampling_fraction,request_metadata
null,84e577ba-f0e4-4b30-8157-316480e7ed3a,2024-07-08,1720444894187,200,4,"{""dataframe_split"": {""index"": [17250, 17251, 17252, 17253, 17254, 17255, 17256, 17257, 17258, 17259], ""columns"": [""index"", ""HighBP"", ""HighChol"", ""CholCheck"", ""BMI"", ""Smoker"", ""Stroke"", ""HeartDiseaseorAttack"", ""PhysActivity"", ""Fruits"", ""Veggies"", ""HvyAlcoholConsump"", ""AnyHealthcare"", ""NoDocbcCost"", ""GenHlth"", ""MentHlth"", ""PhysHlth"", ""DiffWalk"", ""Sex"", ""Age"", ""Education"", ""Income"", ""id""], ""data"": [[46500, 1.0, 1.0, 1.0, 44.0, 0.0, 0.0, 1.0, 0.0, 0.0, 1.0, 0.0, 1.0, 0.0, 5.0, 0.0, 30.0, 1.0, 1.0, 10.0, 4.0, 8.0, 46500], [46501, 0.0, 1.0, 1.0, 27.0, 1.0, 0.0, 1.0, 0.0, 1.0, 0.0, 0.0, 1.0, 1.0, 2.0, 0.0, 0.0, 1.0, 0.0, 10.0, 4.0, 1.0, 46501], [46504, 1.0, 0.0, 1.0, 33.0, 1.0, 0.0, 1.0, 0.0, 1.0, 1.0, 0.0, 1.0, 0.0, 3.0, 0.0, 30.0, 1.0, 1.0, 11.0, 5.0, 6.0, 46504], [46505, 1.0, 1.0, 1.0, 28.0, 0.0, 0.0, 1.0, 0.0, 0.0, 1.0, 0.0, 1.0, 0.0, 4.0, 0.0, 0.0, 1.0, 0.0, 10.0, 6.0, 7.0, 46505], [46510, 1.0, 1.0, 1.0, 31.0, 1.0, 1.0, 0.0, 1.0, 1.0, 1.0, 0.0, 1.0, 1.0, 5.0, 0.0, 30.0, 0.0, 0.0, 11.0, 5.0, 5.0, 46510], [46513, 1.0, 1.0, 1.0, 38.0, 1.0, 0.0, 1.0, 0.0, 0.0, 0.0, 0.0, 1.0, 0.0, 5.0, 0.0, 10.0, 1.0, 0.0, 11.0, 4.0, 1.0, 46513], [46514, 1.0, 0.0, 1.0, 29.0, 0.0, 0.0, 1.0, 1.0, 1.0, 1.0, 0.0, 1.0, 0.0, 5.0, 0.0, 4.0, 0.0, 0.0, 10.0, 4.0, 7.0, 46514], [46527, 1.0, 0.0, 1.0, 37.0, 0.0, 0.0, 0.0, 1.0, 1.0, 1.0, 0.0, 1.0, 0.0, 2.0, 0.0, 0.0, 0.0, 0.0, 10.0, 6.0, 8.0, 46527], [46529, 1.0, 0.0, 1.0, 24.0, 1.0, 0.0, 0.0, 0.0, 1.0, 1.0, 0.0, 1.0, 0.0, 5.0, 0.0, 0.0, 1.0, 0.0, 13.0, 4.0, 4.0, 46529], [46532, 1.0, 1.0, 1.0, 18.0, 1.0, 1.0, 1.0, 0.0, 0.0, 1.0, 0.0, 1.0, 0.0, 4.0, 5.0, 21.0, 1.0, 0.0, 12.0, 3.0, 5.0, 46532]]}}","{""predictions"": [1.0, 0.0, 1.0, 1.0, 1.0, 1.0, 1.0, 1.0, 1.0, 1.0]}",1,"{""model_name"":""labuser70609094f_monitor_demo4f.default.diabetes_model"",""endpoint_name"":""labuser70609094f_endpoint"",""model_version"":""1""}"
null,febf0cf1-6bd3-47b7-9a81-66d67e3fef44,2024-07-08,1720444894227,200,4,"{""dataframe_split"": {""index"": [17260, 17261, 17262, 17263, 17264, 17265, 17266, 17267, 17268, 17269], ""columns"": [""index"", ""HighBP"", ""HighChol"", ""CholCheck"", ""BMI"", ""Smoker"", ""Stroke"", ""HeartDiseaseorAttack"", ""PhysActivity"", ""Fruits"", ""Veggies"", ""HvyAlcoholConsump"", ""AnyHealthcare"", ""NoDocbcCost"", ""GenHlth"", ""MentHlth"", ""PhysHlth"", ""DiffWalk"", ""Sex"", ""Age"", ""Education"", ""Income"", ""id""], ""data"": [[46533, 1.0, 1.0, 1.0, 33.0, 0.0, 0.0, 0.0, 1.0, 1.0, 1.0, 0.0, 1.0, 0.0, 3.0, 0.0, 0.0, 0.0, 1.0, 11.0, 6.0, 7.0, 46533], [46534, 1.0, 1.0, 1.0, 27.0, 1.0, 0.0, 1.0, 1.0, 1.0, 1.0, 0.0, 1.0, 0.0, 3.0, 0.0, 0.0, 0.0, 0.0, 11.0, 4.0, 2.0, 46534], [46536, 0.0, 1.0, 1.0, 27.0, 0.0, 0.0, 0.0, 1.0, 1.0, 1.0, 0.0, 1.0, 0.0, 3.0, 0.0, 2.0, 0.0, 0.0, 10.0, 5.0, 8.0, 46536], [46537, 1.0, 1.0, 1.0, 36.0, 0.0, 1.0, 1.0, 0.0, 0.0, 0.0, 0.0, 1.0, 0.0, 2.0, 0.0, 2.0, 1.0, 0.0, 10.0, 6.0, 7.0, 46537], [46540, 1.0, 1.0, 1.0, 43.0, 0.0, 0.0, 0.0, 0.0, 0.0, 0.0, 0.0, 1.0, 0.0, 2.0, 10.0, 3.0, 1.0, 0.0, 10.0, 4.0, 5.0, 46540], [46541, 0.0, 0.0, 1.0, 27.0, 0.0, 0.0, 0.0, 1.0, 1.0, 1.0, 0.0, 1.0, 0.0, 2.0, 0.0, 0.0, 0.0, 0.0, 10.0, 5.0, 6.0, 46541], [46548, 1.0, 1.0, 1.0, 28.0, 1.0, 0.0, 0.0, 1.0, 1.0, 1.0, 0.0, 1.0, 0.0, 4.0, 0.0, 0.0, 0.0, 0.0, 10.0, 4.0, 4.0, 46548], [46549, 1.0, 1.0, 1.0, 33.0, 0.0, 0.0, 1.0, 1.0, 1.0, 1.0, 0.0, 1.0, 0.0, 3.0, 5.0, 15.0, 0.0, 0.0, 11.0, 5.0, 7.0, 46549], [46550, 1.0, 0.0, 1.0, 28.0, 1.0, 0.0, 0.0, 1.0, 0.0, 1.0, 0.0, 1.0, 0.0, 2.0, 0.0, 0.0, 0.0, 1.0, 11.0, 5.0, 6.0, 46550], [46552, 1.0, 1.0, 1.0, 29.0, 0.0, 0.0, 0.0, 1.0, 1.0, 1.0, 0.0, 1.0, 1.0, 2.0, 21.0, 0.0, 0.0, 0.0, 10.0, 6.0, 2.0, 46552]]}}","{""predictions"": [1.0, 0.0, 1.0, 0.0, 1.0, 1.0, 1.0, 1.0, 1.0, 0.0]}",1,"{""model_name"":""labuser70609094f_monitor_demo4f.default.diabetes_model"",""endpoint_name"":""labuser70609094f_endpoint"",""model_version"":""1""}"
null,37260ff8-ae5e-45d7-8d8d-84ccdd438ae3,2024-07-08,1720444894377,200,4,"{""dataframe_split"": {""index"": [17310, 17311, 17312, 17313, 17314, 17315, 17316, 17317, 17318, 17319], ""columns"": [""index"", ""HighBP"", ""HighChol"", ""CholCheck"", ""BMI"", ""Smoker"", ""Stroke"", ""HeartDiseaseorAttack"", ""PhysActivity"", ""Fruits"", ""Veggies"", ""HvyAlcoholConsump"", ""AnyHealthcare"", ""NoDocbcCost"", ""GenHlth"", ""MentHlth"", ""PhysHlth"", ""DiffWalk"", ""Sex"", ""Age"", ""Education"", ""Income"", ""id""], ""data"": [[46646, 1.0, 1.0, 1.0, 39.0, 1.0, 0.0, 0.0, 1.0, 1.0, 0.0, 0.0, 1.0, 0.0, 3.0, 10.0, 2.0, 1.0, 0.0, 11.0, 4.0, 7.0, 46646], [46648, 1.0, 1.0, 1.0, 29.0, 1.0, 0.0, 0.0, 1.0, 1.0, 1.0, 0.0, 1.0, 0.0, 2.0, 0.0, 0.0, 1.0, 1.0, 12.0, 3.0, 3.0, 46648], [46649, 1.0, 1.0, 1.0, 25.0, 1.0, 0.0, 0.0, 1.0, 1.0, 1.0, 0.0, 1.0, 0.0, 3.0, 0.0, 0.0, 0.0, 0.0, 11.0, 4.0, 3.0, 46649], [46656, 1.0, 1.0, 1.0, 24.0, 1.0, 1.0, 0.0, 0.0, 1.0, 1.0, 0.0, 1.0, 0.0, 4.0, 0.0, 0.0, 1.0, 0.0, 13.0, 4.0, 1.0, 46656], [46659, 1.0, 0.0, 1.0, 28.0, 0.0, 0.0, 0.0, 0.0, 1.0, 1.0, 0.0, 1.0, 0.0, 4.0, 0.0, 1.0, 0.0, 1.0, 12.0, 4.0, 3.0, 46659], [46662, 1.0, 1.0, 1.0, 40.0, 0.0, 0.0, 0.0, 1.0, 0.0, 0.0, 0.0, 1.0, 0.0, 3.0, 0.0, 2.0, 0.0, 1.0, 10.0, 6.0, 6.0, 46662], [46663, 1.0, 0.0, 1.0, 34.0, 1.0, 0.0, 0.0, 1.0, 1.0, 1.0, 0.0, 1.0, 0.0, 3.0, 0.0, 0.0, 1.0, 1.0, 11.0, 4.0, 6.0, 46663], [46664, 1.0, 1.0, 1.0, 30.0, 1.0, 0.0, 0.0, 1.0, 1.0, 0.0, 0.0, 1.0, 0.0, 4.0, 0.0, 7.0, 0.0, 1.0, 10.0, 5.0, 2.0, 46664], [46665, 1.0, 1.0, 1.0, 29.0, 0.0, 0.0, 0.0, 0.0, 1.0, 1.0, 0.0, 1.0, 0.0, 5.0, 0.0, 0.0, 0.0, 0.0, 10.0, 6.0, 7.0, 46665], [46666, 1.0, 0.0, 1.0, 26.0, 1.0, 1.0, 0.0, 1.0, 1.0, 1.0, 0.0, 1.0, 0.0, 3.0, 4.0, 0.0, 1.0, 0.0, 11.0, 5.0, 6.0, 46666]]}}","{""predictions"": [1.0, 1.0, 1.0, 1.0, 0.0, 0.0, 0.0, 1.0, 1.0, 0.0]}",1,"{""model_name"":""labuser70609094f_monitor_demo4f.default.diabetes_model"",""endpoint_name"":""labuser70609094f_endpoint"",""model_version"":""1""}"
null,820519f2-1fd3-4a20-9d82-af9e0034c21d,2024-07-08,1720444894555,200,4,"{""dataframe_split"": {""index"": [17370, 17371, 17372, 17373, 17374, 17375, 17376, 17377, 17378, 17379], ""columns"": [""index"", ""HighBP"", ""HighChol"", ""CholCheck"", ""BMI"", ""Smoker"", ""Stroke"", ""HeartDiseaseorAttack"", ""PhysActivity"", ""Fruits"", ""Veggies"", ""HvyAlcoholConsump"", ""AnyHealthcare"", ""NoDocbcCost"", ""GenHlth"", ""MentHlth"", ""PhysHlth"", ""DiffWalk"", ""Sex"", ""Age"", ""Education"", ""Income"", ""id""], ""data"": [[46790, 1.0, 0.0, 1.0, 45.0, 1.0, 0.0, 1.0, 0.0, 0.0, 1.0, 0.0, 1.0, 0.0, 4.0, 0.0, 0.0, 1.0, 1.0, 12.0, 6.0, 6.0, 46790], [46800, 1.0, 1.0, 1.0, 28.0, 1.0, 0.0, 0.0, 0.0, 1.0, 0.0, 0.0, 1.0, 0.0, 3.0, 15.0, 0.0, 0.0, 0.0, 10.0, 4.0, 3.0, 46800], [46802, 1.0, 1.0, 1.0, 32.0, 0.0, 0.0, 0.0, 0.0, 0.0, 0.0, 0.0, 1.0, 0.0, 4.0, 14.0, 30.0, 1.0, 0.0, 11.0, 5.0, 1.0, 46802], [46804, 1.0, 1.0, 1.0, 45.0, 1.0, 0.0, 1.0, 1.0, 1.0, 1.0, 0.0, 1.0, 0.0, 3.0, 3.0, 15.0, 1.0, 0.0, 11.0, 5.0, 2.0, 46804], [46810, 1.0, 0.0, 1.0, 30.0, 1.0, 0.0, 1.0, 0.0, 0.0, 1.0, 0.0, 1.0, 0.0, 3.0, 0.0, 0.0, 0.0, 0.0, 10.0, 4.0, 1.0, 46810], [46814, 1.0, 1.0, 1.0, 24.0, 1.0, 0.0, 1.0, 0.0, 0.0, 1.0, 0.0, 1.0, 0.0, 3.0, 0.0, 0.0, 0.0, 0.0, 11.0, 4.0, 4.0, 46814], [46815, 1.0, 1.0, 1.0, 30.0, 0.0, 0.0, 0.0, 1.0, 0.0, 1.0, 0.0, 1.0, 0.0, 4.0, 30.0, 30.0, 1.0, 0.0, 10.0, 3.0, 2.0, 46815], [46821, 1.0, 1.0, 1.0, 27.0, 1.0, 0.0, 0.0, 1.0, 1.0, 0.0, 0.0, 1.0, 0.0, 4.0, 0.0, 0.0, 1.0, 1.0, 13.0, 5.0, 4.0, 46821], [46822, 1.0, 0.0, 1.0, 27.0, 0.0, 0.0, 1.0, 0.0, 1.0, 1.0, 0.0, 1.0, 0.0, 4.0, 15.0, 3.0, 1.0, 0.0, 10.0, 5.0, 7.0, 46822], [46823, 1.0, 1.0, 1.0, 27.0, 0.0, 0.0, 0.0, 1.0, 1.0, 1.0, 0.0, 1.0, 0.0, 3.0, 0.0, 0.0, 0.0, 1.0, 10.0, 6.0, 7.0, 46823]]}}","{""predictions"": [1.0, 1.0, 1.0, 1.0, 0.0, 0.0, 0.0, 0.0, 1.0, 1.0]}",1,"{""model_name"":""labuser70609094f_monitor_demo4f.default.diabetes_model"",""endpoint_name"":""labuser70609094f_endpoint"",""model_version"":""1""}"
null,24ec35b5-fdb1-9582-8aed-fff35a8b0fb0,2024-07-08,1720444894735,200,4,"{""dataframe_split"": {""index"": [17430, 17431, 17432, 17433, 17434, 17435, 17436, 17437, 17438, 17439], ""columns"": [""index"", ""HighBP"", ""HighChol"", ""CholCheck"", ""BMI"", ""Smoker"", ""Stroke"", ""HeartDiseaseorAttack"", ""PhysActivity"", ""Fruits"", ""Veggies"", ""HvyAlcoholConsump"", ""AnyHealthcare"", ""NoDocbcCost"", ""GenHlth"", ""MentHlth"", ""PhysHlth"", ""DiffWalk"", ""Sex"", ""Age"", ""Education"", ""Income"", ""id""], ""data"": [[46983, 1.0, 1.0, 1.0, 36.0, 0.0, 0.0, 0.0, 0.0, 1.0, 1.0, 0.0, 1.0, 0.0, 4.0, 30.0, 30.0, 0.0, 1.0, 10.0, 5.0, 6.0, 46983], [46984, 1.0, 1.0, 1.0, 32.0, 0.0, 0.0, 0.0, 1.0, 1.0, 1.0, 0.0, 1.0, 0.0, 3.0, 30.0, 30.0, 0.0, 0.0, 11.0, 4.0, 5.0, 46984], [46988, 0.0, 0.0, 1.0, 25.0, 1.0, 0.0, 0.0, 1.0, 1.0, 1.0, 0.0, 1.0, 0.0, 2.0, 0.0, 0.0, 0.0, 1.0, 13.0, 5.0, 7.0, 46988], [46991, 1.0, 1.0, 1.0, 32.0, 1.0, 0.0, 0.0, 1.0, 1.0, 1.0, 0.0, 1.0, 0.0, 2.0, 0.0, 15.0, 0.0, 0.0, 10.0, 5.0, 2.0, 46991], [46994, 1.0, 0.0, 1.0, 34.0, 0.0, 0.0, 0.0, 0.0, 0.0, 0.0, 0.0, 1.0, 0.0, 4.0, 0.0, 0.0, 0.0, 1.0, 12.0, 3.0, 5.0, 46994], [46995, 1.0, 1.0, 1.0, 31.0, 0.0, 1.0, 1.0, 1.0, 0.0, 1.0, 0.0, 1.0, 0.0, 5.0, 0.0, 30.0, 1.0, 1.0, 11.0, 4.0, 4.0, 46995], [46996, 1.0, 1.0, 1.0, 41.0, 0.0, 0.0, 0.0, 1.0, 1.0, 0.0, 0.0, 1.0, 0.0, 4.0, 0.0, 30.0, 0.0, 0.0, 13.0, 6.0, 5.0, 46996], [46999, 1.0, 0.0, 1.0, 34.0, 0.0, 0.0, 0.0, 0.0, 1.0, 0.0, 0.0, 1.0, 0.0, 3.0, 0.0, 0.0, 0.0, 1.0, 12.0, 3.0, 4.0, 46999], [47000, 1.0, 1.0, 1.0, 20.0, 0.0, 1.0, 0.0, 1.0, 1.0, 1.0, 0.0, 1.0, 0.0, 3.0, 0.0, 0.0, 0.0, 0.0, 13.0, 4.0, 2.0, 47000], [47001, 0.0, 0.0, 1.0, 38.0, 0.0, 0.0, 1.0, 0.0, 1.0, 1.0, 0.0, 1.0, 0.0, 5.0, 7.0, 30.0, 1.0, 0.0, 11.0, 2.0, 2.0, 47001]]}}","{""predictions"": [1.0, 1.0, 0.0, 1.0, 1.0, 1.0, 1.0, 1.0, 0.0, 1.0]}",1,"{""model_name"":""labuser70609094f_monitor_demo4f.default.diabetes_model"",""endpoint_name"":""labuser70609094f_endpoint"",""model_version"":""1""}"
null,34a2f222-e1ca-4a62-b708-0ed6c5fda559,2024-07-08,1720444894763,200,4,"{""dataframe_split"": {""index"": [17440, 17441, 17442, 17443, 17444, 17445, 17446, 17447, 17448, 17449], ""columns"": [""index"", ""HighBP"", ""HighChol"", ""CholCheck"", ""BMI"", ""Smoker"", ""Stroke"", ""HeartDiseaseorAttack"", ""PhysActivity"", ""Fruits"", ""Veggies"", ""HvyAlcoholConsump"", ""AnyHealthcare"", ""NoDocbcCost"", ""GenHlth"", ""MentHlth"", ""PhysHlth"", ""DiffWalk"", ""Sex"", ""Age"", ""Education"", ""Income"", ""id""], ""data"": [[47002, 0.0, 0.0, 1.0, 22.0, 0.0, 0.0, 0.0, 1.0, 1.0, 1.0, 0.0, 1.0, 0.0, 4.0, 3.0, 2.0, 0.0, 0.0, 12.0, 4.0, 1.0, 47002], [47003, 1.0, 1.0, 1.0, 33.0, 0.0, 0.0, 0.0, 1.0, 0.0, 1.0, 0.0, 1.0, 0.0, 3.0, 0.0, 0.0, 0.0, 1.0, 10.0, 5.0, 7.0, 47003], [47008, 1.0, 1.0, 1.0, 28.0, 1.0, 0.0, 1.0, 0.0, 1.0, 1.0, 0.0, 1.0, 0.0, 2.0, 4.0, 7.0, 0.0, 0.0, 10.0, 6.0, 4.0, 47008], [47009, 1.0, 0.0, 1.0, 28.0, 1.0, 1.0, 1.0, 0.0, 1.0, 1.0, 0.0, 1.0, 0.0, 3.0, 10.0, 0.0, 0.0, 0.0, 13.0, 4.0, 5.0, 47009], [47010, 1.0, 0.0, 1.0, 43.0, 0.0, 0.0, 0.0, 1.0, 1.0, 1.0, 0.0, 1.0, 0.0, 2.0, 0.0, 2.0, 0.0, 0.0, 11.0, 5.0, 6.0, 47010], [47011, 0.0, 1.0, 1.0, 34.0, 1.0, 0.0, 0.0, 0.0, 0.0, 1.0, 0.0, 1.0, 0.0, 2.0, 0.0, 0.0, 1.0, 0.0, 11.0, 4.0, 6.0, 47011], [47013, 1.0, 1.0, 1.0, 34.0, 1.0, 0.0, 1.0, 1.0, 1.0, 0.0, 0.0, 1.0, 0.0, 4.0, 30.0, 8.0, 1.0, 0.0, 11.0, 4.0, 5.0, 47013], [47015, 1.0, 1.0, 1.0, 35.0, 1.0, 0.0, 0.0, 1.0, 0.0, 1.0, 0.0, 1.0, 0.0, 2.0, 0.0, 0.0, 0.0, 1.0, 12.0, 4.0, 6.0, 47015], [47018, 1.0, 1.0, 1.0, 31.0, 0.0, 0.0, 0.0, 0.0, 0.0, 1.0, 0.0, 1.0, 0.0, 2.0, 0.0, 0.0, 0.0, 0.0, 13.0, 5.0, 5.0, 47018], [47019, 1.0, 1.0, 1.0, 36.0, 0.0, 0.0, 1.0, 1.0, 0.0, 0.0, 0.0, 1.0, 0.0, 4.0, 0.0, 14.0, 1.0, 0.0, 11.0, 5.0, 4.0, 47019]]}}","{""predictions"": [0.0, 0.0, 0.0, 1.0, 1.0, 1.0, 1.0, 0.0, 1.0, 1.0]}",1,"{""model_name"":""labuser70609094f_monitor_demo4f.default.diabetes_model"",""endpoint_name"":""labuser70609094f_endpoint"",""model_version"":""1""}"
null,99df7c6e-b963-4a4d-8cf0-d2a9efe5cea4,2024-07-08,1720444894793,200,4,"{""dataframe_split"": {""index"": [17450, 17451, 17452, 17453, 17454, 17455, 17456, 17457, 17458, 17459], ""columns"": [""index"", ""HighBP"", ""HighChol"", ""CholCheck"", ""BMI"", ""Smoker"", ""Stroke"", ""HeartDiseaseorAttack"", ""PhysActivity"", ""Fruits"", ""Veggies"", ""HvyAlcoholConsump"", ""AnyHealthcare"", ""NoDocbcCost"", ""GenHlth"", ""MentHlth"", ""PhysHlth"", ""DiffWalk"", ""Sex"", ""Age"", ""Education"", ""Income"", ""id""], ""data"": [[47021, 1.0, 1.0, 1.0, 26.0, 0.0, 0.0, 1.0, 0.0, 1.0, 1.0, 0.0, 1.0, 0.0, 3.0, 0.0, 30.0, 1.0, 0.0, 12.0, 4.0, 5.0, 47021], [47022, 0.0, 0.0, 1.0, 23.0, 0.0, 0.0, 0.0, 1.0, 1.0, 0.0, 0.0, 1.0, 0.0, 3.0, 5.0, 10.0, 0.0, 0.0, 13.0, 4.0, 2.0, 47022], [47023, 1.0, 1.0, 1.0, 29.0, 1.0, 0.0, 1.0, 1.0, 1.0, 1.0, 0.0, 1.0, 0.0, 3.0, 30.0, 0.0, 1.0, 1.0, 10.0, 4.0, 6.0, 47023], [47024, 1.0, 0.0, 1.0, 28.0, 1.0, 0.0, 0.0, 1.0, 0.0, 1.0, 0.0, 1.0, 0.0, 3.0, 4.0, 7.0, 0.0, 1.0, 11.0, 4.0, 7.0, 47024], [47025, 1.0, 1.0, 1.0, 33.0, 0.0, 0.0, 0.0, 1.0, 0.0, 0.0, 0.0, 1.0, 0.0, 2.0, 0.0, 0.0, 0.0, 1.0, 10.0, 6.0, 7.0, 47025], [47027, 1.0, 1.0, 1.0, 31.0, 0.0, 0.0, 1.0, 0.0, 0.0, 1.0, 0.0, 1.0, 0.0, 4.0, 3.0, 10.0, 1.0, 1.0, 10.0, 5.0, 4.0, 47027], [47029, 1.0, 1.0, 1.0, 28.0, 0.0, 0.0, 0.0, 1.0, 0.0, 0.0, 0.0, 1.0, 0.0, 4.0, 2.0, 5.0, 0.0, 0.0, 10.0, 6.0, 6.0, 47029], [47030, 1.0, 1.0, 1.0, 32.0, 1.0, 0.0, 0.0, 0.0, 0.0, 1.0, 0.0, 1.0, 0.0, 2.0, 0.0, 0.0, 1.0, 0.0, 13.0, 4.0, 5.0, 47030], [47031, 1.0, 1.0, 1.0, 32.0, 0.0, 0.0, 0.0, 0.0, 1.0, 1.0, 0.0, 1.0, 0.0, 2.0, 0.0, 0.0, 0.0, 0.0, 11.0, 6.0, 5.0, 47031], [47032, 0.0, 1.0, 1.0, 35.0, 1.0, 0.0, 0.0, 0.0, 0.0, 0.0, 0.0, 1.0, 0.0, 5.0, 10.0, 15.0, 1.0, 0.0, 12.0, 3.0, 3.0, 47032]]}}","{""predictions"": [1.0, 1.0, 0.0, 0.0, 0.0, 1.0, 1.0, 1.0, 1.0, 1.0]}",1,"{""model_name"":""labuser70609094f_monitor_demo4f.default.diabetes_model"",""endpoint_name"":""labuser70609094f_endpoint"",""model_version"":""1""}"
null,40a2c3d6-848b-454b-b773-74be433af18f,2024-07-08,1720444894905,200,4,"{""dataframe_split"": {""index"": [17490, 17491, 17492, 17493, 17494, 17495, 17496, 17497, 17498, 17499], ""columns"": [""index"", ""HighBP"", ""HighChol"", ""CholCheck"", ""BMI"", ""Smoker"", ""Stroke"", ""HeartDiseaseorAttack"", ""PhysActivity"", ""Fruits"", ""Veggies"", ""HvyAlcoholConsump"", ""AnyHealthcare"", ""NoDocbcCost"", ""GenHlth"", ""MentHlth"", ""PhysHlth"", ""DiffWalk"", ""Sex"", ""Age"", ""Education"", ""Income"", ""id""], ""data"": [[47083, 1.0, 0.0, 1.0, 31.0, 0.0, 0.0, 0.0, 1.0, 1.0, 1.0, 0.0, 1.0, 0.0, 3.0, 0.0, 1.0, 0.0, 0.0, 10.0, 6.0, 8.0, 47083], [47084, 1.0, 1.0, 1.0, 27.0, 1.0, 0.0, 0.0, 1.0, 1.0, 1.0, 0.0, 1.0, 0.0, 4.0, 0.0, 14.0, 0.0, 0.0, 10.0, 5.0, 4.0, 47084], [47085, 0.0, 1.0, 1.0, 26.0, 1.0, 0.0, 0.0, 0.0, 1.0, 1.0, 0.0, 1.0, 0.0, 2.0, 3.0, 0.0, 0.0, 1.0, 13.0, 5.0, 6.0, 47085], [47086, 1.0, 1.0, 1.0, 26.0, 0.0, 0.0, 0.0, 1.0, 1.0, 0.0, 0.0, 1.0, 0.0, 4.0, 0.0, 0.0, 1.0, 0.0, 12.0, 6.0, 4.0, 47086], [47087, 1.0, 1.0, 1.0, 32.0, 1.0, 0.0, 0.0, 0.0, 0.0, 0.0, 0.0, 1.0, 0.0, 4.0, 0.0, 0.0, 0.0, 0.0, 11.0, 2.0, 2.0, 47087], [47089, 1.0, 1.0, 1.0, 33.0, 1.0, 1.0, 1.0, 1.0, 0.0, 1.0, 0.0, 1.0, 0.0, 4.0, 0.0, 0.0, 1.0, 1.0, 11.0, 6.0, 7.0, 47089], [47090, 1.0, 0.0, 1.0, 33.0, 0.0, 0.0, 0.0, 1.0, 0.0, 1.0, 0.0, 1.0, 0.0, 4.0, 0.0, 0.0, 1.0, 0.0, 12.0, 2.0, 3.0, 47090], [47096, 1.0, 1.0, 1.0, 32.0, 0.0, 0.0, 1.0, 1.0, 1.0, 1.0, 0.0, 1.0, 0.0, 5.0, 0.0, 4.0, 1.0, 1.0, 11.0, 6.0, 7.0, 47096], [47098, 1.0, 1.0, 1.0, 34.0, 1.0, 0.0, 0.0, 0.0, 1.0, 0.0, 0.0, 1.0, 0.0, 4.0, 0.0, 0.0, 1.0, 0.0, 11.0, 6.0, 7.0, 47098], [47101, 1.0, 1.0, 1.0, 27.0, 1.0, 0.0, 0.0, 1.0, 1.0, 0.0, 0.0, 1.0, 0.0, 4.0, 0.0, 0.0, 0.0, 1.0, 10.0, 3.0, 3.0, 47101]]}}","{""predictions"": [0.0, 0.0, 0.0, 1.0, 0.0, 1.0, 1.0, 1.0, 1.0, 0.0]}",1,"{""model_name"":""labuser70609094f_monitor_demo4f.default.diabetes_model"",""endpoint_name"":""labuser70609094f_endpoint"",""model_version"":""1""}"
null,c16b52a3-6373-4f86-9417-948e7706db28,2024-07-08,1720444894933,200,4,"{""dataframe_split"": {""index"": [17500, 17501, 17502, 17503, 17504, 17505, 17506, 17507, 17508, 17509], ""columns"": [""index"", ""HighBP"", ""HighChol"", ""CholCheck"", ""BMI"", ""Smoker"", ""Stroke"", ""HeartDiseaseorAttack"", ""PhysActivity"", ""Fruits"", ""Veggies"", ""HvyAlcoholConsump"", ""AnyHealthcare"", ""NoDocbcCost"", ""GenHlth"", ""MentHlth"", ""PhysHlth"", ""DiffWalk"", ""Sex"", ""Age"", ""Education"", ""Income"", ""id""], ""data"": [[47102, 1.0, 1.0, 1.0, 36.0, 1.0, 1.0, 1.0, 0.0, 1.0, 1.0, 0.0, 1.0, 0.0, 5.0, 0.0, 30.0, 1.0, 1.0, 10.0, 4.0, 5.0, 47102], [47103, 1.0, 0.0, 1.0, 30.0, 0.0, 1.0, 0.0, 0.0, 1.0, 1.0, 0.0, 1.0, 0.0, 4.0, 0.0, 30.0, 0.0, 1.0, 12.0, 4.0, 4.0, 47103], [47105, 1.0, 1.0, 1.0, 42.0, 1.0, 0.0, 1.0, 0.0, 0.0, 0.0, 0.0, 1.0, 0.0, 5.0, 0.0, 1.0, 0.0, 0.0, 11.0, 5.0, 2.0, 47105], [47106, 1.0, 0.0, 1.0, 31.0, 0.0, 0.0, 0.0, 0.0, 1.0, 0.0, 0.0, 1.0, 0.0, 2.0, 0.0, 1.0, 0.0, 0.0, 12.0, 6.0, 6.0, 47106], [47107, 0.0, 1.0, 1.0, 27.0, 1.0, 0.0, 0.0, 0.0, 1.0, 0.0, 0.0, 1.0, 0.0, 3.0, 0.0, 0.0, 0.0, 0.0, 11.0, 4.0, 3.0, 47107], [47109, 1.0, 0.0, 1.0, 29.0, 0.0, 0.0, 0.0, 1.0, 1.0, 1.0, 0.0, 1.0, 0.0, 2.0, 0.0, 0.0, 0.0, 0.0, 10.0, 6.0, 3.0, 47109], [47110, 1.0, 1.0, 1.0, 31.0, 1.0, 0.0, 0.0, 1.0, 1.0, 1.0, 0.0, 1.0, 0.0, 3.0, 0.0, 0.0, 0.0, 0.0, 10.0, 6.0, 7.0, 47110], [47111, 1.0, 1.0, 1.0, 28.0, 0.0, 0.0, 1.0, 1.0, 1.0, 1.0, 0.0, 1.0, 0.0, 4.0, 5.0, 3.0, 0.0, 0.0, 13.0, 3.0, 2.0, 47111], [47114, 1.0, 1.0, 1.0, 27.0, 1.0, 0.0, 0.0, 1.0, 1.0, 1.0, 0.0, 1.0, 0.0, 3.0, 0.0, 0.0, 1.0, 0.0, 13.0, 6.0, 7.0, 47114], [47116, 1.0, 1.0, 1.0, 32.0, 0.0, 0.0, 0.0, 1.0, 1.0, 1.0, 0.0, 1.0, 0.0, 2.0, 0.0, 0.0, 0.0, 0.0, 11.0, 5.0, 7.0, 47116]]}}","{""predictions"": [1.0, 1.0, 1.0, 1.0, 1.0, 0.0, 0.0, 1.0, 1.0, 1.0]}",1,"{""model_name"":""labuser70609094f_monitor_demo4f.default.diabetes_model"",""endpoint_name"":""labuser70609094f_endpoint"",""model_version"":""1""}"
null,857870fc-9e0e-4f0b-89dc-9af2569b1a6c,2024-07-08,1720444894965,200,4,"{""dataframe_split"": {""index"": [17510, 17511, 17512, 17513, 17514, 17515, 17516, 17517, 17518, 17519], ""columns"": [""index"", ""HighBP"", ""HighChol"", ""CholCheck"", ""BMI"", ""Smoker"", ""Stroke"", ""HeartDiseaseorAttack"", ""PhysActivity"", ""Fruits"", ""Veggies"", ""HvyAlcoholConsump"", ""AnyHealthcare"", ""NoDocbcCost"", ""GenHlth"", ""MentHlth"", ""PhysHlth"", ""DiffWalk"", ""Sex"", ""Age"", ""Education"", ""Income"", ""id""], ""data"": [[47117, 1.0, 0.0, 1.0, 27.0, 0.0, 0.0, 0.0, 1.0, 1.0, 1.0, 0.0, 1.0, 0.0, 3.0, 15.0, 3.0, 0.0, 0.0, 11.0, 6.0, 5.0, 47117], [47119, 1.0, 0.0, 1.0, 30.0, 1.0, 0.0, 0.0, 0.0, 0.0, 0.0, 0.0, 1.0, 0.0, 3.0, 0.0, 0.0, 1.0, 1.0, 13.0, 2.0, 1.0, 47119], [47120, 0.0, 0.0, 1.0, 22.0, 0.0, 0.0, 0.0, 0.0, 0.0, 1.0, 0.0, 1.0, 0.0, 2.0, 0.0, 3.0, 0.0, 1.0, 11.0, 6.0, 8.0, 47120], [47123, 1.0, 0.0, 1.0, 22.0, 0.0, 1.0, 1.0, 1.0, 1.0, 0.0, 0.0, 1.0, 0.0, 5.0, 0.0, 30.0, 1.0, 0.0, 13.0, 4.0, 4.0, 47123], [47124, 1.0, 1.0, 1.0, 33.0, 1.0, 1.0, 1.0, 1.0, 1.0, 1.0, 0.0, 1.0, 0.0, 2.0, 0.0, 0.0, 0.0, 1.0, 11.0, 6.0, 8.0, 47124], [47125, 1.0, 1.0, 1.0, 26.0, 0.0, 0.0, 0.0, 1.0, 1.0, 0.0, 0.0, 1.0, 0.0, 3.0, 0.0, 3.0, 0.0, 1.0, 10.0, 4.0, 3.0, 47125], [47126, 1.0, 1.0, 1.0, 22.0, 1.0, 0.0, 0.0, 1.0, 0.0, 1.0, 0.0, 1.0, 0.0, 5.0, 0.0, 15.0, 1.0, 0.0, 13.0, 4.0, 3.0, 47126], [47127, 0.0, 0.0, 1.0, 34.0, 1.0, 0.0, 0.0, 1.0, 0.0, 1.0, 0.0, 1.0, 0.0, 2.0, 0.0, 0.0, 0.0, 1.0, 12.0, 6.0, 8.0, 47127], [47128, 1.0, 1.0, 1.0, 34.0, 1.0, 0.0, 0.0, 0.0, 0.0, 1.0, 0.0, 1.0, 0.0, 3.0, 4.0, 30.0, 1.0, 0.0, 10.0, 6.0, 5.0, 47128], [47129, 1.0, 1.0, 1.0, 50.0, 0.0, 0.0, 0.0, 0.0, 1.0, 1.0, 0.0, 1.0, 0.0, 4.0, 3.0, 5.0, 1.0, 1.0, 10.0, 6.0, 5.0, 47129]]}}","{""predictions"": [0.0, 1.0, 0.0, 1.0, 1.0, 1.0, 1.0, 0.0, 1.0, 1.0]}",1,"{""model_name"":""labuser70609094f_monitor_demo4f.default.diabetes_model"",""endpoint_name"":""labuser70609094f_endpoint"",""model_version"":""1""}"
null,1aa03aad-dab2-44b8-8e84-1c1f3ecea7ed,2024-07-08,1720444894995,200,4,"{""dataframe_split"": {""index"": [17520, 17521, 17522, 17523, 17524, 17525, 17526, 17527, 17528, 17529], ""columns"": [""index"", ""HighBP"", ""HighChol"", ""CholCheck"", ""BMI"", ""Smoker"", ""Stroke"", ""HeartDiseaseorAttack"", ""PhysActivity"", ""Fruits"", ""Veggies"", ""HvyAlcoholConsump"", ""AnyHealthcare"", ""NoDocbcCost"", ""GenHlth"", ""MentHlth"", ""PhysHlth"", ""DiffWalk"", ""Sex"", ""Age"", ""Education"", ""Income"", ""id""], ""data"": [[47131, 1.0, 0.0, 1.0, 25.0, 1.0, 0.0, 1.0, 1.0, 0.0, 0.0, 0.0, 1.0, 0.0, 5.0, 0.0, 15.0, 1.0, 1.0, 13.0, 2.0, 4.0, 47131], [47133, 1.0, 1.0, 1.0, 24.0, 0.0, 0.0, 0.0, 1.0, 1.0, 1.0, 0.0, 1.0, 0.0, 3.0, 0.0, 0.0, 0.0, 0.0, 12.0, 3.0, 2.0, 47133], [47134, 1.0, 1.0, 1.0, 23.0, 0.0, 1.0, 0.0, 0.0, 1.0, 0.0, 0.0, 1.0, 0.0, 3.0, 0.0, 30.0, 1.0, 0.0, 13.0, 3.0, 1.0, 47134], [47136, 1.0, 0.0, 1.0, 31.0, 1.0, 0.0, 0.0, 0.0, 1.0, 1.0, 0.0, 1.0, 0.0, 5.0, 7.0, 30.0, 1.0, 1.0, 13.0, 3.0, 3.0, 47136], [47141, 0.0, 0.0, 1.0, 27.0, 1.0, 0.0, 0.0, 1.0, 0.0, 1.0, 0.0, 1.0, 0.0, 3.0, 0.0, 4.0, 0.0, 0.0, 10.0, 3.0, 3.0, 47141], [47142, 1.0, 1.0, 1.0, 42.0, 0.0, 0.0, 0.0, 1.0, 1.0, 1.0, 0.0, 1.0, 0.0, 5.0, 14.0, 30.0, 1.0, 0.0, 10.0, 4.0, 6.0, 47142], [47143, 1.0, 1.0, 1.0, 38.0, 1.0, 0.0, 1.0, 0.0, 1.0, 1.0, 0.0, 1.0, 1.0, 4.0, 14.0, 30.0, 1.0, 0.0, 10.0, 5.0, 2.0, 47143], [47147, 1.0, 1.0, 1.0, 25.0, 0.0, 0.0, 0.0, 1.0, 0.0, 0.0, 0.0, 1.0, 0.0, 3.0, 0.0, 0.0, 0.0, 0.0, 11.0, 5.0, 3.0, 47147], [47148, 1.0, 1.0, 1.0, 32.0, 1.0, 0.0, 0.0, 0.0, 1.0, 1.0, 0.0, 1.0, 0.0, 4.0, 0.0, 30.0, 1.0, 0.0, 11.0, 4.0, 4.0, 47148], [47149, 1.0, 0.0, 1.0, 34.0, 1.0, 0.0, 1.0, 1.0, 1.0, 1.0, 0.0, 1.0, 0.0, 5.0, 0.0, 30.0, 1.0, 1.0, 12.0, 4.0, 6.0, 47149]]}}","{""predictions"": [1.0, 1.0, 0.0, 1.0, 1.0, 1.0, 1.0, 1.0, 1.0, 1.0]}",1,"{""model_name"":""labuser70609094f_monitor_demo4f.default.diabetes_model"",""endpoint_name"":""labuser70609094f_endpoint"",""model_version"":""1""}"
null,4c378596-2ef8-45a5-bfef-8be6f5454279,2024-07-08,1720444895081,200,4,"{""dataframe_split"": {""index"": [17550, 17551, 17552, 17553, 17554, 17555, 17556, 17557, 17558, 17559], ""columns"": [""index"", ""HighBP"", ""HighChol"", ""CholCheck"", ""BMI"", ""Smoker"", ""Stroke"", ""HeartDiseaseorAttack"", ""PhysActivity"", ""Fruits"", ""Veggies"", ""HvyAlcoholConsump"", ""AnyHealthcare"", ""NoDocbcCost"", ""GenHlth"", ""MentHlth"", ""PhysHlth"", ""DiffWalk"", ""Sex"", ""Age"", ""Education"", ""Income"", ""id""], ""data"": [[47186, 0.0, 0.0, 1.0, 27.0, 0.0, 0.0, 0.0, 1.0, 1.0, 1.0, 0.0, 1.0, 0.0, 4.0, 5.0, 3.0, 1.0, 1.0, 12.0, 5.0, 6.0, 47186], [47187, 1.0, 1.0, 1.0, 29.0, 1.0, 0.0, 1.0, 1.0, 0.0, 1.0, 0.0, 1.0, 0.0, 2.0, 10.0, 0.0, 0.0, 1.0, 11.0, 5.0, 8.0, 47187], [47189, 0.0, 1.0, 1.0, 40.0, 0.0, 0.0, 0.0, 0.0, 0.0, 0.0, 0.0, 1.0, 0.0, 3.0, 0.0, 0.0, 0.0, 0.0, 10.0, 6.0, 5.0, 47189], [47190, 1.0, 0.0, 1.0, 31.0, 0.0, 0.0, 0.0, 0.0, 1.0, 1.0, 0.0, 1.0, 0.0, 2.0, 0.0, 0.0, 0.0, 1.0, 13.0, 4.0, 5.0, 47190], [47192, 1.0, 1.0, 1.0, 26.0, 0.0, 0.0, 0.0, 1.0, 0.0, 1.0, 0.0, 1.0, 0.0, 3.0, 0.0, 0.0, 0.0, 0.0, 13.0, 4.0, 7.0, 47192], [47196, 1.0, 1.0, 1.0, 35.0, 1.0, 0.0, 0.0, 1.0, 1.0, 1.0, 0.0, 1.0, 0.0, 3.0, 0.0, 0.0, 0.0, 1.0, 10.0, 4.0, 8.0, 47196], [47197, 1.0, 1.0, 1.0, 32.0, 0.0, 1.0, 1.0, 0.0, 0.0, 1.0, 0.0, 0.0, 1.0, 5.0, 15.0, 30.0, 1.0, 1.0, 12.0, 2.0, 5.0, 47197], [47199, 1.0, 1.0, 1.0, 36.0, 1.0, 0.0, 0.0, 1.0, 0.0, 1.0, 0.0, 1.0, 0.0, 3.0, 0.0, 0.0, 0.0, 1.0, 11.0, 4.0, 3.0, 47199], [47200, 1.0, 1.0, 1.0, 32.0, 0.0, 0.0, 0.0, 1.0, 0.0, 1.0, 0.0, 1.0, 0.0, 3.0, 0.0, 0.0, 0.0, 1.0, 11.0, 6.0, 7.0, 47200], [47202, 0.0, 1.0, 1.0, 27.0, 0.0, 0.0, 1.0, 0.0, 1.0, 1.0, 0.0, 1.0, 0.0, 5.0, 0.0, 30.0, 1.0, 0.0, 13.0, 4.0, 3.0, 47202]]}}","{""predictions"": [1.0, 0.0, 1.0, 0.0, 1.0, 1.0, 1.0, 1.0, 1.0, 0.0]}",1,"{""model_name"":""labuser70609094f_monitor_demo4f.default.diabetes_model"",""endpoint_name"":""labuser70609094f_endpoint"",""model_version"":""1""}"
null,1c8d7258-6204-46bf-98ee-68158a18d8dd,2024-07-08,1720444895110,200,4,"{""dataframe_split"": {""index"": [17560, 17561, 17562, 17563, 17564, 17565, 17566, 17567, 17568, 17569], ""columns"": [""index"", ""HighBP"", ""HighChol"", ""CholCheck"", ""BMI"", ""Smoker"", ""Stroke"", ""HeartDiseaseorAttack"", ""PhysActivity"", ""Fruits"", ""Veggies"", ""HvyAlcoholConsump"", ""AnyHealthcare"", ""NoDocbcCost"", ""GenHlth"", ""MentHlth"", ""PhysHlth"", ""DiffWalk"", ""Sex"", ""Age"", ""Education"", ""Income"", ""id""], ""data"": [[47203, 1.0, 1.0, 1.0, 44.0, 1.0, 1.0, 1.0, 1.0, 0.0, 0.0, 0.0, 1.0, 0.0, 5.0, 0.0, 0.0, 1.0, 0.0, 10.0, 4.0, 5.0, 47203], [47204, 1.0, 1.0, 1.0, 35.0, 0.0, 1.0, 0.0, 1.0, 0.0, 0.0, 0.0, 1.0, 0.0, 4.0, 0.0, 0.0, 0.0, 0.0, 12.0, 5.0, 1.0, 47204], [47205, 1.0, 1.0, 1.0, 32.0, 1.0, 1.0, 0.0, 1.0, 0.0, 1.0, 0.0, 1.0, 0.0, 4.0, 0.0, 0.0, 1.0, 1.0, 13.0, 3.0, 4.0, 47205], [47208, 1.0, 1.0, 1.0, 36.0, 1.0, 1.0, 1.0, 1.0, 1.0, 1.0, 0.0, 1.0, 0.0, 5.0, 16.0, 2.0, 1.0, 0.0, 11.0, 4.0, 3.0, 47208], [47211, 1.0, 1.0, 1.0, 33.0, 0.0, 0.0, 0.0, 1.0, 1.0, 1.0, 0.0, 1.0, 0.0, 3.0, 0.0, 7.0, 0.0, 0.0, 10.0, 6.0, 7.0, 47211], [47212, 1.0, 0.0, 1.0, 29.0, 0.0, 0.0, 0.0, 1.0, 0.0, 0.0, 0.0, 1.0, 0.0, 3.0, 0.0, 3.0, 0.0, 0.0, 11.0, 4.0, 2.0, 47212], [47213, 1.0, 1.0, 1.0, 40.0, 1.0, 0.0, 1.0, 1.0, 1.0, 1.0, 0.0, 1.0, 0.0, 4.0, 0.0, 7.0, 1.0, 0.0, 13.0, 5.0, 3.0, 47213], [47214, 1.0, 0.0, 1.0, 31.0, 1.0, 0.0, 0.0, 1.0, 1.0, 1.0, 0.0, 1.0, 0.0, 2.0, 3.0, 3.0, 0.0, 1.0, 12.0, 5.0, 6.0, 47214], [47219, 1.0, 1.0, 1.0, 25.0, 1.0, 1.0, 1.0, 0.0, 1.0, 0.0, 0.0, 1.0, 0.0, 4.0, 30.0, 10.0, 0.0, 1.0, 13.0, 5.0, 5.0, 47219], [47220, 1.0, 1.0, 1.0, 50.0, 0.0, 0.0, 0.0, 1.0, 1.0, 0.0, 0.0, 1.0, 0.0, 4.0, 5.0, 0.0, 0.0, 0.0, 13.0, 2.0, 7.0, 47220]]}}","{""predictions"": [1.0, 1.0, 0.0, 1.0, 1.0, 1.0, 1.0, 0.0, 0.0, 1.0]}",1,"{""model_name"":""labuser70609094f_monitor_demo4f.default.diabetes_model"",""endpoint_name"":""labuser70609094f_endpoint"",""model_version"":""1""}"
null,1f9855b7-72d6-4fad-bc17-1dc49abbe1bb,2024-07-08,1720444895138,200,4,"{""dataframe_split"": {""index"": [17570, 17571, 17572, 17573, 17574, 17575, 17576, 17577, 17578, 17579], ""columns"": [""index"", ""HighBP"", ""HighChol"", ""CholCheck"", ""BMI"", ""Smoker"", ""Stroke"", ""HeartDiseaseorAttack"", ""PhysActivity"", ""Fruits"", ""Veggies"", ""HvyAlcoholConsump"", ""AnyHealthcare"", ""NoDocbcCost"", ""GenHlth"", ""MentHlth"", ""PhysHlth"", ""DiffWalk"", ""Sex"", ""Age"", ""Education"", ""Income"", ""id""], ""data"": [[47221, 1.0, 1.0, 1.0, 29.0, 1.0, 0.0, 0.0, 0.0, 1.0, 1.0, 0.0, 1.0, 0.0, 4.0, 0.0, 0.0, 0.0, 1.0, 10.0, 5.0, 4.0, 47221], [47223, 1.0, 1.0, 1.0, 27.0, 1.0, 0.0, 0.0, 0.0, 0.0, 0.0, 0.0, 1.0, 0.0, 3.0, 0.0, 14.0, 1.0, 0.0, 11.0, 4.0, 7.0, 47223], [47224, 1.0, 1.0, 1.0, 30.0, 0.0, 0.0, 1.0, 0.0, 1.0, 1.0, 0.0, 1.0, 0.0, 4.0, 0.0, 10.0, 1.0, 0.0, 11.0, 6.0, 6.0, 47224], [47225, 1.0, 1.0, 1.0, 26.0, 0.0, 1.0, 0.0, 0.0, 1.0, 0.0, 0.0, 1.0, 0.0, 4.0, 0.0, 0.0, 0.0, 1.0, 10.0, 4.0, 4.0, 47225], [47227, 0.0, 0.0, 1.0, 23.0, 1.0, 0.0, 1.0, 1.0, 1.0, 1.0, 0.0, 1.0, 0.0, 4.0, 0.0, 0.0, 0.0, 0.0, 12.0, 6.0, 4.0, 47227], [47229, 1.0, 1.0, 1.0, 33.0, 0.0, 0.0, 0.0, 1.0, 1.0, 1.0, 0.0, 1.0, 0.0, 3.0, 5.0, 15.0, 1.0, 1.0, 10.0, 4.0, 4.0, 47229], [47230, 1.0, 1.0, 1.0, 28.0, 1.0, 0.0, 0.0, 1.0, 1.0, 1.0, 0.0, 1.0, 0.0, 3.0, 0.0, 8.0, 0.0, 1.0, 11.0, 6.0, 8.0, 47230], [47232, 1.0, 1.0, 1.0, 31.0, 1.0, 0.0, 0.0, 1.0, 1.0, 1.0, 0.0, 1.0, 0.0, 2.0, 0.0, 0.0, 0.0, 0.0, 11.0, 6.0, 7.0, 47232], [47233, 0.0, 1.0, 1.0, 29.0, 1.0, 0.0, 1.0, 0.0, 0.0, 1.0, 0.0, 1.0, 0.0, 3.0, 0.0, 0.0, 1.0, 0.0, 11.0, 4.0, 4.0, 47233], [47236, 1.0, 1.0, 1.0, 23.0, 1.0, 0.0, 0.0, 1.0, 1.0, 1.0, 0.0, 1.0, 0.0, 3.0, 0.0, 15.0, 1.0, 0.0, 10.0, 4.0, 3.0, 47236]]}}","{""predictions"": [1.0, 1.0, 1.0, 0.0, 1.0, 1.0, 0.0, 0.0, 0.0, 1.0]}",1,"{""model_name"":""labuser70609094f_monitor_demo4f.default.diabetes_model"",""endpoint_name"":""labuser70609094f_endpoint"",""model_version"":""1""}"
null,4989d547-56ce-4165-8d80-1a9ea0222013,2024-07-08,1720444895167,200,4,"{""dataframe_split"": {""index"": [17580, 17581, 17582, 17583, 17584, 17585, 17586, 17587, 17588, 17589], ""columns"": [""index"", ""HighBP"", ""HighChol"", ""CholCheck"", ""BMI"", ""Smoker"", ""Stroke"", ""HeartDiseaseorAttack"", ""PhysActivity"", ""Fruits"", ""Veggies"", ""HvyAlcoholConsump"", ""AnyHealthcare"", ""NoDocbcCost"", ""GenHlth"", ""MentHlth"", ""PhysHlth"", ""DiffWalk"", ""Sex"", ""Age"", ""Education"", ""Income"", ""id""], ""data"": [[47240, 1.0, 1.0, 1.0, 34.0, 1.0, 0.0, 0.0, 0.0, 0.0, 0.0, 0.0, 1.0, 1.0, 5.0, 30.0, 30.0, 1.0, 0.0, 11.0, 4.0, 2.0, 47240], [47243, 1.0, 1.0, 1.0, 33.0, 0.0, 0.0, 0.0, 1.0, 1.0, 1.0, 0.0, 1.0, 0.0, 2.0, 0.0, 0.0, 0.0, 1.0, 10.0, 6.0, 7.0, 47243], [47244, 1.0, 1.0, 1.0, 31.0, 1.0, 0.0, 1.0, 1.0, 1.0, 1.0, 0.0, 1.0, 0.0, 3.0, 0.0, 3.0, 1.0, 1.0, 13.0, 5.0, 6.0, 47244], [47246, 1.0, 1.0, 1.0, 34.0, 0.0, 0.0, 0.0, 0.0, 0.0, 0.0, 0.0, 1.0, 0.0, 4.0, 0.0, 0.0, 1.0, 1.0, 12.0, 4.0, 8.0, 47246], [47249, 1.0, 1.0, 1.0, 30.0, 1.0, 0.0, 0.0, 0.0, 1.0, 1.0, 0.0, 1.0, 0.0, 3.0, 0.0, 2.0, 1.0, 0.0, 10.0, 5.0, 8.0, 47249], [47251, 1.0, 0.0, 1.0, 31.0, 0.0, 0.0, 0.0, 0.0, 0.0, 1.0, 0.0, 1.0, 0.0, 2.0, 0.0, 0.0, 0.0, 0.0, 11.0, 4.0, 6.0, 47251], [47252, 1.0, 1.0, 1.0, 24.0, 1.0, 0.0, 0.0, 1.0, 1.0, 0.0, 0.0, 1.0, 0.0, 3.0, 0.0, 2.0, 0.0, 0.0, 10.0, 5.0, 2.0, 47252], [47254, 1.0, 0.0, 1.0, 32.0, 1.0, 0.0, 0.0, 0.0, 1.0, 1.0, 0.0, 1.0, 0.0, 4.0, 2.0, 15.0, 1.0, 0.0, 10.0, 4.0, 1.0, 47254], [47255, 1.0, 0.0, 1.0, 22.0, 0.0, 0.0, 1.0, 1.0, 1.0, 1.0, 0.0, 1.0, 0.0, 2.0, 0.0, 0.0, 0.0, 0.0, 11.0, 6.0, 5.0, 47255], [47256, 1.0, 1.0, 1.0, 28.0, 0.0, 0.0, 0.0, 0.0, 1.0, 1.0, 0.0, 1.0, 0.0, 3.0, 0.0, 0.0, 0.0, 0.0, 10.0, 4.0, 4.0, 47256]]}}","{""predictions"": [1.0, 1.0, 1.0, 0.0, 1.0, 0.0, 0.0, 1.0, 0.0, 0.0]}",1,"{""model_name"":""labuser70609094f_monitor_demo4f.default.diabetes_model"",""endpoint_name"":""labuser70609094f_endpoint"",""model_version"":""1""}"
null,da46131e-121b-4541-b087-71f9421bd420,2024-07-08,1720444895193,200,4,"{""dataframe_split"": {""index"": [17590, 17591, 17592, 17593, 17594, 17595, 17596, 17597, 17598, 17599], ""columns"": [""index"", ""HighBP"", ""HighChol"", ""CholCheck"", ""BMI"", ""Smoker"", ""Stroke"", ""HeartDiseaseorAttack"", ""PhysActivity"", ""Fruits"", ""Veggies"", ""HvyAlcoholConsump"", ""AnyHealthcare"", ""NoDocbcCost"", ""GenHlth"", ""MentHlth"", ""PhysHlth"", ""DiffWalk"", ""Sex"", ""Age"", ""Education"", ""Income"", ""id""], ""data"": [[47257, 1.0, 1.0, 1.0, 25.0, 0.0, 0.0, 0.0, 0.0, 1.0, 1.0, 0.0, 1.0, 0.0, 3.0, 0.0, 2.0, 0.0, 0.0, 10.0, 6.0, 6.0, 47257], [47258, 1.0, 1.0, 1.0, 36.0, 1.0, 0.0, 1.0, 1.0, 1.0, 1.0, 0.0, 1.0, 0.0, 5.0, 0.0, 7.0, 0.0, 1.0, 12.0, 5.0, 5.0, 47258], [47261, 1.0, 0.0, 1.0, 35.0, 1.0, 0.0, 0.0, 1.0, 1.0, 1.0, 0.0, 1.0, 0.0, 5.0, 0.0, 30.0, 1.0, 1.0, 13.0, 6.0, 6.0, 47261], [47262, 1.0, 0.0, 1.0, 24.0, 0.0, 1.0, 0.0, 0.0, 1.0, 1.0, 0.0, 1.0, 0.0, 5.0, 15.0, 30.0, 0.0, 0.0, 12.0, 5.0, 5.0, 47262], [47263, 1.0, 0.0, 1.0, 30.0, 1.0, 0.0, 0.0, 0.0, 1.0, 1.0, 0.0, 1.0, 0.0, 2.0, 0.0, 0.0, 1.0, 0.0, 13.0, 4.0, 5.0, 47263], [47267, 1.0, 1.0, 1.0, 27.0, 0.0, 0.0, 0.0, 1.0, 1.0, 1.0, 0.0, 1.0, 0.0, 2.0, 0.0, 0.0, 0.0, 0.0, 11.0, 5.0, 5.0, 47267], [47268, 1.0, 1.0, 1.0, 18.0, 1.0, 0.0, 0.0, 0.0, 1.0, 1.0, 0.0, 1.0, 0.0, 3.0, 0.0, 0.0, 0.0, 0.0, 13.0, 4.0, 2.0, 47268], [47271, 1.0, 1.0, 1.0, 22.0, 0.0, 1.0, 0.0, 1.0, 1.0, 0.0, 0.0, 1.0, 0.0, 4.0, 0.0, 0.0, 1.0, 0.0, 11.0, 4.0, 2.0, 47271], [47273, 0.0, 0.0, 1.0, 28.0, 0.0, 0.0, 0.0, 1.0, 1.0, 1.0, 0.0, 1.0, 0.0, 2.0, 0.0, 0.0, 0.0, 0.0, 12.0, 6.0, 4.0, 47273], [47274, 1.0, 1.0, 1.0, 36.0, 1.0, 0.0, 0.0, 1.0, 1.0, 0.0, 0.0, 1.0, 0.0, 3.0, 15.0, 10.0, 1.0, 1.0, 10.0, 5.0, 5.0, 47274]]}}","{""predictions"": [1.0, 1.0, 1.0, 0.0, 0.0, 0.0, 1.0, 1.0, 0.0, 0.0]}",1,"{""model_name"":""labuser70609094f_monitor_demo4f.default.diabetes_model"",""endpoint_name"":""labuser70609094f_endpoint"",""model_version"":""1""}"
null,a2dc564c-b3f1-4820-ac48-bb87c8e9ca8c,2024-07-08,1720444895221,200,4,"{""dataframe_split"": {""index"": [17600, 17601, 17602, 17603, 17604, 17605, 17606, 17607, 17608, 17609], ""columns"": [""index"", ""HighBP"", ""HighChol"", ""CholCheck"", ""BMI"", ""Smoker"", ""Stroke"", ""HeartDiseaseorAttack"", ""PhysActivity"", ""Fruits"", ""Veggies"", ""HvyAlcoholConsump"", ""AnyHealthcare"", ""NoDocbcCost"", ""GenHlth"", ""MentHlth"", ""PhysHlth"", ""DiffWalk"", ""Sex"", ""Age"", ""Education"", ""Income"", ""id""], ""data"": [[47276, 1.0, 0.0, 1.0, 38.0, 1.0, 0.0, 0.0, 1.0, 1.0, 1.0, 0.0, 1.0, 0.0, 4.0, 15.0, 30.0, 1.0, 1.0, 11.0, 6.0, 8.0, 47276], [47279, 1.0, 1.0, 1.0, 30.0, 0.0, 0.0, 1.0, 1.0, 0.0, 0.0, 0.0, 1.0, 0.0, 3.0, 0.0, 0.0, 0.0, 1.0, 10.0, 6.0, 4.0, 47279], [47282, 0.0, 0.0, 1.0, 25.0, 1.0, 0.0, 0.0, 1.0, 1.0, 1.0, 0.0, 1.0, 0.0, 3.0, 0.0, 0.0, 0.0, 0.0, 11.0, 6.0, 7.0, 47282], [47283, 1.0, 0.0, 1.0, 34.0, 1.0, 0.0, 1.0, 1.0, 1.0, 1.0, 0.0, 1.0, 0.0, 4.0, 0.0, 3.0, 0.0, 0.0, 12.0, 4.0, 3.0, 47283], [47284, 1.0, 1.0, 1.0, 39.0, 0.0, 0.0, 1.0, 0.0, 0.0, 0.0, 0.0, 1.0, 1.0, 4.0, 30.0, 2.0, 1.0, 0.0, 12.0, 2.0, 2.0, 47284], [47285, 1.0, 0.0, 1.0, 45.0, 1.0, 0.0, 1.0, 1.0, 0.0, 1.0, 0.0, 1.0, 0.0, 3.0, 4.0, 5.0, 0.0, 0.0, 10.0, 4.0, 3.0, 47285], [47286, 1.0, 1.0, 1.0, 30.0, 1.0, 0.0, 1.0, 1.0, 0.0, 1.0, 0.0, 1.0, 0.0, 4.0, 2.0, 10.0, 1.0, 1.0, 12.0, 4.0, 4.0, 47286], [47288, 1.0, 1.0, 1.0, 28.0, 1.0, 0.0, 0.0, 0.0, 1.0, 1.0, 0.0, 1.0, 0.0, 3.0, 0.0, 20.0, 0.0, 0.0, 11.0, 4.0, 3.0, 47288], [47289, 1.0, 0.0, 1.0, 31.0, 1.0, 1.0, 1.0, 1.0, 0.0, 0.0, 0.0, 1.0, 0.0, 3.0, 0.0, 30.0, 1.0, 0.0, 10.0, 4.0, 6.0, 47289], [47290, 1.0, 1.0, 1.0, 38.0, 1.0, 0.0, 1.0, 0.0, 1.0, 1.0, 0.0, 1.0, 0.0, 5.0, 0.0, 30.0, 1.0, 0.0, 10.0, 5.0, 2.0, 47290]]}}","{""predictions"": [0.0, 0.0, 0.0, 1.0, 1.0, 1.0, 1.0, 0.0, 1.0, 1.0]}",1,"{""model_name"":""labuser70609094f_monitor_demo4f.default.diabetes_model"",""endpoint_name"":""labuser70609094f_endpoint"",""model_version"":""1""}"
null,d06d645d-4502-9604-be6d-829cad1fbd21,2024-07-08,1720444895252,200,4,"{""dataframe_split"": {""index"": [17610, 17611, 17612, 17613, 17614, 17615, 17616, 17617, 17618, 17619], ""columns"": [""index"", ""HighBP"", ""HighChol"", ""CholCheck"", ""BMI"", ""Smoker"", ""Stroke"", ""HeartDiseaseorAttack"", ""PhysActivity"", ""Fruits"", ""Veggies"", ""HvyAlcoholConsump"", ""AnyHealthcare"", ""NoDocbcCost"", ""GenHlth"", ""MentHlth"", ""PhysHlth"", ""DiffWalk"", ""Sex"", ""Age"", ""Education"", ""Income"", ""id""], ""data"": [[47291, 1.0, 1.0, 1.0, 27.0, 1.0, 0.0, 0.0, 1.0, 1.0, 1.0, 0.0, 1.0, 0.0, 2.0, 0.0, 0.0, 0.0, 1.0, 10.0, 4.0, 6.0, 47291], [47293, 0.0, 1.0, 1.0, 34.0, 1.0, 0.0, 0.0, 0.0, 1.0, 0.0, 0.0, 1.0, 0.0, 3.0, 0.0, 0.0, 1.0, 0.0, 12.0, 6.0, 6.0, 47293], [47296, 1.0, 0.0, 1.0, 31.0, 0.0, 0.0, 0.0, 0.0, 1.0, 1.0, 0.0, 1.0, 1.0, 3.0, 30.0, 0.0, 0.0, 0.0, 12.0, 3.0, 2.0, 47296], [47299, 1.0, 1.0, 1.0, 27.0, 1.0, 0.0, 0.0, 0.0, 1.0, 1.0, 0.0, 1.0, 0.0, 5.0, 0.0, 30.0, 1.0, 1.0, 10.0, 5.0, 2.0, 47299], [47301, 1.0, 0.0, 1.0, 28.0, 1.0, 1.0, 0.0, 0.0, 0.0, 0.0, 0.0, 1.0, 0.0, 5.0, 20.0, 30.0, 1.0, 1.0, 13.0, 4.0, 2.0, 47301], [47302, 1.0, 1.0, 1.0, 33.0, 0.0, 0.0, 1.0, 0.0, 0.0, 1.0, 0.0, 1.0, 0.0, 4.0, 2.0, 5.0, 0.0, 1.0, 10.0, 6.0, 6.0, 47302], [47304, 1.0, 1.0, 1.0, 29.0, 0.0, 0.0, 0.0, 0.0, 0.0, 1.0, 0.0, 1.0, 0.0, 5.0, 30.0, 15.0, 1.0, 0.0, 12.0, 4.0, 3.0, 47304], [47305, 1.0, 0.0, 1.0, 39.0, 0.0, 0.0, 0.0, 1.0, 0.0, 0.0, 0.0, 1.0, 0.0, 4.0, 0.0, 14.0, 1.0, 0.0, 12.0, 4.0, 5.0, 47305], [47306, 0.0, 0.0, 1.0, 26.0, 1.0, 1.0, 1.0, 0.0, 0.0, 1.0, 0.0, 1.0, 0.0, 3.0, 0.0, 0.0, 1.0, 1.0, 13.0, 6.0, 6.0, 47306], [47307, 1.0, 1.0, 1.0, 27.0, 1.0, 0.0, 1.0, 1.0, 0.0, 0.0, 0.0, 1.0, 0.0, 4.0, 0.0, 30.0, 1.0, 0.0, 10.0, 5.0, 1.0, 47307]]}}","{""predictions"": [1.0, 1.0, 0.0, 1.0, 1.0, 1.0, 1.0, 1.0, 1.0, 0.0]}",1,"{""model_name"":""labuser70609094f_monitor_demo4f.default.diabetes_model"",""endpoint_name"":""labuser70609094f_endpoint"",""model_version"":""1""}"
null,fc2b8964-0889-4aed-b42b-d852cf936944,2024-07-08,1720444895712,200,5,"{""dataframe_split"": {""index"": [17770, 17771, 17772, 17773, 17774, 17775, 17776, 17777, 17778, 17779], ""columns"": [""index"", ""HighBP"", ""HighChol"", ""CholCheck"", ""BMI"", ""Smoker"", ""Stroke"", ""HeartDiseaseorAttack"", ""PhysActivity"", ""Fruits"", ""Veggies"", ""HvyAlcoholConsump"", ""AnyHealthcare"", ""NoDocbcCost"", ""GenHlth"", ""MentHlth"", ""PhysHlth"", ""DiffWalk"", ""Sex"", ""Age"", ""Education"", ""Income"", ""id""], ""data"": [[47635, 1.0, 1.0, 1.0, 35.0, 1.0, 0.0, 0.0, 1.0, 0.0, 1.0, 0.0, 1.0, 0.0, 4.0, 0.0, 30.0, 1.0, 1.0, 10.0, 3.0, 2.0, 47635], [47636, 0.0, 1.0, 1.0, 42.0, 1.0, 0.0, 1.0, 0.0, 1.0, 1.0, 0.0, 1.0, 0.0, 5.0, 10.0, 30.0, 1.0, 1.0, 10.0, 4.0, 3.0, 47636], [47637, 1.0, 1.0, 1.0, 27.0, 0.0, 0.0, 0.0, 1.0, 1.0, 1.0, 0.0, 1.0, 0.0, 1.0, 0.0, 0.0, 0.0, 1.0, 12.0, 6.0, 8.0, 47637], [47639, 1.0, 0.0, 1.0, 27.0, 1.0, 0.0, 0.0, 0.0, 1.0, 1.0, 0.0, 1.0, 0.0, 3.0, 0.0, 0.0, 0.0, 0.0, 13.0, 3.0, 3.0, 47639], [47640, 1.0, 1.0, 1.0, 43.0, 1.0, 0.0, 1.0, 1.0, 0.0, 1.0, 0.0, 1.0, 0.0, 4.0, 0.0, 0.0, 1.0, 0.0, 11.0, 5.0, 3.0, 47640], [47644, 1.0, 1.0, 1.0, 30.0, 1.0, 0.0, 0.0, 0.0, 0.0, 0.0, 0.0, 1.0, 0.0, 4.0, 0.0, 5.0, 0.0, 1.0, 12.0, 4.0, 5.0, 47644], [47645, 1.0, 1.0, 1.0, 34.0, 1.0, 0.0, 0.0, 1.0, 1.0, 1.0, 0.0, 1.0, 0.0, 3.0, 0.0, 30.0, 0.0, 0.0, 11.0, 6.0, 8.0, 47645], [47647, 1.0, 1.0, 1.0, 28.0, 1.0, 1.0, 0.0, 1.0, 1.0, 1.0, 0.0, 1.0, 0.0, 3.0, 0.0, 3.0, 0.0, 0.0, 10.0, 6.0, 6.0, 47647], [47649, 1.0, 1.0, 1.0, 42.0, 1.0, 0.0, 0.0, 0.0, 0.0, 0.0, 1.0, 1.0, 0.0, 2.0, 10.0, 0.0, 0.0, 1.0, 10.0, 4.0, 5.0, 47649], [47650, 0.0, 0.0, 1.0, 51.0, 1.0, 0.0, 1.0, 1.0, 1.0, 1.0, 0.0, 1.0, 0.0, 4.0, 5.0, 25.0, 1.0, 0.0, 10.0, 5.0, 1.0, 47650]]}}","{""predictions"": [1.0, 1.0, 0.0, 0.0, 1.0, 1.0, 1.0, 1.0, 0.0, 1.0]}",1,"{""model_name"":""labuser70609094f_monitor_demo4f.default.diabetes_model"",""endpoint_name"":""labuser70609094f_endpoint"",""model_version"":""1""}"
null,2a0d342b-3ed5-4bbe-9a0d-6bc5550ea7a7,2024-07-08,1720444895742,200,4,"{""dataframe_split"": {""index"": [17780, 17781, 17782, 17783, 17784, 17785, 17786, 17787, 17788, 17789], ""columns"": [""index"", ""HighBP"", ""HighChol"", ""CholCheck"", ""BMI"", ""Smoker"", ""Stroke"", ""HeartDiseaseorAttack"", ""PhysActivity"", ""Fruits"", ""Veggies"", ""HvyAlcoholConsump"", ""AnyHealthcare"", ""NoDocbcCost"", ""GenHlth"", ""MentHlth"", ""PhysHlth"", ""DiffWalk"", ""Sex"", ""Age"", ""Education"", ""Income"", ""id""], ""data"": [[47651, 1.0, 1.0, 1.0, 29.0, 1.0, 0.0, 0.0, 1.0, 1.0, 1.0, 0.0, 1.0, 0.0, 3.0, 10.0, 14.0, 1.0, 0.0, 10.0, 5.0, 5.0, 47651], [47652, 1.0, 1.0, 1.0, 30.0, 1.0, 0.0, 0.0, 0.0, 1.0, 1.0, 0.0, 1.0, 0.0, 2.0, 0.0, 0.0, 0.0, 0.0, 12.0, 6.0, 4.0, 47652], [47653, 1.0, 0.0, 1.0, 33.0, 0.0, 0.0, 0.0, 1.0, 1.0, 1.0, 0.0, 1.0, 0.0, 4.0, 0.0, 21.0, 0.0, 1.0, 10.0, 4.0, 5.0, 47653], [47655, 1.0, 1.0, 1.0, 25.0, 0.0, 1.0, 0.0, 0.0, 0.0, 0.0, 0.0, 1.0, 0.0, 3.0, 0.0, 20.0, 1.0, 0.0, 11.0, 4.0, 7.0, 47655], [47656, 1.0, 1.0, 1.0, 24.0, 1.0, 0.0, 0.0, 1.0, 1.0, 1.0, 0.0, 1.0, 0.0, 3.0, 3.0, 2.0, 0.0, 1.0, 12.0, 5.0, 7.0, 47656], [47657, 1.0, 1.0, 1.0, 45.0, 0.0, 0.0, 0.0, 0.0, 0.0, 0.0, 0.0, 1.0, 0.0, 4.0, 0.0, 3.0, 1.0, 0.0, 13.0, 4.0, 3.0, 47657], [47659, 1.0, 0.0, 1.0, 30.0, 1.0, 0.0, 0.0, 1.0, 1.0, 0.0, 0.0, 1.0, 0.0, 1.0, 0.0, 0.0, 0.0, 1.0, 13.0, 6.0, 6.0, 47659], [47660, 0.0, 1.0, 1.0, 36.0, 1.0, 0.0, 0.0, 1.0, 1.0, 1.0, 0.0, 1.0, 0.0, 2.0, 1.0, 3.0, 1.0, 0.0, 12.0, 6.0, 7.0, 47660], [47661, 1.0, 1.0, 1.0, 31.0, 1.0, 0.0, 0.0, 0.0, 0.0, 1.0, 0.0, 1.0, 0.0, 5.0, 0.0, 30.0, 0.0, 1.0, 11.0, 6.0, 8.0, 47661], [47665, 1.0, 1.0, 1.0, 28.0, 1.0, 0.0, 0.0, 1.0, 1.0, 1.0, 0.0, 1.0, 0.0, 3.0, 0.0, 0.0, 0.0, 0.0, 11.0, 6.0, 6.0, 47665]]}}","{""predictions"": [1.0, 1.0, 0.0, 1.0, 0.0, 1.0, 0.0, 1.0, 1.0, 1.0]}",1,"{""model_name"":""labuser70609094f_monitor_demo4f.default.diabetes_model"",""endpoint_name"":""labuser70609094f_endpoint"",""model_version"":""1""}"
null,5d046e71-036a-4f30-85dc-f193e109e917,2024-07-08,1720444895771,200,4,"{""dataframe_split"": {""index"": [17790, 17791, 17792, 17793, 17794, 17795, 17796, 17797, 17798, 17799], ""columns"": [""index"", ""HighBP"", ""HighChol"", ""CholCheck"", ""BMI"", ""Smoker"", ""Stroke"", ""HeartDiseaseorAttack"", ""PhysActivity"", ""Fruits"", ""Veggies"", ""HvyAlcoholConsump"", ""AnyHealthcare"", ""NoDocbcCost"", ""GenHlth"", ""MentHlth"", ""PhysHlth"", ""DiffWalk"", ""Sex"", ""Age"", ""Education"", ""Income"", ""id""], ""data"": [[47667, 0.0, 1.0, 1.0, 22.0, 0.0, 0.0, 0.0, 0.0, 0.0, 1.0, 0.0, 1.0, 0.0, 5.0, 0.0, 30.0, 1.0, 0.0, 12.0, 4.0, 3.0, 47667], [47668, 1.0, 1.0, 1.0, 32.0, 1.0, 0.0, 0.0, 0.0, 1.0, 0.0, 0.0, 1.0, 0.0, 4.0, 0.0, 4.0, 0.0, 0.0, 12.0, 4.0, 5.0, 47668], [47671, 1.0, 1.0, 1.0, 31.0, 1.0, 1.0, 1.0, 1.0, 0.0, 1.0, 0.0, 1.0, 0.0, 5.0, 15.0, 30.0, 1.0, 1.0, 11.0, 5.0, 5.0, 47671], [47672, 1.0, 1.0, 1.0, 24.0, 1.0, 1.0, 0.0, 1.0, 0.0, 1.0, 0.0, 1.0, 0.0, 4.0, 0.0, 30.0, 0.0, 1.0, 13.0, 4.0, 6.0, 47672], [47673, 1.0, 1.0, 1.0, 35.0, 1.0, 0.0, 0.0, 1.0, 1.0, 1.0, 0.0, 1.0, 0.0, 2.0, 0.0, 30.0, 0.0, 0.0, 11.0, 5.0, 6.0, 47673], [47675, 0.0, 0.0, 1.0, 26.0, 0.0, 0.0, 0.0, 1.0, 1.0, 1.0, 0.0, 1.0, 0.0, 3.0, 0.0, 0.0, 0.0, 0.0, 12.0, 4.0, 4.0, 47675], [47681, 1.0, 1.0, 1.0, 37.0, 1.0, 0.0, 0.0, 0.0, 1.0, 1.0, 0.0, 1.0, 0.0, 3.0, 0.0, 0.0, 0.0, 0.0, 10.0, 5.0, 7.0, 47681], [47683, 1.0, 1.0, 1.0, 39.0, 0.0, 0.0, 0.0, 1.0, 0.0, 0.0, 0.0, 1.0, 0.0, 3.0, 4.0, 6.0, 1.0, 0.0, 11.0, 4.0, 2.0, 47683], [47685, 1.0, 0.0, 1.0, 24.0, 0.0, 0.0, 1.0, 0.0, 1.0, 1.0, 0.0, 1.0, 0.0, 4.0, 10.0, 10.0, 0.0, 0.0, 13.0, 4.0, 1.0, 47685], [47686, 0.0, 0.0, 1.0, 29.0, 1.0, 0.0, 0.0, 1.0, 1.0, 1.0, 0.0, 1.0, 0.0, 2.0, 0.0, 0.0, 0.0, 1.0, 10.0, 6.0, 7.0, 47686]]}}","{""predictions"": [0.0, 0.0, 1.0, 1.0, 1.0, 0.0, 1.0, 1.0, 1.0, 0.0]}",1,"{""model_name"":""labuser70609094f_monitor_demo4f.default.diabetes_model"",""endpoint_name"":""labuser70609094f_endpoint"",""model_version"":""1""}"
null,d44900fe-0d0a-42e4-be90-0c4619dea591,2024-07-08,1720444895913,200,4,"{""dataframe_split"": {""index"": [17840, 17841, 17842, 17843, 17844, 17845, 17846, 17847, 17848, 17849], ""columns"": [""index"", ""HighBP"", ""HighChol"", ""CholCheck"", ""BMI"", ""Smoker"", ""Stroke"", ""HeartDiseaseorAttack"", ""PhysActivity"", ""Fruits"", ""Veggies"", ""HvyAlcoholConsump"", ""AnyHealthcare"", ""NoDocbcCost"", ""GenHlth"", ""MentHlth"", ""PhysHlth"", ""DiffWalk"", ""Sex"", ""Age"", ""Education"", ""Income"", ""id""], ""data"": [[47751, 1.0, 0.0, 1.0, 29.0, 0.0, 0.0, 0.0, 1.0, 1.0, 1.0, 0.0, 1.0, 0.0, 3.0, 0.0, 0.0, 1.0, 0.0, 13.0, 6.0, 4.0, 47751], [47752, 1.0, 0.0, 1.0, 35.0, 1.0, 0.0, 0.0, 1.0, 1.0, 1.0, 0.0, 1.0, 0.0, 1.0, 0.0, 0.0, 0.0, 1.0, 10.0, 4.0, 6.0, 47752], [47753, 1.0, 1.0, 1.0, 35.0, 1.0, 0.0, 0.0, 0.0, 0.0, 0.0, 0.0, 1.0, 0.0, 3.0, 0.0, 0.0, 0.0, 1.0, 11.0, 4.0, 7.0, 47753], [47754, 1.0, 1.0, 1.0, 37.0, 1.0, 0.0, 1.0, 0.0, 0.0, 1.0, 0.0, 1.0, 0.0, 3.0, 0.0, 2.0, 1.0, 1.0, 11.0, 6.0, 7.0, 47754], [47757, 1.0, 0.0, 1.0, 32.0, 1.0, 0.0, 1.0, 0.0, 1.0, 1.0, 0.0, 1.0, 0.0, 4.0, 0.0, 15.0, 0.0, 1.0, 10.0, 5.0, 7.0, 47757], [47760, 1.0, 0.0, 1.0, 26.0, 0.0, 0.0, 0.0, 1.0, 1.0, 1.0, 0.0, 1.0, 0.0, 4.0, 0.0, 2.0, 0.0, 1.0, 13.0, 6.0, 8.0, 47760], [47762, 0.0, 0.0, 1.0, 28.0, 0.0, 0.0, 0.0, 0.0, 1.0, 1.0, 0.0, 1.0, 0.0, 3.0, 0.0, 10.0, 1.0, 1.0, 10.0, 5.0, 6.0, 47762], [47764, 1.0, 0.0, 1.0, 35.0, 0.0, 0.0, 0.0, 0.0, 1.0, 1.0, 0.0, 1.0, 0.0, 3.0, 0.0, 0.0, 0.0, 0.0, 10.0, 5.0, 7.0, 47764], [47765, 1.0, 1.0, 1.0, 27.0, 0.0, 1.0, 1.0, 0.0, 1.0, 0.0, 0.0, 1.0, 0.0, 3.0, 0.0, 0.0, 1.0, 0.0, 12.0, 4.0, 4.0, 47765], [47767, 1.0, 1.0, 1.0, 30.0, 1.0, 0.0, 0.0, 0.0, 1.0, 1.0, 0.0, 1.0, 0.0, 3.0, 0.0, 0.0, 0.0, 1.0, 12.0, 6.0, 6.0, 47767]]}}","{""predictions"": [1.0, 1.0, 1.0, 0.0, 1.0, 1.0, 0.0, 1.0, 1.0, 1.0]}",1,"{""model_name"":""labuser70609094f_monitor_demo4f.default.diabetes_model"",""endpoint_name"":""labuser70609094f_endpoint"",""model_version"":""1""}"
null,13fafd2e-0e88-4818-8867-d98b8e8d0e45,2024-07-08,1720444895974,200,6,"{""dataframe_split"": {""index"": [17860, 17861, 17862, 17863, 17864, 17865, 17866, 17867, 17868, 17869], ""columns"": [""index"", ""HighBP"", ""HighChol"", ""CholCheck"", ""BMI"", ""Smoker"", ""Stroke"", ""HeartDiseaseorAttack"", ""PhysActivity"", ""Fruits"", ""Veggies"", ""HvyAlcoholConsump"", ""AnyHealthcare"", ""NoDocbcCost"", ""GenHlth"", ""MentHlth"", ""PhysHlth"", ""DiffWalk"", ""Sex"", ""Age"", ""Education"", ""Income"", ""id""], ""data"": [[47789, 1.0, 0.0, 1.0, 25.0, 0.0, 0.0, 0.0, 1.0, 1.0, 1.0, 0.0, 1.0, 0.0, 3.0, 0.0, 0.0, 0.0, 0.0, 12.0, 5.0, 3.0, 47789], [47790, 1.0, 1.0, 1.0, 28.0, 1.0, 0.0, 1.0, 1.0, 1.0, 0.0, 0.0, 1.0, 0.0, 1.0, 3.0, 0.0, 1.0, 0.0, 13.0, 5.0, 3.0, 47790], [47791, 1.0, 1.0, 1.0, 29.0, 1.0, 0.0, 0.0, 1.0, 1.0, 1.0, 1.0, 1.0, 0.0, 2.0, 0.0, 0.0, 0.0, 0.0, 11.0, 6.0, 7.0, 47791], [47792, 1.0, 0.0, 1.0, 31.0, 0.0, 0.0, 0.0, 1.0, 0.0, 1.0, 0.0, 1.0, 0.0, 3.0, 0.0, 0.0, 0.0, 1.0, 11.0, 6.0, 7.0, 47792], [47795, 1.0, 1.0, 1.0, 19.0, 1.0, 0.0, 0.0, 1.0, 1.0, 1.0, 1.0, 1.0, 0.0, 3.0, 0.0, 1.0, 0.0, 0.0, 13.0, 5.0, 6.0, 47795], [47796, 1.0, 0.0, 1.0, 25.0, 0.0, 0.0, 1.0, 0.0, 0.0, 1.0, 0.0, 1.0, 0.0, 4.0, 0.0, 0.0, 1.0, 1.0, 13.0, 6.0, 3.0, 47796], [47797, 1.0, 1.0, 1.0, 32.0, 0.0, 0.0, 0.0, 0.0, 0.0, 1.0, 0.0, 1.0, 0.0, 3.0, 0.0, 0.0, 1.0, 0.0, 13.0, 4.0, 6.0, 47797], [47801, 1.0, 0.0, 1.0, 24.0, 1.0, 0.0, 1.0, 0.0, 0.0, 1.0, 0.0, 1.0, 0.0, 4.0, 0.0, 7.0, 1.0, 0.0, 12.0, 4.0, 5.0, 47801], [47802, 0.0, 0.0, 1.0, 30.0, 1.0, 0.0, 0.0, 1.0, 0.0, 0.0, 0.0, 1.0, 0.0, 4.0, 0.0, 14.0, 0.0, 0.0, 10.0, 4.0, 4.0, 47802], [47804, 1.0, 1.0, 1.0, 28.0, 0.0, 0.0, 1.0, 1.0, 0.0, 1.0, 0.0, 1.0, 0.0, 1.0, 0.0, 3.0, 0.0, 1.0, 11.0, 6.0, 7.0, 47804]]}}","{""predictions"": [1.0, 0.0, 0.0, 1.0, 0.0, 1.0, 0.0, 0.0, 1.0, 0.0]}",1,"{""model_name"":""labuser70609094f_monitor_demo4f.default.diabetes_model"",""endpoint_name"":""labuser70609094f_endpoint"",""model_version"":""1""}"
null,37a701a2-aa59-4263-8266-3b51e396e99b,2024-07-08,1720444896006,200,7,"{""dataframe_split"": {""index"": [17870, 17871, 17872, 17873, 17874, 17875, 17876, 17877, 17878, 17879], ""columns"": [""index"", ""HighBP"", ""HighChol"", ""CholCheck"", ""BMI"", ""Smoker"", ""Stroke"", ""HeartDiseaseorAttack"", ""PhysActivity"", ""Fruits"", ""Veggies"", ""HvyAlcoholConsump"", ""AnyHealthcare"", ""NoDocbcCost"", ""GenHlth"", ""MentHlth"", ""PhysHlth"", ""DiffWalk"", ""Sex"", ""Age"", ""Education"", ""Income"", ""id""], ""data"": [[47805, 0.0, 1.0, 1.0, 28.0, 1.0, 0.0, 0.0, 0.0, 1.0, 1.0, 0.0, 1.0, 0.0, 2.0, 0.0, 7.0, 0.0, 0.0, 11.0, 5.0, 8.0, 47805], [47806, 1.0, 1.0, 1.0, 24.0, 1.0, 0.0, 1.0, 1.0, 0.0, 1.0, 0.0, 1.0, 0.0, 3.0, 0.0, 0.0, 0.0, 1.0, 12.0, 5.0, 7.0, 47806], [47810, 1.0, 1.0, 1.0, 25.0, 1.0, 0.0, 1.0, 1.0, 0.0, 1.0, 0.0, 1.0, 0.0, 4.0, 15.0, 0.0, 1.0, 1.0, 11.0, 2.0, 4.0, 47810], [47811, 1.0, 1.0, 1.0, 25.0, 1.0, 0.0, 0.0, 1.0, 1.0, 1.0, 0.0, 1.0, 0.0, 5.0, 5.0, 0.0, 1.0, 0.0, 10.0, 4.0, 2.0, 47811], [47815, 1.0, 1.0, 1.0, 30.0, 1.0, 0.0, 1.0, 1.0, 1.0, 0.0, 0.0, 1.0, 0.0, 4.0, 20.0, 20.0, 1.0, 1.0, 10.0, 4.0, 3.0, 47815], [47817, 0.0, 0.0, 1.0, 28.0, 0.0, 0.0, 0.0, 1.0, 1.0, 1.0, 0.0, 1.0, 0.0, 3.0, 0.0, 5.0, 0.0, 1.0, 11.0, 6.0, 7.0, 47817], [47819, 1.0, 1.0, 1.0, 30.0, 1.0, 0.0, 1.0, 0.0, 0.0, 0.0, 0.0, 1.0, 0.0, 4.0, 0.0, 0.0, 0.0, 0.0, 13.0, 2.0, 2.0, 47819], [47820, 1.0, 0.0, 1.0, 36.0, 1.0, 0.0, 1.0, 1.0, 0.0, 1.0, 0.0, 1.0, 0.0, 4.0, 0.0, 0.0, 0.0, 1.0, 10.0, 6.0, 8.0, 47820], [47825, 1.0, 1.0, 1.0, 37.0, 1.0, 0.0, 0.0, 0.0, 1.0, 1.0, 0.0, 1.0, 0.0, 3.0, 0.0, 0.0, 0.0, 0.0, 10.0, 3.0, 7.0, 47825], [47826, 0.0, 0.0, 1.0, 32.0, 0.0, 0.0, 1.0, 0.0, 1.0, 1.0, 0.0, 1.0, 0.0, 3.0, 0.0, 5.0, 1.0, 0.0, 13.0, 6.0, 6.0, 47826]]}}","{""predictions"": [0.0, 1.0, 1.0, 1.0, 1.0, 0.0, 1.0, 1.0, 1.0, 1.0]}",1,"{""model_name"":""labuser70609094f_monitor_demo4f.default.diabetes_model"",""endpoint_name"":""labuser70609094f_endpoint"",""model_version"":""1""}"
null,82788d3f-872d-4e69-becb-49fbb2ead7f0,2024-07-08,1720444896035,200,5,"{""dataframe_split"": {""index"": [17880, 17881, 17882, 17883, 17884, 17885, 17886, 17887, 17888, 17889], ""columns"": [""index"", ""HighBP"", ""HighChol"", ""CholCheck"", ""BMI"", ""Smoker"", ""Stroke"", ""HeartDiseaseorAttack"", ""PhysActivity"", ""Fruits"", ""Veggies"", ""HvyAlcoholConsump"", ""AnyHealthcare"", ""NoDocbcCost"", ""GenHlth"", ""MentHlth"", ""PhysHlth"", ""DiffWalk"", ""Sex"", ""Age"", ""Education"", ""Income"", ""id""], ""data"": [[47829, 1.0, 1.0, 1.0, 28.0, 0.0, 0.0, 0.0, 0.0, 1.0, 1.0, 0.0, 1.0, 0.0, 3.0, 0.0, 0.0, 0.0, 1.0, 12.0, 6.0, 8.0, 47829], [47832, 1.0, 1.0, 1.0, 32.0, 0.0, 0.0, 1.0, 0.0, 1.0, 0.0, 0.0, 1.0, 0.0, 4.0, 30.0, 30.0, 0.0, 0.0, 11.0, 4.0, 2.0, 47832], [47836, 1.0, 1.0, 1.0, 26.0, 0.0, 0.0, 0.0, 1.0, 1.0, 1.0, 0.0, 1.0, 0.0, 3.0, 0.0, 0.0, 0.0, 0.0, 11.0, 6.0, 5.0, 47836], [47837, 0.0, 1.0, 1.0, 27.0, 1.0, 0.0, 0.0, 0.0, 1.0, 1.0, 1.0, 1.0, 0.0, 3.0, 0.0, 2.0, 0.0, 0.0, 11.0, 5.0, 4.0, 47837], [47840, 1.0, 1.0, 1.0, 28.0, 1.0, 0.0, 0.0, 1.0, 1.0, 1.0, 0.0, 1.0, 0.0, 2.0, 14.0, 0.0, 0.0, 0.0, 10.0, 5.0, 5.0, 47840], [47842, 1.0, 1.0, 1.0, 29.0, 1.0, 0.0, 0.0, 0.0, 1.0, 1.0, 0.0, 1.0, 0.0, 4.0, 0.0, 30.0, 1.0, 1.0, 13.0, 6.0, 4.0, 47842], [47844, 0.0, 0.0, 1.0, 60.0, 0.0, 0.0, 0.0, 0.0, 1.0, 1.0, 0.0, 1.0, 0.0, 4.0, 0.0, 0.0, 1.0, 0.0, 10.0, 6.0, 4.0, 47844], [47846, 1.0, 1.0, 1.0, 32.0, 1.0, 0.0, 0.0, 0.0, 1.0, 0.0, 0.0, 1.0, 0.0, 4.0, 10.0, 30.0, 0.0, 0.0, 10.0, 4.0, 4.0, 47846], [47848, 1.0, 1.0, 1.0, 27.0, 0.0, 0.0, 0.0, 0.0, 1.0, 1.0, 0.0, 1.0, 0.0, 4.0, 0.0, 20.0, 0.0, 0.0, 13.0, 3.0, 3.0, 47848], [47849, 1.0, 0.0, 1.0, 34.0, 1.0, 0.0, 1.0, 0.0, 1.0, 1.0, 1.0, 1.0, 0.0, 5.0, 21.0, 30.0, 1.0, 0.0, 11.0, 4.0, 5.0, 47849]]}}","{""predictions"": [1.0, 1.0, 1.0, 1.0, 1.0, 1.0, 1.0, 1.0, 0.0, 1.0]}",1,"{""model_name"":""labuser70609094f_monitor_demo4f.default.diabetes_model"",""endpoint_name"":""labuser70609094f_endpoint"",""model_version"":""1""}"
null,56f666f8-95e4-4105-b274-965fc702233f,2024-07-08,1720444896063,200,4,"{""dataframe_split"": {""index"": [17890, 17891, 17892, 17893, 17894, 17895, 17896, 17897, 17898, 17899], ""columns"": [""index"", ""HighBP"", ""HighChol"", ""CholCheck"", ""BMI"", ""Smoker"", ""Stroke"", ""HeartDiseaseorAttack"", ""PhysActivity"", ""Fruits"", ""Veggies"", ""HvyAlcoholConsump"", ""AnyHealthcare"", ""NoDocbcCost"", ""GenHlth"", ""MentHlth"", ""PhysHlth"", ""DiffWalk"", ""Sex"", ""Age"", ""Education"", ""Income"", ""id""], ""data"": [[47854, 1.0, 1.0, 1.0, 31.0, 0.0, 0.0, 1.0, 1.0, 1.0, 1.0, 0.0, 1.0, 0.0, 3.0, 0.0, 2.0, 0.0, 1.0, 11.0, 6.0, 8.0, 47854], [47855, 1.0, 1.0, 1.0, 37.0, 0.0, 0.0, 1.0, 1.0, 1.0, 1.0, 0.0, 1.0, 0.0, 3.0, 0.0, 30.0, 0.0, 0.0, 10.0, 4.0, 4.0, 47855], [47858, 1.0, 1.0, 1.0, 42.0, 1.0, 0.0, 0.0, 0.0, 0.0, 1.0, 0.0, 1.0, 0.0, 4.0, 0.0, 10.0, 1.0, 0.0, 10.0, 5.0, 2.0, 47858], [47859, 1.0, 1.0, 1.0, 31.0, 0.0, 0.0, 0.0, 1.0, 1.0, 1.0, 0.0, 1.0, 0.0, 3.0, 2.0, 2.0, 0.0, 1.0, 10.0, 6.0, 7.0, 47859], [47860, 1.0, 1.0, 1.0, 39.0, 0.0, 1.0, 0.0, 0.0, 0.0, 1.0, 0.0, 1.0, 0.0, 5.0, 0.0, 15.0, 1.0, 0.0, 11.0, 4.0, 2.0, 47860], [47862, 1.0, 1.0, 1.0, 22.0, 1.0, 0.0, 1.0, 1.0, 1.0, 1.0, 0.0, 1.0, 0.0, 3.0, 0.0, 3.0, 0.0, 0.0, 12.0, 4.0, 2.0, 47862], [47863, 1.0, 1.0, 1.0, 30.0, 1.0, 0.0, 0.0, 1.0, 0.0, 1.0, 0.0, 1.0, 0.0, 2.0, 30.0, 2.0, 0.0, 1.0, 10.0, 5.0, 3.0, 47863], [47864, 1.0, 1.0, 1.0, 29.0, 0.0, 0.0, 0.0, 0.0, 1.0, 1.0, 0.0, 1.0, 0.0, 3.0, 3.0, 2.0, 0.0, 0.0, 11.0, 4.0, 7.0, 47864], [47865, 1.0, 1.0, 1.0, 40.0, 0.0, 0.0, 0.0, 0.0, 1.0, 1.0, 0.0, 1.0, 0.0, 3.0, 0.0, 0.0, 0.0, 0.0, 11.0, 4.0, 2.0, 47865], [47867, 1.0, 1.0, 1.0, 26.0, 0.0, 0.0, 0.0, 0.0, 0.0, 1.0, 0.0, 1.0, 0.0, 3.0, 0.0, 0.0, 0.0, 1.0, 10.0, 4.0, 4.0, 47867]]}}","{""predictions"": [1.0, 1.0, 1.0, 0.0, 1.0, 0.0, 0.0, 1.0, 1.0, 1.0]}",1,"{""model_name"":""labuser70609094f_monitor_demo4f.default.diabetes_model"",""endpoint_name"":""labuser70609094f_endpoint"",""model_version"":""1""}"
null,be37d19e-026b-4c03-b6e6-9f2179c3d713,2024-07-08,1720444896091,200,4,"{""dataframe_split"": {""index"": [17900, 17901, 17902, 17903, 17904, 17905, 17906, 17907, 17908, 17909], ""columns"": [""index"", ""HighBP"", ""HighChol"", ""CholCheck"", ""BMI"", ""Smoker"", ""Stroke"", ""HeartDiseaseorAttack"", ""PhysActivity"", ""Fruits"", ""Veggies"", ""HvyAlcoholConsump"", ""AnyHealthcare"", ""NoDocbcCost"", ""GenHlth"", ""MentHlth"", ""PhysHlth"", ""DiffWalk"", ""Sex"", ""Age"", ""Education"", ""Income"", ""id""], ""data"": [[47868, 1.0, 0.0, 1.0, 38.0, 1.0, 0.0, 0.0, 1.0, 1.0, 1.0, 0.0, 1.0, 0.0, 3.0, 0.0, 21.0, 0.0, 0.0, 10.0, 5.0, 2.0, 47868], [47870, 1.0, 0.0, 1.0, 65.0, 1.0, 0.0, 0.0, 1.0, 1.0, 1.0, 0.0, 1.0, 0.0, 4.0, 0.0, 2.0, 1.0, 0.0, 10.0, 5.0, 4.0, 47870], [47871, 1.0, 1.0, 1.0, 30.0, 1.0, 0.0, 1.0, 1.0, 1.0, 1.0, 0.0, 1.0, 0.0, 2.0, 4.0, 2.0, 0.0, 0.0, 11.0, 4.0, 2.0, 47871], [47873, 0.0, 1.0, 1.0, 38.0, 0.0, 0.0, 0.0, 0.0, 0.0, 0.0, 0.0, 1.0, 0.0, 4.0, 5.0, 0.0, 1.0, 0.0, 10.0, 6.0, 4.0, 47873], [47877, 1.0, 1.0, 1.0, 31.0, 1.0, 0.0, 0.0, 1.0, 1.0, 1.0, 0.0, 1.0, 0.0, 2.0, 0.0, 0.0, 0.0, 0.0, 10.0, 4.0, 4.0, 47877], [47880, 1.0, 1.0, 1.0, 29.0, 1.0, 0.0, 0.0, 1.0, 1.0, 1.0, 0.0, 1.0, 0.0, 2.0, 10.0, 0.0, 0.0, 1.0, 11.0, 4.0, 5.0, 47880], [47882, 0.0, 0.0, 1.0, 23.0, 0.0, 0.0, 0.0, 1.0, 1.0, 1.0, 0.0, 1.0, 0.0, 3.0, 0.0, 6.0, 1.0, 0.0, 11.0, 6.0, 4.0, 47882], [47884, 1.0, 1.0, 1.0, 19.0, 1.0, 0.0, 1.0, 0.0, 1.0, 1.0, 0.0, 1.0, 0.0, 5.0, 0.0, 30.0, 0.0, 1.0, 13.0, 4.0, 3.0, 47884], [47886, 1.0, 1.0, 1.0, 36.0, 1.0, 0.0, 0.0, 0.0, 0.0, 1.0, 0.0, 1.0, 0.0, 4.0, 15.0, 25.0, 1.0, 1.0, 10.0, 4.0, 6.0, 47886], [47888, 1.0, 0.0, 1.0, 35.0, 1.0, 0.0, 0.0, 1.0, 0.0, 0.0, 0.0, 1.0, 0.0, 3.0, 0.0, 5.0, 0.0, 1.0, 11.0, 6.0, 7.0, 47888]]}}","{""predictions"": [1.0, 1.0, 0.0, 0.0, 1.0, 1.0, 0.0, 1.0, 1.0, 0.0]}",1,"{""model_name"":""labuser70609094f_monitor_demo4f.default.diabetes_model"",""endpoint_name"":""labuser70609094f_endpoint"",""model_version"":""1""}"
null,ea75310d-a3b7-4665-8136-bc2502106f63,2024-07-08,1720444896119,200,4,"{""dataframe_split"": {""index"": [17910, 17911, 17912, 17913, 17914, 17915, 17916, 17917, 17918, 17919], ""columns"": [""index"", ""HighBP"", ""HighChol"", ""CholCheck"", ""BMI"", ""Smoker"", ""Stroke"", ""HeartDiseaseorAttack"", ""PhysActivity"", ""Fruits"", ""Veggies"", ""HvyAlcoholConsump"", ""AnyHealthcare"", ""NoDocbcCost"", ""GenHlth"", ""MentHlth"", ""PhysHlth"", ""DiffWalk"", ""Sex"", ""Age"", ""Education"", ""Income"", ""id""], ""data"": [[47889, 1.0, 0.0, 1.0, 33.0, 0.0, 0.0, 0.0, 0.0, 1.0, 1.0, 0.0, 1.0, 0.0, 2.0, 0.0, 0.0, 0.0, 0.0, 11.0, 4.0, 4.0, 47889], [47891, 1.0, 1.0, 1.0, 27.0, 1.0, 1.0, 0.0, 1.0, 1.0, 1.0, 0.0, 1.0, 0.0, 3.0, 3.0, 10.0, 0.0, 0.0, 10.0, 5.0, 7.0, 47891], [47892, 1.0, 1.0, 1.0, 45.0, 1.0, 0.0, 1.0, 1.0, 1.0, 1.0, 0.0, 1.0, 0.0, 3.0, 0.0, 0.0, 0.0, 0.0, 10.0, 5.0, 6.0, 47892], [47893, 1.0, 0.0, 1.0, 25.0, 1.0, 0.0, 0.0, 1.0, 1.0, 1.0, 0.0, 1.0, 0.0, 2.0, 0.0, 0.0, 0.0, 0.0, 10.0, 6.0, 7.0, 47893], [47894, 0.0, 0.0, 1.0, 34.0, 1.0, 0.0, 0.0, 1.0, 1.0, 1.0, 1.0, 1.0, 0.0, 3.0, 0.0, 0.0, 0.0, 0.0, 11.0, 6.0, 6.0, 47894], [47896, 0.0, 0.0, 1.0, 24.0, 1.0, 0.0, 0.0, 1.0, 1.0, 1.0, 0.0, 1.0, 0.0, 1.0, 0.0, 0.0, 0.0, 1.0, 11.0, 4.0, 6.0, 47896], [47897, 1.0, 1.0, 1.0, 41.0, 1.0, 0.0, 0.0, 0.0, 1.0, 1.0, 0.0, 0.0, 0.0, 3.0, 0.0, 0.0, 0.0, 1.0, 12.0, 3.0, 2.0, 47897], [47899, 1.0, 1.0, 1.0, 30.0, 1.0, 0.0, 0.0, 0.0, 0.0, 0.0, 0.0, 1.0, 0.0, 2.0, 0.0, 0.0, 0.0, 1.0, 11.0, 4.0, 4.0, 47899], [47900, 1.0, 1.0, 1.0, 33.0, 0.0, 0.0, 0.0, 0.0, 1.0, 1.0, 0.0, 1.0, 0.0, 4.0, 0.0, 30.0, 1.0, 0.0, 12.0, 5.0, 8.0, 47900], [47901, 1.0, 1.0, 1.0, 24.0, 0.0, 0.0, 0.0, 1.0, 1.0, 1.0, 0.0, 1.0, 0.0, 2.0, 0.0, 5.0, 0.0, 1.0, 12.0, 5.0, 6.0, 47901]]}}","{""predictions"": [1.0, 0.0, 0.0, 0.0, 0.0, 0.0, 0.0, 1.0, 1.0, 0.0]}",1,"{""model_name"":""labuser70609094f_monitor_demo4f.default.diabetes_model"",""endpoint_name"":""labuser70609094f_endpoint"",""model_version"":""1""}"
null,31171e32-23d8-465c-8b7e-491ad97b4d02,2024-07-08,1720444896147,200,6,"{""dataframe_split"": {""index"": [17920, 17921, 17922, 17923, 17924, 17925, 17926, 17927, 17928, 17929], ""columns"": [""index"", ""HighBP"", ""HighChol"", ""CholCheck"", ""BMI"", ""Smoker"", ""Stroke"", ""HeartDiseaseorAttack"", ""PhysActivity"", ""Fruits"", ""Veggies"", ""HvyAlcoholConsump"", ""AnyHealthcare"", ""NoDocbcCost"", ""GenHlth"", ""MentHlth"", ""PhysHlth"", ""DiffWalk"", ""Sex"", ""Age"", ""Education"", ""Income"", ""id""], ""data"": [[47902, 1.0, 0.0, 1.0, 26.0, 1.0, 1.0, 1.0, 0.0, 0.0, 1.0, 0.0, 1.0, 0.0, 4.0, 0.0, 0.0, 1.0, 1.0, 13.0, 5.0, 4.0, 47902], [47903, 1.0, 1.0, 1.0, 27.0, 1.0, 0.0, 0.0, 1.0, 1.0, 1.0, 0.0, 1.0, 0.0, 3.0, 0.0, 0.0, 0.0, 0.0, 12.0, 6.0, 7.0, 47903], [47904, 1.0, 1.0, 1.0, 27.0, 0.0, 0.0, 1.0, 0.0, 1.0, 1.0, 0.0, 1.0, 0.0, 3.0, 0.0, 30.0, 1.0, 1.0, 13.0, 6.0, 5.0, 47904], [47905, 1.0, 1.0, 1.0, 38.0, 0.0, 0.0, 0.0, 1.0, 1.0, 1.0, 0.0, 1.0, 0.0, 3.0, 2.0, 0.0, 0.0, 1.0, 13.0, 4.0, 6.0, 47905], [47907, 1.0, 1.0, 1.0, 30.0, 0.0, 0.0, 1.0, 0.0, 0.0, 0.0, 0.0, 1.0, 0.0, 3.0, 30.0, 0.0, 0.0, 1.0, 11.0, 6.0, 2.0, 47907], [47908, 1.0, 1.0, 1.0, 28.0, 0.0, 1.0, 0.0, 1.0, 1.0, 1.0, 0.0, 1.0, 0.0, 3.0, 0.0, 0.0, 0.0, 0.0, 12.0, 4.0, 7.0, 47908], [47909, 1.0, 1.0, 1.0, 26.0, 1.0, 1.0, 0.0, 1.0, 1.0, 1.0, 0.0, 1.0, 1.0, 4.0, 0.0, 10.0, 1.0, 1.0, 10.0, 4.0, 6.0, 47909], [47911, 1.0, 1.0, 1.0, 37.0, 1.0, 0.0, 0.0, 0.0, 1.0, 1.0, 0.0, 1.0, 0.0, 5.0, 0.0, 30.0, 1.0, 1.0, 11.0, 5.0, 5.0, 47911], [47913, 1.0, 1.0, 1.0, 39.0, 1.0, 0.0, 0.0, 0.0, 1.0, 1.0, 0.0, 1.0, 0.0, 3.0, 0.0, 30.0, 0.0, 0.0, 12.0, 4.0, 6.0, 47913], [47916, 1.0, 1.0, 1.0, 38.0, 0.0, 0.0, 0.0, 0.0, 1.0, 0.0, 0.0, 1.0, 0.0, 3.0, 0.0, 2.0, 1.0, 0.0, 12.0, 6.0, 7.0, 47916]]}}","{""predictions"": [0.0, 1.0, 1.0, 1.0, 0.0, 0.0, 0.0, 1.0, 1.0, 0.0]}",1,"{""model_name"":""labuser70609094f_monitor_demo4f.default.diabetes_model"",""endpoint_name"":""labuser70609094f_endpoint"",""model_version"":""1""}"
null,533c4789-32de-44a8-ae37-2c8f71de4c45,2024-07-08,1720444896176,200,4,"{""dataframe_split"": {""index"": [17930, 17931, 17932, 17933, 17934, 17935, 17936, 17937, 17938, 17939], ""columns"": [""index"", ""HighBP"", ""HighChol"", ""CholCheck"", ""BMI"", ""Smoker"", ""Stroke"", ""HeartDiseaseorAttack"", ""PhysActivity"", ""Fruits"", ""Veggies"", ""HvyAlcoholConsump"", ""AnyHealthcare"", ""NoDocbcCost"", ""GenHlth"", ""MentHlth"", ""PhysHlth"", ""DiffWalk"", ""Sex"", ""Age"", ""Education"", ""Income"", ""id""], ""data"": [[47917, 1.0, 1.0, 1.0, 28.0, 0.0, 0.0, 1.0, 1.0, 1.0, 1.0, 0.0, 1.0, 0.0, 4.0, 0.0, 12.0, 1.0, 0.0, 13.0, 5.0, 2.0, 47917], [47918, 0.0, 0.0, 1.0, 32.0, 1.0, 0.0, 0.0, 0.0, 0.0, 0.0, 0.0, 1.0, 0.0, 3.0, 0.0, 0.0, 0.0, 1.0, 12.0, 6.0, 6.0, 47918], [47919, 1.0, 1.0, 1.0, 26.0, 0.0, 0.0, 1.0, 1.0, 1.0, 1.0, 0.0, 1.0, 0.0, 2.0, 0.0, 14.0, 0.0, 0.0, 10.0, 6.0, 8.0, 47919], [47921, 1.0, 1.0, 1.0, 32.0, 1.0, 0.0, 0.0, 0.0, 1.0, 1.0, 0.0, 1.0, 0.0, 4.0, 0.0, 8.0, 1.0, 0.0, 10.0, 4.0, 1.0, 47921], [47922, 1.0, 1.0, 1.0, 27.0, 1.0, 0.0, 0.0, 1.0, 1.0, 1.0, 0.0, 1.0, 0.0, 3.0, 0.0, 12.0, 1.0, 0.0, 13.0, 5.0, 5.0, 47922], [47924, 1.0, 1.0, 1.0, 28.0, 1.0, 0.0, 0.0, 1.0, 1.0, 1.0, 0.0, 1.0, 0.0, 3.0, 0.0, 3.0, 0.0, 1.0, 11.0, 4.0, 3.0, 47924], [47925, 1.0, 1.0, 1.0, 34.0, 1.0, 1.0, 1.0, 0.0, 0.0, 0.0, 0.0, 1.0, 0.0, 2.0, 0.0, 2.0, 0.0, 1.0, 12.0, 4.0, 4.0, 47925], [47927, 1.0, 1.0, 1.0, 30.0, 1.0, 0.0, 1.0, 1.0, 1.0, 1.0, 0.0, 1.0, 0.0, 4.0, 0.0, 0.0, 0.0, 1.0, 12.0, 5.0, 6.0, 47927], [47928, 1.0, 0.0, 1.0, 29.0, 0.0, 0.0, 0.0, 0.0, 1.0, 0.0, 0.0, 1.0, 0.0, 3.0, 0.0, 0.0, 1.0, 0.0, 12.0, 5.0, 2.0, 47928], [47931, 0.0, 0.0, 1.0, 31.0, 1.0, 0.0, 0.0, 0.0, 1.0, 1.0, 0.0, 1.0, 0.0, 5.0, 20.0, 30.0, 1.0, 1.0, 13.0, 3.0, 5.0, 47931]]}}","{""predictions"": [1.0, 0.0, 0.0, 1.0, 1.0, 1.0, 0.0, 1.0, 1.0, 1.0]}",1,"{""model_name"":""labuser70609094f_monitor_demo4f.default.diabetes_model"",""endpoint_name"":""labuser70609094f_endpoint"",""model_version"":""1""}"
null,669d2e19-452d-409c-973a-5821d0192436,2024-07-08,1720444896206,200,4,"{""dataframe_split"": {""index"": [17940, 17941, 17942, 17943, 17944, 17945, 17946, 17947, 17948, 17949], ""columns"": [""index"", ""HighBP"", ""HighChol"", ""CholCheck"", ""BMI"", ""Smoker"", ""Stroke"", ""HeartDiseaseorAttack"", ""PhysActivity"", ""Fruits"", ""Veggies"", ""HvyAlcoholConsump"", ""AnyHealthcare"", ""NoDocbcCost"", ""GenHlth"", ""MentHlth"", ""PhysHlth"", ""DiffWalk"", ""Sex"", ""Age"", ""Education"", ""Income"", ""id""], ""data"": [[47933, 0.0, 1.0, 1.0, 33.0, 0.0, 0.0, 0.0, 1.0, 1.0, 1.0, 0.0, 1.0, 0.0, 2.0, 0.0, 1.0, 0.0, 0.0, 10.0, 5.0, 5.0, 47933], [47934, 1.0, 0.0, 1.0, 26.0, 0.0, 0.0, 0.0, 1.0, 1.0, 1.0, 0.0, 1.0, 0.0, 2.0, 0.0, 0.0, 0.0, 0.0, 10.0, 6.0, 6.0, 47934], [47935, 1.0, 1.0, 1.0, 32.0, 0.0, 0.0, 0.0, 0.0, 0.0, 1.0, 0.0, 1.0, 0.0, 3.0, 5.0, 0.0, 1.0, 0.0, 13.0, 5.0, 3.0, 47935], [47939, 1.0, 1.0, 1.0, 43.0, 0.0, 0.0, 0.0, 1.0, 0.0, 1.0, 0.0, 1.0, 0.0, 4.0, 0.0, 2.0, 1.0, 0.0, 11.0, 4.0, 2.0, 47939], [47940, 1.0, 1.0, 1.0, 27.0, 1.0, 0.0, 0.0, 1.0, 1.0, 1.0, 0.0, 1.0, 0.0, 3.0, 0.0, 0.0, 0.0, 1.0, 12.0, 6.0, 8.0, 47940], [47941, 0.0, 0.0, 1.0, 29.0, 1.0, 0.0, 0.0, 1.0, 0.0, 1.0, 0.0, 1.0, 0.0, 4.0, 1.0, 30.0, 1.0, 0.0, 11.0, 5.0, 4.0, 47941], [47944, 1.0, 1.0, 1.0, 21.0, 0.0, 0.0, 1.0, 0.0, 0.0, 1.0, 0.0, 1.0, 0.0, 5.0, 0.0, 0.0, 1.0, 0.0, 13.0, 4.0, 2.0, 47944], [47945, 1.0, 0.0, 1.0, 46.0, 0.0, 0.0, 0.0, 0.0, 1.0, 1.0, 0.0, 1.0, 0.0, 3.0, 7.0, 2.0, 0.0, 0.0, 10.0, 4.0, 4.0, 47945], [47946, 1.0, 1.0, 1.0, 35.0, 0.0, 1.0, 1.0, 0.0, 1.0, 1.0, 0.0, 1.0, 0.0, 4.0, 0.0, 10.0, 1.0, 0.0, 13.0, 5.0, 2.0, 47946], [47947, 1.0, 1.0, 1.0, 30.0, 0.0, 1.0, 1.0, 1.0, 1.0, 1.0, 0.0, 1.0, 0.0, 4.0, 0.0, 6.0, 1.0, 0.0, 11.0, 3.0, 1.0, 47947]]}}","{""predictions"": [0.0, 0.0, 0.0, 1.0, 1.0, 0.0, 1.0, 1.0, 1.0, 1.0]}",1,"{""model_name"":""labuser70609094f_monitor_demo4f.default.diabetes_model"",""endpoint_name"":""labuser70609094f_endpoint"",""model_version"":""1""}"
null,2c3a9f68-ea21-4d64-97f5-585062e577ac,2024-07-08,1720444896238,200,4,"{""dataframe_split"": {""index"": [17950, 17951, 17952, 17953, 17954, 17955, 17956, 17957, 17958, 17959], ""columns"": [""index"", ""HighBP"", ""HighChol"", ""CholCheck"", ""BMI"", ""Smoker"", ""Stroke"", ""HeartDiseaseorAttack"", ""PhysActivity"", ""Fruits"", ""Veggies"", ""HvyAlcoholConsump"", ""AnyHealthcare"", ""NoDocbcCost"", ""GenHlth"", ""MentHlth"", ""PhysHlth"", ""DiffWalk"", ""Sex"", ""Age"", ""Education"", ""Income"", ""id""], ""data"": [[47949, 1.0, 1.0, 1.0, 34.0, 0.0, 0.0, 0.0, 1.0, 1.0, 1.0, 0.0, 1.0, 0.0, 2.0, 0.0, 3.0, 0.0, 0.0, 11.0, 5.0, 6.0, 47949], [47953, 1.0, 0.0, 1.0, 27.0, 0.0, 0.0, 0.0, 1.0, 1.0, 1.0, 0.0, 1.0, 0.0, 3.0, 0.0, 0.0, 0.0, 0.0, 12.0, 6.0, 6.0, 47953], [47954, 1.0, 1.0, 1.0, 29.0, 1.0, 0.0, 0.0, 1.0, 1.0, 1.0, 0.0, 1.0, 0.0, 1.0, 0.0, 0.0, 0.0, 0.0, 10.0, 6.0, 7.0, 47954], [47956, 1.0, 1.0, 1.0, 35.0, 0.0, 0.0, 0.0, 0.0, 1.0, 1.0, 0.0, 1.0, 0.0, 3.0, 10.0, 2.0, 1.0, 0.0, 11.0, 6.0, 3.0, 47956], [47957, 1.0, 1.0, 1.0, 31.0, 1.0, 0.0, 0.0, 0.0, 1.0, 1.0, 0.0, 1.0, 0.0, 3.0, 30.0, 0.0, 0.0, 0.0, 12.0, 5.0, 8.0, 47957], [47958, 1.0, 1.0, 1.0, 31.0, 1.0, 0.0, 0.0, 1.0, 0.0, 1.0, 0.0, 1.0, 0.0, 3.0, 0.0, 2.0, 0.0, 1.0, 10.0, 6.0, 8.0, 47958], [47959, 0.0, 1.0, 1.0, 35.0, 1.0, 0.0, 0.0, 1.0, 1.0, 1.0, 0.0, 1.0, 0.0, 4.0, 2.0, 0.0, 1.0, 0.0, 10.0, 6.0, 3.0, 47959], [47960, 1.0, 1.0, 1.0, 25.0, 0.0, 0.0, 0.0, 1.0, 1.0, 1.0, 0.0, 1.0, 0.0, 2.0, 3.0, 0.0, 0.0, 0.0, 13.0, 4.0, 5.0, 47960], [47962, 1.0, 0.0, 1.0, 32.0, 0.0, 0.0, 0.0, 1.0, 0.0, 1.0, 0.0, 1.0, 0.0, 2.0, 0.0, 14.0, 0.0, 0.0, 10.0, 5.0, 6.0, 47962], [47963, 1.0, 1.0, 1.0, 38.0, 0.0, 0.0, 0.0, 1.0, 0.0, 1.0, 0.0, 1.0, 0.0, 3.0, 2.0, 0.0, 1.0, 0.0, 11.0, 6.0, 6.0, 47963]]}}","{""predictions"": [1.0, 0.0, 1.0, 0.0, 0.0, 1.0, 1.0, 1.0, 1.0, 1.0]}",1,"{""model_name"":""labuser70609094f_monitor_demo4f.default.diabetes_model"",""endpoint_name"":""labuser70609094f_endpoint"",""model_version"":""1""}"
null,bee3c03f-f95a-4d91-bbb2-2b641412d1f2,2024-07-08,1720444896575,200,4,"{""dataframe_split"": {""index"": [18070, 18071, 18072, 18073, 18074, 18075, 18076, 18077, 18078, 18079], ""columns"": [""index"", ""HighBP"", ""HighChol"", ""CholCheck"", ""BMI"", ""Smoker"", ""Stroke"", ""HeartDiseaseorAttack"", ""PhysActivity"", ""Fruits"", ""Veggies"", ""HvyAlcoholConsump"", ""AnyHealthcare"", ""NoDocbcCost"", ""GenHlth"", ""MentHlth"", ""PhysHlth"", ""DiffWalk"", ""Sex"", ""Age"", ""Education"", ""Income"", ""id""], ""data"": [[48166, 0.0, 0.0, 1.0, 42.0, 1.0, 0.0, 0.0, 0.0, 0.0, 0.0, 0.0, 1.0, 0.0, 4.0, 0.0, 25.0, 1.0, 0.0, 10.0, 4.0, 2.0, 48166], [48170, 0.0, 1.0, 1.0, 29.0, 0.0, 0.0, 1.0, 1.0, 1.0, 1.0, 0.0, 1.0, 0.0, 4.0, 15.0, 3.0, 0.0, 0.0, 11.0, 5.0, 5.0, 48170], [48173, 0.0, 0.0, 1.0, 30.0, 0.0, 0.0, 0.0, 0.0, 0.0, 1.0, 0.0, 1.0, 0.0, 2.0, 5.0, 0.0, 1.0, 0.0, 10.0, 6.0, 3.0, 48173], [48186, 1.0, 0.0, 1.0, 31.0, 0.0, 0.0, 0.0, 1.0, 0.0, 1.0, 0.0, 1.0, 0.0, 3.0, 0.0, 0.0, 0.0, 1.0, 10.0, 5.0, 8.0, 48186], [48191, 0.0, 1.0, 1.0, 30.0, 1.0, 0.0, 1.0, 1.0, 1.0, 1.0, 0.0, 0.0, 0.0, 4.0, 0.0, 0.0, 0.0, 1.0, 10.0, 4.0, 3.0, 48191], [48193, 1.0, 1.0, 1.0, 39.0, 1.0, 0.0, 0.0, 0.0, 1.0, 0.0, 0.0, 1.0, 0.0, 2.0, 3.0, 2.0, 1.0, 1.0, 10.0, 5.0, 8.0, 48193], [48198, 0.0, 1.0, 1.0, 29.0, 0.0, 0.0, 0.0, 1.0, 0.0, 1.0, 0.0, 1.0, 0.0, 2.0, 0.0, 10.0, 0.0, 1.0, 11.0, 5.0, 6.0, 48198], [48201, 0.0, 0.0, 1.0, 31.0, 1.0, 0.0, 0.0, 0.0, 1.0, 1.0, 0.0, 1.0, 0.0, 2.0, 0.0, 0.0, 0.0, 0.0, 10.0, 6.0, 7.0, 48201], [48206, 1.0, 0.0, 1.0, 26.0, 0.0, 0.0, 0.0, 1.0, 0.0, 1.0, 0.0, 1.0, 0.0, 3.0, 0.0, 0.0, 0.0, 1.0, 12.0, 6.0, 7.0, 48206], [48218, 1.0, 1.0, 1.0, 29.0, 1.0, 0.0, 0.0, 0.0, 1.0, 1.0, 1.0, 1.0, 0.0, 3.0, 0.0, 0.0, 1.0, 1.0, 13.0, 6.0, 6.0, 48218]]}}","{""predictions"": [1.0, 1.0, 0.0, 0.0, 1.0, 1.0, 1.0, 0.0, 1.0, 1.0]}",1,"{""model_name"":""labuser70609094f_monitor_demo4f.default.diabetes_model"",""endpoint_name"":""labuser70609094f_endpoint"",""model_version"":""1""}"
null,29815313-dfd8-40e3-8f02-0fb66e3f9714,2024-07-08,1720444896603,200,4,"{""dataframe_split"": {""index"": [18080, 18081, 18082, 18083, 18084, 18085, 18086, 18087, 18088, 18089], ""columns"": [""index"", ""HighBP"", ""HighChol"", ""CholCheck"", ""BMI"", ""Smoker"", ""Stroke"", ""HeartDiseaseorAttack"", ""PhysActivity"", ""Fruits"", ""Veggies"", ""HvyAlcoholConsump"", ""AnyHealthcare"", ""NoDocbcCost"", ""GenHlth"", ""MentHlth"", ""PhysHlth"", ""DiffWalk"", ""Sex"", ""Age"", ""Education"", ""Income"", ""id""], ""data"": [[48225, 1.0, 0.0, 1.0, 26.0, 1.0, 0.0, 0.0, 1.0, 1.0, 1.0, 0.0, 1.0, 0.0, 2.0, 0.0, 0.0, 0.0, 0.0, 11.0, 5.0, 8.0, 48225], [48226, 1.0, 1.0, 1.0, 25.0, 0.0, 0.0, 0.0, 0.0, 1.0, 1.0, 0.0, 1.0, 0.0, 4.0, 0.0, 14.0, 1.0, 0.0, 10.0, 5.0, 4.0, 48226], [48227, 1.0, 1.0, 1.0, 28.0, 0.0, 0.0, 0.0, 1.0, 1.0, 1.0, 0.0, 1.0, 0.0, 4.0, 5.0, 25.0, 1.0, 1.0, 11.0, 4.0, 6.0, 48227], [48236, 1.0, 1.0, 1.0, 30.0, 1.0, 1.0, 1.0, 0.0, 1.0, 1.0, 0.0, 1.0, 0.0, 4.0, 0.0, 30.0, 1.0, 1.0, 12.0, 5.0, 4.0, 48236], [48244, 0.0, 0.0, 1.0, 26.0, 1.0, 0.0, 0.0, 0.0, 1.0, 1.0, 0.0, 1.0, 0.0, 1.0, 0.0, 0.0, 0.0, 1.0, 10.0, 6.0, 6.0, 48244], [48245, 1.0, 1.0, 1.0, 33.0, 1.0, 0.0, 1.0, 1.0, 0.0, 1.0, 0.0, 1.0, 0.0, 5.0, 2.0, 8.0, 1.0, 0.0, 11.0, 4.0, 5.0, 48245], [48246, 1.0, 1.0, 1.0, 28.0, 1.0, 0.0, 0.0, 0.0, 1.0, 1.0, 0.0, 1.0, 0.0, 3.0, 0.0, 0.0, 0.0, 0.0, 13.0, 4.0, 4.0, 48246], [48248, 0.0, 1.0, 1.0, 25.0, 0.0, 0.0, 0.0, 0.0, 1.0, 1.0, 0.0, 1.0, 0.0, 4.0, 10.0, 0.0, 0.0, 0.0, 10.0, 6.0, 8.0, 48248], [48249, 1.0, 1.0, 1.0, 23.0, 0.0, 0.0, 0.0, 0.0, 1.0, 1.0, 0.0, 1.0, 1.0, 4.0, 0.0, 0.0, 0.0, 1.0, 12.0, 6.0, 8.0, 48249], [48250, 1.0, 1.0, 1.0, 25.0, 1.0, 1.0, 1.0, 1.0, 0.0, 1.0, 0.0, 1.0, 0.0, 4.0, 7.0, 30.0, 1.0, 1.0, 11.0, 5.0, 2.0, 48250]]}}","{""predictions"": [0.0, 0.0, 0.0, 1.0, 0.0, 1.0, 0.0, 1.0, 1.0, 1.0]}",1,"{""model_name"":""labuser70609094f_monitor_demo4f.default.diabetes_model"",""endpoint_name"":""labuser70609094f_endpoint"",""model_version"":""1""}"
null,f2a7b128-8ef6-4bc5-949e-8418b1e42afa,2024-07-08,1720444896631,200,4,"{""dataframe_split"": {""index"": [18090, 18091, 18092, 18093, 18094, 18095, 18096, 18097, 18098, 18099], ""columns"": [""index"", ""HighBP"", ""HighChol"", ""CholCheck"", ""BMI"", ""Smoker"", ""Stroke"", ""HeartDiseaseorAttack"", ""PhysActivity"", ""Fruits"", ""Veggies"", ""HvyAlcoholConsump"", ""AnyHealthcare"", ""NoDocbcCost"", ""GenHlth"", ""MentHlth"", ""PhysHlth"", ""DiffWalk"", ""Sex"", ""Age"", ""Education"", ""Income"", ""id""], ""data"": [[48252, 1.0, 1.0, 1.0, 34.0, 1.0, 0.0, 1.0, 0.0, 1.0, 1.0, 0.0, 1.0, 0.0, 2.0, 2.0, 0.0, 0.0, 1.0, 11.0, 5.0, 7.0, 48252], [48253, 1.0, 0.0, 1.0, 31.0, 0.0, 0.0, 0.0, 0.0, 0.0, 0.0, 0.0, 1.0, 0.0, 3.0, 0.0, 7.0, 0.0, 0.0, 12.0, 5.0, 5.0, 48253], [48255, 1.0, 1.0, 1.0, 31.0, 1.0, 0.0, 0.0, 1.0, 1.0, 1.0, 0.0, 1.0, 0.0, 3.0, 0.0, 0.0, 0.0, 0.0, 11.0, 5.0, 4.0, 48255], [48257, 0.0, 1.0, 1.0, 22.0, 1.0, 1.0, 1.0, 1.0, 0.0, 1.0, 0.0, 1.0, 0.0, 3.0, 0.0, 5.0, 0.0, 0.0, 10.0, 4.0, 3.0, 48257], [48258, 1.0, 0.0, 1.0, 27.0, 1.0, 0.0, 0.0, 1.0, 1.0, 0.0, 0.0, 1.0, 0.0, 1.0, 0.0, 0.0, 0.0, 1.0, 10.0, 5.0, 7.0, 48258], [48259, 1.0, 0.0, 1.0, 33.0, 1.0, 0.0, 1.0, 0.0, 0.0, 0.0, 0.0, 1.0, 0.0, 4.0, 0.0, 0.0, 1.0, 0.0, 13.0, 4.0, 5.0, 48259], [48261, 1.0, 1.0, 1.0, 26.0, 0.0, 0.0, 0.0, 1.0, 1.0, 1.0, 0.0, 1.0, 0.0, 3.0, 0.0, 0.0, 0.0, 0.0, 11.0, 6.0, 8.0, 48261], [48262, 1.0, 1.0, 1.0, 36.0, 1.0, 0.0, 0.0, 1.0, 1.0, 1.0, 0.0, 1.0, 0.0, 2.0, 0.0, 4.0, 0.0, 0.0, 11.0, 4.0, 4.0, 48262], [48263, 1.0, 1.0, 1.0, 25.0, 1.0, 1.0, 1.0, 1.0, 1.0, 1.0, 0.0, 1.0, 0.0, 5.0, 2.0, 7.0, 0.0, 1.0, 12.0, 4.0, 1.0, 48263], [48264, 1.0, 0.0, 1.0, 37.0, 1.0, 0.0, 0.0, 1.0, 1.0, 1.0, 0.0, 1.0, 0.0, 3.0, 0.0, 0.0, 0.0, 1.0, 11.0, 4.0, 5.0, 48264]]}}","{""predictions"": [1.0, 0.0, 0.0, 1.0, 0.0, 0.0, 1.0, 1.0, 1.0, 1.0]}",1,"{""model_name"":""labuser70609094f_monitor_demo4f.default.diabetes_model"",""endpoint_name"":""labuser70609094f_endpoint"",""model_version"":""1""}"
null,3ff71621-26cd-4c40-9215-a4f393a2d6f8,2024-07-08,1720444897038,200,4,"{""dataframe_split"": {""index"": [18230, 18231, 18232, 18233, 18234, 18235, 18236, 18237, 18238, 18239], ""columns"": [""index"", ""HighBP"", ""HighChol"", ""CholCheck"", ""BMI"", ""Smoker"", ""Stroke"", ""HeartDiseaseorAttack"", ""PhysActivity"", ""Fruits"", ""Veggies"", ""HvyAlcoholConsump"", ""AnyHealthcare"", ""NoDocbcCost"", ""GenHlth"", ""MentHlth"", ""PhysHlth"", ""DiffWalk"", ""Sex"", ""Age"", ""Education"", ""Income"", ""id""], ""data"": [[48497, 0.0, 0.0, 1.0, 28.0, 1.0, 0.0, 0.0, 0.0, 0.0, 1.0, 0.0, 1.0, 0.0, 4.0, 5.0, 20.0, 1.0, 0.0, 11.0, 4.0, 2.0, 48497], [48498, 1.0, 0.0, 1.0, 33.0, 1.0, 0.0, 0.0, 1.0, 0.0, 0.0, 0.0, 1.0, 0.0, 3.0, 0.0, 5.0, 0.0, 0.0, 13.0, 4.0, 4.0, 48498], [48499, 1.0, 1.0, 1.0, 23.0, 1.0, 1.0, 0.0, 1.0, 1.0, 1.0, 0.0, 1.0, 0.0, 4.0, 30.0, 2.0, 0.0, 0.0, 11.0, 5.0, 2.0, 48499], [48500, 0.0, 1.0, 1.0, 26.0, 1.0, 1.0, 1.0, 1.0, 0.0, 1.0, 0.0, 1.0, 0.0, 2.0, 0.0, 0.0, 0.0, 0.0, 11.0, 4.0, 4.0, 48500], [48502, 1.0, 1.0, 1.0, 40.0, 0.0, 0.0, 0.0, 1.0, 1.0, 1.0, 0.0, 1.0, 0.0, 2.0, 0.0, 15.0, 0.0, 1.0, 10.0, 5.0, 6.0, 48502], [48503, 1.0, 1.0, 1.0, 24.0, 1.0, 1.0, 1.0, 1.0, 1.0, 1.0, 0.0, 1.0, 0.0, 5.0, 6.0, 30.0, 0.0, 1.0, 11.0, 4.0, 6.0, 48503], [48504, 1.0, 1.0, 1.0, 24.0, 1.0, 0.0, 0.0, 1.0, 1.0, 1.0, 0.0, 1.0, 0.0, 3.0, 0.0, 0.0, 0.0, 1.0, 13.0, 4.0, 5.0, 48504], [48505, 1.0, 1.0, 1.0, 27.0, 0.0, 0.0, 0.0, 1.0, 1.0, 0.0, 0.0, 1.0, 0.0, 3.0, 0.0, 21.0, 0.0, 1.0, 12.0, 6.0, 7.0, 48505], [48508, 0.0, 0.0, 1.0, 27.0, 0.0, 0.0, 0.0, 1.0, 1.0, 1.0, 0.0, 1.0, 0.0, 1.0, 0.0, 0.0, 0.0, 1.0, 10.0, 5.0, 8.0, 48508], [48509, 0.0, 0.0, 1.0, 33.0, 0.0, 0.0, 0.0, 1.0, 0.0, 1.0, 0.0, 1.0, 0.0, 1.0, 0.0, 5.0, 0.0, 0.0, 10.0, 6.0, 5.0, 48509]]}}","{""predictions"": [0.0, 1.0, 1.0, 0.0, 1.0, 1.0, 1.0, 0.0, 0.0, 0.0]}",1,"{""model_name"":""labuser70609094f_monitor_demo4f.default.diabetes_model"",""endpoint_name"":""labuser70609094f_endpoint"",""model_version"":""1""}"
null,db3c784a-116b-4adf-a340-9591a6e8a6fd,2024-07-08,1720444897066,200,4,"{""dataframe_split"": {""index"": [18240, 18241, 18242, 18243, 18244, 18245, 18246, 18247, 18248, 18249], ""columns"": [""index"", ""HighBP"", ""HighChol"", ""CholCheck"", ""BMI"", ""Smoker"", ""Stroke"", ""HeartDiseaseorAttack"", ""PhysActivity"", ""Fruits"", ""Veggies"", ""HvyAlcoholConsump"", ""AnyHealthcare"", ""NoDocbcCost"", ""GenHlth"", ""MentHlth"", ""PhysHlth"", ""DiffWalk"", ""Sex"", ""Age"", ""Education"", ""Income"", ""id""], ""data"": [[48510, 1.0, 0.0, 1.0, 31.0, 0.0, 0.0, 0.0, 1.0, 0.0, 1.0, 0.0, 1.0, 0.0, 1.0, 0.0, 0.0, 0.0, 1.0, 10.0, 6.0, 8.0, 48510], [48512, 1.0, 1.0, 1.0, 32.0, 1.0, 0.0, 1.0, 1.0, 0.0, 0.0, 0.0, 1.0, 0.0, 4.0, 2.0, 15.0, 1.0, 1.0, 13.0, 5.0, 6.0, 48512], [48513, 0.0, 0.0, 1.0, 24.0, 0.0, 0.0, 0.0, 1.0, 1.0, 1.0, 0.0, 1.0, 0.0, 2.0, 2.0, 10.0, 1.0, 0.0, 13.0, 6.0, 3.0, 48513], [48514, 1.0, 1.0, 1.0, 39.0, 1.0, 0.0, 1.0, 1.0, 0.0, 1.0, 0.0, 1.0, 0.0, 3.0, 0.0, 0.0, 1.0, 1.0, 10.0, 5.0, 7.0, 48514], [48515, 1.0, 1.0, 1.0, 39.0, 1.0, 0.0, 0.0, 0.0, 1.0, 1.0, 0.0, 1.0, 0.0, 3.0, 0.0, 0.0, 0.0, 0.0, 12.0, 3.0, 2.0, 48515], [48516, 1.0, 1.0, 1.0, 28.0, 1.0, 0.0, 0.0, 1.0, 1.0, 1.0, 0.0, 1.0, 0.0, 1.0, 0.0, 0.0, 0.0, 1.0, 11.0, 6.0, 7.0, 48516], [48519, 1.0, 1.0, 1.0, 38.0, 0.0, 0.0, 1.0, 0.0, 1.0, 1.0, 0.0, 1.0, 0.0, 4.0, 0.0, 30.0, 1.0, 1.0, 10.0, 6.0, 8.0, 48519], [48520, 1.0, 1.0, 1.0, 37.0, 1.0, 0.0, 0.0, 0.0, 1.0, 1.0, 0.0, 1.0, 0.0, 2.0, 0.0, 23.0, 1.0, 0.0, 11.0, 6.0, 8.0, 48520], [48521, 1.0, 1.0, 1.0, 24.0, 1.0, 0.0, 1.0, 1.0, 1.0, 0.0, 0.0, 1.0, 0.0, 4.0, 0.0, 0.0, 1.0, 1.0, 11.0, 4.0, 6.0, 48521], [48522, 1.0, 1.0, 1.0, 32.0, 1.0, 0.0, 0.0, 0.0, 1.0, 1.0, 0.0, 1.0, 0.0, 2.0, 0.0, 0.0, 1.0, 0.0, 11.0, 6.0, 8.0, 48522]]}}","{""predictions"": [0.0, 1.0, 0.0, 0.0, 0.0, 1.0, 1.0, 0.0, 1.0, 1.0]}",1,"{""model_name"":""labuser70609094f_monitor_demo4f.default.diabetes_model"",""endpoint_name"":""labuser70609094f_endpoint"",""model_version"":""1""}"
null,6f00d265-c558-4345-aafa-7355faf35f8d,2024-07-08,1720444897096,200,4,"{""dataframe_split"": {""index"": [18250, 18251, 18252, 18253, 18254, 18255, 18256, 18257, 18258, 18259], ""columns"": [""index"", ""HighBP"", ""HighChol"", ""CholCheck"", ""BMI"", ""Smoker"", ""Stroke"", ""HeartDiseaseorAttack"", ""PhysActivity"", ""Fruits"", ""Veggies"", ""HvyAlcoholConsump"", ""AnyHealthcare"", ""NoDocbcCost"", ""GenHlth"", ""MentHlth"", ""PhysHlth"", ""DiffWalk"", ""Sex"", ""Age"", ""Education"", ""Income"", ""id""], ""data"": [[48523, 1.0, 0.0, 1.0, 27.0, 1.0, 0.0, 0.0, 1.0, 1.0, 1.0, 0.0, 1.0, 0.0, 1.0, 0.0, 0.0, 0.0, 1.0, 13.0, 6.0, 8.0, 48523], [48525, 1.0, 1.0, 1.0, 31.0, 0.0, 0.0, 0.0, 1.0, 1.0, 1.0, 0.0, 1.0, 0.0, 2.0, 0.0, 0.0, 0.0, 1.0, 11.0, 6.0, 8.0, 48525], [48527, 1.0, 1.0, 1.0, 40.0, 0.0, 0.0, 0.0, 0.0, 0.0, 1.0, 0.0, 1.0, 0.0, 2.0, 0.0, 0.0, 0.0, 1.0, 10.0, 5.0, 8.0, 48527], [48529, 1.0, 1.0, 1.0, 23.0, 1.0, 0.0, 0.0, 0.0, 1.0, 1.0, 0.0, 1.0, 0.0, 3.0, 0.0, 3.0, 1.0, 1.0, 13.0, 6.0, 8.0, 48529], [48530, 1.0, 1.0, 1.0, 29.0, 1.0, 0.0, 1.0, 1.0, 1.0, 1.0, 0.0, 1.0, 0.0, 2.0, 0.0, 0.0, 0.0, 0.0, 13.0, 5.0, 8.0, 48530], [48534, 0.0, 1.0, 1.0, 25.0, 1.0, 1.0, 0.0, 0.0, 0.0, 1.0, 0.0, 1.0, 0.0, 3.0, 0.0, 0.0, 1.0, 0.0, 11.0, 4.0, 3.0, 48534], [48535, 1.0, 1.0, 1.0, 35.0, 1.0, 0.0, 1.0, 0.0, 0.0, 1.0, 0.0, 1.0, 0.0, 4.0, 3.0, 16.0, 1.0, 0.0, 11.0, 5.0, 8.0, 48535], [48536, 1.0, 1.0, 1.0, 26.0, 1.0, 0.0, 1.0, 0.0, 1.0, 1.0, 0.0, 1.0, 0.0, 4.0, 0.0, 0.0, 1.0, 1.0, 13.0, 4.0, 7.0, 48536], [48538, 1.0, 1.0, 1.0, 50.0, 1.0, 1.0, 0.0, 1.0, 0.0, 1.0, 0.0, 1.0, 0.0, 3.0, 0.0, 25.0, 1.0, 0.0, 11.0, 4.0, 3.0, 48538], [48540, 0.0, 1.0, 1.0, 40.0, 1.0, 0.0, 0.0, 0.0, 1.0, 1.0, 0.0, 1.0, 0.0, 4.0, 0.0, 2.0, 1.0, 0.0, 10.0, 5.0, 7.0, 48540]]}}","{""predictions"": [0.0, 0.0, 0.0, 0.0, 0.0, 1.0, 1.0, 1.0, 0.0, 0.0]}",1,"{""model_name"":""labuser70609094f_monitor_demo4f.default.diabetes_model"",""endpoint_name"":""labuser70609094f_endpoint"",""model_version"":""1""}"
null,49bb9851-cddb-4ff9-8c34-7cf460c3d77e,2024-07-08,1720444897123,200,4,"{""dataframe_split"": {""index"": [18260, 18261, 18262, 18263, 18264, 18265, 18266, 18267, 18268, 18269], ""columns"": [""index"", ""HighBP"", ""HighChol"", ""CholCheck"", ""BMI"", ""Smoker"", ""Stroke"", ""HeartDiseaseorAttack"", ""PhysActivity"", ""Fruits"", ""Veggies"", ""HvyAlcoholConsump"", ""AnyHealthcare"", ""NoDocbcCost"", ""GenHlth"", ""MentHlth"", ""PhysHlth"", ""DiffWalk"", ""Sex"", ""Age"", ""Education"", ""Income"", ""id""], ""data"": [[48543, 1.0, 0.0, 1.0, 33.0, 0.0, 1.0, 0.0, 0.0, 0.0, 1.0, 0.0, 1.0, 0.0, 3.0, 0.0, 7.0, 0.0, 0.0, 13.0, 4.0, 3.0, 48543], [48545, 1.0, 0.0, 1.0, 26.0, 1.0, 0.0, 1.0, 1.0, 1.0, 1.0, 0.0, 1.0, 0.0, 4.0, 2.0, 0.0, 1.0, 1.0, 11.0, 5.0, 7.0, 48545], [48548, 1.0, 1.0, 1.0, 31.0, 1.0, 0.0, 0.0, 0.0, 0.0, 1.0, 1.0, 1.0, 0.0, 3.0, 0.0, 4.0, 1.0, 0.0, 12.0, 5.0, 3.0, 48548], [48550, 1.0, 1.0, 1.0, 28.0, 0.0, 0.0, 0.0, 1.0, 1.0, 1.0, 0.0, 1.0, 0.0, 2.0, 0.0, 0.0, 0.0, 0.0, 10.0, 4.0, 7.0, 48550], [48551, 0.0, 0.0, 1.0, 24.0, 0.0, 0.0, 0.0, 1.0, 0.0, 0.0, 0.0, 1.0, 0.0, 3.0, 0.0, 1.0, 0.0, 0.0, 10.0, 5.0, 7.0, 48551], [48555, 1.0, 1.0, 1.0, 48.0, 0.0, 0.0, 1.0, 0.0, 1.0, 1.0, 0.0, 1.0, 1.0, 5.0, 15.0, 30.0, 1.0, 0.0, 13.0, 4.0, 4.0, 48555], [48556, 1.0, 0.0, 1.0, 24.0, 1.0, 0.0, 0.0, 1.0, 0.0, 1.0, 0.0, 1.0, 0.0, 4.0, 0.0, 1.0, 0.0, 1.0, 10.0, 4.0, 8.0, 48556], [48557, 1.0, 0.0, 1.0, 24.0, 1.0, 0.0, 1.0, 1.0, 0.0, 0.0, 0.0, 1.0, 0.0, 4.0, 0.0, 0.0, 1.0, 1.0, 11.0, 4.0, 6.0, 48557], [48559, 1.0, 0.0, 1.0, 36.0, 1.0, 0.0, 0.0, 0.0, 1.0, 1.0, 0.0, 1.0, 0.0, 3.0, 3.0, 0.0, 0.0, 0.0, 11.0, 3.0, 5.0, 48559], [48560, 1.0, 1.0, 1.0, 29.0, 1.0, 0.0, 0.0, 1.0, 0.0, 0.0, 0.0, 1.0, 0.0, 2.0, 3.0, 0.0, 0.0, 1.0, 10.0, 4.0, 7.0, 48560]]}}","{""predictions"": [1.0, 0.0, 1.0, 1.0, 1.0, 0.0, 0.0, 0.0, 1.0, 1.0]}",1,"{""model_name"":""labuser70609094f_monitor_demo4f.default.diabetes_model"",""endpoint_name"":""labuser70609094f_endpoint"",""model_version"":""1""}"
null,412f003d-50e1-422c-9869-f5f60529ceef,2024-07-08,1720444897151,200,4,"{""dataframe_split"": {""index"": [18270, 18271, 18272, 18273, 18274, 18275, 18276, 18277, 18278, 18279], ""columns"": [""index"", ""HighBP"", ""HighChol"", ""CholCheck"", ""BMI"", ""Smoker"", ""Stroke"", ""HeartDiseaseorAttack"", ""PhysActivity"", ""Fruits"", ""Veggies"", ""HvyAlcoholConsump"", ""AnyHealthcare"", ""NoDocbcCost"", ""GenHlth"", ""MentHlth"", ""PhysHlth"", ""DiffWalk"", ""Sex"", ""Age"", ""Education"", ""Income"", ""id""], ""data"": [[48562, 1.0, 1.0, 1.0, 27.0, 1.0, 0.0, 0.0, 1.0, 1.0, 1.0, 0.0, 1.0, 0.0, 3.0, 0.0, 0.0, 0.0, 1.0, 11.0, 4.0, 5.0, 48562], [48569, 1.0, 1.0, 1.0, 32.0, 0.0, 0.0, 0.0, 0.0, 0.0, 0.0, 0.0, 1.0, 0.0, 2.0, 7.0, 0.0, 1.0, 0.0, 13.0, 5.0, 3.0, 48569], [48570, 1.0, 1.0, 1.0, 31.0, 0.0, 0.0, 1.0, 1.0, 1.0, 1.0, 0.0, 1.0, 0.0, 3.0, 0.0, 20.0, 0.0, 0.0, 13.0, 3.0, 5.0, 48570], [48571, 1.0, 1.0, 1.0, 27.0, 1.0, 0.0, 1.0, 1.0, 1.0, 1.0, 0.0, 1.0, 0.0, 2.0, 0.0, 0.0, 0.0, 1.0, 11.0, 6.0, 8.0, 48571], [48573, 1.0, 1.0, 1.0, 27.0, 1.0, 0.0, 1.0, 0.0, 1.0, 1.0, 0.0, 1.0, 0.0, 2.0, 0.0, 0.0, 0.0, 0.0, 12.0, 5.0, 6.0, 48573], [48575, 1.0, 1.0, 1.0, 27.0, 0.0, 0.0, 0.0, 1.0, 1.0, 0.0, 0.0, 1.0, 0.0, 2.0, 0.0, 0.0, 0.0, 0.0, 13.0, 5.0, 4.0, 48575], [48576, 1.0, 1.0, 1.0, 27.0, 1.0, 0.0, 0.0, 1.0, 0.0, 1.0, 0.0, 1.0, 0.0, 3.0, 0.0, 0.0, 1.0, 0.0, 12.0, 3.0, 2.0, 48576], [48577, 1.0, 0.0, 1.0, 31.0, 1.0, 0.0, 0.0, 1.0, 1.0, 1.0, 0.0, 1.0, 0.0, 3.0, 0.0, 14.0, 0.0, 0.0, 10.0, 4.0, 8.0, 48577], [48579, 1.0, 1.0, 1.0, 30.0, 1.0, 1.0, 1.0, 0.0, 1.0, 1.0, 0.0, 1.0, 0.0, 4.0, 0.0, 15.0, 1.0, 0.0, 12.0, 6.0, 3.0, 48579], [48580, 1.0, 1.0, 1.0, 26.0, 0.0, 0.0, 0.0, 0.0, 0.0, 0.0, 0.0, 1.0, 0.0, 3.0, 0.0, 0.0, 0.0, 0.0, 12.0, 6.0, 5.0, 48580]]}}","{""predictions"": [1.0, 0.0, 1.0, 1.0, 1.0, 1.0, 1.0, 0.0, 1.0, 1.0]}",1,"{""model_name"":""labuser70609094f_monitor_demo4f.default.diabetes_model"",""endpoint_name"":""labuser70609094f_endpoint"",""model_version"":""1""}"
null,6bf7dc4b-c1e6-4ef4-8cfe-77b56d5865f9,2024-07-08,1720444897238,200,4,"{""dataframe_split"": {""index"": [18300, 18301, 18302, 18303, 18304, 18305, 18306, 18307, 18308, 18309], ""columns"": [""index"", ""HighBP"", ""HighChol"", ""CholCheck"", ""BMI"", ""Smoker"", ""Stroke"", ""HeartDiseaseorAttack"", ""PhysActivity"", ""Fruits"", ""Veggies"", ""HvyAlcoholConsump"", ""AnyHealthcare"", ""NoDocbcCost"", ""GenHlth"", ""MentHlth"", ""PhysHlth"", ""DiffWalk"", ""Sex"", ""Age"", ""Education"", ""Income"", ""id""], ""data"": [[48617, 0.0, 0.0, 1.0, 24.0, 1.0, 0.0, 0.0, 0.0, 1.0, 1.0, 0.0, 1.0, 0.0, 3.0, 0.0, 0.0, 0.0, 1.0, 10.0, 4.0, 4.0, 48617], [48618, 1.0, 1.0, 1.0, 28.0, 1.0, 1.0, 1.0, 0.0, 1.0, 0.0, 0.0, 1.0, 0.0, 5.0, 0.0, 30.0, 1.0, 1.0, 10.0, 6.0, 8.0, 48618], [48620, 1.0, 1.0, 1.0, 22.0, 1.0, 0.0, 0.0, 1.0, 1.0, 1.0, 0.0, 1.0, 0.0, 2.0, 0.0, 0.0, 0.0, 1.0, 12.0, 5.0, 6.0, 48620], [48621, 0.0, 0.0, 1.0, 24.0, 1.0, 0.0, 0.0, 0.0, 0.0, 1.0, 0.0, 1.0, 0.0, 3.0, 0.0, 0.0, 0.0, 0.0, 11.0, 5.0, 8.0, 48621], [48622, 1.0, 0.0, 1.0, 24.0, 1.0, 0.0, 0.0, 0.0, 0.0, 0.0, 0.0, 1.0, 0.0, 2.0, 0.0, 0.0, 0.0, 0.0, 10.0, 4.0, 6.0, 48622], [48623, 1.0, 1.0, 1.0, 31.0, 1.0, 0.0, 0.0, 1.0, 0.0, 1.0, 0.0, 1.0, 0.0, 2.0, 0.0, 2.0, 0.0, 1.0, 12.0, 6.0, 7.0, 48623], [48624, 1.0, 1.0, 1.0, 27.0, 1.0, 1.0, 1.0, 1.0, 1.0, 0.0, 0.0, 1.0, 0.0, 1.0, 0.0, 0.0, 0.0, 1.0, 10.0, 6.0, 3.0, 48624], [48626, 1.0, 1.0, 1.0, 31.0, 1.0, 0.0, 0.0, 0.0, 1.0, 0.0, 0.0, 1.0, 0.0, 3.0, 20.0, 5.0, 1.0, 0.0, 13.0, 6.0, 7.0, 48626], [48627, 1.0, 1.0, 1.0, 24.0, 1.0, 1.0, 0.0, 0.0, 1.0, 1.0, 0.0, 1.0, 0.0, 4.0, 0.0, 10.0, 1.0, 0.0, 11.0, 4.0, 3.0, 48627], [48629, 1.0, 0.0, 1.0, 38.0, 1.0, 0.0, 0.0, 0.0, 0.0, 1.0, 0.0, 1.0, 0.0, 5.0, 0.0, 0.0, 0.0, 0.0, 10.0, 4.0, 5.0, 48629]]}}","{""predictions"": [0.0, 1.0, 0.0, 0.0, 0.0, 1.0, 1.0, 0.0, 1.0, 1.0]}",1,"{""model_name"":""labuser70609094f_monitor_demo4f.default.diabetes_model"",""endpoint_name"":""labuser70609094f_endpoint"",""model_version"":""1""}"
null,b7077c2d-968e-415f-8bd5-f5ea7c8408c1,2024-07-08,1720444897294,200,4,"{""dataframe_split"": {""index"": [18320, 18321, 18322, 18323, 18324, 18325, 18326, 18327, 18328, 18329], ""columns"": [""index"", ""HighBP"", ""HighChol"", ""CholCheck"", ""BMI"", ""Smoker"", ""Stroke"", ""HeartDiseaseorAttack"", ""PhysActivity"", ""Fruits"", ""Veggies"", ""HvyAlcoholConsump"", ""AnyHealthcare"", ""NoDocbcCost"", ""GenHlth"", ""MentHlth"", ""PhysHlth"", ""DiffWalk"", ""Sex"", ""Age"", ""Education"", ""Income"", ""id""], ""data"": [[48647, 1.0, 1.0, 1.0, 23.0, 0.0, 1.0, 0.0, 0.0, 1.0, 1.0, 0.0, 1.0, 0.0, 4.0, 20.0, 30.0, 1.0, 0.0, 12.0, 6.0, 6.0, 48647], [48648, 1.0, 1.0, 1.0, 31.0, 0.0, 0.0, 0.0, 1.0, 0.0, 1.0, 0.0, 1.0, 0.0, 4.0, 0.0, 3.0, 0.0, 0.0, 10.0, 6.0, 5.0, 48648], [48649, 1.0, 0.0, 1.0, 30.0, 0.0, 0.0, 0.0, 1.0, 1.0, 1.0, 0.0, 1.0, 0.0, 2.0, 0.0, 0.0, 0.0, 0.0, 13.0, 6.0, 5.0, 48649], [48654, 1.0, 0.0, 1.0, 37.0, 1.0, 0.0, 1.0, 1.0, 1.0, 1.0, 0.0, 1.0, 0.0, 5.0, 0.0, 30.0, 1.0, 1.0, 10.0, 5.0, 8.0, 48654], [48656, 1.0, 1.0, 1.0, 24.0, 1.0, 1.0, 0.0, 0.0, 1.0, 1.0, 0.0, 1.0, 0.0, 5.0, 0.0, 20.0, 1.0, 1.0, 13.0, 6.0, 5.0, 48656], [48657, 0.0, 0.0, 1.0, 26.0, 0.0, 0.0, 0.0, 1.0, 1.0, 1.0, 0.0, 1.0, 0.0, 2.0, 0.0, 0.0, 0.0, 1.0, 10.0, 6.0, 8.0, 48657], [48662, 0.0, 1.0, 1.0, 21.0, 1.0, 0.0, 0.0, 1.0, 1.0, 1.0, 0.0, 1.0, 0.0, 4.0, 0.0, 25.0, 0.0, 0.0, 13.0, 6.0, 8.0, 48662], [48665, 1.0, 1.0, 1.0, 35.0, 0.0, 0.0, 0.0, 0.0, 1.0, 0.0, 0.0, 1.0, 0.0, 2.0, 0.0, 2.0, 1.0, 0.0, 12.0, 6.0, 6.0, 48665], [48666, 1.0, 1.0, 1.0, 28.0, 1.0, 0.0, 0.0, 0.0, 1.0, 1.0, 0.0, 1.0, 0.0, 4.0, 10.0, 2.0, 1.0, 0.0, 10.0, 4.0, 3.0, 48666], [48671, 0.0, 1.0, 1.0, 25.0, 0.0, 0.0, 0.0, 0.0, 0.0, 1.0, 0.0, 1.0, 0.0, 3.0, 0.0, 10.0, 0.0, 1.0, 10.0, 6.0, 8.0, 48671]]}}","{""predictions"": [1.0, 1.0, 1.0, 1.0, 1.0, 0.0, 0.0, 1.0, 0.0, 1.0]}",1,"{""model_name"":""labuser70609094f_monitor_demo4f.default.diabetes_model"",""endpoint_name"":""labuser70609094f_endpoint"",""model_version"":""1""}"
null,d15e1fe6-7741-46f0-970b-42644f46dc20,2024-07-08,1720444897324,200,4,"{""dataframe_split"": {""index"": [18330, 18331, 18332, 18333, 18334, 18335, 18336, 18337, 18338, 18339], ""columns"": [""index"", ""HighBP"", ""HighChol"", ""CholCheck"", ""BMI"", ""Smoker"", ""Stroke"", ""HeartDiseaseorAttack"", ""PhysActivity"", ""Fruits"", ""Veggies"", ""HvyAlcoholConsump"", ""AnyHealthcare"", ""NoDocbcCost"", ""GenHlth"", ""MentHlth"", ""PhysHlth"", ""DiffWalk"", ""Sex"", ""Age"", ""Education"", ""Income"", ""id""], ""data"": [[48672, 1.0, 1.0, 1.0, 31.0, 0.0, 0.0, 0.0, 1.0, 0.0, 1.0, 0.0, 1.0, 0.0, 4.0, 30.0, 30.0, 0.0, 0.0, 11.0, 4.0, 6.0, 48672], [48674, 1.0, 0.0, 1.0, 30.0, 1.0, 0.0, 0.0, 1.0, 1.0, 1.0, 0.0, 1.0, 0.0, 2.0, 0.0, 0.0, 0.0, 1.0, 12.0, 6.0, 8.0, 48674], [48675, 1.0, 1.0, 1.0, 28.0, 1.0, 0.0, 0.0, 1.0, 1.0, 0.0, 0.0, 1.0, 0.0, 3.0, 0.0, 0.0, 0.0, 1.0, 11.0, 6.0, 5.0, 48675], [48676, 1.0, 0.0, 1.0, 48.0, 0.0, 0.0, 1.0, 0.0, 0.0, 0.0, 0.0, 1.0, 0.0, 4.0, 0.0, 5.0, 1.0, 0.0, 11.0, 5.0, 6.0, 48676], [48678, 1.0, 1.0, 1.0, 39.0, 0.0, 0.0, 0.0, 0.0, 1.0, 1.0, 0.0, 1.0, 0.0, 3.0, 5.0, 30.0, 1.0, 0.0, 10.0, 6.0, 8.0, 48678], [48679, 1.0, 0.0, 1.0, 33.0, 0.0, 0.0, 0.0, 0.0, 0.0, 1.0, 0.0, 1.0, 0.0, 3.0, 0.0, 0.0, 0.0, 0.0, 11.0, 4.0, 5.0, 48679], [48681, 1.0, 1.0, 1.0, 43.0, 1.0, 0.0, 1.0, 0.0, 0.0, 1.0, 0.0, 1.0, 0.0, 4.0, 8.0, 3.0, 1.0, 1.0, 11.0, 5.0, 7.0, 48681], [48683, 1.0, 1.0, 1.0, 26.0, 0.0, 1.0, 0.0, 0.0, 1.0, 0.0, 0.0, 1.0, 0.0, 3.0, 5.0, 1.0, 1.0, 0.0, 12.0, 5.0, 5.0, 48683], [48686, 1.0, 1.0, 1.0, 23.0, 0.0, 0.0, 0.0, 1.0, 1.0, 1.0, 0.0, 1.0, 0.0, 2.0, 0.0, 0.0, 0.0, 0.0, 10.0, 5.0, 8.0, 48686], [48687, 1.0, 0.0, 1.0, 35.0, 1.0, 0.0, 0.0, 0.0, 1.0, 0.0, 0.0, 1.0, 0.0, 3.0, 3.0, 5.0, 0.0, 0.0, 10.0, 4.0, 6.0, 48687]]}}","{""predictions"": [1.0, 1.0, 0.0, 1.0, 1.0, 1.0, 1.0, 1.0, 0.0, 1.0]}",1,"{""model_name"":""labuser70609094f_monitor_demo4f.default.diabetes_model"",""endpoint_name"":""labuser70609094f_endpoint"",""model_version"":""1""}"
null,bca1f226-b249-4954-badd-94783c79ddc9,2024-07-08,1720444897353,200,4,"{""dataframe_split"": {""index"": [18340, 18341, 18342, 18343, 18344, 18345, 18346, 18347, 18348, 18349], ""columns"": [""index"", ""HighBP"", ""HighChol"", ""CholCheck"", ""BMI"", ""Smoker"", ""Stroke"", ""HeartDiseaseorAttack"", ""PhysActivity"", ""Fruits"", ""Veggies"", ""HvyAlcoholConsump"", ""AnyHealthcare"", ""NoDocbcCost"", ""GenHlth"", ""MentHlth"", ""PhysHlth"", ""DiffWalk"", ""Sex"", ""Age"", ""Education"", ""Income"", ""id""], ""data"": [[48688, 1.0, 0.0, 1.0, 18.0, 0.0, 0.0, 1.0, 1.0, 1.0, 0.0, 0.0, 1.0, 1.0, 3.0, 5.0, 15.0, 0.0, 1.0, 13.0, 5.0, 3.0, 48688], [48689, 1.0, 1.0, 1.0, 28.0, 0.0, 0.0, 0.0, 1.0, 1.0, 1.0, 0.0, 1.0, 0.0, 2.0, 0.0, 2.0, 0.0, 0.0, 12.0, 5.0, 6.0, 48689], [48690, 1.0, 1.0, 1.0, 36.0, 0.0, 1.0, 0.0, 1.0, 0.0, 0.0, 0.0, 1.0, 0.0, 5.0, 0.0, 0.0, 1.0, 1.0, 11.0, 4.0, 5.0, 48690], [48691, 1.0, 0.0, 1.0, 30.0, 0.0, 0.0, 0.0, 0.0, 0.0, 1.0, 0.0, 1.0, 0.0, 2.0, 0.0, 0.0, 0.0, 0.0, 10.0, 6.0, 6.0, 48691], [48694, 1.0, 1.0, 1.0, 51.0, 1.0, 0.0, 0.0, 1.0, 1.0, 1.0, 0.0, 1.0, 0.0, 4.0, 0.0, 0.0, 1.0, 1.0, 11.0, 6.0, 5.0, 48694], [48697, 1.0, 1.0, 1.0, 30.0, 1.0, 0.0, 0.0, 1.0, 1.0, 0.0, 0.0, 1.0, 0.0, 2.0, 2.0, 0.0, 0.0, 0.0, 11.0, 4.0, 5.0, 48697], [48698, 1.0, 1.0, 1.0, 23.0, 1.0, 0.0, 0.0, 1.0, 0.0, 1.0, 0.0, 1.0, 0.0, 3.0, 0.0, 0.0, 0.0, 1.0, 10.0, 4.0, 8.0, 48698], [48699, 1.0, 1.0, 1.0, 33.0, 1.0, 0.0, 1.0, 1.0, 1.0, 1.0, 0.0, 1.0, 0.0, 3.0, 0.0, 0.0, 0.0, 1.0, 11.0, 4.0, 8.0, 48699], [48701, 1.0, 1.0, 1.0, 28.0, 1.0, 0.0, 1.0, 1.0, 1.0, 1.0, 0.0, 1.0, 0.0, 3.0, 20.0, 10.0, 1.0, 0.0, 13.0, 5.0, 3.0, 48701], [48705, 1.0, 1.0, 1.0, 27.0, 0.0, 0.0, 0.0, 0.0, 0.0, 0.0, 0.0, 1.0, 0.0, 3.0, 0.0, 1.0, 0.0, 0.0, 11.0, 4.0, 5.0, 48705]]}}","{""predictions"": [1.0, 0.0, 1.0, 1.0, 1.0, 0.0, 1.0, 1.0, 1.0, 0.0]}",1,"{""model_name"":""labuser70609094f_monitor_demo4f.default.diabetes_model"",""endpoint_name"":""labuser70609094f_endpoint"",""model_version"":""1""}"
null,1f58a8b1-7ba9-4170-980c-48ce281fbc87,2024-07-08,1720444897613,200,4,"{""dataframe_split"": {""index"": [18430, 18431, 18432, 18433, 18434, 18435, 18436, 18437, 18438, 18439], ""columns"": [""index"", ""HighBP"", ""HighChol"", ""CholCheck"", ""BMI"", ""Smoker"", ""Stroke"", ""HeartDiseaseorAttack"", ""PhysActivity"", ""Fruits"", ""Veggies"", ""HvyAlcoholConsump"", ""AnyHealthcare"", ""NoDocbcCost"", ""GenHlth"", ""MentHlth"", ""PhysHlth"", ""DiffWalk"", ""Sex"", ""Age"", ""Education"", ""Income"", ""id""], ""data"": [[48843, 0.0, 1.0, 1.0, 28.0, 0.0, 0.0, 0.0, 1.0, 1.0, 0.0, 0.0, 1.0, 0.0, 4.0, 30.0, 7.0, 0.0, 0.0, 11.0, 4.0, 4.0, 48843], [48844, 1.0, 1.0, 1.0, 30.0, 1.0, 0.0, 0.0, 1.0, 1.0, 0.0, 0.0, 1.0, 0.0, 3.0, 15.0, 0.0, 0.0, 1.0, 11.0, 4.0, 6.0, 48844], [48845, 1.0, 1.0, 1.0, 39.0, 1.0, 0.0, 0.0, 1.0, 1.0, 1.0, 0.0, 1.0, 0.0, 4.0, 30.0, 15.0, 1.0, 0.0, 11.0, 4.0, 4.0, 48845], [48846, 1.0, 0.0, 1.0, 25.0, 1.0, 0.0, 0.0, 1.0, 0.0, 1.0, 0.0, 1.0, 0.0, 1.0, 0.0, 0.0, 0.0, 1.0, 11.0, 5.0, 2.0, 48846], [48847, 1.0, 0.0, 1.0, 23.0, 1.0, 0.0, 0.0, 0.0, 1.0, 0.0, 0.0, 1.0, 0.0, 4.0, 0.0, 30.0, 0.0, 0.0, 13.0, 5.0, 6.0, 48847], [48848, 1.0, 0.0, 1.0, 33.0, 0.0, 0.0, 0.0, 0.0, 0.0, 1.0, 0.0, 1.0, 0.0, 3.0, 0.0, 0.0, 1.0, 1.0, 11.0, 3.0, 4.0, 48848], [48849, 1.0, 1.0, 1.0, 32.0, 1.0, 0.0, 0.0, 1.0, 0.0, 1.0, 0.0, 1.0, 0.0, 3.0, 0.0, 5.0, 0.0, 1.0, 11.0, 6.0, 7.0, 48849], [48850, 0.0, 1.0, 1.0, 28.0, 0.0, 0.0, 0.0, 1.0, 1.0, 1.0, 0.0, 1.0, 0.0, 3.0, 0.0, 0.0, 0.0, 0.0, 12.0, 4.0, 3.0, 48850], [48851, 1.0, 0.0, 1.0, 29.0, 1.0, 0.0, 0.0, 0.0, 1.0, 1.0, 0.0, 1.0, 0.0, 5.0, 0.0, 0.0, 0.0, 0.0, 10.0, 3.0, 5.0, 48851], [48852, 1.0, 0.0, 1.0, 33.0, 1.0, 1.0, 1.0, 1.0, 1.0, 1.0, 0.0, 1.0, 0.0, 4.0, 15.0, 10.0, 1.0, 0.0, 11.0, 6.0, 4.0, 48852]]}}","{""predictions"": [1.0, 1.0, 1.0, 0.0, 0.0, 1.0, 1.0, 0.0, 1.0, 1.0]}",1,"{""model_name"":""labuser70609094f_monitor_demo4f.default.diabetes_model"",""endpoint_name"":""labuser70609094f_endpoint"",""model_version"":""1""}"
null,468c8ae8-0c53-44c3-9594-78b46a90e24e,2024-07-08,1720444897639,200,4,"{""dataframe_split"": {""index"": [18440, 18441, 18442, 18443, 18444, 18445, 18446, 18447, 18448, 18449], ""columns"": [""index"", ""HighBP"", ""HighChol"", ""CholCheck"", ""BMI"", ""Smoker"", ""Stroke"", ""HeartDiseaseorAttack"", ""PhysActivity"", ""Fruits"", ""Veggies"", ""HvyAlcoholConsump"", ""AnyHealthcare"", ""NoDocbcCost"", ""GenHlth"", ""MentHlth"", ""PhysHlth"", ""DiffWalk"", ""Sex"", ""Age"", ""Education"", ""Income"", ""id""], ""data"": [[48853, 1.0, 1.0, 1.0, 29.0, 0.0, 0.0, 0.0, 0.0, 1.0, 1.0, 0.0, 1.0, 0.0, 3.0, 0.0, 2.0, 0.0, 0.0, 10.0, 4.0, 4.0, 48853], [48854, 0.0, 1.0, 1.0, 37.0, 1.0, 0.0, 0.0, 1.0, 1.0, 0.0, 0.0, 1.0, 0.0, 3.0, 0.0, 2.0, 1.0, 1.0, 11.0, 5.0, 6.0, 48854], [48857, 1.0, 0.0, 1.0, 20.0, 0.0, 0.0, 1.0, 0.0, 1.0, 1.0, 0.0, 1.0, 0.0, 5.0, 0.0, 30.0, 1.0, 0.0, 13.0, 4.0, 2.0, 48857], [48859, 0.0, 0.0, 1.0, 24.0, 0.0, 0.0, 0.0, 1.0, 1.0, 1.0, 0.0, 1.0, 0.0, 2.0, 0.0, 0.0, 0.0, 1.0, 12.0, 4.0, 5.0, 48859], [48862, 0.0, 1.0, 1.0, 42.0, 0.0, 0.0, 1.0, 0.0, 1.0, 1.0, 0.0, 1.0, 0.0, 4.0, 3.0, 0.0, 1.0, 0.0, 10.0, 5.0, 7.0, 48862], [48870, 1.0, 1.0, 1.0, 28.0, 1.0, 0.0, 1.0, 1.0, 1.0, 1.0, 0.0, 1.0, 1.0, 4.0, 30.0, 10.0, 0.0, 1.0, 10.0, 3.0, 3.0, 48870], [48871, 1.0, 1.0, 1.0, 19.0, 1.0, 0.0, 1.0, 1.0, 0.0, 1.0, 0.0, 1.0, 0.0, 3.0, 3.0, 3.0, 0.0, 0.0, 11.0, 6.0, 6.0, 48871], [48873, 1.0, 0.0, 1.0, 32.0, 0.0, 0.0, 0.0, 1.0, 1.0, 1.0, 0.0, 1.0, 0.0, 3.0, 0.0, 0.0, 0.0, 1.0, 13.0, 6.0, 8.0, 48873], [48874, 1.0, 1.0, 1.0, 33.0, 0.0, 0.0, 0.0, 0.0, 0.0, 0.0, 0.0, 1.0, 1.0, 5.0, 10.0, 10.0, 1.0, 1.0, 12.0, 6.0, 4.0, 48874], [48878, 1.0, 1.0, 1.0, 34.0, 0.0, 0.0, 0.0, 0.0, 1.0, 1.0, 0.0, 1.0, 0.0, 3.0, 3.0, 0.0, 1.0, 1.0, 10.0, 6.0, 6.0, 48878]]}}","{""predictions"": [1.0, 1.0, 1.0, 1.0, 0.0, 1.0, 0.0, 0.0, 1.0, 1.0]}",1,"{""model_name"":""labuser70609094f_monitor_demo4f.default.diabetes_model"",""endpoint_name"":""labuser70609094f_endpoint"",""model_version"":""1""}"
null,3ca46a75-3046-4d02-9e7d-c8557a47957c,2024-07-08,1720444897668,200,4,"{""dataframe_split"": {""index"": [18450, 18451, 18452, 18453, 18454, 18455, 18456, 18457, 18458, 18459], ""columns"": [""index"", ""HighBP"", ""HighChol"", ""CholCheck"", ""BMI"", ""Smoker"", ""Stroke"", ""HeartDiseaseorAttack"", ""PhysActivity"", ""Fruits"", ""Veggies"", ""HvyAlcoholConsump"", ""AnyHealthcare"", ""NoDocbcCost"", ""GenHlth"", ""MentHlth"", ""PhysHlth"", ""DiffWalk"", ""Sex"", ""Age"", ""Education"", ""Income"", ""id""], ""data"": [[48879, 0.0, 1.0, 1.0, 20.0, 1.0, 0.0, 0.0, 1.0, 1.0, 1.0, 0.0, 1.0, 0.0, 3.0, 0.0, 0.0, 0.0, 0.0, 10.0, 6.0, 8.0, 48879], [48881, 1.0, 1.0, 1.0, 42.0, 1.0, 0.0, 0.0, 0.0, 0.0, 1.0, 0.0, 1.0, 0.0, 4.0, 0.0, 2.0, 0.0, 0.0, 11.0, 5.0, 7.0, 48881], [48884, 1.0, 1.0, 1.0, 31.0, 1.0, 1.0, 1.0, 1.0, 1.0, 1.0, 0.0, 1.0, 1.0, 4.0, 0.0, 15.0, 0.0, 1.0, 11.0, 5.0, 4.0, 48884], [48885, 1.0, 1.0, 1.0, 27.0, 1.0, 0.0, 1.0, 1.0, 0.0, 0.0, 0.0, 1.0, 0.0, 4.0, 0.0, 0.0, 0.0, 1.0, 10.0, 6.0, 4.0, 48885], [48886, 0.0, 0.0, 1.0, 32.0, 1.0, 0.0, 0.0, 1.0, 1.0, 1.0, 0.0, 1.0, 0.0, 2.0, 0.0, 0.0, 0.0, 1.0, 12.0, 5.0, 6.0, 48886], [48888, 1.0, 0.0, 1.0, 24.0, 1.0, 0.0, 0.0, 1.0, 1.0, 1.0, 0.0, 1.0, 0.0, 4.0, 0.0, 5.0, 0.0, 0.0, 11.0, 6.0, 6.0, 48888], [48889, 1.0, 1.0, 1.0, 33.0, 0.0, 0.0, 1.0, 0.0, 0.0, 1.0, 0.0, 1.0, 0.0, 3.0, 0.0, 0.0, 0.0, 1.0, 12.0, 6.0, 6.0, 48889], [48890, 1.0, 1.0, 1.0, 32.0, 1.0, 0.0, 0.0, 0.0, 1.0, 0.0, 0.0, 1.0, 1.0, 4.0, 30.0, 30.0, 1.0, 1.0, 10.0, 5.0, 5.0, 48890], [48891, 1.0, 0.0, 1.0, 33.0, 1.0, 0.0, 0.0, 1.0, 0.0, 1.0, 0.0, 1.0, 0.0, 1.0, 0.0, 0.0, 0.0, 0.0, 10.0, 5.0, 3.0, 48891], [48894, 1.0, 1.0, 1.0, 31.0, 0.0, 0.0, 0.0, 0.0, 1.0, 0.0, 0.0, 0.0, 0.0, 2.0, 0.0, 0.0, 0.0, 0.0, 10.0, 6.0, 8.0, 48894]]}}","{""predictions"": [0.0, 1.0, 0.0, 1.0, 1.0, 0.0, 1.0, 1.0, 0.0, 1.0]}",1,"{""model_name"":""labuser70609094f_monitor_demo4f.default.diabetes_model"",""endpoint_name"":""labuser70609094f_endpoint"",""model_version"":""1""}"
null,f32d6ffd-74f9-4f9e-bab8-215b00818dea,2024-07-08,1720444897698,200,4,"{""dataframe_split"": {""index"": [18460, 18461, 18462, 18463, 18464, 18465, 18466, 18467, 18468, 18469], ""columns"": [""index"", ""HighBP"", ""HighChol"", ""CholCheck"", ""BMI"", ""Smoker"", ""Stroke"", ""HeartDiseaseorAttack"", ""PhysActivity"", ""Fruits"", ""Veggies"", ""HvyAlcoholConsump"", ""AnyHealthcare"", ""NoDocbcCost"", ""GenHlth"", ""MentHlth"", ""PhysHlth"", ""DiffWalk"", ""Sex"", ""Age"", ""Education"", ""Income"", ""id""], ""data"": [[48895, 1.0, 1.0, 1.0, 23.0, 1.0, 0.0, 0.0, 1.0, 1.0, 1.0, 0.0, 1.0, 0.0, 2.0, 1.0, 0.0, 0.0, 0.0, 11.0, 4.0, 4.0, 48895], [48896, 1.0, 0.0, 1.0, 29.0, 0.0, 0.0, 0.0, 1.0, 0.0, 1.0, 0.0, 1.0, 1.0, 4.0, 0.0, 1.0, 0.0, 1.0, 10.0, 4.0, 5.0, 48896], [48897, 1.0, 1.0, 1.0, 32.0, 0.0, 0.0, 0.0, 0.0, 1.0, 1.0, 0.0, 1.0, 0.0, 3.0, 0.0, 0.0, 0.0, 0.0, 11.0, 6.0, 8.0, 48897], [48898, 1.0, 1.0, 1.0, 35.0, 0.0, 1.0, 0.0, 1.0, 1.0, 1.0, 0.0, 1.0, 0.0, 4.0, 0.0, 0.0, 0.0, 0.0, 11.0, 4.0, 7.0, 48898], [48900, 1.0, 1.0, 1.0, 32.0, 0.0, 0.0, 0.0, 1.0, 1.0, 1.0, 0.0, 1.0, 0.0, 1.0, 0.0, 0.0, 0.0, 0.0, 12.0, 4.0, 3.0, 48900], [48901, 1.0, 1.0, 1.0, 39.0, 0.0, 0.0, 0.0, 1.0, 1.0, 1.0, 0.0, 1.0, 0.0, 4.0, 0.0, 30.0, 1.0, 0.0, 11.0, 6.0, 6.0, 48901], [48902, 1.0, 1.0, 1.0, 27.0, 1.0, 0.0, 0.0, 1.0, 1.0, 0.0, 0.0, 1.0, 0.0, 3.0, 0.0, 1.0, 0.0, 0.0, 10.0, 4.0, 6.0, 48902], [48903, 1.0, 1.0, 1.0, 38.0, 0.0, 0.0, 0.0, 1.0, 1.0, 1.0, 0.0, 1.0, 0.0, 3.0, 0.0, 0.0, 1.0, 0.0, 10.0, 5.0, 5.0, 48903], [48906, 1.0, 0.0, 1.0, 31.0, 0.0, 0.0, 0.0, 0.0, 1.0, 1.0, 0.0, 1.0, 0.0, 4.0, 5.0, 0.0, 0.0, 0.0, 11.0, 5.0, 6.0, 48906], [48907, 0.0, 0.0, 1.0, 32.0, 0.0, 0.0, 1.0, 1.0, 0.0, 1.0, 0.0, 1.0, 0.0, 3.0, 0.0, 0.0, 1.0, 1.0, 12.0, 5.0, 7.0, 48907]]}}","{""predictions"": [0.0, 1.0, 0.0, 1.0, 1.0, 1.0, 1.0, 1.0, 0.0, 0.0]}",1,"{""model_name"":""labuser70609094f_monitor_demo4f.default.diabetes_model"",""endpoint_name"":""labuser70609094f_endpoint"",""model_version"":""1""}"
null,f277ba9b-c916-4cc0-b7a8-aa1e9a24055e,2024-07-08,1720444897755,200,4,"{""dataframe_split"": {""index"": [18480, 18481, 18482, 18483, 18484, 18485, 18486, 18487, 18488, 18489], ""columns"": [""index"", ""HighBP"", ""HighChol"", ""CholCheck"", ""BMI"", ""Smoker"", ""Stroke"", ""HeartDiseaseorAttack"", ""PhysActivity"", ""Fruits"", ""Veggies"", ""HvyAlcoholConsump"", ""AnyHealthcare"", ""NoDocbcCost"", ""GenHlth"", ""MentHlth"", ""PhysHlth"", ""DiffWalk"", ""Sex"", ""Age"", ""Education"", ""Income"", ""id""], ""data"": [[48924, 1.0, 1.0, 1.0, 42.0, 0.0, 0.0, 0.0, 1.0, 1.0, 1.0, 0.0, 1.0, 0.0, 3.0, 0.0, 0.0, 0.0, 0.0, 10.0, 5.0, 6.0, 48924], [48925, 0.0, 0.0, 1.0, 24.0, 0.0, 0.0, 0.0, 1.0, 1.0, 1.0, 0.0, 1.0, 0.0, 2.0, 0.0, 0.0, 0.0, 1.0, 12.0, 6.0, 5.0, 48925], [48927, 0.0, 1.0, 1.0, 29.0, 0.0, 0.0, 0.0, 1.0, 1.0, 1.0, 0.0, 1.0, 0.0, 3.0, 0.0, 0.0, 0.0, 0.0, 10.0, 4.0, 6.0, 48927], [48928, 1.0, 1.0, 1.0, 28.0, 0.0, 0.0, 0.0, 1.0, 1.0, 1.0, 0.0, 1.0, 0.0, 1.0, 0.0, 3.0, 0.0, 1.0, 12.0, 6.0, 8.0, 48928], [48931, 1.0, 0.0, 1.0, 36.0, 0.0, 0.0, 0.0, 0.0, 0.0, 1.0, 0.0, 1.0, 0.0, 3.0, 0.0, 0.0, 0.0, 1.0, 11.0, 4.0, 8.0, 48931], [48932, 1.0, 1.0, 1.0, 39.0, 0.0, 0.0, 0.0, 1.0, 0.0, 0.0, 0.0, 1.0, 0.0, 4.0, 3.0, 0.0, 1.0, 1.0, 10.0, 6.0, 5.0, 48932], [48936, 1.0, 1.0, 1.0, 25.0, 0.0, 0.0, 0.0, 0.0, 1.0, 1.0, 0.0, 1.0, 0.0, 4.0, 0.0, 2.0, 0.0, 0.0, 13.0, 3.0, 6.0, 48936], [48938, 1.0, 1.0, 1.0, 30.0, 1.0, 1.0, 0.0, 1.0, 1.0, 0.0, 0.0, 1.0, 0.0, 3.0, 0.0, 5.0, 1.0, 1.0, 10.0, 4.0, 4.0, 48938], [48940, 1.0, 1.0, 1.0, 29.0, 1.0, 0.0, 0.0, 0.0, 1.0, 1.0, 0.0, 1.0, 0.0, 3.0, 1.0, 4.0, 0.0, 1.0, 10.0, 4.0, 6.0, 48940], [48941, 0.0, 0.0, 1.0, 34.0, 1.0, 0.0, 0.0, 1.0, 0.0, 0.0, 0.0, 1.0, 0.0, 1.0, 0.0, 0.0, 0.0, 1.0, 11.0, 6.0, 8.0, 48941]]}}","{""predictions"": [1.0, 0.0, 0.0, 0.0, 1.0, 1.0, 1.0, 1.0, 1.0, 0.0]}",1,"{""model_name"":""labuser70609094f_monitor_demo4f.default.diabetes_model"",""endpoint_name"":""labuser70609094f_endpoint"",""model_version"":""1""}"
null,bbceee17-13c5-4235-8894-5cd1282fc586,2024-07-08,1720444897787,200,4,"{""dataframe_split"": {""index"": [18490, 18491, 18492, 18493, 18494, 18495, 18496, 18497, 18498, 18499], ""columns"": [""index"", ""HighBP"", ""HighChol"", ""CholCheck"", ""BMI"", ""Smoker"", ""Stroke"", ""HeartDiseaseorAttack"", ""PhysActivity"", ""Fruits"", ""Veggies"", ""HvyAlcoholConsump"", ""AnyHealthcare"", ""NoDocbcCost"", ""GenHlth"", ""MentHlth"", ""PhysHlth"", ""DiffWalk"", ""Sex"", ""Age"", ""Education"", ""Income"", ""id""], ""data"": [[48942, 1.0, 1.0, 1.0, 29.0, 1.0, 0.0, 0.0, 0.0, 1.0, 1.0, 0.0, 1.0, 0.0, 2.0, 1.0, 0.0, 0.0, 1.0, 11.0, 6.0, 7.0, 48942], [48944, 0.0, 0.0, 1.0, 30.0, 0.0, 0.0, 0.0, 0.0, 1.0, 1.0, 0.0, 1.0, 0.0, 2.0, 0.0, 0.0, 0.0, 1.0, 11.0, 5.0, 8.0, 48944], [48945, 0.0, 1.0, 1.0, 27.0, 0.0, 0.0, 0.0, 0.0, 0.0, 1.0, 0.0, 1.0, 0.0, 4.0, 7.0, 0.0, 1.0, 0.0, 13.0, 3.0, 3.0, 48945], [48950, 1.0, 1.0, 1.0, 35.0, 0.0, 0.0, 0.0, 0.0, 0.0, 1.0, 0.0, 1.0, 0.0, 5.0, 0.0, 30.0, 0.0, 1.0, 13.0, 3.0, 2.0, 48950], [48952, 1.0, 0.0, 1.0, 31.0, 0.0, 0.0, 0.0, 1.0, 0.0, 1.0, 0.0, 1.0, 0.0, 2.0, 0.0, 0.0, 0.0, 0.0, 10.0, 5.0, 8.0, 48952], [48953, 1.0, 1.0, 1.0, 27.0, 0.0, 1.0, 0.0, 1.0, 1.0, 1.0, 0.0, 1.0, 0.0, 5.0, 0.0, 30.0, 0.0, 0.0, 10.0, 4.0, 8.0, 48953], [48954, 0.0, 1.0, 1.0, 37.0, 0.0, 0.0, 0.0, 1.0, 0.0, 1.0, 0.0, 1.0, 0.0, 2.0, 0.0, 0.0, 0.0, 0.0, 11.0, 4.0, 5.0, 48954], [48955, 1.0, 1.0, 1.0, 36.0, 0.0, 0.0, 0.0, 1.0, 1.0, 1.0, 0.0, 1.0, 0.0, 2.0, 0.0, 0.0, 0.0, 1.0, 13.0, 6.0, 8.0, 48955], [48956, 1.0, 1.0, 1.0, 44.0, 1.0, 0.0, 0.0, 0.0, 1.0, 1.0, 0.0, 1.0, 0.0, 4.0, 0.0, 25.0, 1.0, 0.0, 10.0, 4.0, 2.0, 48956], [48959, 1.0, 0.0, 1.0, 37.0, 1.0, 1.0, 0.0, 0.0, 0.0, 1.0, 0.0, 1.0, 1.0, 5.0, 30.0, 30.0, 1.0, 1.0, 10.0, 4.0, 6.0, 48959]]}}","{""predictions"": [0.0, 1.0, 0.0, 1.0, 1.0, 1.0, 1.0, 0.0, 1.0, 0.0]}",1,"{""model_name"":""labuser70609094f_monitor_demo4f.default.diabetes_model"",""endpoint_name"":""labuser70609094f_endpoint"",""model_version"":""1""}"
null,7a3f70b9-c176-463c-a9c6-a28b9405aae8,2024-07-08,1720444897815,200,4,"{""dataframe_split"": {""index"": [18500, 18501, 18502, 18503, 18504, 18505, 18506, 18507, 18508, 18509], ""columns"": [""index"", ""HighBP"", ""HighChol"", ""CholCheck"", ""BMI"", ""Smoker"", ""Stroke"", ""HeartDiseaseorAttack"", ""PhysActivity"", ""Fruits"", ""Veggies"", ""HvyAlcoholConsump"", ""AnyHealthcare"", ""NoDocbcCost"", ""GenHlth"", ""MentHlth"", ""PhysHlth"", ""DiffWalk"", ""Sex"", ""Age"", ""Education"", ""Income"", ""id""], ""data"": [[48960, 1.0, 0.0, 1.0, 28.0, 0.0, 0.0, 0.0, 1.0, 1.0, 1.0, 0.0, 1.0, 0.0, 2.0, 1.0, 3.0, 0.0, 0.0, 10.0, 6.0, 5.0, 48960], [48961, 1.0, 1.0, 1.0, 30.0, 1.0, 0.0, 0.0, 0.0, 1.0, 1.0, 0.0, 1.0, 1.0, 3.0, 0.0, 3.0, 0.0, 0.0, 13.0, 4.0, 5.0, 48961], [48962, 1.0, 0.0, 1.0, 31.0, 0.0, 0.0, 0.0, 1.0, 1.0, 1.0, 0.0, 1.0, 0.0, 2.0, 0.0, 0.0, 1.0, 1.0, 13.0, 6.0, 8.0, 48962], [48967, 1.0, 1.0, 1.0, 43.0, 1.0, 0.0, 0.0, 0.0, 1.0, 1.0, 0.0, 1.0, 0.0, 4.0, 6.0, 18.0, 1.0, 0.0, 10.0, 4.0, 5.0, 48967], [48968, 1.0, 0.0, 1.0, 32.0, 1.0, 0.0, 0.0, 1.0, 1.0, 1.0, 0.0, 1.0, 0.0, 2.0, 0.0, 0.0, 1.0, 1.0, 11.0, 5.0, 8.0, 48968], [48969, 0.0, 1.0, 1.0, 35.0, 1.0, 1.0, 0.0, 0.0, 1.0, 1.0, 0.0, 0.0, 0.0, 3.0, 0.0, 0.0, 0.0, 1.0, 11.0, 2.0, 4.0, 48969], [48970, 0.0, 1.0, 1.0, 29.0, 1.0, 0.0, 0.0, 0.0, 1.0, 1.0, 0.0, 1.0, 0.0, 2.0, 0.0, 0.0, 0.0, 0.0, 11.0, 5.0, 7.0, 48970], [48972, 0.0, 1.0, 1.0, 37.0, 1.0, 0.0, 0.0, 1.0, 1.0, 1.0, 0.0, 1.0, 0.0, 3.0, 5.0, 10.0, 1.0, 0.0, 10.0, 5.0, 3.0, 48972], [48973, 1.0, 1.0, 1.0, 33.0, 0.0, 0.0, 0.0, 1.0, 1.0, 1.0, 0.0, 1.0, 0.0, 3.0, 0.0, 0.0, 0.0, 0.0, 10.0, 6.0, 6.0, 48973], [48974, 1.0, 0.0, 1.0, 34.0, 0.0, 0.0, 0.0, 1.0, 1.0, 1.0, 0.0, 1.0, 0.0, 3.0, 0.0, 0.0, 0.0, 0.0, 11.0, 6.0, 6.0, 48974]]}}","{""predictions"": [1.0, 1.0, 1.0, 1.0, 1.0, 1.0, 1.0, 1.0, 1.0, 0.0]}",1,"{""model_name"":""labuser70609094f_monitor_demo4f.default.diabetes_model"",""endpoint_name"":""labuser70609094f_endpoint"",""model_version"":""1""}"
null,4aaf2a45-900a-4c89-9d06-615e7ec5b29d,2024-07-08,1720444897844,200,4,"{""dataframe_split"": {""index"": [18510, 18511, 18512, 18513, 18514, 18515, 18516, 18517, 18518, 18519], ""columns"": [""index"", ""HighBP"", ""HighChol"", ""CholCheck"", ""BMI"", ""Smoker"", ""Stroke"", ""HeartDiseaseorAttack"", ""PhysActivity"", ""Fruits"", ""Veggies"", ""HvyAlcoholConsump"", ""AnyHealthcare"", ""NoDocbcCost"", ""GenHlth"", ""MentHlth"", ""PhysHlth"", ""DiffWalk"", ""Sex"", ""Age"", ""Education"", ""Income"", ""id""], ""data"": [[48977, 1.0, 1.0, 1.0, 36.0, 1.0, 0.0, 0.0, 0.0, 0.0, 1.0, 0.0, 1.0, 0.0, 5.0, 0.0, 30.0, 1.0, 1.0, 10.0, 4.0, 3.0, 48977], [48978, 1.0, 0.0, 1.0, 32.0, 1.0, 0.0, 1.0, 0.0, 0.0, 0.0, 0.0, 1.0, 0.0, 4.0, 15.0, 15.0, 1.0, 1.0, 11.0, 4.0, 6.0, 48978], [48980, 0.0, 0.0, 1.0, 34.0, 0.0, 0.0, 0.0, 0.0, 0.0, 1.0, 0.0, 0.0, 0.0, 4.0, 0.0, 0.0, 0.0, 1.0, 13.0, 4.0, 6.0, 48980], [48981, 1.0, 1.0, 1.0, 27.0, 1.0, 1.0, 1.0, 0.0, 1.0, 1.0, 0.0, 1.0, 1.0, 5.0, 15.0, 30.0, 1.0, 1.0, 13.0, 2.0, 3.0, 48981], [48982, 0.0, 0.0, 1.0, 27.0, 0.0, 0.0, 0.0, 1.0, 1.0, 1.0, 0.0, 1.0, 0.0, 3.0, 0.0, 0.0, 0.0, 1.0, 10.0, 6.0, 8.0, 48982], [48985, 1.0, 0.0, 1.0, 26.0, 0.0, 0.0, 0.0, 1.0, 1.0, 1.0, 0.0, 1.0, 0.0, 3.0, 0.0, 0.0, 0.0, 1.0, 12.0, 6.0, 8.0, 48985], [48986, 1.0, 0.0, 1.0, 28.0, 1.0, 0.0, 0.0, 1.0, 1.0, 1.0, 0.0, 1.0, 0.0, 4.0, 0.0, 10.0, 0.0, 0.0, 10.0, 5.0, 4.0, 48986], [48988, 1.0, 1.0, 1.0, 31.0, 0.0, 0.0, 0.0, 0.0, 1.0, 1.0, 0.0, 1.0, 0.0, 3.0, 0.0, 0.0, 0.0, 0.0, 10.0, 5.0, 6.0, 48988], [48990, 1.0, 1.0, 1.0, 30.0, 1.0, 1.0, 0.0, 1.0, 0.0, 1.0, 0.0, 1.0, 0.0, 4.0, 0.0, 0.0, 1.0, 1.0, 13.0, 3.0, 5.0, 48990], [48992, 1.0, 1.0, 1.0, 31.0, 1.0, 0.0, 0.0, 0.0, 1.0, 0.0, 0.0, 1.0, 0.0, 4.0, 0.0, 2.0, 0.0, 1.0, 12.0, 5.0, 6.0, 48992]]}}","{""predictions"": [1.0, 1.0, 1.0, 1.0, 0.0, 0.0, 1.0, 1.0, 1.0, 1.0]}",1,"{""model_name"":""labuser70609094f_monitor_demo4f.default.diabetes_model"",""endpoint_name"":""labuser70609094f_endpoint"",""model_version"":""1""}"
null,3b7c2907-5b8f-4059-bc62-375373fa7200,2024-07-08,1720444897873,200,4,"{""dataframe_split"": {""index"": [18520, 18521, 18522, 18523, 18524, 18525, 18526, 18527, 18528, 18529], ""columns"": [""index"", ""HighBP"", ""HighChol"", ""CholCheck"", ""BMI"", ""Smoker"", ""Stroke"", ""HeartDiseaseorAttack"", ""PhysActivity"", ""Fruits"", ""Veggies"", ""HvyAlcoholConsump"", ""AnyHealthcare"", ""NoDocbcCost"", ""GenHlth"", ""MentHlth"", ""PhysHlth"", ""DiffWalk"", ""Sex"", ""Age"", ""Education"", ""Income"", ""id""], ""data"": [[48993, 0.0, 0.0, 1.0, 35.0, 1.0, 0.0, 1.0, 0.0, 1.0, 1.0, 0.0, 1.0, 0.0, 4.0, 0.0, 15.0, 1.0, 1.0, 10.0, 6.0, 8.0, 48993], [48996, 0.0, 1.0, 1.0, 29.0, 1.0, 0.0, 1.0, 1.0, 1.0, 1.0, 0.0, 1.0, 0.0, 4.0, 0.0, 30.0, 0.0, 1.0, 11.0, 5.0, 6.0, 48996], [48998, 1.0, 1.0, 1.0, 27.0, 1.0, 0.0, 0.0, 1.0, 1.0, 1.0, 0.0, 1.0, 0.0, 2.0, 0.0, 0.0, 0.0, 1.0, 10.0, 6.0, 7.0, 48998], [49002, 1.0, 1.0, 1.0, 50.0, 1.0, 0.0, 0.0, 0.0, 1.0, 1.0, 0.0, 1.0, 0.0, 2.0, 0.0, 0.0, 1.0, 1.0, 11.0, 6.0, 7.0, 49002], [49003, 0.0, 1.0, 1.0, 23.0, 0.0, 1.0, 0.0, 1.0, 0.0, 0.0, 0.0, 1.0, 0.0, 2.0, 0.0, 0.0, 0.0, 1.0, 13.0, 4.0, 4.0, 49003], [49004, 1.0, 1.0, 1.0, 43.0, 0.0, 0.0, 0.0, 0.0, 0.0, 1.0, 0.0, 1.0, 0.0, 3.0, 0.0, 7.0, 1.0, 0.0, 10.0, 5.0, 6.0, 49004], [49007, 1.0, 1.0, 1.0, 24.0, 1.0, 1.0, 0.0, 0.0, 0.0, 0.0, 0.0, 1.0, 0.0, 3.0, 0.0, 30.0, 1.0, 0.0, 10.0, 5.0, 8.0, 49007], [49008, 1.0, 0.0, 1.0, 19.0, 1.0, 0.0, 0.0, 1.0, 1.0, 1.0, 0.0, 1.0, 0.0, 3.0, 0.0, 0.0, 0.0, 0.0, 11.0, 6.0, 8.0, 49008], [49009, 1.0, 1.0, 1.0, 34.0, 0.0, 0.0, 1.0, 1.0, 0.0, 0.0, 0.0, 1.0, 0.0, 2.0, 0.0, 0.0, 0.0, 0.0, 11.0, 5.0, 7.0, 49009], [49011, 1.0, 0.0, 1.0, 28.0, 0.0, 0.0, 0.0, 1.0, 1.0, 1.0, 0.0, 1.0, 1.0, 3.0, 0.0, 1.0, 0.0, 0.0, 10.0, 4.0, 5.0, 49011]]}}","{""predictions"": [0.0, 0.0, 1.0, 0.0, 0.0, 1.0, 0.0, 0.0, 0.0, 1.0]}",1,"{""model_name"":""labuser70609094f_monitor_demo4f.default.diabetes_model"",""endpoint_name"":""labuser70609094f_endpoint"",""model_version"":""1""}"
null,e0fc1bb6-0ede-49a3-979c-ef05af8cdd03,2024-07-08,1720444897901,200,4,"{""dataframe_split"": {""index"": [18530, 18531, 18532, 18533, 18534, 18535, 18536, 18537, 18538, 18539], ""columns"": [""index"", ""HighBP"", ""HighChol"", ""CholCheck"", ""BMI"", ""Smoker"", ""Stroke"", ""HeartDiseaseorAttack"", ""PhysActivity"", ""Fruits"", ""Veggies"", ""HvyAlcoholConsump"", ""AnyHealthcare"", ""NoDocbcCost"", ""GenHlth"", ""MentHlth"", ""PhysHlth"", ""DiffWalk"", ""Sex"", ""Age"", ""Education"", ""Income"", ""id""], ""data"": [[49012, 1.0, 1.0, 1.0, 31.0, 1.0, 0.0, 0.0, 1.0, 1.0, 1.0, 0.0, 1.0, 0.0, 2.0, 0.0, 0.0, 0.0, 0.0, 12.0, 6.0, 6.0, 49012], [49014, 1.0, 1.0, 1.0, 29.0, 1.0, 1.0, 1.0, 1.0, 0.0, 1.0, 0.0, 0.0, 1.0, 3.0, 15.0, 15.0, 1.0, 0.0, 11.0, 3.0, 3.0, 49014], [49015, 1.0, 1.0, 1.0, 31.0, 0.0, 0.0, 1.0, 0.0, 0.0, 1.0, 0.0, 1.0, 0.0, 4.0, 0.0, 3.0, 0.0, 1.0, 12.0, 6.0, 8.0, 49015], [49017, 1.0, 0.0, 1.0, 58.0, 0.0, 0.0, 0.0, 0.0, 1.0, 1.0, 0.0, 1.0, 1.0, 4.0, 5.0, 5.0, 1.0, 0.0, 10.0, 6.0, 4.0, 49017], [49023, 0.0, 1.0, 1.0, 23.0, 1.0, 0.0, 0.0, 0.0, 0.0, 1.0, 0.0, 1.0, 0.0, 5.0, 0.0, 20.0, 1.0, 0.0, 10.0, 4.0, 7.0, 49023], [49024, 1.0, 1.0, 1.0, 24.0, 1.0, 1.0, 1.0, 0.0, 1.0, 1.0, 0.0, 1.0, 0.0, 3.0, 0.0, 0.0, 1.0, 1.0, 13.0, 6.0, 8.0, 49024], [49025, 0.0, 1.0, 1.0, 27.0, 1.0, 0.0, 0.0, 1.0, 0.0, 1.0, 0.0, 1.0, 0.0, 2.0, 0.0, 0.0, 0.0, 0.0, 12.0, 6.0, 8.0, 49025], [49027, 1.0, 0.0, 1.0, 36.0, 1.0, 0.0, 0.0, 1.0, 1.0, 1.0, 0.0, 1.0, 0.0, 3.0, 0.0, 0.0, 0.0, 0.0, 10.0, 6.0, 7.0, 49027], [49028, 1.0, 0.0, 1.0, 24.0, 0.0, 0.0, 0.0, 1.0, 1.0, 1.0, 0.0, 1.0, 0.0, 2.0, 1.0, 0.0, 0.0, 1.0, 12.0, 5.0, 7.0, 49028], [49029, 1.0, 1.0, 1.0, 42.0, 1.0, 0.0, 0.0, 0.0, 1.0, 1.0, 0.0, 1.0, 0.0, 2.0, 0.0, 0.0, 0.0, 0.0, 12.0, 3.0, 2.0, 49029]]}}","{""predictions"": [0.0, 1.0, 0.0, 0.0, 0.0, 0.0, 0.0, 1.0, 0.0, 1.0]}",1,"{""model_name"":""labuser70609094f_monitor_demo4f.default.diabetes_model"",""endpoint_name"":""labuser70609094f_endpoint"",""model_version"":""1""}"
null,3d1a9813-525e-49b0-86b6-4b150a39fa03,2024-07-08,1720444898015,200,4,"{""dataframe_split"": {""index"": [18570, 18571, 18572, 18573, 18574, 18575, 18576, 18577, 18578, 18579], ""columns"": [""index"", ""HighBP"", ""HighChol"", ""CholCheck"", ""BMI"", ""Smoker"", ""Stroke"", ""HeartDiseaseorAttack"", ""PhysActivity"", ""Fruits"", ""Veggies"", ""HvyAlcoholConsump"", ""AnyHealthcare"", ""NoDocbcCost"", ""GenHlth"", ""MentHlth"", ""PhysHlth"", ""DiffWalk"", ""Sex"", ""Age"", ""Education"", ""Income"", ""id""], ""data"": [[49095, 0.0, 1.0, 1.0, 26.0, 1.0, 0.0, 0.0, 1.0, 1.0, 1.0, 0.0, 1.0, 0.0, 3.0, 0.0, 0.0, 0.0, 1.0, 13.0, 6.0, 8.0, 49095], [49096, 0.0, 0.0, 1.0, 24.0, 1.0, 0.0, 0.0, 0.0, 0.0, 1.0, 0.0, 1.0, 0.0, 3.0, 0.0, 0.0, 0.0, 1.0, 13.0, 5.0, 7.0, 49096], [49098, 1.0, 1.0, 1.0, 35.0, 0.0, 0.0, 0.0, 0.0, 1.0, 1.0, 0.0, 1.0, 0.0, 3.0, 0.0, 0.0, 0.0, 0.0, 10.0, 4.0, 6.0, 49098], [49100, 1.0, 1.0, 1.0, 31.0, 0.0, 0.0, 0.0, 0.0, 1.0, 1.0, 0.0, 1.0, 0.0, 2.0, 1.0, 30.0, 0.0, 1.0, 11.0, 4.0, 8.0, 49100], [49102, 1.0, 1.0, 1.0, 28.0, 1.0, 0.0, 1.0, 1.0, 1.0, 1.0, 0.0, 1.0, 0.0, 5.0, 0.0, 10.0, 1.0, 0.0, 12.0, 3.0, 1.0, 49102], [49104, 1.0, 1.0, 1.0, 29.0, 1.0, 0.0, 0.0, 1.0, 0.0, 1.0, 0.0, 1.0, 0.0, 2.0, 0.0, 0.0, 0.0, 1.0, 10.0, 6.0, 7.0, 49104], [49105, 1.0, 1.0, 1.0, 29.0, 0.0, 0.0, 0.0, 1.0, 0.0, 1.0, 0.0, 1.0, 0.0, 3.0, 0.0, 0.0, 1.0, 0.0, 10.0, 6.0, 7.0, 49105], [49106, 1.0, 1.0, 1.0, 34.0, 0.0, 0.0, 1.0, 1.0, 1.0, 1.0, 0.0, 1.0, 1.0, 5.0, 0.0, 25.0, 0.0, 1.0, 11.0, 6.0, 3.0, 49106], [49107, 1.0, 1.0, 1.0, 31.0, 1.0, 0.0, 0.0, 0.0, 1.0, 1.0, 0.0, 1.0, 0.0, 3.0, 0.0, 0.0, 0.0, 0.0, 10.0, 6.0, 8.0, 49107], [49108, 1.0, 0.0, 1.0, 37.0, 1.0, 0.0, 0.0, 0.0, 0.0, 1.0, 0.0, 1.0, 0.0, 5.0, 0.0, 1.0, 0.0, 0.0, 10.0, 6.0, 5.0, 49108]]}}","{""predictions"": [0.0, 0.0, 1.0, 1.0, 1.0, 1.0, 0.0, 0.0, 0.0, 1.0]}",1,"{""model_name"":""labuser70609094f_monitor_demo4f.default.diabetes_model"",""endpoint_name"":""labuser70609094f_endpoint"",""model_version"":""1""}"
null,94f2c59e-17e1-4fa7-8453-bc126fc4b213,2024-07-08,1720444898044,200,4,"{""dataframe_split"": {""index"": [18580, 18581, 18582, 18583, 18584, 18585, 18586, 18587, 18588, 18589], ""columns"": [""index"", ""HighBP"", ""HighChol"", ""CholCheck"", ""BMI"", ""Smoker"", ""Stroke"", ""HeartDiseaseorAttack"", ""PhysActivity"", ""Fruits"", ""Veggies"", ""HvyAlcoholConsump"", ""AnyHealthcare"", ""NoDocbcCost"", ""GenHlth"", ""MentHlth"", ""PhysHlth"", ""DiffWalk"", ""Sex"", ""Age"", ""Education"", ""Income"", ""id""], ""data"": [[49110, 1.0, 1.0, 1.0, 34.0, 1.0, 0.0, 1.0, 1.0, 1.0, 1.0, 0.0, 1.0, 0.0, 3.0, 1.0, 3.0, 1.0, 0.0, 10.0, 5.0, 2.0, 49110], [49114, 1.0, 1.0, 1.0, 31.0, 1.0, 1.0, 1.0, 0.0, 1.0, 1.0, 0.0, 1.0, 1.0, 5.0, 0.0, 30.0, 1.0, 1.0, 13.0, 6.0, 6.0, 49114], [49115, 1.0, 1.0, 1.0, 30.0, 0.0, 0.0, 0.0, 1.0, 1.0, 1.0, 0.0, 1.0, 0.0, 4.0, 0.0, 30.0, 0.0, 0.0, 13.0, 4.0, 4.0, 49115], [49122, 1.0, 1.0, 1.0, 30.0, 0.0, 0.0, 0.0, 1.0, 1.0, 1.0, 0.0, 1.0, 0.0, 3.0, 0.0, 0.0, 0.0, 1.0, 11.0, 6.0, 6.0, 49122], [49123, 1.0, 1.0, 1.0, 28.0, 0.0, 0.0, 0.0, 1.0, 1.0, 1.0, 0.0, 1.0, 0.0, 3.0, 0.0, 6.0, 1.0, 0.0, 10.0, 5.0, 6.0, 49123], [49127, 1.0, 1.0, 1.0, 27.0, 1.0, 0.0, 1.0, 1.0, 1.0, 1.0, 0.0, 1.0, 0.0, 1.0, 0.0, 0.0, 0.0, 1.0, 13.0, 6.0, 6.0, 49127], [49128, 1.0, 0.0, 1.0, 31.0, 1.0, 0.0, 1.0, 1.0, 0.0, 1.0, 0.0, 1.0, 0.0, 4.0, 5.0, 30.0, 0.0, 1.0, 11.0, 6.0, 8.0, 49128], [49130, 0.0, 1.0, 1.0, 30.0, 1.0, 0.0, 0.0, 0.0, 1.0, 1.0, 0.0, 1.0, 0.0, 3.0, 0.0, 0.0, 0.0, 1.0, 10.0, 4.0, 8.0, 49130], [49132, 1.0, 1.0, 1.0, 39.0, 1.0, 0.0, 1.0, 0.0, 0.0, 0.0, 0.0, 1.0, 0.0, 3.0, 15.0, 15.0, 1.0, 1.0, 11.0, 4.0, 5.0, 49132], [49134, 1.0, 1.0, 1.0, 40.0, 0.0, 0.0, 0.0, 1.0, 0.0, 1.0, 0.0, 1.0, 0.0, 3.0, 0.0, 15.0, 1.0, 0.0, 10.0, 6.0, 8.0, 49134]]}}","{""predictions"": [1.0, 1.0, 1.0, 0.0, 1.0, 1.0, 0.0, 1.0, 1.0, 1.0]}",1,"{""model_name"":""labuser70609094f_monitor_demo4f.default.diabetes_model"",""endpoint_name"":""labuser70609094f_endpoint"",""model_version"":""1""}"
null,ab006759-22aa-46b2-ba0f-d332941901b2,2024-07-08,1720444898094,200,4,"{""dataframe_split"": {""index"": [18590, 18591, 18592, 18593, 18594, 18595, 18596, 18597, 18598, 18599], ""columns"": [""index"", ""HighBP"", ""HighChol"", ""CholCheck"", ""BMI"", ""Smoker"", ""Stroke"", ""HeartDiseaseorAttack"", ""PhysActivity"", ""Fruits"", ""Veggies"", ""HvyAlcoholConsump"", ""AnyHealthcare"", ""NoDocbcCost"", ""GenHlth"", ""MentHlth"", ""PhysHlth"", ""DiffWalk"", ""Sex"", ""Age"", ""Education"", ""Income"", ""id""], ""data"": [[49135, 1.0, 1.0, 1.0, 34.0, 1.0, 0.0, 0.0, 1.0, 1.0, 1.0, 0.0, 1.0, 0.0, 3.0, 0.0, 0.0, 0.0, 0.0, 10.0, 5.0, 6.0, 49135], [49136, 1.0, 0.0, 1.0, 39.0, 1.0, 0.0, 0.0, 1.0, 1.0, 1.0, 0.0, 1.0, 0.0, 3.0, 0.0, 0.0, 0.0, 0.0, 12.0, 4.0, 4.0, 49136], [49137, 1.0, 1.0, 1.0, 31.0, 0.0, 0.0, 0.0, 1.0, 1.0, 1.0, 0.0, 1.0, 0.0, 5.0, 25.0, 30.0, 1.0, 0.0, 12.0, 2.0, 2.0, 49137], [49139, 1.0, 1.0, 1.0, 31.0, 0.0, 0.0, 0.0, 1.0, 0.0, 0.0, 0.0, 1.0, 1.0, 4.0, 30.0, 30.0, 0.0, 0.0, 10.0, 5.0, 4.0, 49139], [49142, 0.0, 1.0, 1.0, 26.0, 1.0, 0.0, 0.0, 1.0, 1.0, 1.0, 0.0, 1.0, 0.0, 4.0, 0.0, 0.0, 1.0, 1.0, 13.0, 3.0, 8.0, 49142], [49145, 1.0, 1.0, 1.0, 27.0, 0.0, 0.0, 1.0, 1.0, 1.0, 1.0, 0.0, 1.0, 1.0, 4.0, 2.0, 20.0, 1.0, 0.0, 13.0, 4.0, 3.0, 49145], [49146, 1.0, 1.0, 1.0, 28.0, 1.0, 0.0, 0.0, 0.0, 0.0, 0.0, 0.0, 1.0, 0.0, 3.0, 1.0, 0.0, 0.0, 1.0, 11.0, 6.0, 8.0, 49146], [49148, 0.0, 0.0, 1.0, 26.0, 0.0, 0.0, 1.0, 0.0, 1.0, 1.0, 0.0, 1.0, 0.0, 4.0, 0.0, 1.0, 0.0, 0.0, 12.0, 5.0, 5.0, 49148], [49150, 1.0, 1.0, 1.0, 27.0, 0.0, 0.0, 1.0, 1.0, 1.0, 1.0, 0.0, 1.0, 0.0, 1.0, 3.0, 3.0, 1.0, 0.0, 12.0, 2.0, 1.0, 49150], [49151, 1.0, 0.0, 1.0, 25.0, 1.0, 0.0, 0.0, 1.0, 0.0, 1.0, 0.0, 1.0, 0.0, 2.0, 0.0, 0.0, 0.0, 0.0, 10.0, 5.0, 5.0, 49151]]}}","{""predictions"": [1.0, 1.0, 1.0, 1.0, 0.0, 0.0, 0.0, 1.0, 1.0, 0.0]}",1,"{""model_name"":""labuser70609094f_monitor_demo4f.default.diabetes_model"",""endpoint_name"":""labuser70609094f_endpoint"",""model_version"":""1""}"
null,eaccf93e-1446-4671-ba7f-11dd32ff9977,2024-07-08,1720444898213,200,4,"{""dataframe_split"": {""index"": [18630, 18631, 18632, 18633, 18634, 18635, 18636, 18637, 18638, 18639], ""columns"": [""index"", ""HighBP"", ""HighChol"", ""CholCheck"", ""BMI"", ""Smoker"", ""Stroke"", ""HeartDiseaseorAttack"", ""PhysActivity"", ""Fruits"", ""Veggies"", ""HvyAlcoholConsump"", ""AnyHealthcare"", ""NoDocbcCost"", ""GenHlth"", ""MentHlth"", ""PhysHlth"", ""DiffWalk"", ""Sex"", ""Age"", ""Education"", ""Income"", ""id""], ""data"": [[49200, 0.0, 0.0, 1.0, 37.0, 1.0, 0.0, 0.0, 0.0, 0.0, 1.0, 0.0, 1.0, 0.0, 5.0, 0.0, 10.0, 0.0, 0.0, 11.0, 5.0, 5.0, 49200], [49201, 1.0, 0.0, 1.0, 24.0, 0.0, 0.0, 0.0, 0.0, 1.0, 0.0, 0.0, 1.0, 0.0, 4.0, 0.0, 0.0, 0.0, 0.0, 12.0, 3.0, 2.0, 49201], [49203, 1.0, 0.0, 1.0, 41.0, 0.0, 0.0, 0.0, 1.0, 1.0, 1.0, 0.0, 1.0, 0.0, 3.0, 0.0, 1.0, 0.0, 1.0, 11.0, 4.0, 1.0, 49203], [49204, 1.0, 1.0, 1.0, 31.0, 0.0, 0.0, 0.0, 1.0, 0.0, 0.0, 0.0, 1.0, 0.0, 3.0, 3.0, 0.0, 0.0, 0.0, 10.0, 6.0, 6.0, 49204], [49205, 1.0, 1.0, 1.0, 26.0, 1.0, 0.0, 0.0, 1.0, 1.0, 1.0, 0.0, 1.0, 0.0, 2.0, 0.0, 7.0, 0.0, 0.0, 11.0, 5.0, 6.0, 49205], [49206, 0.0, 0.0, 1.0, 22.0, 0.0, 0.0, 0.0, 1.0, 1.0, 1.0, 0.0, 1.0, 0.0, 2.0, 0.0, 0.0, 0.0, 0.0, 11.0, 4.0, 5.0, 49206], [49207, 0.0, 1.0, 1.0, 36.0, 1.0, 0.0, 0.0, 1.0, 0.0, 0.0, 0.0, 1.0, 0.0, 3.0, 0.0, 0.0, 1.0, 1.0, 10.0, 3.0, 2.0, 49207], [49211, 1.0, 1.0, 1.0, 31.0, 1.0, 0.0, 0.0, 0.0, 1.0, 1.0, 0.0, 1.0, 0.0, 3.0, 0.0, 0.0, 0.0, 0.0, 11.0, 4.0, 7.0, 49211], [49212, 1.0, 0.0, 1.0, 37.0, 0.0, 0.0, 0.0, 0.0, 0.0, 0.0, 0.0, 1.0, 0.0, 2.0, 0.0, 0.0, 0.0, 0.0, 11.0, 4.0, 2.0, 49212], [49213, 1.0, 0.0, 1.0, 24.0, 1.0, 0.0, 0.0, 1.0, 1.0, 1.0, 0.0, 1.0, 0.0, 5.0, 0.0, 30.0, 1.0, 1.0, 13.0, 6.0, 8.0, 49213]]}}","{""predictions"": [0.0, 1.0, 1.0, 0.0, 1.0, 0.0, 0.0, 1.0, 0.0, 1.0]}",1,"{""model_name"":""labuser70609094f_monitor_demo4f.default.diabetes_model"",""endpoint_name"":""labuser70609094f_endpoint"",""model_version"":""1""}"
null,2aee73f3-6ec8-4ee4-bc42-4eac36f1b413,2024-07-08,1720444898241,200,4,"{""dataframe_split"": {""index"": [18640, 18641, 18642, 18643, 18644, 18645, 18646, 18647, 18648, 18649], ""columns"": [""index"", ""HighBP"", ""HighChol"", ""CholCheck"", ""BMI"", ""Smoker"", ""Stroke"", ""HeartDiseaseorAttack"", ""PhysActivity"", ""Fruits"", ""Veggies"", ""HvyAlcoholConsump"", ""AnyHealthcare"", ""NoDocbcCost"", ""GenHlth"", ""MentHlth"", ""PhysHlth"", ""DiffWalk"", ""Sex"", ""Age"", ""Education"", ""Income"", ""id""], ""data"": [[49214, 1.0, 1.0, 1.0, 20.0, 0.0, 0.0, 1.0, 0.0, 0.0, 1.0, 0.0, 1.0, 0.0, 5.0, 30.0, 30.0, 1.0, 0.0, 11.0, 6.0, 8.0, 49214], [49215, 1.0, 1.0, 1.0, 40.0, 0.0, 0.0, 0.0, 0.0, 1.0, 1.0, 0.0, 1.0, 0.0, 4.0, 0.0, 30.0, 1.0, 0.0, 10.0, 4.0, 6.0, 49215], [49217, 1.0, 1.0, 1.0, 45.0, 1.0, 0.0, 1.0, 0.0, 0.0, 1.0, 0.0, 1.0, 0.0, 3.0, 5.0, 15.0, 1.0, 0.0, 10.0, 4.0, 3.0, 49217], [49218, 1.0, 0.0, 1.0, 52.0, 1.0, 0.0, 1.0, 0.0, 0.0, 1.0, 0.0, 1.0, 0.0, 5.0, 0.0, 30.0, 1.0, 0.0, 12.0, 4.0, 2.0, 49218], [49225, 1.0, 1.0, 1.0, 32.0, 0.0, 0.0, 0.0, 0.0, 0.0, 0.0, 0.0, 1.0, 0.0, 3.0, 10.0, 1.0, 0.0, 1.0, 11.0, 6.0, 8.0, 49225], [49226, 1.0, 1.0, 1.0, 35.0, 1.0, 0.0, 0.0, 1.0, 1.0, 1.0, 0.0, 1.0, 0.0, 3.0, 0.0, 15.0, 0.0, 1.0, 11.0, 6.0, 8.0, 49226], [49227, 1.0, 1.0, 1.0, 32.0, 1.0, 0.0, 0.0, 0.0, 1.0, 1.0, 0.0, 1.0, 0.0, 3.0, 0.0, 30.0, 0.0, 0.0, 10.0, 5.0, 4.0, 49227], [49230, 1.0, 1.0, 1.0, 43.0, 0.0, 0.0, 0.0, 1.0, 1.0, 1.0, 0.0, 1.0, 0.0, 3.0, 30.0, 20.0, 1.0, 0.0, 11.0, 5.0, 7.0, 49230], [49231, 1.0, 1.0, 1.0, 36.0, 1.0, 0.0, 1.0, 0.0, 0.0, 1.0, 0.0, 1.0, 0.0, 4.0, 0.0, 5.0, 0.0, 1.0, 11.0, 6.0, 2.0, 49231], [49232, 1.0, 1.0, 1.0, 34.0, 0.0, 0.0, 0.0, 0.0, 1.0, 1.0, 0.0, 1.0, 0.0, 4.0, 0.0, 0.0, 0.0, 1.0, 10.0, 6.0, 2.0, 49232]]}}","{""predictions"": [1.0, 1.0, 1.0, 1.0, 1.0, 1.0, 1.0, 1.0, 0.0, 0.0]}",1,"{""model_name"":""labuser70609094f_monitor_demo4f.default.diabetes_model"",""endpoint_name"":""labuser70609094f_endpoint"",""model_version"":""1""}"
null,a16102c8-b799-49ce-b9f7-e944597310ef,2024-07-08,1720444898367,200,4,"{""dataframe_split"": {""index"": [18680, 18681, 18682, 18683, 18684, 18685, 18686, 18687, 18688, 18689], ""columns"": [""index"", ""HighBP"", ""HighChol"", ""CholCheck"", ""BMI"", ""Smoker"", ""Stroke"", ""HeartDiseaseorAttack"", ""PhysActivity"", ""Fruits"", ""Veggies"", ""HvyAlcoholConsump"", ""AnyHealthcare"", ""NoDocbcCost"", ""GenHlth"", ""MentHlth"", ""PhysHlth"", ""DiffWalk"", ""Sex"", ""Age"", ""Education"", ""Income"", ""id""], ""data"": [[49310, 1.0, 1.0, 1.0, 32.0, 1.0, 0.0, 1.0, 0.0, 0.0, 1.0, 0.0, 1.0, 0.0, 3.0, 0.0, 0.0, 0.0, 1.0, 13.0, 6.0, 8.0, 49310], [49311, 0.0, 1.0, 1.0, 25.0, 0.0, 0.0, 0.0, 1.0, 1.0, 1.0, 0.0, 1.0, 0.0, 4.0, 0.0, 0.0, 0.0, 1.0, 10.0, 6.0, 8.0, 49311], [49312, 1.0, 1.0, 1.0, 29.0, 1.0, 0.0, 0.0, 1.0, 1.0, 1.0, 0.0, 1.0, 0.0, 4.0, 0.0, 0.0, 0.0, 0.0, 11.0, 4.0, 4.0, 49312], [49315, 1.0, 1.0, 1.0, 33.0, 0.0, 0.0, 0.0, 0.0, 1.0, 1.0, 0.0, 1.0, 0.0, 3.0, 0.0, 0.0, 0.0, 0.0, 12.0, 4.0, 5.0, 49315], [49316, 1.0, 1.0, 1.0, 42.0, 1.0, 0.0, 1.0, 0.0, 1.0, 1.0, 0.0, 1.0, 0.0, 4.0, 0.0, 10.0, 1.0, 0.0, 10.0, 5.0, 1.0, 49316], [49318, 1.0, 0.0, 1.0, 28.0, 0.0, 0.0, 1.0, 1.0, 1.0, 1.0, 0.0, 1.0, 0.0, 3.0, 7.0, 10.0, 0.0, 0.0, 10.0, 4.0, 3.0, 49318], [49319, 0.0, 1.0, 1.0, 33.0, 1.0, 0.0, 0.0, 0.0, 0.0, 1.0, 0.0, 1.0, 0.0, 3.0, 0.0, 0.0, 0.0, 1.0, 10.0, 6.0, 5.0, 49319], [49320, 1.0, 1.0, 1.0, 35.0, 0.0, 0.0, 0.0, 0.0, 1.0, 0.0, 1.0, 1.0, 0.0, 5.0, 0.0, 4.0, 0.0, 1.0, 11.0, 2.0, 3.0, 49320], [49323, 1.0, 1.0, 1.0, 31.0, 0.0, 1.0, 1.0, 0.0, 1.0, 1.0, 0.0, 1.0, 0.0, 5.0, 30.0, 30.0, 1.0, 1.0, 10.0, 5.0, 7.0, 49323], [49325, 1.0, 1.0, 1.0, 38.0, 1.0, 0.0, 0.0, 0.0, 0.0, 0.0, 0.0, 1.0, 0.0, 1.0, 0.0, 3.0, 0.0, 1.0, 11.0, 4.0, 4.0, 49325]]}}","{""predictions"": [1.0, 1.0, 1.0, 0.0, 1.0, 1.0, 1.0, 1.0, 1.0, 0.0]}",1,"{""model_name"":""labuser70609094f_monitor_demo4f.default.diabetes_model"",""endpoint_name"":""labuser70609094f_endpoint"",""model_version"":""1""}"
null,c0fb0ed4-e8f6-455c-a2e6-85b40f37f9db,2024-07-08,1720444898397,200,4,"{""dataframe_split"": {""index"": [18690, 18691, 18692, 18693, 18694, 18695, 18696, 18697, 18698, 18699], ""columns"": [""index"", ""HighBP"", ""HighChol"", ""CholCheck"", ""BMI"", ""Smoker"", ""Stroke"", ""HeartDiseaseorAttack"", ""PhysActivity"", ""Fruits"", ""Veggies"", ""HvyAlcoholConsump"", ""AnyHealthcare"", ""NoDocbcCost"", ""GenHlth"", ""MentHlth"", ""PhysHlth"", ""DiffWalk"", ""Sex"", ""Age"", ""Education"", ""Income"", ""id""], ""data"": [[49330, 1.0, 1.0, 1.0, 28.0, 1.0, 0.0, 1.0, 1.0, 0.0, 1.0, 0.0, 1.0, 0.0, 3.0, 0.0, 0.0, 0.0, 1.0, 10.0, 5.0, 7.0, 49330], [49332, 0.0, 1.0, 1.0, 28.0, 0.0, 0.0, 0.0, 0.0, 0.0, 0.0, 0.0, 1.0, 0.0, 5.0, 30.0, 30.0, 1.0, 0.0, 10.0, 2.0, 2.0, 49332], [49333, 1.0, 0.0, 1.0, 32.0, 0.0, 1.0, 1.0, 0.0, 1.0, 0.0, 0.0, 1.0, 0.0, 5.0, 0.0, 30.0, 1.0, 0.0, 13.0, 3.0, 3.0, 49333], [49335, 0.0, 0.0, 1.0, 34.0, 1.0, 1.0, 1.0, 1.0, 1.0, 1.0, 0.0, 1.0, 0.0, 3.0, 0.0, 0.0, 0.0, 1.0, 12.0, 6.0, 4.0, 49335], [49337, 1.0, 1.0, 1.0, 27.0, 0.0, 0.0, 0.0, 1.0, 1.0, 1.0, 0.0, 1.0, 0.0, 3.0, 0.0, 0.0, 0.0, 0.0, 12.0, 3.0, 4.0, 49337], [49339, 1.0, 1.0, 1.0, 31.0, 0.0, 0.0, 0.0, 0.0, 1.0, 0.0, 0.0, 1.0, 0.0, 4.0, 0.0, 7.0, 0.0, 1.0, 12.0, 4.0, 6.0, 49339], [49342, 1.0, 1.0, 1.0, 26.0, 0.0, 0.0, 1.0, 0.0, 0.0, 1.0, 0.0, 1.0, 1.0, 4.0, 15.0, 7.0, 0.0, 0.0, 10.0, 6.0, 2.0, 49342], [49344, 1.0, 1.0, 1.0, 29.0, 1.0, 0.0, 0.0, 0.0, 0.0, 0.0, 0.0, 1.0, 1.0, 4.0, 0.0, 0.0, 1.0, 0.0, 10.0, 4.0, 2.0, 49344], [49345, 1.0, 1.0, 1.0, 22.0, 1.0, 0.0, 1.0, 1.0, 0.0, 1.0, 0.0, 1.0, 0.0, 2.0, 0.0, 0.0, 0.0, 0.0, 12.0, 6.0, 7.0, 49345], [49352, 1.0, 1.0, 1.0, 28.0, 0.0, 0.0, 1.0, 1.0, 1.0, 0.0, 0.0, 1.0, 0.0, 4.0, 0.0, 25.0, 1.0, 0.0, 12.0, 5.0, 3.0, 49352]]}}","{""predictions"": [0.0, 1.0, 1.0, 1.0, 1.0, 1.0, 1.0, 1.0, 1.0, 1.0]}",1,"{""model_name"":""labuser70609094f_monitor_demo4f.default.diabetes_model"",""endpoint_name"":""labuser70609094f_endpoint"",""model_version"":""1""}"
null,eb8adf7c-fb30-4228-b58f-1623b5db8030,2024-07-08,1720444898426,200,4,"{""dataframe_split"": {""index"": [18700, 18701, 18702, 18703, 18704, 18705, 18706, 18707, 18708, 18709], ""columns"": [""index"", ""HighBP"", ""HighChol"", ""CholCheck"", ""BMI"", ""Smoker"", ""Stroke"", ""HeartDiseaseorAttack"", ""PhysActivity"", ""Fruits"", ""Veggies"", ""HvyAlcoholConsump"", ""AnyHealthcare"", ""NoDocbcCost"", ""GenHlth"", ""MentHlth"", ""PhysHlth"", ""DiffWalk"", ""Sex"", ""Age"", ""Education"", ""Income"", ""id""], ""data"": [[49354, 1.0, 1.0, 1.0, 28.0, 1.0, 0.0, 0.0, 1.0, 1.0, 1.0, 0.0, 1.0, 0.0, 2.0, 0.0, 0.0, 0.0, 0.0, 12.0, 4.0, 3.0, 49354], [49358, 1.0, 0.0, 1.0, 25.0, 1.0, 0.0, 0.0, 1.0, 0.0, 0.0, 0.0, 1.0, 0.0, 3.0, 0.0, 0.0, 0.0, 1.0, 11.0, 5.0, 6.0, 49358], [49359, 1.0, 1.0, 1.0, 33.0, 1.0, 0.0, 1.0, 0.0, 1.0, 1.0, 0.0, 1.0, 0.0, 3.0, 0.0, 21.0, 1.0, 0.0, 12.0, 5.0, 6.0, 49359], [49361, 1.0, 1.0, 1.0, 35.0, 1.0, 0.0, 1.0, 0.0, 0.0, 1.0, 0.0, 1.0, 0.0, 3.0, 0.0, 15.0, 0.0, 1.0, 10.0, 6.0, 8.0, 49361], [49363, 1.0, 0.0, 1.0, 37.0, 1.0, 0.0, 1.0, 0.0, 0.0, 1.0, 0.0, 1.0, 0.0, 4.0, 0.0, 0.0, 0.0, 0.0, 12.0, 5.0, 5.0, 49363], [49364, 1.0, 1.0, 1.0, 25.0, 1.0, 0.0, 0.0, 1.0, 0.0, 1.0, 1.0, 1.0, 0.0, 1.0, 0.0, 0.0, 0.0, 0.0, 13.0, 6.0, 8.0, 49364], [49366, 1.0, 1.0, 1.0, 27.0, 0.0, 0.0, 0.0, 1.0, 0.0, 1.0, 0.0, 1.0, 0.0, 3.0, 0.0, 0.0, 1.0, 1.0, 13.0, 6.0, 8.0, 49366], [49368, 1.0, 0.0, 1.0, 32.0, 1.0, 0.0, 0.0, 0.0, 1.0, 1.0, 0.0, 1.0, 0.0, 3.0, 0.0, 0.0, 1.0, 1.0, 11.0, 3.0, 5.0, 49368], [49370, 1.0, 0.0, 1.0, 25.0, 1.0, 0.0, 0.0, 1.0, 1.0, 1.0, 0.0, 1.0, 0.0, 3.0, 0.0, 0.0, 1.0, 1.0, 13.0, 2.0, 6.0, 49370], [49371, 0.0, 1.0, 1.0, 39.0, 1.0, 0.0, 1.0, 0.0, 1.0, 1.0, 0.0, 1.0, 0.0, 5.0, 0.0, 30.0, 1.0, 1.0, 13.0, 4.0, 4.0, 49371]]}}","{""predictions"": [1.0, 0.0, 1.0, 1.0, 0.0, 0.0, 1.0, 0.0, 1.0, 1.0]}",1,"{""model_name"":""labuser70609094f_monitor_demo4f.default.diabetes_model"",""endpoint_name"":""labuser70609094f_endpoint"",""model_version"":""1""}"
null,355120cf-87ba-4d9d-8098-d912457b4b35,2024-07-08,1720444898528,200,5,"{""dataframe_split"": {""index"": [18730, 18731, 18732, 18733, 18734, 18735, 18736, 18737, 18738, 18739], ""columns"": [""index"", ""HighBP"", ""HighChol"", ""CholCheck"", ""BMI"", ""Smoker"", ""Stroke"", ""HeartDiseaseorAttack"", ""PhysActivity"", ""Fruits"", ""Veggies"", ""HvyAlcoholConsump"", ""AnyHealthcare"", ""NoDocbcCost"", ""GenHlth"", ""MentHlth"", ""PhysHlth"", ""DiffWalk"", ""Sex"", ""Age"", ""Education"", ""Income"", ""id""], ""data"": [[49409, 1.0, 1.0, 1.0, 32.0, 1.0, 0.0, 0.0, 1.0, 1.0, 1.0, 0.0, 1.0, 0.0, 4.0, 20.0, 5.0, 1.0, 0.0, 11.0, 5.0, 3.0, 49409], [49411, 1.0, 1.0, 1.0, 33.0, 0.0, 0.0, 0.0, 1.0, 0.0, 1.0, 0.0, 1.0, 0.0, 3.0, 20.0, 0.0, 0.0, 1.0, 10.0, 6.0, 8.0, 49411], [49413, 1.0, 1.0, 1.0, 23.0, 1.0, 0.0, 0.0, 1.0, 0.0, 0.0, 0.0, 1.0, 0.0, 1.0, 0.0, 0.0, 0.0, 1.0, 10.0, 5.0, 5.0, 49413], [49415, 1.0, 1.0, 1.0, 26.0, 0.0, 0.0, 0.0, 1.0, 1.0, 1.0, 0.0, 1.0, 0.0, 2.0, 0.0, 0.0, 1.0, 0.0, 13.0, 6.0, 8.0, 49415], [49416, 1.0, 1.0, 1.0, 29.0, 1.0, 1.0, 0.0, 0.0, 1.0, 1.0, 0.0, 1.0, 0.0, 3.0, 0.0, 0.0, 1.0, 1.0, 11.0, 6.0, 8.0, 49416], [49417, 1.0, 0.0, 1.0, 27.0, 0.0, 1.0, 0.0, 0.0, 1.0, 0.0, 0.0, 1.0, 0.0, 5.0, 0.0, 0.0, 1.0, 1.0, 10.0, 3.0, 5.0, 49417], [49418, 0.0, 1.0, 1.0, 29.0, 0.0, 0.0, 0.0, 1.0, 1.0, 0.0, 0.0, 1.0, 0.0, 2.0, 0.0, 7.0, 0.0, 0.0, 10.0, 6.0, 7.0, 49418], [49421, 1.0, 1.0, 1.0, 26.0, 1.0, 0.0, 0.0, 0.0, 0.0, 0.0, 1.0, 1.0, 0.0, 2.0, 7.0, 0.0, 0.0, 1.0, 12.0, 6.0, 8.0, 49421], [49422, 1.0, 0.0, 1.0, 34.0, 1.0, 0.0, 1.0, 0.0, 1.0, 1.0, 0.0, 1.0, 0.0, 3.0, 0.0, 0.0, 0.0, 0.0, 11.0, 6.0, 6.0, 49422], [49423, 0.0, 1.0, 1.0, 31.0, 1.0, 0.0, 0.0, 0.0, 1.0, 1.0, 0.0, 1.0, 0.0, 2.0, 0.0, 0.0, 1.0, 0.0, 13.0, 6.0, 5.0, 49423]]}}","{""predictions"": [1.0, 1.0, 0.0, 0.0, 1.0, 1.0, 1.0, 0.0, 0.0, 1.0]}",1,"{""model_name"":""labuser70609094f_monitor_demo4f.default.diabetes_model"",""endpoint_name"":""labuser70609094f_endpoint"",""model_version"":""1""}"
null,d26824f8-ecaa-4f7a-b75b-da15b8887789,2024-07-08,1720444898599,200,7,"{""dataframe_split"": {""index"": [18750, 18751, 18752, 18753, 18754, 18755, 18756, 18757, 18758, 18759], ""columns"": [""index"", ""HighBP"", ""HighChol"", ""CholCheck"", ""BMI"", ""Smoker"", ""Stroke"", ""HeartDiseaseorAttack"", ""PhysActivity"", ""Fruits"", ""Veggies"", ""HvyAlcoholConsump"", ""AnyHealthcare"", ""NoDocbcCost"", ""GenHlth"", ""MentHlth"", ""PhysHlth"", ""DiffWalk"", ""Sex"", ""Age"", ""Education"", ""Income"", ""id""], ""data"": [[49440, 1.0, 1.0, 1.0, 27.0, 0.0, 1.0, 1.0, 0.0, 1.0, 1.0, 0.0, 1.0, 0.0, 5.0, 0.0, 30.0, 1.0, 1.0, 11.0, 6.0, 3.0, 49440], [49445, 1.0, 0.0, 1.0, 34.0, 0.0, 0.0, 0.0, 1.0, 1.0, 1.0, 0.0, 1.0, 0.0, 3.0, 0.0, 0.0, 0.0, 1.0, 10.0, 6.0, 8.0, 49445], [49447, 0.0, 1.0, 1.0, 26.0, 0.0, 0.0, 0.0, 1.0, 0.0, 0.0, 0.0, 1.0, 0.0, 3.0, 0.0, 0.0, 0.0, 0.0, 11.0, 6.0, 8.0, 49447], [49448, 1.0, 0.0, 1.0, 26.0, 1.0, 0.0, 0.0, 1.0, 1.0, 1.0, 0.0, 1.0, 0.0, 3.0, 0.0, 0.0, 0.0, 1.0, 12.0, 5.0, 6.0, 49448], [49449, 1.0, 1.0, 1.0, 28.0, 0.0, 0.0, 0.0, 1.0, 1.0, 1.0, 0.0, 1.0, 0.0, 3.0, 0.0, 2.0, 0.0, 1.0, 11.0, 5.0, 2.0, 49449], [49451, 1.0, 0.0, 1.0, 22.0, 1.0, 0.0, 0.0, 1.0, 1.0, 0.0, 0.0, 1.0, 0.0, 4.0, 0.0, 3.0, 0.0, 1.0, 13.0, 6.0, 5.0, 49451], [49455, 0.0, 1.0, 1.0, 21.0, 0.0, 1.0, 1.0, 1.0, 1.0, 1.0, 0.0, 1.0, 0.0, 3.0, 0.0, 0.0, 0.0, 0.0, 12.0, 5.0, 4.0, 49455], [49456, 0.0, 1.0, 1.0, 27.0, 1.0, 0.0, 0.0, 0.0, 1.0, 1.0, 0.0, 1.0, 0.0, 2.0, 0.0, 28.0, 0.0, 1.0, 10.0, 6.0, 7.0, 49456], [49459, 1.0, 1.0, 1.0, 27.0, 0.0, 0.0, 0.0, 1.0, 1.0, 1.0, 0.0, 1.0, 0.0, 2.0, 0.0, 0.0, 0.0, 0.0, 10.0, 6.0, 8.0, 49459], [49461, 1.0, 1.0, 1.0, 49.0, 1.0, 0.0, 1.0, 0.0, 1.0, 1.0, 0.0, 1.0, 0.0, 4.0, 0.0, 0.0, 1.0, 1.0, 10.0, 3.0, 4.0, 49461]]}}","{""predictions"": [1.0, 0.0, 0.0, 0.0, 1.0, 0.0, 0.0, 0.0, 0.0, 1.0]}",1,"{""model_name"":""labuser70609094f_monitor_demo4f.default.diabetes_model"",""endpoint_name"":""labuser70609094f_endpoint"",""model_version"":""1""}"
null,b1269e19-47e0-4d40-b9d7-b2648a8f0de2,2024-07-08,1720444898667,200,6,"{""dataframe_split"": {""index"": [18770, 18771, 18772, 18773, 18774, 18775, 18776, 18777, 18778, 18779], ""columns"": [""index"", ""HighBP"", ""HighChol"", ""CholCheck"", ""BMI"", ""Smoker"", ""Stroke"", ""HeartDiseaseorAttack"", ""PhysActivity"", ""Fruits"", ""Veggies"", ""HvyAlcoholConsump"", ""AnyHealthcare"", ""NoDocbcCost"", ""GenHlth"", ""MentHlth"", ""PhysHlth"", ""DiffWalk"", ""Sex"", ""Age"", ""Education"", ""Income"", ""id""], ""data"": [[49482, 1.0, 1.0, 1.0, 31.0, 1.0, 0.0, 0.0, 1.0, 0.0, 0.0, 0.0, 1.0, 0.0, 3.0, 0.0, 2.0, 0.0, 1.0, 10.0, 6.0, 4.0, 49482], [49483, 1.0, 1.0, 1.0, 27.0, 1.0, 0.0, 0.0, 1.0, 1.0, 1.0, 0.0, 1.0, 0.0, 2.0, 0.0, 0.0, 1.0, 0.0, 12.0, 6.0, 6.0, 49483], [49484, 1.0, 0.0, 1.0, 33.0, 0.0, 0.0, 1.0, 0.0, 1.0, 1.0, 0.0, 1.0, 0.0, 3.0, 0.0, 4.0, 1.0, 0.0, 11.0, 5.0, 3.0, 49484], [49485, 0.0, 0.0, 1.0, 28.0, 1.0, 0.0, 0.0, 1.0, 1.0, 1.0, 0.0, 1.0, 0.0, 3.0, 0.0, 0.0, 0.0, 1.0, 12.0, 4.0, 4.0, 49485], [49494, 0.0, 1.0, 1.0, 24.0, 1.0, 0.0, 0.0, 1.0, 1.0, 1.0, 0.0, 1.0, 0.0, 2.0, 2.0, 0.0, 0.0, 1.0, 10.0, 5.0, 6.0, 49494], [49495, 1.0, 1.0, 1.0, 36.0, 0.0, 0.0, 1.0, 1.0, 1.0, 1.0, 0.0, 1.0, 0.0, 5.0, 0.0, 20.0, 1.0, 0.0, 12.0, 5.0, 3.0, 49495], [49502, 1.0, 0.0, 1.0, 24.0, 1.0, 0.0, 0.0, 1.0, 0.0, 1.0, 0.0, 1.0, 0.0, 3.0, 0.0, 2.0, 0.0, 1.0, 12.0, 4.0, 6.0, 49502], [49505, 1.0, 1.0, 1.0, 27.0, 0.0, 0.0, 0.0, 0.0, 1.0, 1.0, 0.0, 1.0, 0.0, 1.0, 0.0, 0.0, 0.0, 0.0, 13.0, 6.0, 5.0, 49505], [49506, 0.0, 0.0, 1.0, 22.0, 0.0, 0.0, 0.0, 1.0, 1.0, 1.0, 0.0, 1.0, 0.0, 3.0, 0.0, 0.0, 0.0, 0.0, 11.0, 6.0, 8.0, 49506], [49508, 0.0, 0.0, 1.0, 28.0, 0.0, 0.0, 0.0, 0.0, 1.0, 1.0, 0.0, 1.0, 0.0, 3.0, 0.0, 0.0, 0.0, 0.0, 13.0, 5.0, 7.0, 49508]]}}","{""predictions"": [1.0, 1.0, 1.0, 0.0, 0.0, 1.0, 1.0, 0.0, 0.0, 0.0]}",1,"{""model_name"":""labuser70609094f_monitor_demo4f.default.diabetes_model"",""endpoint_name"":""labuser70609094f_endpoint"",""model_version"":""1""}"
null,ee6ca392-d18c-4a82-bbde-3f2448b6e786,2024-07-08,1720444898829,200,8,"{""dataframe_split"": {""index"": [18820, 18821, 18822, 18823, 18824, 18825, 18826, 18827, 18828, 18829], ""columns"": [""index"", ""HighBP"", ""HighChol"", ""CholCheck"", ""BMI"", ""Smoker"", ""Stroke"", ""HeartDiseaseorAttack"", ""PhysActivity"", ""Fruits"", ""Veggies"", ""HvyAlcoholConsump"", ""AnyHealthcare"", ""NoDocbcCost"", ""GenHlth"", ""MentHlth"", ""PhysHlth"", ""DiffWalk"", ""Sex"", ""Age"", ""Education"", ""Income"", ""id""], ""data"": [[49581, 1.0, 1.0, 1.0, 29.0, 1.0, 0.0, 1.0, 1.0, 1.0, 1.0, 0.0, 1.0, 0.0, 3.0, 0.0, 1.0, 0.0, 1.0, 13.0, 4.0, 4.0, 49581], [49582, 1.0, 0.0, 1.0, 33.0, 1.0, 0.0, 0.0, 0.0, 1.0, 1.0, 0.0, 1.0, 0.0, 3.0, 0.0, 30.0, 0.0, 0.0, 10.0, 4.0, 3.0, 49582], [49586, 0.0, 1.0, 1.0, 24.0, 1.0, 0.0, 1.0, 1.0, 0.0, 1.0, 0.0, 1.0, 0.0, 3.0, 0.0, 0.0, 0.0, 1.0, 11.0, 4.0, 1.0, 49586], [49588, 0.0, 1.0, 1.0, 24.0, 1.0, 0.0, 1.0, 1.0, 0.0, 1.0, 0.0, 1.0, 0.0, 5.0, 10.0, 20.0, 0.0, 1.0, 11.0, 6.0, 7.0, 49588], [49590, 1.0, 1.0, 1.0, 35.0, 0.0, 0.0, 0.0, 1.0, 1.0, 1.0, 0.0, 1.0, 0.0, 2.0, 0.0, 3.0, 0.0, 0.0, 10.0, 6.0, 6.0, 49590], [49591, 0.0, 0.0, 1.0, 26.0, 0.0, 0.0, 0.0, 1.0, 1.0, 1.0, 0.0, 1.0, 0.0, 3.0, 0.0, 0.0, 0.0, 0.0, 13.0, 5.0, 5.0, 49591], [49592, 0.0, 1.0, 1.0, 34.0, 0.0, 0.0, 0.0, 1.0, 0.0, 0.0, 0.0, 1.0, 1.0, 2.0, 0.0, 0.0, 1.0, 1.0, 10.0, 5.0, 5.0, 49592], [49593, 0.0, 0.0, 1.0, 41.0, 1.0, 0.0, 0.0, 0.0, 0.0, 1.0, 0.0, 1.0, 0.0, 3.0, 0.0, 0.0, 0.0, 0.0, 10.0, 5.0, 6.0, 49593], [49594, 1.0, 1.0, 1.0, 37.0, 1.0, 0.0, 1.0, 1.0, 1.0, 1.0, 0.0, 1.0, 0.0, 3.0, 14.0, 0.0, 1.0, 0.0, 13.0, 5.0, 1.0, 49594], [49595, 1.0, 1.0, 1.0, 36.0, 0.0, 0.0, 0.0, 0.0, 0.0, 1.0, 0.0, 1.0, 0.0, 4.0, 5.0, 20.0, 1.0, 0.0, 10.0, 6.0, 4.0, 49595]]}}","{""predictions"": [1.0, 1.0, 1.0, 1.0, 0.0, 0.0, 1.0, 0.0, 1.0, 1.0]}",1,"{""model_name"":""labuser70609094f_monitor_demo4f.default.diabetes_model"",""endpoint_name"":""labuser70609094f_endpoint"",""model_version"":""1""}"
null,aac4d77b-b6b3-4f33-ba45-caec2d5cc3cb,2024-07-08,1720444899225,200,8,"{""dataframe_split"": {""index"": [18940, 18941, 18942, 18943, 18944, 18945, 18946, 18947, 18948, 18949], ""columns"": [""index"", ""HighBP"", ""HighChol"", ""CholCheck"", ""BMI"", ""Smoker"", ""Stroke"", ""HeartDiseaseorAttack"", ""PhysActivity"", ""Fruits"", ""Veggies"", ""HvyAlcoholConsump"", ""AnyHealthcare"", ""NoDocbcCost"", ""GenHlth"", ""MentHlth"", ""PhysHlth"", ""DiffWalk"", ""Sex"", ""Age"", ""Education"", ""Income"", ""id""], ""data"": [[49854, 1.0, 1.0, 1.0, 35.0, 0.0, 1.0, 1.0, 1.0, 1.0, 1.0, 0.0, 1.0, 0.0, 3.0, 0.0, 0.0, 1.0, 0.0, 10.0, 6.0, 8.0, 49854], [49857, 1.0, 1.0, 1.0, 28.0, 0.0, 0.0, 1.0, 1.0, 1.0, 1.0, 0.0, 1.0, 0.0, 5.0, 0.0, 30.0, 1.0, 0.0, 12.0, 6.0, 1.0, 49857], [49859, 1.0, 0.0, 1.0, 35.0, 0.0, 0.0, 0.0, 0.0, 1.0, 1.0, 0.0, 1.0, 0.0, 2.0, 0.0, 2.0, 0.0, 0.0, 11.0, 5.0, 4.0, 49859], [49861, 0.0, 0.0, 1.0, 28.0, 0.0, 0.0, 1.0, 0.0, 0.0, 1.0, 0.0, 1.0, 0.0, 2.0, 0.0, 0.0, 0.0, 1.0, 13.0, 6.0, 5.0, 49861], [49862, 1.0, 1.0, 1.0, 29.0, 1.0, 0.0, 1.0, 0.0, 0.0, 0.0, 0.0, 1.0, 0.0, 3.0, 0.0, 30.0, 1.0, 1.0, 10.0, 4.0, 5.0, 49862], [49863, 1.0, 1.0, 1.0, 24.0, 1.0, 0.0, 0.0, 0.0, 0.0, 0.0, 0.0, 1.0, 0.0, 3.0, 30.0, 30.0, 0.0, 1.0, 10.0, 4.0, 5.0, 49863], [49866, 1.0, 1.0, 1.0, 31.0, 0.0, 0.0, 1.0, 1.0, 1.0, 1.0, 0.0, 1.0, 0.0, 3.0, 0.0, 0.0, 0.0, 0.0, 11.0, 5.0, 5.0, 49866], [49868, 0.0, 0.0, 1.0, 23.0, 1.0, 0.0, 0.0, 1.0, 1.0, 1.0, 0.0, 1.0, 0.0, 4.0, 0.0, 30.0, 0.0, 1.0, 12.0, 6.0, 8.0, 49868], [49869, 1.0, 1.0, 1.0, 31.0, 1.0, 0.0, 0.0, 0.0, 0.0, 0.0, 0.0, 1.0, 0.0, 3.0, 0.0, 0.0, 0.0, 1.0, 12.0, 4.0, 5.0, 49869], [49870, 0.0, 0.0, 1.0, 32.0, 1.0, 0.0, 1.0, 1.0, 0.0, 1.0, 0.0, 1.0, 0.0, 3.0, 0.0, 0.0, 0.0, 1.0, 13.0, 6.0, 8.0, 49870]]}}","{""predictions"": [1.0, 1.0, 0.0, 1.0, 1.0, 1.0, 0.0, 1.0, 0.0, 1.0]}",1,"{""model_name"":""labuser70609094f_monitor_demo4f.default.diabetes_model"",""endpoint_name"":""labuser70609094f_endpoint"",""model_version"":""1""}"
null,ce1fa263-7891-477c-9f74-284da967137b,2024-07-08,1720444900043,200,7,"{""dataframe_split"": {""index"": [19200, 19201, 19202, 19203, 19204, 19205, 19206, 19207, 19208, 19209], ""columns"": [""index"", ""HighBP"", ""HighChol"", ""CholCheck"", ""BMI"", ""Smoker"", ""Stroke"", ""HeartDiseaseorAttack"", ""PhysActivity"", ""Fruits"", ""Veggies"", ""HvyAlcoholConsump"", ""AnyHealthcare"", ""NoDocbcCost"", ""GenHlth"", ""MentHlth"", ""PhysHlth"", ""DiffWalk"", ""Sex"", ""Age"", ""Education"", ""Income"", ""id""], ""data"": [[50312, 1.0, 0.0, 1.0, 40.0, 0.0, 0.0, 0.0, 1.0, 1.0, 0.0, 0.0, 1.0, 0.0, 2.0, 0.0, 0.0, 0.0, 1.0, 10.0, 4.0, 3.0, 50312], [50315, 1.0, 1.0, 1.0, 23.0, 1.0, 0.0, 1.0, 1.0, 1.0, 1.0, 0.0, 1.0, 0.0, 4.0, 0.0, 0.0, 0.0, 0.0, 10.0, 4.0, 5.0, 50315], [50327, 1.0, 1.0, 1.0, 26.0, 0.0, 0.0, 0.0, 0.0, 1.0, 1.0, 0.0, 1.0, 0.0, 3.0, 0.0, 4.0, 0.0, 0.0, 12.0, 5.0, 2.0, 50327], [50328, 1.0, 1.0, 1.0, 26.0, 1.0, 0.0, 0.0, 1.0, 1.0, 1.0, 0.0, 1.0, 0.0, 4.0, 0.0, 20.0, 0.0, 1.0, 11.0, 6.0, 6.0, 50328], [50330, 1.0, 1.0, 1.0, 41.0, 0.0, 0.0, 0.0, 1.0, 1.0, 1.0, 0.0, 1.0, 0.0, 2.0, 0.0, 0.0, 1.0, 0.0, 11.0, 6.0, 5.0, 50330], [50339, 1.0, 1.0, 1.0, 26.0, 0.0, 1.0, 0.0, 1.0, 0.0, 0.0, 0.0, 1.0, 0.0, 4.0, 0.0, 10.0, 0.0, 0.0, 12.0, 4.0, 2.0, 50339], [50340, 1.0, 0.0, 1.0, 20.0, 0.0, 0.0, 1.0, 1.0, 0.0, 1.0, 0.0, 1.0, 0.0, 3.0, 0.0, 0.0, 0.0, 0.0, 12.0, 5.0, 4.0, 50340], [50342, 0.0, 0.0, 1.0, 32.0, 0.0, 0.0, 0.0, 1.0, 1.0, 1.0, 0.0, 1.0, 0.0, 2.0, 0.0, 2.0, 0.0, 1.0, 11.0, 6.0, 8.0, 50342], [50344, 1.0, 1.0, 1.0, 38.0, 1.0, 0.0, 0.0, 1.0, 1.0, 1.0, 0.0, 1.0, 0.0, 3.0, 0.0, 0.0, 1.0, 1.0, 10.0, 6.0, 8.0, 50344], [50347, 1.0, 0.0, 1.0, 28.0, 0.0, 0.0, 0.0, 1.0, 1.0, 1.0, 0.0, 1.0, 0.0, 3.0, 0.0, 30.0, 1.0, 0.0, 13.0, 6.0, 5.0, 50347]]}}","{""predictions"": [1.0, 0.0, 0.0, 0.0, 0.0, 1.0, 1.0, 0.0, 1.0, 1.0]}",1,"{""model_name"":""labuser70609094f_monitor_demo4f.default.diabetes_model"",""endpoint_name"":""labuser70609094f_endpoint"",""model_version"":""1""}"
null,b50a1a8c-b690-41d9-8142-b7a1134595fb,2024-07-08,1720444900077,200,7,"{""dataframe_split"": {""index"": [19210, 19211, 19212, 19213, 19214, 19215, 19216, 19217, 19218, 19219], ""columns"": [""index"", ""HighBP"", ""HighChol"", ""CholCheck"", ""BMI"", ""Smoker"", ""Stroke"", ""HeartDiseaseorAttack"", ""PhysActivity"", ""Fruits"", ""Veggies"", ""HvyAlcoholConsump"", ""AnyHealthcare"", ""NoDocbcCost"", ""GenHlth"", ""MentHlth"", ""PhysHlth"", ""DiffWalk"", ""Sex"", ""Age"", ""Education"", ""Income"", ""id""], ""data"": [[50354, 0.0, 0.0, 1.0, 21.0, 1.0, 0.0, 0.0, 1.0, 1.0, 1.0, 0.0, 1.0, 0.0, 2.0, 0.0, 0.0, 0.0, 0.0, 11.0, 5.0, 4.0, 50354], [50355, 0.0, 0.0, 1.0, 26.0, 0.0, 0.0, 0.0, 1.0, 1.0, 1.0, 0.0, 1.0, 0.0, 3.0, 0.0, 5.0, 0.0, 1.0, 13.0, 4.0, 4.0, 50355], [50356, 1.0, 1.0, 1.0, 32.0, 1.0, 0.0, 0.0, 0.0, 0.0, 1.0, 0.0, 1.0, 0.0, 4.0, 0.0, 30.0, 1.0, 0.0, 10.0, 4.0, 1.0, 50356], [50358, 1.0, 0.0, 1.0, 26.0, 1.0, 1.0, 1.0, 0.0, 1.0, 0.0, 0.0, 1.0, 0.0, 4.0, 0.0, 4.0, 1.0, 0.0, 11.0, 4.0, 3.0, 50358], [50359, 1.0, 0.0, 1.0, 40.0, 1.0, 0.0, 0.0, 1.0, 1.0, 1.0, 0.0, 1.0, 0.0, 2.0, 0.0, 0.0, 0.0, 1.0, 10.0, 6.0, 7.0, 50359], [50360, 1.0, 1.0, 1.0, 33.0, 1.0, 1.0, 1.0, 0.0, 0.0, 1.0, 0.0, 1.0, 0.0, 5.0, 0.0, 0.0, 1.0, 1.0, 10.0, 5.0, 7.0, 50360], [50361, 1.0, 1.0, 1.0, 26.0, 0.0, 0.0, 1.0, 1.0, 0.0, 1.0, 0.0, 1.0, 0.0, 2.0, 30.0, 0.0, 0.0, 1.0, 10.0, 5.0, 3.0, 50361], [50362, 1.0, 1.0, 1.0, 27.0, 1.0, 0.0, 0.0, 0.0, 1.0, 1.0, 0.0, 1.0, 0.0, 4.0, 0.0, 30.0, 1.0, 1.0, 10.0, 5.0, 5.0, 50362], [50365, 1.0, 1.0, 1.0, 30.0, 1.0, 0.0, 0.0, 0.0, 0.0, 0.0, 0.0, 1.0, 0.0, 2.0, 0.0, 0.0, 0.0, 0.0, 10.0, 4.0, 5.0, 50365], [50369, 1.0, 0.0, 1.0, 37.0, 1.0, 0.0, 0.0, 0.0, 1.0, 1.0, 0.0, 1.0, 0.0, 3.0, 0.0, 0.0, 0.0, 0.0, 11.0, 6.0, 8.0, 50369]]}}","{""predictions"": [0.0, 0.0, 1.0, 1.0, 0.0, 1.0, 0.0, 0.0, 0.0, 1.0]}",1,"{""model_name"":""labuser70609094f_monitor_demo4f.default.diabetes_model"",""endpoint_name"":""labuser70609094f_endpoint"",""model_version"":""1""}"
null,5101bbb5-d112-48ac-b398-5f2ae0098ac1,2024-07-08,1720444900106,200,4,"{""dataframe_split"": {""index"": [19220, 19221, 19222, 19223, 19224, 19225, 19226, 19227, 19228, 19229], ""columns"": [""index"", ""HighBP"", ""HighChol"", ""CholCheck"", ""BMI"", ""Smoker"", ""Stroke"", ""HeartDiseaseorAttack"", ""PhysActivity"", ""Fruits"", ""Veggies"", ""HvyAlcoholConsump"", ""AnyHealthcare"", ""NoDocbcCost"", ""GenHlth"", ""MentHlth"", ""PhysHlth"", ""DiffWalk"", ""Sex"", ""Age"", ""Education"", ""Income"", ""id""], ""data"": [[50372, 1.0, 0.0, 1.0, 32.0, 1.0, 0.0, 0.0, 0.0, 0.0, 0.0, 0.0, 1.0, 0.0, 2.0, 0.0, 10.0, 1.0, 0.0, 11.0, 4.0, 4.0, 50372], [50387, 0.0, 0.0, 1.0, 31.0, 0.0, 0.0, 0.0, 1.0, 1.0, 1.0, 0.0, 1.0, 0.0, 3.0, 0.0, 0.0, 0.0, 1.0, 10.0, 6.0, 8.0, 50387], [50391, 1.0, 1.0, 1.0, 26.0, 1.0, 0.0, 0.0, 1.0, 1.0, 1.0, 0.0, 1.0, 0.0, 2.0, 0.0, 0.0, 0.0, 0.0, 11.0, 5.0, 8.0, 50391], [50393, 1.0, 0.0, 1.0, 49.0, 1.0, 1.0, 1.0, 0.0, 0.0, 1.0, 0.0, 1.0, 0.0, 4.0, 0.0, 0.0, 0.0, 0.0, 10.0, 4.0, 2.0, 50393], [50399, 1.0, 0.0, 1.0, 26.0, 1.0, 0.0, 0.0, 0.0, 0.0, 1.0, 0.0, 1.0, 1.0, 4.0, 15.0, 10.0, 1.0, 0.0, 10.0, 6.0, 4.0, 50399], [50401, 1.0, 0.0, 1.0, 34.0, 1.0, 0.0, 0.0, 0.0, 0.0, 0.0, 0.0, 1.0, 0.0, 3.0, 0.0, 0.0, 1.0, 1.0, 13.0, 4.0, 5.0, 50401], [50402, 1.0, 1.0, 1.0, 30.0, 1.0, 0.0, 0.0, 1.0, 0.0, 1.0, 0.0, 1.0, 0.0, 2.0, 0.0, 0.0, 0.0, 1.0, 12.0, 4.0, 6.0, 50402], [50406, 1.0, 1.0, 1.0, 43.0, 0.0, 0.0, 0.0, 0.0, 0.0, 1.0, 0.0, 1.0, 0.0, 5.0, 30.0, 30.0, 1.0, 1.0, 10.0, 5.0, 6.0, 50406], [50408, 0.0, 0.0, 1.0, 45.0, 1.0, 0.0, 1.0, 0.0, 1.0, 1.0, 0.0, 1.0, 1.0, 5.0, 30.0, 30.0, 1.0, 0.0, 10.0, 5.0, 2.0, 50408], [50414, 1.0, 1.0, 1.0, 39.0, 0.0, 0.0, 1.0, 1.0, 0.0, 1.0, 0.0, 1.0, 1.0, 5.0, 8.0, 8.0, 1.0, 1.0, 10.0, 5.0, 1.0, 50414]]}}","{""predictions"": [1.0, 0.0, 0.0, 1.0, 0.0, 1.0, 1.0, 1.0, 1.0, 1.0]}",1,"{""model_name"":""labuser70609094f_monitor_demo4f.default.diabetes_model"",""endpoint_name"":""labuser70609094f_endpoint"",""model_version"":""1""}"
null,43e63c5f-2343-446a-873f-d27b2a81e1b7,2024-07-08,1720444900136,200,4,"{""dataframe_split"": {""index"": [19230, 19231, 19232, 19233, 19234, 19235, 19236, 19237, 19238, 19239], ""columns"": [""index"", ""HighBP"", ""HighChol"", ""CholCheck"", ""BMI"", ""Smoker"", ""Stroke"", ""HeartDiseaseorAttack"", ""PhysActivity"", ""Fruits"", ""Veggies"", ""HvyAlcoholConsump"", ""AnyHealthcare"", ""NoDocbcCost"", ""GenHlth"", ""MentHlth"", ""PhysHlth"", ""DiffWalk"", ""Sex"", ""Age"", ""Education"", ""Income"", ""id""], ""data"": [[50415, 1.0, 1.0, 1.0, 32.0, 0.0, 0.0, 0.0, 1.0, 1.0, 1.0, 0.0, 1.0, 0.0, 5.0, 30.0, 30.0, 1.0, 0.0, 10.0, 6.0, 6.0, 50415], [50417, 0.0, 1.0, 1.0, 34.0, 1.0, 1.0, 0.0, 1.0, 1.0, 1.0, 0.0, 1.0, 0.0, 2.0, 0.0, 5.0, 0.0, 1.0, 11.0, 5.0, 4.0, 50417], [50418, 1.0, 1.0, 1.0, 27.0, 0.0, 0.0, 0.0, 1.0, 0.0, 1.0, 0.0, 1.0, 0.0, 2.0, 0.0, 0.0, 0.0, 1.0, 11.0, 6.0, 8.0, 50418], [50422, 1.0, 1.0, 1.0, 30.0, 1.0, 0.0, 1.0, 1.0, 0.0, 1.0, 0.0, 1.0, 1.0, 2.0, 0.0, 0.0, 1.0, 1.0, 11.0, 5.0, 3.0, 50422], [50423, 0.0, 1.0, 1.0, 32.0, 0.0, 0.0, 0.0, 1.0, 1.0, 1.0, 0.0, 1.0, 0.0, 3.0, 4.0, 0.0, 0.0, 0.0, 10.0, 6.0, 7.0, 50423], [50425, 1.0, 1.0, 1.0, 27.0, 1.0, 0.0, 0.0, 1.0, 0.0, 0.0, 0.0, 1.0, 0.0, 4.0, 0.0, 3.0, 0.0, 1.0, 10.0, 5.0, 4.0, 50425], [50429, 1.0, 0.0, 1.0, 36.0, 0.0, 0.0, 0.0, 1.0, 1.0, 1.0, 0.0, 1.0, 0.0, 3.0, 0.0, 2.0, 0.0, 1.0, 10.0, 4.0, 6.0, 50429], [50430, 1.0, 1.0, 1.0, 38.0, 0.0, 0.0, 0.0, 1.0, 1.0, 0.0, 0.0, 1.0, 0.0, 3.0, 0.0, 0.0, 0.0, 1.0, 10.0, 5.0, 6.0, 50430], [50431, 1.0, 0.0, 1.0, 37.0, 0.0, 0.0, 0.0, 1.0, 1.0, 1.0, 0.0, 1.0, 0.0, 4.0, 0.0, 15.0, 1.0, 0.0, 10.0, 5.0, 3.0, 50431], [50435, 1.0, 1.0, 1.0, 34.0, 0.0, 0.0, 0.0, 1.0, 1.0, 1.0, 0.0, 1.0, 0.0, 5.0, 30.0, 30.0, 1.0, 0.0, 10.0, 5.0, 5.0, 50435]]}}","{""predictions"": [0.0, 1.0, 1.0, 1.0, 1.0, 0.0, 1.0, 1.0, 1.0, 1.0]}",1,"{""model_name"":""labuser70609094f_monitor_demo4f.default.diabetes_model"",""endpoint_name"":""labuser70609094f_endpoint"",""model_version"":""1""}"
null,c78252a1-bc01-4f64-840b-4397246e7749,2024-07-08,1720444900163,200,4,"{""dataframe_split"": {""index"": [19240, 19241, 19242, 19243, 19244, 19245, 19246, 19247, 19248, 19249], ""columns"": [""index"", ""HighBP"", ""HighChol"", ""CholCheck"", ""BMI"", ""Smoker"", ""Stroke"", ""HeartDiseaseorAttack"", ""PhysActivity"", ""Fruits"", ""Veggies"", ""HvyAlcoholConsump"", ""AnyHealthcare"", ""NoDocbcCost"", ""GenHlth"", ""MentHlth"", ""PhysHlth"", ""DiffWalk"", ""Sex"", ""Age"", ""Education"", ""Income"", ""id""], ""data"": [[50436, 0.0, 1.0, 1.0, 25.0, 1.0, 0.0, 0.0, 1.0, 1.0, 1.0, 0.0, 1.0, 0.0, 3.0, 0.0, 0.0, 0.0, 1.0, 11.0, 5.0, 5.0, 50436], [50439, 0.0, 1.0, 1.0, 27.0, 1.0, 1.0, 0.0, 1.0, 1.0, 1.0, 0.0, 1.0, 0.0, 4.0, 7.0, 10.0, 0.0, 1.0, 11.0, 4.0, 6.0, 50439], [50440, 0.0, 1.0, 1.0, 29.0, 0.0, 0.0, 0.0, 1.0, 1.0, 1.0, 0.0, 1.0, 0.0, 3.0, 0.0, 0.0, 0.0, 1.0, 10.0, 6.0, 6.0, 50440], [50441, 0.0, 1.0, 1.0, 32.0, 1.0, 0.0, 1.0, 1.0, 0.0, 0.0, 0.0, 1.0, 0.0, 3.0, 0.0, 0.0, 0.0, 1.0, 10.0, 5.0, 7.0, 50441], [50442, 1.0, 1.0, 1.0, 27.0, 1.0, 0.0, 0.0, 1.0, 0.0, 1.0, 0.0, 1.0, 0.0, 3.0, 0.0, 0.0, 0.0, 0.0, 10.0, 4.0, 3.0, 50442], [50443, 0.0, 1.0, 1.0, 31.0, 1.0, 0.0, 0.0, 0.0, 0.0, 0.0, 0.0, 1.0, 0.0, 3.0, 0.0, 0.0, 0.0, 1.0, 11.0, 5.0, 5.0, 50443], [50444, 1.0, 0.0, 1.0, 37.0, 1.0, 0.0, 0.0, 0.0, 0.0, 1.0, 0.0, 1.0, 0.0, 5.0, 30.0, 30.0, 1.0, 1.0, 11.0, 5.0, 5.0, 50444], [50445, 1.0, 1.0, 1.0, 27.0, 0.0, 0.0, 0.0, 1.0, 1.0, 1.0, 0.0, 1.0, 0.0, 4.0, 0.0, 0.0, 0.0, 1.0, 12.0, 4.0, 4.0, 50445], [50449, 1.0, 1.0, 1.0, 36.0, 1.0, 1.0, 0.0, 1.0, 1.0, 1.0, 0.0, 1.0, 0.0, 3.0, 0.0, 0.0, 0.0, 1.0, 10.0, 4.0, 8.0, 50449], [50457, 1.0, 1.0, 1.0, 39.0, 1.0, 0.0, 0.0, 0.0, 0.0, 0.0, 0.0, 1.0, 0.0, 4.0, 4.0, 28.0, 1.0, 0.0, 11.0, 5.0, 6.0, 50457]]}}","{""predictions"": [0.0, 0.0, 0.0, 1.0, 0.0, 1.0, 0.0, 0.0, 1.0, 1.0]}",1,"{""model_name"":""labuser70609094f_monitor_demo4f.default.diabetes_model"",""endpoint_name"":""labuser70609094f_endpoint"",""model_version"":""1""}"
null,5c1d555d-c053-4057-82ff-c9296bfe20fb,2024-07-08,1720444900192,200,4,"{""dataframe_split"": {""index"": [19250, 19251, 19252, 19253, 19254, 19255, 19256, 19257, 19258, 19259], ""columns"": [""index"", ""HighBP"", ""HighChol"", ""CholCheck"", ""BMI"", ""Smoker"", ""Stroke"", ""HeartDiseaseorAttack"", ""PhysActivity"", ""Fruits"", ""Veggies"", ""HvyAlcoholConsump"", ""AnyHealthcare"", ""NoDocbcCost"", ""GenHlth"", ""MentHlth"", ""PhysHlth"", ""DiffWalk"", ""Sex"", ""Age"", ""Education"", ""Income"", ""id""], ""data"": [[50461, 1.0, 1.0, 1.0, 33.0, 0.0, 0.0, 0.0, 0.0, 0.0, 0.0, 0.0, 1.0, 1.0, 4.0, 0.0, 15.0, 0.0, 1.0, 12.0, 4.0, 1.0, 50461], [50463, 1.0, 1.0, 1.0, 44.0, 1.0, 0.0, 0.0, 1.0, 1.0, 1.0, 0.0, 1.0, 1.0, 3.0, 2.0, 30.0, 1.0, 0.0, 11.0, 4.0, 5.0, 50463], [50467, 0.0, 0.0, 1.0, 24.0, 0.0, 0.0, 0.0, 1.0, 0.0, 0.0, 0.0, 1.0, 0.0, 3.0, 0.0, 0.0, 0.0, 1.0, 10.0, 3.0, 8.0, 50467], [50468, 0.0, 1.0, 1.0, 28.0, 1.0, 0.0, 0.0, 1.0, 0.0, 1.0, 0.0, 1.0, 0.0, 3.0, 15.0, 15.0, 0.0, 1.0, 12.0, 3.0, 6.0, 50468], [50475, 1.0, 0.0, 1.0, 38.0, 0.0, 0.0, 0.0, 0.0, 0.0, 0.0, 0.0, 1.0, 0.0, 4.0, 4.0, 30.0, 1.0, 0.0, 10.0, 6.0, 6.0, 50475], [50481, 1.0, 1.0, 1.0, 31.0, 0.0, 0.0, 1.0, 1.0, 0.0, 0.0, 0.0, 1.0, 0.0, 3.0, 0.0, 0.0, 0.0, 1.0, 10.0, 6.0, 8.0, 50481], [50482, 1.0, 1.0, 1.0, 33.0, 1.0, 0.0, 0.0, 1.0, 0.0, 1.0, 0.0, 1.0, 0.0, 2.0, 0.0, 0.0, 0.0, 0.0, 10.0, 4.0, 6.0, 50482], [50484, 1.0, 1.0, 1.0, 33.0, 0.0, 0.0, 0.0, 1.0, 1.0, 1.0, 0.0, 1.0, 0.0, 2.0, 0.0, 0.0, 0.0, 0.0, 12.0, 5.0, 8.0, 50484], [50485, 1.0, 1.0, 1.0, 28.0, 1.0, 1.0, 1.0, 0.0, 0.0, 1.0, 0.0, 1.0, 0.0, 3.0, 0.0, 4.0, 0.0, 1.0, 10.0, 4.0, 6.0, 50485], [50495, 0.0, 0.0, 1.0, 32.0, 0.0, 0.0, 0.0, 1.0, 1.0, 0.0, 1.0, 1.0, 0.0, 3.0, 0.0, 0.0, 0.0, 1.0, 10.0, 5.0, 8.0, 50495]]}}","{""predictions"": [0.0, 1.0, 1.0, 1.0, 1.0, 1.0, 0.0, 1.0, 0.0, 1.0]}",1,"{""model_name"":""labuser70609094f_monitor_demo4f.default.diabetes_model"",""endpoint_name"":""labuser70609094f_endpoint"",""model_version"":""1""}"
null,22770552-286e-4fe7-891a-e27c7e0118b2,2024-07-08,1720444900225,200,7,"{""dataframe_split"": {""index"": [19260, 19261, 19262, 19263, 19264, 19265, 19266, 19267, 19268, 19269], ""columns"": [""index"", ""HighBP"", ""HighChol"", ""CholCheck"", ""BMI"", ""Smoker"", ""Stroke"", ""HeartDiseaseorAttack"", ""PhysActivity"", ""Fruits"", ""Veggies"", ""HvyAlcoholConsump"", ""AnyHealthcare"", ""NoDocbcCost"", ""GenHlth"", ""MentHlth"", ""PhysHlth"", ""DiffWalk"", ""Sex"", ""Age"", ""Education"", ""Income"", ""id""], ""data"": [[50496, 1.0, 1.0, 1.0, 28.0, 1.0, 0.0, 0.0, 1.0, 1.0, 1.0, 0.0, 1.0, 0.0, 5.0, 0.0, 30.0, 0.0, 1.0, 13.0, 4.0, 4.0, 50496], [50497, 0.0, 0.0, 1.0, 36.0, 0.0, 0.0, 0.0, 1.0, 1.0, 1.0, 0.0, 1.0, 0.0, 3.0, 0.0, 0.0, 0.0, 1.0, 12.0, 6.0, 2.0, 50497], [50498, 1.0, 1.0, 1.0, 32.0, 1.0, 0.0, 1.0, 1.0, 1.0, 1.0, 0.0, 1.0, 0.0, 3.0, 0.0, 0.0, 0.0, 0.0, 13.0, 5.0, 5.0, 50498], [50500, 1.0, 1.0, 1.0, 36.0, 0.0, 0.0, 1.0, 1.0, 0.0, 1.0, 0.0, 1.0, 0.0, 4.0, 0.0, 14.0, 0.0, 1.0, 10.0, 5.0, 5.0, 50500], [50501, 1.0, 1.0, 1.0, 33.0, 1.0, 0.0, 0.0, 1.0, 1.0, 1.0, 0.0, 1.0, 0.0, 2.0, 0.0, 0.0, 0.0, 1.0, 10.0, 4.0, 6.0, 50501], [50502, 1.0, 1.0, 1.0, 30.0, 0.0, 0.0, 0.0, 1.0, 0.0, 1.0, 0.0, 1.0, 0.0, 2.0, 2.0, 0.0, 0.0, 0.0, 12.0, 5.0, 3.0, 50502], [50505, 0.0, 1.0, 1.0, 33.0, 1.0, 0.0, 1.0, 0.0, 1.0, 1.0, 0.0, 1.0, 0.0, 4.0, 0.0, 0.0, 1.0, 1.0, 13.0, 5.0, 6.0, 50505], [50506, 1.0, 1.0, 1.0, 36.0, 1.0, 0.0, 0.0, 0.0, 0.0, 1.0, 0.0, 1.0, 0.0, 3.0, 0.0, 0.0, 0.0, 1.0, 10.0, 6.0, 8.0, 50506], [50513, 1.0, 0.0, 1.0, 26.0, 1.0, 0.0, 0.0, 1.0, 1.0, 1.0, 0.0, 1.0, 0.0, 5.0, 30.0, 30.0, 1.0, 1.0, 10.0, 4.0, 4.0, 50513], [50516, 1.0, 1.0, 1.0, 27.0, 1.0, 0.0, 1.0, 0.0, 0.0, 1.0, 0.0, 1.0, 0.0, 5.0, 30.0, 30.0, 1.0, 0.0, 10.0, 5.0, 1.0, 50516]]}}","{""predictions"": [1.0, 1.0, 1.0, 0.0, 0.0, 0.0, 1.0, 0.0, 1.0, 0.0]}",1,"{""model_name"":""labuser70609094f_monitor_demo4f.default.diabetes_model"",""endpoint_name"":""labuser70609094f_endpoint"",""model_version"":""1""}"
null,cd11bce0-34a5-4d4b-a9e4-6983c90f2755,2024-07-08,1720444900456,200,4,"{""dataframe_split"": {""index"": [19330, 19331, 19332, 19333, 19334, 19335, 19336, 19337, 19338, 19339], ""columns"": [""index"", ""HighBP"", ""HighChol"", ""CholCheck"", ""BMI"", ""Smoker"", ""Stroke"", ""HeartDiseaseorAttack"", ""PhysActivity"", ""Fruits"", ""Veggies"", ""HvyAlcoholConsump"", ""AnyHealthcare"", ""NoDocbcCost"", ""GenHlth"", ""MentHlth"", ""PhysHlth"", ""DiffWalk"", ""Sex"", ""Age"", ""Education"", ""Income"", ""id""], ""data"": [[50631, 1.0, 1.0, 1.0, 30.0, 0.0, 0.0, 0.0, 1.0, 0.0, 1.0, 0.0, 1.0, 0.0, 4.0, 10.0, 1.0, 0.0, 1.0, 11.0, 5.0, 8.0, 50631], [50633, 1.0, 0.0, 1.0, 36.0, 0.0, 0.0, 0.0, 0.0, 1.0, 0.0, 0.0, 1.0, 0.0, 3.0, 0.0, 2.0, 0.0, 1.0, 12.0, 5.0, 4.0, 50633], [50634, 1.0, 0.0, 1.0, 24.0, 1.0, 1.0, 0.0, 1.0, 1.0, 1.0, 0.0, 1.0, 0.0, 2.0, 0.0, 0.0, 0.0, 1.0, 10.0, 6.0, 7.0, 50634], [50635, 1.0, 1.0, 1.0, 26.0, 1.0, 0.0, 1.0, 0.0, 1.0, 1.0, 0.0, 1.0, 0.0, 4.0, 0.0, 0.0, 1.0, 0.0, 12.0, 4.0, 2.0, 50635], [50637, 1.0, 0.0, 1.0, 36.0, 0.0, 0.0, 0.0, 0.0, 1.0, 1.0, 0.0, 1.0, 0.0, 2.0, 0.0, 15.0, 0.0, 0.0, 10.0, 6.0, 4.0, 50637], [50641, 1.0, 0.0, 1.0, 22.0, 0.0, 0.0, 1.0, 1.0, 1.0, 0.0, 0.0, 1.0, 0.0, 4.0, 10.0, 10.0, 0.0, 0.0, 10.0, 4.0, 1.0, 50641], [50643, 0.0, 0.0, 1.0, 47.0, 1.0, 0.0, 1.0, 0.0, 1.0, 1.0, 0.0, 1.0, 0.0, 3.0, 25.0, 0.0, 1.0, 1.0, 10.0, 4.0, 7.0, 50643], [50644, 1.0, 1.0, 1.0, 23.0, 0.0, 0.0, 1.0, 0.0, 1.0, 1.0, 0.0, 1.0, 0.0, 4.0, 0.0, 0.0, 0.0, 0.0, 13.0, 5.0, 8.0, 50644], [50645, 1.0, 0.0, 1.0, 32.0, 0.0, 0.0, 0.0, 1.0, 1.0, 1.0, 0.0, 1.0, 0.0, 2.0, 0.0, 0.0, 0.0, 1.0, 11.0, 4.0, 5.0, 50645], [50646, 0.0, 1.0, 1.0, 27.0, 0.0, 0.0, 0.0, 1.0, 1.0, 1.0, 0.0, 1.0, 0.0, 2.0, 0.0, 0.0, 0.0, 0.0, 11.0, 6.0, 5.0, 50646]]}}","{""predictions"": [0.0, 0.0, 0.0, 1.0, 1.0, 0.0, 0.0, 1.0, 0.0, 1.0]}",1,"{""model_name"":""labuser70609094f_monitor_demo4f.default.diabetes_model"",""endpoint_name"":""labuser70609094f_endpoint"",""model_version"":""1""}"
null,d0b58491-dc2b-4546-8e6f-5b9080c95f3a,2024-07-08,1720444900758,200,5,"{""dataframe_split"": {""index"": [19430, 19431, 19432, 19433, 19434, 19435, 19436, 19437, 19438, 19439], ""columns"": [""index"", ""HighBP"", ""HighChol"", ""CholCheck"", ""BMI"", ""Smoker"", ""Stroke"", ""HeartDiseaseorAttack"", ""PhysActivity"", ""Fruits"", ""Veggies"", ""HvyAlcoholConsump"", ""AnyHealthcare"", ""NoDocbcCost"", ""GenHlth"", ""MentHlth"", ""PhysHlth"", ""DiffWalk"", ""Sex"", ""Age"", ""Education"", ""Income"", ""id""], ""data"": [[50793, 1.0, 1.0, 1.0, 26.0, 1.0, 0.0, 1.0, 0.0, 0.0, 1.0, 0.0, 1.0, 1.0, 5.0, 0.0, 30.0, 0.0, 1.0, 11.0, 4.0, 5.0, 50793], [50794, 1.0, 1.0, 1.0, 25.0, 0.0, 0.0, 0.0, 1.0, 1.0, 1.0, 0.0, 1.0, 0.0, 2.0, 0.0, 0.0, 0.0, 1.0, 11.0, 6.0, 8.0, 50794], [50795, 1.0, 1.0, 1.0, 29.0, 1.0, 0.0, 1.0, 1.0, 1.0, 0.0, 0.0, 1.0, 0.0, 3.0, 5.0, 2.0, 0.0, 0.0, 10.0, 6.0, 7.0, 50795], [50797, 1.0, 1.0, 1.0, 27.0, 1.0, 0.0, 0.0, 1.0, 1.0, 1.0, 0.0, 1.0, 0.0, 3.0, 0.0, 1.0, 0.0, 0.0, 10.0, 5.0, 8.0, 50797], [50798, 1.0, 1.0, 1.0, 33.0, 1.0, 0.0, 0.0, 1.0, 1.0, 1.0, 0.0, 1.0, 0.0, 4.0, 0.0, 5.0, 1.0, 1.0, 10.0, 5.0, 6.0, 50798], [50799, 0.0, 1.0, 1.0, 23.0, 0.0, 0.0, 0.0, 1.0, 1.0, 1.0, 0.0, 1.0, 0.0, 3.0, 0.0, 0.0, 0.0, 0.0, 11.0, 6.0, 7.0, 50799], [50800, 0.0, 0.0, 1.0, 26.0, 1.0, 1.0, 1.0, 1.0, 1.0, 0.0, 0.0, 1.0, 0.0, 3.0, 0.0, 30.0, 0.0, 1.0, 13.0, 4.0, 5.0, 50800], [50801, 0.0, 1.0, 1.0, 39.0, 1.0, 0.0, 0.0, 1.0, 1.0, 0.0, 0.0, 1.0, 0.0, 3.0, 0.0, 0.0, 0.0, 1.0, 10.0, 4.0, 5.0, 50801], [50803, 1.0, 1.0, 1.0, 22.0, 1.0, 0.0, 0.0, 1.0, 0.0, 0.0, 0.0, 1.0, 0.0, 5.0, 0.0, 30.0, 0.0, 0.0, 12.0, 4.0, 6.0, 50803], [50804, 1.0, 1.0, 1.0, 36.0, 1.0, 0.0, 1.0, 0.0, 1.0, 1.0, 0.0, 1.0, 0.0, 3.0, 0.0, 1.0, 1.0, 1.0, 10.0, 5.0, 5.0, 50804]]}}","{""predictions"": [0.0, 0.0, 0.0, 1.0, 1.0, 1.0, 1.0, 1.0, 1.0, 1.0]}",1,"{""model_name"":""labuser70609094f_monitor_demo4f.default.diabetes_model"",""endpoint_name"":""labuser70609094f_endpoint"",""model_version"":""1""}"
null,4f151785-42a1-41b9-8534-1dc689256b65,2024-07-08,1720444900787,200,4,"{""dataframe_split"": {""index"": [19440, 19441, 19442, 19443, 19444, 19445, 19446, 19447, 19448, 19449], ""columns"": [""index"", ""HighBP"", ""HighChol"", ""CholCheck"", ""BMI"", ""Smoker"", ""Stroke"", ""HeartDiseaseorAttack"", ""PhysActivity"", ""Fruits"", ""Veggies"", ""HvyAlcoholConsump"", ""AnyHealthcare"", ""NoDocbcCost"", ""GenHlth"", ""MentHlth"", ""PhysHlth"", ""DiffWalk"", ""Sex"", ""Age"", ""Education"", ""Income"", ""id""], ""data"": [[50807, 1.0, 1.0, 1.0, 33.0, 1.0, 0.0, 1.0, 1.0, 1.0, 1.0, 0.0, 1.0, 0.0, 5.0, 30.0, 30.0, 1.0, 1.0, 10.0, 5.0, 8.0, 50807], [50808, 0.0, 0.0, 1.0, 35.0, 1.0, 0.0, 0.0, 1.0, 0.0, 1.0, 0.0, 1.0, 0.0, 3.0, 0.0, 0.0, 0.0, 1.0, 11.0, 5.0, 6.0, 50808], [50810, 1.0, 1.0, 1.0, 32.0, 1.0, 0.0, 1.0, 1.0, 1.0, 0.0, 0.0, 1.0, 0.0, 3.0, 0.0, 0.0, 0.0, 1.0, 12.0, 4.0, 3.0, 50810], [50812, 1.0, 1.0, 1.0, 26.0, 1.0, 0.0, 0.0, 0.0, 1.0, 1.0, 0.0, 1.0, 0.0, 4.0, 0.0, 30.0, 1.0, 1.0, 13.0, 5.0, 3.0, 50812], [50815, 0.0, 0.0, 1.0, 29.0, 1.0, 0.0, 0.0, 1.0, 1.0, 1.0, 0.0, 1.0, 0.0, 3.0, 0.0, 0.0, 0.0, 0.0, 11.0, 5.0, 7.0, 50815], [50817, 1.0, 1.0, 1.0, 30.0, 1.0, 0.0, 1.0, 1.0, 0.0, 0.0, 0.0, 1.0, 0.0, 5.0, 3.0, 15.0, 0.0, 1.0, 11.0, 5.0, 6.0, 50817], [50818, 1.0, 1.0, 1.0, 32.0, 1.0, 1.0, 0.0, 1.0, 1.0, 1.0, 0.0, 1.0, 0.0, 3.0, 0.0, 0.0, 0.0, 1.0, 12.0, 6.0, 4.0, 50818], [50819, 1.0, 1.0, 1.0, 29.0, 0.0, 0.0, 1.0, 0.0, 0.0, 1.0, 0.0, 1.0, 0.0, 4.0, 0.0, 10.0, 1.0, 0.0, 11.0, 4.0, 6.0, 50819], [50820, 1.0, 1.0, 1.0, 33.0, 0.0, 0.0, 0.0, 1.0, 0.0, 0.0, 0.0, 1.0, 0.0, 2.0, 0.0, 6.0, 0.0, 0.0, 13.0, 4.0, 4.0, 50820], [50821, 1.0, 0.0, 1.0, 30.0, 1.0, 0.0, 0.0, 1.0, 1.0, 1.0, 0.0, 1.0, 0.0, 3.0, 0.0, 0.0, 0.0, 0.0, 13.0, 6.0, 8.0, 50821]]}}","{""predictions"": [1.0, 1.0, 0.0, 0.0, 0.0, 1.0, 1.0, 1.0, 1.0, 1.0]}",1,"{""model_name"":""labuser70609094f_monitor_demo4f.default.diabetes_model"",""endpoint_name"":""labuser70609094f_endpoint"",""model_version"":""1""}"
null,f251a897-dce6-4bbf-b21b-4f2c4b259b72,2024-07-08,1720444900817,200,5,"{""dataframe_split"": {""index"": [19450, 19451, 19452, 19453, 19454, 19455, 19456, 19457, 19458, 19459], ""columns"": [""index"", ""HighBP"", ""HighChol"", ""CholCheck"", ""BMI"", ""Smoker"", ""Stroke"", ""HeartDiseaseorAttack"", ""PhysActivity"", ""Fruits"", ""Veggies"", ""HvyAlcoholConsump"", ""AnyHealthcare"", ""NoDocbcCost"", ""GenHlth"", ""MentHlth"", ""PhysHlth"", ""DiffWalk"", ""Sex"", ""Age"", ""Education"", ""Income"", ""id""], ""data"": [[50823, 1.0, 0.0, 1.0, 21.0, 1.0, 0.0, 0.0, 1.0, 0.0, 1.0, 0.0, 1.0, 0.0, 4.0, 2.0, 15.0, 1.0, 0.0, 10.0, 4.0, 5.0, 50823], [50825, 1.0, 1.0, 1.0, 27.0, 1.0, 0.0, 0.0, 1.0, 0.0, 0.0, 0.0, 1.0, 0.0, 3.0, 0.0, 0.0, 0.0, 1.0, 12.0, 4.0, 7.0, 50825], [50828, 1.0, 1.0, 1.0, 33.0, 0.0, 0.0, 1.0, 1.0, 0.0, 1.0, 0.0, 1.0, 0.0, 2.0, 0.0, 0.0, 0.0, 1.0, 11.0, 6.0, 5.0, 50828], [50829, 1.0, 1.0, 1.0, 44.0, 1.0, 0.0, 0.0, 1.0, 0.0, 1.0, 1.0, 1.0, 0.0, 3.0, 0.0, 2.0, 0.0, 1.0, 10.0, 6.0, 6.0, 50829], [50830, 1.0, 0.0, 1.0, 26.0, 1.0, 1.0, 0.0, 1.0, 1.0, 1.0, 1.0, 1.0, 0.0, 3.0, 0.0, 0.0, 0.0, 1.0, 12.0, 4.0, 7.0, 50830], [50831, 1.0, 1.0, 1.0, 43.0, 1.0, 1.0, 0.0, 0.0, 0.0, 0.0, 0.0, 1.0, 0.0, 4.0, 1.0, 10.0, 1.0, 0.0, 10.0, 4.0, 7.0, 50831], [50833, 0.0, 1.0, 1.0, 29.0, 0.0, 0.0, 0.0, 1.0, 1.0, 1.0, 0.0, 1.0, 0.0, 3.0, 0.0, 0.0, 0.0, 0.0, 13.0, 6.0, 3.0, 50833], [50836, 0.0, 0.0, 1.0, 29.0, 1.0, 0.0, 1.0, 1.0, 0.0, 0.0, 0.0, 1.0, 0.0, 2.0, 0.0, 0.0, 0.0, 1.0, 11.0, 5.0, 5.0, 50836], [50837, 1.0, 1.0, 1.0, 25.0, 1.0, 0.0, 0.0, 1.0, 1.0, 1.0, 0.0, 1.0, 0.0, 3.0, 0.0, 0.0, 0.0, 0.0, 12.0, 4.0, 4.0, 50837], [50838, 0.0, 1.0, 1.0, 30.0, 0.0, 0.0, 0.0, 1.0, 1.0, 0.0, 0.0, 1.0, 0.0, 3.0, 0.0, 0.0, 0.0, 1.0, 11.0, 5.0, 3.0, 50838]]}}","{""predictions"": [0.0, 1.0, 1.0, 1.0, 1.0, 1.0, 0.0, 0.0, 0.0, 0.0]}",1,"{""model_name"":""labuser70609094f_monitor_demo4f.default.diabetes_model"",""endpoint_name"":""labuser70609094f_endpoint"",""model_version"":""1""}"
null,1e4d526d-587c-4a76-b4a7-9c0d079a58e5,2024-07-08,1720444901255,200,4,"{""dataframe_split"": {""index"": [19590, 19591, 19592, 19593, 19594, 19595, 19596, 19597, 19598, 19599], ""columns"": [""index"", ""HighBP"", ""HighChol"", ""CholCheck"", ""BMI"", ""Smoker"", ""Stroke"", ""HeartDiseaseorAttack"", ""PhysActivity"", ""Fruits"", ""Veggies"", ""HvyAlcoholConsump"", ""AnyHealthcare"", ""NoDocbcCost"", ""GenHlth"", ""MentHlth"", ""PhysHlth"", ""DiffWalk"", ""Sex"", ""Age"", ""Education"", ""Income"", ""id""], ""data"": [[51064, 1.0, 1.0, 1.0, 35.0, 0.0, 0.0, 1.0, 0.0, 1.0, 1.0, 0.0, 1.0, 0.0, 2.0, 0.0, 12.0, 1.0, 1.0, 13.0, 6.0, 7.0, 51064], [51066, 1.0, 1.0, 1.0, 22.0, 0.0, 0.0, 0.0, 1.0, 0.0, 1.0, 0.0, 1.0, 0.0, 2.0, 0.0, 0.0, 0.0, 0.0, 13.0, 5.0, 6.0, 51066], [51068, 1.0, 0.0, 1.0, 32.0, 1.0, 0.0, 0.0, 1.0, 1.0, 1.0, 0.0, 1.0, 0.0, 2.0, 0.0, 0.0, 0.0, 0.0, 10.0, 6.0, 8.0, 51068], [51069, 0.0, 1.0, 1.0, 29.0, 1.0, 0.0, 0.0, 0.0, 0.0, 1.0, 0.0, 1.0, 0.0, 3.0, 0.0, 4.0, 0.0, 0.0, 11.0, 6.0, 8.0, 51069], [51071, 0.0, 0.0, 1.0, 26.0, 0.0, 0.0, 0.0, 0.0, 1.0, 1.0, 0.0, 1.0, 1.0, 2.0, 0.0, 0.0, 1.0, 0.0, 13.0, 2.0, 4.0, 51071], [51073, 1.0, 1.0, 1.0, 36.0, 1.0, 0.0, 0.0, 1.0, 0.0, 1.0, 0.0, 1.0, 0.0, 2.0, 0.0, 0.0, 0.0, 1.0, 10.0, 4.0, 5.0, 51073], [51075, 1.0, 1.0, 1.0, 33.0, 0.0, 0.0, 1.0, 1.0, 0.0, 0.0, 0.0, 1.0, 0.0, 3.0, 0.0, 0.0, 0.0, 1.0, 10.0, 4.0, 3.0, 51075], [51077, 0.0, 1.0, 1.0, 21.0, 0.0, 0.0, 1.0, 1.0, 1.0, 0.0, 0.0, 1.0, 0.0, 2.0, 0.0, 0.0, 1.0, 0.0, 13.0, 4.0, 4.0, 51077], [51078, 1.0, 1.0, 1.0, 40.0, 1.0, 0.0, 1.0, 1.0, 0.0, 1.0, 0.0, 1.0, 0.0, 3.0, 0.0, 15.0, 1.0, 0.0, 11.0, 4.0, 4.0, 51078], [51079, 1.0, 1.0, 1.0, 36.0, 1.0, 0.0, 0.0, 1.0, 0.0, 0.0, 0.0, 1.0, 1.0, 4.0, 0.0, 0.0, 0.0, 1.0, 11.0, 2.0, 5.0, 51079]]}}","{""predictions"": [1.0, 1.0, 1.0, 1.0, 0.0, 1.0, 1.0, 0.0, 1.0, 1.0]}",1,"{""model_name"":""labuser70609094f_monitor_demo4f.default.diabetes_model"",""endpoint_name"":""labuser70609094f_endpoint"",""model_version"":""1""}"
null,6bfc7f75-cba3-4d12-b35c-7c28b6fa34d4,2024-07-08,1720444901286,200,6,"{""dataframe_split"": {""index"": [19600, 19601, 19602, 19603, 19604, 19605, 19606, 19607, 19608, 19609], ""columns"": [""index"", ""HighBP"", ""HighChol"", ""CholCheck"", ""BMI"", ""Smoker"", ""Stroke"", ""HeartDiseaseorAttack"", ""PhysActivity"", ""Fruits"", ""Veggies"", ""HvyAlcoholConsump"", ""AnyHealthcare"", ""NoDocbcCost"", ""GenHlth"", ""MentHlth"", ""PhysHlth"", ""DiffWalk"", ""Sex"", ""Age"", ""Education"", ""Income"", ""id""], ""data"": [[51080, 1.0, 1.0, 1.0, 27.0, 1.0, 0.0, 0.0, 1.0, 1.0, 1.0, 0.0, 1.0, 0.0, 4.0, 0.0, 0.0, 0.0, 0.0, 10.0, 6.0, 8.0, 51080], [51081, 1.0, 1.0, 1.0, 22.0, 1.0, 0.0, 0.0, 0.0, 0.0, 1.0, 0.0, 1.0, 0.0, 2.0, 0.0, 0.0, 1.0, 0.0, 12.0, 4.0, 4.0, 51081], [51084, 1.0, 1.0, 1.0, 27.0, 1.0, 0.0, 1.0, 0.0, 1.0, 0.0, 0.0, 1.0, 0.0, 5.0, 0.0, 30.0, 1.0, 0.0, 11.0, 4.0, 5.0, 51084], [51085, 1.0, 1.0, 1.0, 29.0, 1.0, 0.0, 0.0, 0.0, 1.0, 1.0, 0.0, 1.0, 0.0, 4.0, 3.0, 30.0, 1.0, 0.0, 13.0, 6.0, 6.0, 51085], [51086, 1.0, 1.0, 1.0, 37.0, 0.0, 1.0, 0.0, 0.0, 1.0, 1.0, 0.0, 1.0, 0.0, 3.0, 0.0, 0.0, 0.0, 1.0, 10.0, 5.0, 7.0, 51086], [51087, 1.0, 0.0, 1.0, 36.0, 1.0, 0.0, 1.0, 1.0, 0.0, 1.0, 0.0, 1.0, 0.0, 3.0, 0.0, 0.0, 1.0, 1.0, 11.0, 5.0, 4.0, 51087], [51090, 1.0, 1.0, 1.0, 27.0, 0.0, 0.0, 0.0, 1.0, 1.0, 1.0, 0.0, 1.0, 0.0, 4.0, 4.0, 0.0, 1.0, 0.0, 12.0, 6.0, 3.0, 51090], [51091, 1.0, 0.0, 1.0, 35.0, 1.0, 0.0, 0.0, 0.0, 1.0, 1.0, 0.0, 1.0, 0.0, 4.0, 0.0, 30.0, 1.0, 1.0, 10.0, 6.0, 7.0, 51091], [51093, 0.0, 1.0, 1.0, 45.0, 1.0, 0.0, 0.0, 0.0, 1.0, 1.0, 0.0, 1.0, 0.0, 5.0, 30.0, 30.0, 1.0, 0.0, 10.0, 4.0, 8.0, 51093], [51094, 0.0, 1.0, 1.0, 35.0, 1.0, 0.0, 1.0, 0.0, 0.0, 0.0, 0.0, 1.0, 0.0, 5.0, 0.0, 30.0, 0.0, 1.0, 11.0, 4.0, 5.0, 51094]]}}","{""predictions"": [1.0, 1.0, 1.0, 1.0, 1.0, 1.0, 1.0, 1.0, 1.0, 0.0]}",1,"{""model_name"":""labuser70609094f_monitor_demo4f.default.diabetes_model"",""endpoint_name"":""labuser70609094f_endpoint"",""model_version"":""1""}"
null,356a291c-7ac1-40a9-986c-b7ad3430279f,2024-07-08,1720444901315,200,4,"{""dataframe_split"": {""index"": [19610, 19611, 19612, 19613, 19614, 19615, 19616, 19617, 19618, 19619], ""columns"": [""index"", ""HighBP"", ""HighChol"", ""CholCheck"", ""BMI"", ""Smoker"", ""Stroke"", ""HeartDiseaseorAttack"", ""PhysActivity"", ""Fruits"", ""Veggies"", ""HvyAlcoholConsump"", ""AnyHealthcare"", ""NoDocbcCost"", ""GenHlth"", ""MentHlth"", ""PhysHlth"", ""DiffWalk"", ""Sex"", ""Age"", ""Education"", ""Income"", ""id""], ""data"": [[51095, 1.0, 1.0, 1.0, 30.0, 1.0, 0.0, 0.0, 1.0, 0.0, 0.0, 0.0, 1.0, 0.0, 3.0, 3.0, 10.0, 0.0, 0.0, 10.0, 4.0, 4.0, 51095], [51098, 1.0, 0.0, 1.0, 30.0, 0.0, 0.0, 0.0, 1.0, 1.0, 1.0, 0.0, 1.0, 0.0, 2.0, 0.0, 0.0, 0.0, 1.0, 12.0, 6.0, 7.0, 51098], [51099, 1.0, 1.0, 1.0, 40.0, 1.0, 0.0, 0.0, 1.0, 1.0, 1.0, 0.0, 1.0, 0.0, 3.0, 0.0, 30.0, 0.0, 0.0, 10.0, 5.0, 7.0, 51099], [51104, 1.0, 0.0, 1.0, 26.0, 0.0, 0.0, 0.0, 1.0, 0.0, 0.0, 0.0, 1.0, 0.0, 2.0, 0.0, 0.0, 0.0, 1.0, 10.0, 4.0, 8.0, 51104], [51105, 1.0, 1.0, 1.0, 20.0, 0.0, 0.0, 1.0, 1.0, 1.0, 0.0, 0.0, 1.0, 0.0, 4.0, 0.0, 30.0, 1.0, 0.0, 13.0, 6.0, 5.0, 51105], [51106, 1.0, 1.0, 1.0, 21.0, 0.0, 0.0, 0.0, 1.0, 1.0, 1.0, 0.0, 1.0, 0.0, 4.0, 0.0, 0.0, 0.0, 0.0, 12.0, 5.0, 5.0, 51106], [51107, 1.0, 1.0, 1.0, 25.0, 1.0, 1.0, 0.0, 1.0, 1.0, 1.0, 0.0, 1.0, 0.0, 2.0, 0.0, 1.0, 0.0, 0.0, 11.0, 6.0, 4.0, 51107], [51108, 1.0, 1.0, 1.0, 32.0, 1.0, 0.0, 0.0, 0.0, 1.0, 1.0, 0.0, 1.0, 0.0, 4.0, 0.0, 30.0, 1.0, 0.0, 13.0, 4.0, 2.0, 51108], [51109, 0.0, 1.0, 1.0, 30.0, 0.0, 0.0, 1.0, 1.0, 1.0, 1.0, 0.0, 1.0, 0.0, 4.0, 6.0, 0.0, 1.0, 0.0, 10.0, 5.0, 7.0, 51109], [51110, 0.0, 0.0, 1.0, 25.0, 1.0, 0.0, 0.0, 1.0, 1.0, 1.0, 0.0, 1.0, 0.0, 3.0, 0.0, 0.0, 0.0, 1.0, 13.0, 4.0, 6.0, 51110]]}}","{""predictions"": [1.0, 0.0, 1.0, 1.0, 1.0, 0.0, 1.0, 1.0, 1.0, 1.0]}",1,"{""model_name"":""labuser70609094f_monitor_demo4f.default.diabetes_model"",""endpoint_name"":""labuser70609094f_endpoint"",""model_version"":""1""}"
null,6812b8ef-2e51-4247-b700-9bf1be21142d,2024-07-08,1720444901344,200,4,"{""dataframe_split"": {""index"": [19620, 19621, 19622, 19623, 19624, 19625, 19626, 19627, 19628, 19629], ""columns"": [""index"", ""HighBP"", ""HighChol"", ""CholCheck"", ""BMI"", ""Smoker"", ""Stroke"", ""HeartDiseaseorAttack"", ""PhysActivity"", ""Fruits"", ""Veggies"", ""HvyAlcoholConsump"", ""AnyHealthcare"", ""NoDocbcCost"", ""GenHlth"", ""MentHlth"", ""PhysHlth"", ""DiffWalk"", ""Sex"", ""Age"", ""Education"", ""Income"", ""id""], ""data"": [[51111, 1.0, 1.0, 1.0, 28.0, 0.0, 0.0, 1.0, 0.0, 1.0, 0.0, 0.0, 1.0, 0.0, 3.0, 1.0, 2.0, 1.0, 1.0, 12.0, 4.0, 4.0, 51111], [51112, 1.0, 1.0, 1.0, 36.0, 1.0, 0.0, 0.0, 1.0, 1.0, 1.0, 0.0, 1.0, 0.0, 2.0, 0.0, 0.0, 0.0, 0.0, 13.0, 3.0, 2.0, 51112], [51113, 0.0, 1.0, 1.0, 40.0, 1.0, 0.0, 0.0, 1.0, 0.0, 1.0, 0.0, 1.0, 0.0, 3.0, 0.0, 0.0, 0.0, 1.0, 11.0, 6.0, 6.0, 51113], [51114, 0.0, 1.0, 1.0, 21.0, 1.0, 0.0, 0.0, 1.0, 0.0, 0.0, 0.0, 1.0, 0.0, 2.0, 0.0, 0.0, 0.0, 0.0, 10.0, 4.0, 7.0, 51114], [51115, 1.0, 0.0, 1.0, 27.0, 0.0, 0.0, 0.0, 1.0, 1.0, 1.0, 0.0, 1.0, 0.0, 3.0, 0.0, 0.0, 0.0, 0.0, 12.0, 4.0, 3.0, 51115], [51116, 0.0, 0.0, 1.0, 31.0, 1.0, 0.0, 0.0, 1.0, 0.0, 0.0, 0.0, 1.0, 0.0, 3.0, 20.0, 15.0, 0.0, 0.0, 10.0, 5.0, 2.0, 51116], [51119, 1.0, 1.0, 1.0, 43.0, 1.0, 0.0, 0.0, 0.0, 0.0, 1.0, 0.0, 1.0, 0.0, 4.0, 0.0, 30.0, 1.0, 0.0, 11.0, 5.0, 2.0, 51119], [51122, 1.0, 1.0, 1.0, 18.0, 0.0, 1.0, 0.0, 0.0, 1.0, 1.0, 0.0, 1.0, 0.0, 4.0, 0.0, 0.0, 0.0, 0.0, 11.0, 4.0, 8.0, 51122], [51124, 1.0, 1.0, 1.0, 31.0, 0.0, 0.0, 0.0, 0.0, 1.0, 1.0, 0.0, 1.0, 0.0, 3.0, 0.0, 0.0, 0.0, 0.0, 12.0, 5.0, 5.0, 51124], [51125, 1.0, 1.0, 1.0, 29.0, 0.0, 0.0, 0.0, 0.0, 1.0, 1.0, 0.0, 1.0, 0.0, 5.0, 10.0, 30.0, 1.0, 0.0, 11.0, 3.0, 2.0, 51125]]}}","{""predictions"": [0.0, 1.0, 0.0, 0.0, 1.0, 1.0, 1.0, 0.0, 0.0, 1.0]}",1,"{""model_name"":""labuser70609094f_monitor_demo4f.default.diabetes_model"",""endpoint_name"":""labuser70609094f_endpoint"",""model_version"":""1""}"
null,1457515c-63f6-411b-9f52-0dc2d77f5283,2024-07-08,1720444901371,200,4,"{""dataframe_split"": {""index"": [19630, 19631, 19632, 19633, 19634, 19635, 19636, 19637, 19638, 19639], ""columns"": [""index"", ""HighBP"", ""HighChol"", ""CholCheck"", ""BMI"", ""Smoker"", ""Stroke"", ""HeartDiseaseorAttack"", ""PhysActivity"", ""Fruits"", ""Veggies"", ""HvyAlcoholConsump"", ""AnyHealthcare"", ""NoDocbcCost"", ""GenHlth"", ""MentHlth"", ""PhysHlth"", ""DiffWalk"", ""Sex"", ""Age"", ""Education"", ""Income"", ""id""], ""data"": [[51127, 1.0, 1.0, 1.0, 33.0, 1.0, 0.0, 0.0, 1.0, 0.0, 0.0, 0.0, 1.0, 0.0, 3.0, 2.0, 0.0, 0.0, 1.0, 11.0, 5.0, 6.0, 51127], [51129, 0.0, 0.0, 1.0, 26.0, 1.0, 0.0, 0.0, 1.0, 1.0, 1.0, 0.0, 1.0, 0.0, 3.0, 0.0, 3.0, 0.0, 1.0, 11.0, 6.0, 7.0, 51129], [51130, 1.0, 0.0, 1.0, 33.0, 0.0, 0.0, 0.0, 1.0, 1.0, 1.0, 0.0, 1.0, 0.0, 3.0, 0.0, 2.0, 0.0, 1.0, 12.0, 5.0, 7.0, 51130], [51131, 1.0, 1.0, 1.0, 38.0, 1.0, 0.0, 0.0, 1.0, 0.0, 1.0, 0.0, 1.0, 0.0, 4.0, 0.0, 12.0, 1.0, 0.0, 11.0, 4.0, 7.0, 51131], [51135, 1.0, 1.0, 1.0, 37.0, 0.0, 0.0, 0.0, 1.0, 0.0, 1.0, 0.0, 1.0, 0.0, 2.0, 0.0, 0.0, 0.0, 0.0, 11.0, 5.0, 7.0, 51135], [51136, 1.0, 1.0, 1.0, 34.0, 0.0, 0.0, 1.0, 1.0, 1.0, 1.0, 0.0, 1.0, 0.0, 3.0, 0.0, 0.0, 0.0, 0.0, 13.0, 4.0, 6.0, 51136], [51138, 1.0, 1.0, 1.0, 29.0, 1.0, 0.0, 0.0, 1.0, 0.0, 1.0, 0.0, 1.0, 0.0, 2.0, 0.0, 0.0, 0.0, 1.0, 11.0, 5.0, 5.0, 51138], [51142, 1.0, 0.0, 1.0, 31.0, 0.0, 0.0, 0.0, 0.0, 0.0, 1.0, 0.0, 1.0, 0.0, 4.0, 0.0, 30.0, 0.0, 0.0, 13.0, 5.0, 6.0, 51142], [51144, 1.0, 1.0, 1.0, 37.0, 0.0, 0.0, 0.0, 1.0, 1.0, 1.0, 0.0, 1.0, 0.0, 2.0, 0.0, 2.0, 0.0, 1.0, 10.0, 6.0, 6.0, 51144], [51145, 1.0, 1.0, 1.0, 29.0, 1.0, 0.0, 0.0, 0.0, 1.0, 1.0, 0.0, 1.0, 0.0, 2.0, 0.0, 2.0, 0.0, 1.0, 12.0, 6.0, 6.0, 51145]]}}","{""predictions"": [1.0, 0.0, 1.0, 1.0, 1.0, 1.0, 0.0, 0.0, 1.0, 0.0]}",1,"{""model_name"":""labuser70609094f_monitor_demo4f.default.diabetes_model"",""endpoint_name"":""labuser70609094f_endpoint"",""model_version"":""1""}"
null,53261338-df64-404a-8d28-2b4850257ae1,2024-07-08,1720444901630,200,4,"{""dataframe_split"": {""index"": [19720, 19721, 19722, 19723, 19724, 19725, 19726, 19727, 19728, 19729], ""columns"": [""index"", ""HighBP"", ""HighChol"", ""CholCheck"", ""BMI"", ""Smoker"", ""Stroke"", ""HeartDiseaseorAttack"", ""PhysActivity"", ""Fruits"", ""Veggies"", ""HvyAlcoholConsump"", ""AnyHealthcare"", ""NoDocbcCost"", ""GenHlth"", ""MentHlth"", ""PhysHlth"", ""DiffWalk"", ""Sex"", ""Age"", ""Education"", ""Income"", ""id""], ""data"": [[51337, 1.0, 1.0, 1.0, 27.0, 1.0, 0.0, 1.0, 1.0, 1.0, 1.0, 1.0, 1.0, 1.0, 3.0, 30.0, 30.0, 1.0, 0.0, 10.0, 6.0, 5.0, 51337], [51350, 1.0, 1.0, 1.0, 27.0, 1.0, 0.0, 0.0, 1.0, 1.0, 1.0, 0.0, 1.0, 0.0, 1.0, 0.0, 0.0, 0.0, 1.0, 12.0, 6.0, 6.0, 51350], [51352, 1.0, 0.0, 1.0, 32.0, 1.0, 0.0, 0.0, 0.0, 0.0, 1.0, 0.0, 1.0, 0.0, 3.0, 0.0, 0.0, 1.0, 1.0, 12.0, 4.0, 6.0, 51352], [51353, 1.0, 1.0, 1.0, 40.0, 1.0, 1.0, 0.0, 1.0, 1.0, 1.0, 0.0, 1.0, 0.0, 5.0, 30.0, 30.0, 1.0, 0.0, 13.0, 5.0, 6.0, 51353], [51356, 1.0, 1.0, 1.0, 34.0, 1.0, 0.0, 0.0, 1.0, 0.0, 1.0, 0.0, 1.0, 0.0, 3.0, 0.0, 0.0, 0.0, 1.0, 10.0, 4.0, 3.0, 51356], [51357, 1.0, 1.0, 1.0, 28.0, 0.0, 0.0, 0.0, 1.0, 0.0, 0.0, 0.0, 1.0, 0.0, 2.0, 0.0, 0.0, 0.0, 0.0, 10.0, 4.0, 8.0, 51357], [51359, 0.0, 1.0, 1.0, 27.0, 1.0, 0.0, 0.0, 1.0, 1.0, 1.0, 0.0, 1.0, 0.0, 3.0, 0.0, 15.0, 0.0, 0.0, 12.0, 5.0, 5.0, 51359], [51364, 1.0, 0.0, 1.0, 27.0, 1.0, 0.0, 0.0, 0.0, 1.0, 1.0, 0.0, 1.0, 0.0, 3.0, 0.0, 30.0, 0.0, 0.0, 12.0, 2.0, 2.0, 51364], [51367, 1.0, 0.0, 1.0, 31.0, 0.0, 0.0, 0.0, 1.0, 0.0, 0.0, 0.0, 1.0, 0.0, 5.0, 0.0, 15.0, 1.0, 1.0, 10.0, 4.0, 6.0, 51367], [51368, 1.0, 1.0, 1.0, 26.0, 1.0, 0.0, 0.0, 0.0, 1.0, 1.0, 1.0, 1.0, 0.0, 2.0, 0.0, 6.0, 0.0, 1.0, 11.0, 6.0, 8.0, 51368]]}}","{""predictions"": [1.0, 1.0, 1.0, 0.0, 0.0, 0.0, 0.0, 0.0, 0.0, 0.0]}",1,"{""model_name"":""labuser70609094f_monitor_demo4f.default.diabetes_model"",""endpoint_name"":""labuser70609094f_endpoint"",""model_version"":""1""}"
null,36bec8ea-ecfe-432d-9ef9-15c96cf2e9e8,2024-07-08,1720444901660,200,4,"{""dataframe_split"": {""index"": [19730, 19731, 19732, 19733, 19734, 19735, 19736, 19737, 19738, 19739], ""columns"": [""index"", ""HighBP"", ""HighChol"", ""CholCheck"", ""BMI"", ""Smoker"", ""Stroke"", ""HeartDiseaseorAttack"", ""PhysActivity"", ""Fruits"", ""Veggies"", ""HvyAlcoholConsump"", ""AnyHealthcare"", ""NoDocbcCost"", ""GenHlth"", ""MentHlth"", ""PhysHlth"", ""DiffWalk"", ""Sex"", ""Age"", ""Education"", ""Income"", ""id""], ""data"": [[51371, 1.0, 1.0, 1.0, 31.0, 1.0, 0.0, 0.0, 0.0, 1.0, 1.0, 0.0, 1.0, 0.0, 3.0, 0.0, 0.0, 0.0, 0.0, 10.0, 4.0, 7.0, 51371], [51373, 1.0, 1.0, 1.0, 31.0, 1.0, 0.0, 0.0, 1.0, 1.0, 1.0, 0.0, 0.0, 0.0, 4.0, 0.0, 0.0, 0.0, 0.0, 10.0, 5.0, 4.0, 51373], [51379, 0.0, 0.0, 1.0, 31.0, 1.0, 0.0, 1.0, 1.0, 0.0, 1.0, 0.0, 1.0, 0.0, 4.0, 0.0, 30.0, 1.0, 1.0, 11.0, 5.0, 7.0, 51379], [51381, 0.0, 0.0, 1.0, 32.0, 1.0, 0.0, 0.0, 1.0, 1.0, 1.0, 0.0, 1.0, 0.0, 3.0, 4.0, 0.0, 0.0, 1.0, 10.0, 5.0, 6.0, 51381], [51386, 1.0, 1.0, 1.0, 33.0, 0.0, 0.0, 0.0, 0.0, 1.0, 1.0, 0.0, 1.0, 0.0, 3.0, 6.0, 4.0, 0.0, 0.0, 11.0, 6.0, 8.0, 51386], [51390, 1.0, 1.0, 1.0, 33.0, 1.0, 0.0, 1.0, 0.0, 1.0, 1.0, 0.0, 1.0, 0.0, 4.0, 0.0, 0.0, 0.0, 1.0, 10.0, 4.0, 4.0, 51390], [51391, 1.0, 1.0, 1.0, 48.0, 1.0, 0.0, 0.0, 0.0, 0.0, 1.0, 0.0, 1.0, 0.0, 3.0, 0.0, 0.0, 0.0, 1.0, 10.0, 5.0, 3.0, 51391], [51392, 1.0, 0.0, 1.0, 35.0, 0.0, 0.0, 0.0, 1.0, 1.0, 1.0, 0.0, 1.0, 0.0, 2.0, 0.0, 0.0, 0.0, 1.0, 11.0, 2.0, 6.0, 51392], [51394, 1.0, 1.0, 1.0, 33.0, 1.0, 0.0, 0.0, 1.0, 0.0, 1.0, 1.0, 1.0, 0.0, 3.0, 0.0, 10.0, 0.0, 1.0, 10.0, 4.0, 7.0, 51394], [51396, 1.0, 1.0, 1.0, 32.0, 0.0, 0.0, 1.0, 1.0, 1.0, 1.0, 0.0, 1.0, 0.0, 3.0, 0.0, 0.0, 0.0, 1.0, 11.0, 5.0, 7.0, 51396]]}}","{""predictions"": [1.0, 1.0, 0.0, 0.0, 0.0, 1.0, 1.0, 0.0, 1.0, 0.0]}",1,"{""model_name"":""labuser70609094f_monitor_demo4f.default.diabetes_model"",""endpoint_name"":""labuser70609094f_endpoint"",""model_version"":""1""}"
null,d792b76f-7d39-4e5b-a646-9287a1c8c491,2024-07-08,1720444901717,200,4,"{""dataframe_split"": {""index"": [19750, 19751, 19752, 19753, 19754, 19755, 19756, 19757, 19758, 19759], ""columns"": [""index"", ""HighBP"", ""HighChol"", ""CholCheck"", ""BMI"", ""Smoker"", ""Stroke"", ""HeartDiseaseorAttack"", ""PhysActivity"", ""Fruits"", ""Veggies"", ""HvyAlcoholConsump"", ""AnyHealthcare"", ""NoDocbcCost"", ""GenHlth"", ""MentHlth"", ""PhysHlth"", ""DiffWalk"", ""Sex"", ""Age"", ""Education"", ""Income"", ""id""], ""data"": [[51422, 1.0, 1.0, 1.0, 47.0, 1.0, 0.0, 0.0, 1.0, 1.0, 0.0, 0.0, 1.0, 0.0, 4.0, 0.0, 0.0, 0.0, 0.0, 10.0, 6.0, 6.0, 51422], [51423, 0.0, 1.0, 1.0, 47.0, 1.0, 0.0, 0.0, 0.0, 1.0, 1.0, 0.0, 1.0, 0.0, 5.0, 15.0, 15.0, 1.0, 1.0, 10.0, 4.0, 6.0, 51423], [51425, 1.0, 0.0, 1.0, 29.0, 0.0, 0.0, 0.0, 1.0, 0.0, 1.0, 0.0, 1.0, 0.0, 3.0, 0.0, 0.0, 0.0, 1.0, 11.0, 4.0, 4.0, 51425], [51426, 1.0, 0.0, 1.0, 42.0, 0.0, 0.0, 0.0, 1.0, 1.0, 1.0, 0.0, 1.0, 0.0, 3.0, 0.0, 15.0, 0.0, 0.0, 10.0, 6.0, 6.0, 51426], [51427, 1.0, 1.0, 1.0, 31.0, 1.0, 0.0, 0.0, 1.0, 1.0, 1.0, 0.0, 1.0, 0.0, 3.0, 4.0, 14.0, 0.0, 0.0, 10.0, 6.0, 4.0, 51427], [51428, 1.0, 0.0, 1.0, 35.0, 1.0, 0.0, 1.0, 1.0, 0.0, 1.0, 0.0, 1.0, 0.0, 3.0, 0.0, 1.0, 0.0, 1.0, 11.0, 5.0, 5.0, 51428], [51429, 1.0, 0.0, 1.0, 39.0, 1.0, 0.0, 0.0, 1.0, 1.0, 1.0, 0.0, 1.0, 0.0, 2.0, 30.0, 0.0, 0.0, 0.0, 10.0, 5.0, 7.0, 51429], [51430, 1.0, 1.0, 1.0, 27.0, 0.0, 1.0, 0.0, 0.0, 0.0, 1.0, 0.0, 1.0, 0.0, 4.0, 5.0, 10.0, 0.0, 0.0, 12.0, 4.0, 6.0, 51430], [51432, 1.0, 1.0, 1.0, 28.0, 0.0, 0.0, 0.0, 1.0, 0.0, 1.0, 0.0, 1.0, 0.0, 2.0, 0.0, 0.0, 0.0, 0.0, 10.0, 4.0, 5.0, 51432], [51433, 1.0, 1.0, 1.0, 28.0, 1.0, 0.0, 1.0, 1.0, 1.0, 1.0, 0.0, 1.0, 0.0, 2.0, 0.0, 0.0, 0.0, 1.0, 13.0, 5.0, 8.0, 51433]]}}","{""predictions"": [1.0, 0.0, 0.0, 1.0, 1.0, 0.0, 0.0, 1.0, 1.0, 1.0]}",1,"{""model_name"":""labuser70609094f_monitor_demo4f.default.diabetes_model"",""endpoint_name"":""labuser70609094f_endpoint"",""model_version"":""1""}"
null,ed1b09da-05f2-4dbf-91cc-2336f9f49a81,2024-07-08,1720444901862,200,5,"{""dataframe_split"": {""index"": [19800, 19801, 19802, 19803, 19804, 19805, 19806, 19807, 19808, 19809], ""columns"": [""index"", ""HighBP"", ""HighChol"", ""CholCheck"", ""BMI"", ""Smoker"", ""Stroke"", ""HeartDiseaseorAttack"", ""PhysActivity"", ""Fruits"", ""Veggies"", ""HvyAlcoholConsump"", ""AnyHealthcare"", ""NoDocbcCost"", ""GenHlth"", ""MentHlth"", ""PhysHlth"", ""DiffWalk"", ""Sex"", ""Age"", ""Education"", ""Income"", ""id""], ""data"": [[51544, 1.0, 0.0, 1.0, 43.0, 1.0, 0.0, 1.0, 0.0, 1.0, 1.0, 0.0, 1.0, 0.0, 3.0, 2.0, 0.0, 0.0, 1.0, 10.0, 5.0, 5.0, 51544], [51546, 1.0, 0.0, 1.0, 28.0, 0.0, 0.0, 1.0, 1.0, 0.0, 0.0, 0.0, 1.0, 0.0, 2.0, 0.0, 0.0, 0.0, 1.0, 12.0, 4.0, 4.0, 51546], [51548, 1.0, 1.0, 1.0, 24.0, 1.0, 0.0, 0.0, 1.0, 1.0, 1.0, 0.0, 1.0, 0.0, 1.0, 0.0, 0.0, 0.0, 0.0, 12.0, 4.0, 7.0, 51548], [51550, 1.0, 1.0, 1.0, 38.0, 1.0, 0.0, 1.0, 1.0, 0.0, 1.0, 0.0, 1.0, 1.0, 4.0, 30.0, 30.0, 0.0, 0.0, 10.0, 4.0, 6.0, 51550], [51551, 1.0, 1.0, 1.0, 34.0, 1.0, 0.0, 1.0, 1.0, 1.0, 0.0, 0.0, 1.0, 0.0, 3.0, 0.0, 2.0, 0.0, 1.0, 10.0, 4.0, 3.0, 51551], [51552, 1.0, 1.0, 1.0, 32.0, 0.0, 0.0, 1.0, 1.0, 0.0, 0.0, 0.0, 1.0, 0.0, 4.0, 0.0, 1.0, 1.0, 1.0, 10.0, 6.0, 8.0, 51552], [51556, 1.0, 1.0, 1.0, 30.0, 0.0, 0.0, 1.0, 1.0, 0.0, 1.0, 0.0, 1.0, 0.0, 2.0, 0.0, 0.0, 0.0, 1.0, 10.0, 6.0, 7.0, 51556], [51559, 1.0, 1.0, 1.0, 28.0, 1.0, 0.0, 1.0, 1.0, 0.0, 1.0, 0.0, 1.0, 0.0, 3.0, 0.0, 0.0, 0.0, 1.0, 10.0, 6.0, 5.0, 51559], [51565, 1.0, 1.0, 1.0, 29.0, 0.0, 0.0, 0.0, 1.0, 1.0, 1.0, 0.0, 1.0, 1.0, 2.0, 0.0, 7.0, 0.0, 1.0, 12.0, 4.0, 5.0, 51565], [51566, 1.0, 0.0, 1.0, 30.0, 1.0, 0.0, 0.0, 1.0, 1.0, 1.0, 0.0, 1.0, 0.0, 2.0, 0.0, 3.0, 0.0, 0.0, 11.0, 6.0, 7.0, 51566]]}}","{""predictions"": [1.0, 1.0, 0.0, 1.0, 1.0, 1.0, 1.0, 0.0, 1.0, 0.0]}",1,"{""model_name"":""labuser70609094f_monitor_demo4f.default.diabetes_model"",""endpoint_name"":""labuser70609094f_endpoint"",""model_version"":""1""}"
null,b0c34e66-a03c-4617-abdb-d93951333dbf,2024-07-08,1720444902062,200,4,"{""dataframe_split"": {""index"": [19870, 19871, 19872, 19873, 19874, 19875, 19876, 19877, 19878, 19879], ""columns"": [""index"", ""HighBP"", ""HighChol"", ""CholCheck"", ""BMI"", ""Smoker"", ""Stroke"", ""HeartDiseaseorAttack"", ""PhysActivity"", ""Fruits"", ""Veggies"", ""HvyAlcoholConsump"", ""AnyHealthcare"", ""NoDocbcCost"", ""GenHlth"", ""MentHlth"", ""PhysHlth"", ""DiffWalk"", ""Sex"", ""Age"", ""Education"", ""Income"", ""id""], ""data"": [[51683, 1.0, 1.0, 1.0, 30.0, 0.0, 0.0, 1.0, 0.0, 1.0, 1.0, 0.0, 1.0, 0.0, 4.0, 0.0, 30.0, 0.0, 0.0, 10.0, 5.0, 2.0, 51683], [51686, 1.0, 0.0, 1.0, 48.0, 0.0, 0.0, 1.0, 1.0, 0.0, 1.0, 0.0, 1.0, 0.0, 4.0, 0.0, 14.0, 1.0, 1.0, 10.0, 2.0, 3.0, 51686], [51687, 1.0, 0.0, 1.0, 38.0, 0.0, 0.0, 1.0, 0.0, 1.0, 1.0, 0.0, 1.0, 0.0, 4.0, 30.0, 30.0, 1.0, 0.0, 13.0, 2.0, 1.0, 51687], [51688, 0.0, 1.0, 1.0, 35.0, 1.0, 0.0, 0.0, 1.0, 0.0, 1.0, 0.0, 1.0, 0.0, 4.0, 0.0, 10.0, 1.0, 0.0, 11.0, 5.0, 2.0, 51688], [51689, 1.0, 0.0, 1.0, 30.0, 0.0, 0.0, 0.0, 0.0, 1.0, 1.0, 0.0, 1.0, 0.0, 5.0, 0.0, 30.0, 0.0, 0.0, 10.0, 4.0, 3.0, 51689], [51690, 1.0, 1.0, 1.0, 26.0, 0.0, 0.0, 1.0, 1.0, 1.0, 1.0, 0.0, 1.0, 1.0, 2.0, 2.0, 1.0, 0.0, 0.0, 11.0, 5.0, 6.0, 51690], [51691, 1.0, 0.0, 1.0, 34.0, 1.0, 1.0, 0.0, 1.0, 0.0, 0.0, 0.0, 1.0, 0.0, 4.0, 4.0, 3.0, 0.0, 1.0, 11.0, 3.0, 4.0, 51691], [51693, 1.0, 1.0, 1.0, 25.0, 1.0, 0.0, 0.0, 1.0, 0.0, 1.0, 0.0, 1.0, 0.0, 2.0, 0.0, 0.0, 0.0, 0.0, 11.0, 5.0, 7.0, 51693], [51694, 1.0, 1.0, 1.0, 27.0, 1.0, 0.0, 0.0, 1.0, 0.0, 1.0, 0.0, 1.0, 0.0, 3.0, 0.0, 0.0, 0.0, 1.0, 10.0, 5.0, 8.0, 51694], [51695, 1.0, 0.0, 1.0, 52.0, 0.0, 0.0, 0.0, 0.0, 1.0, 1.0, 0.0, 1.0, 0.0, 4.0, 0.0, 0.0, 1.0, 0.0, 10.0, 3.0, 3.0, 51695]]}}","{""predictions"": [1.0, 1.0, 1.0, 1.0, 0.0, 1.0, 0.0, 0.0, 0.0, 1.0]}",1,"{""model_name"":""labuser70609094f_monitor_demo4f.default.diabetes_model"",""endpoint_name"":""labuser70609094f_endpoint"",""model_version"":""1""}"
null,472c0b4a-9e47-49f5-ac9c-435cb8a983e0,2024-07-08,1720444902090,200,4,"{""dataframe_split"": {""index"": [19880, 19881, 19882, 19883, 19884, 19885, 19886, 19887, 19888, 19889], ""columns"": [""index"", ""HighBP"", ""HighChol"", ""CholCheck"", ""BMI"", ""Smoker"", ""Stroke"", ""HeartDiseaseorAttack"", ""PhysActivity"", ""Fruits"", ""Veggies"", ""HvyAlcoholConsump"", ""AnyHealthcare"", ""NoDocbcCost"", ""GenHlth"", ""MentHlth"", ""PhysHlth"", ""DiffWalk"", ""Sex"", ""Age"", ""Education"", ""Income"", ""id""], ""data"": [[51696, 1.0, 1.0, 1.0, 29.0, 1.0, 0.0, 1.0, 1.0, 0.0, 0.0, 0.0, 1.0, 0.0, 4.0, 0.0, 1.0, 0.0, 0.0, 11.0, 4.0, 6.0, 51696], [51699, 1.0, 0.0, 1.0, 37.0, 0.0, 0.0, 0.0, 1.0, 0.0, 1.0, 0.0, 1.0, 0.0, 4.0, 3.0, 5.0, 1.0, 0.0, 10.0, 4.0, 2.0, 51699], [51700, 1.0, 0.0, 1.0, 38.0, 1.0, 0.0, 0.0, 1.0, 0.0, 0.0, 0.0, 1.0, 0.0, 2.0, 0.0, 0.0, 1.0, 0.0, 10.0, 4.0, 4.0, 51700], [51702, 1.0, 0.0, 1.0, 46.0, 1.0, 0.0, 0.0, 0.0, 1.0, 1.0, 0.0, 1.0, 0.0, 5.0, 0.0, 7.0, 1.0, 0.0, 10.0, 3.0, 2.0, 51702], [51703, 1.0, 1.0, 1.0, 28.0, 1.0, 0.0, 0.0, 1.0, 1.0, 1.0, 0.0, 1.0, 0.0, 2.0, 0.0, 1.0, 0.0, 0.0, 10.0, 4.0, 2.0, 51703], [51704, 1.0, 0.0, 1.0, 35.0, 0.0, 0.0, 0.0, 0.0, 1.0, 0.0, 0.0, 1.0, 0.0, 3.0, 0.0, 0.0, 1.0, 0.0, 11.0, 4.0, 3.0, 51704], [51706, 1.0, 1.0, 1.0, 28.0, 0.0, 0.0, 0.0, 1.0, 1.0, 1.0, 0.0, 1.0, 0.0, 2.0, 0.0, 0.0, 0.0, 0.0, 11.0, 5.0, 6.0, 51706], [51713, 1.0, 0.0, 1.0, 29.0, 0.0, 1.0, 1.0, 1.0, 1.0, 0.0, 0.0, 1.0, 0.0, 4.0, 0.0, 0.0, 1.0, 0.0, 13.0, 5.0, 7.0, 51713], [51714, 1.0, 1.0, 1.0, 31.0, 0.0, 0.0, 1.0, 0.0, 1.0, 0.0, 0.0, 1.0, 0.0, 3.0, 0.0, 4.0, 0.0, 0.0, 13.0, 6.0, 4.0, 51714], [51715, 1.0, 1.0, 1.0, 25.0, 1.0, 0.0, 0.0, 0.0, 1.0, 1.0, 0.0, 1.0, 0.0, 5.0, 0.0, 30.0, 1.0, 0.0, 11.0, 4.0, 3.0, 51715]]}}","{""predictions"": [0.0, 0.0, 0.0, 1.0, 1.0, 0.0, 0.0, 1.0, 1.0, 1.0]}",1,"{""model_name"":""labuser70609094f_monitor_demo4f.default.diabetes_model"",""endpoint_name"":""labuser70609094f_endpoint"",""model_version"":""1""}"
null,8eed8d5f-134b-4fdb-b3ba-fce39a302493,2024-07-08,1720444902117,200,4,"{""dataframe_split"": {""index"": [19890, 19891, 19892, 19893, 19894, 19895, 19896, 19897, 19898, 19899], ""columns"": [""index"", ""HighBP"", ""HighChol"", ""CholCheck"", ""BMI"", ""Smoker"", ""Stroke"", ""HeartDiseaseorAttack"", ""PhysActivity"", ""Fruits"", ""Veggies"", ""HvyAlcoholConsump"", ""AnyHealthcare"", ""NoDocbcCost"", ""GenHlth"", ""MentHlth"", ""PhysHlth"", ""DiffWalk"", ""Sex"", ""Age"", ""Education"", ""Income"", ""id""], ""data"": [[51716, 0.0, 0.0, 1.0, 34.0, 1.0, 0.0, 0.0, 0.0, 0.0, 0.0, 0.0, 1.0, 0.0, 3.0, 0.0, 14.0, 0.0, 0.0, 10.0, 4.0, 3.0, 51716], [51718, 1.0, 1.0, 1.0, 20.0, 0.0, 0.0, 0.0, 0.0, 1.0, 1.0, 0.0, 1.0, 0.0, 3.0, 0.0, 0.0, 1.0, 0.0, 13.0, 5.0, 2.0, 51718], [51720, 0.0, 1.0, 1.0, 34.0, 1.0, 0.0, 0.0, 0.0, 0.0, 1.0, 0.0, 1.0, 0.0, 2.0, 7.0, 0.0, 0.0, 1.0, 11.0, 4.0, 5.0, 51720], [51721, 1.0, 1.0, 1.0, 38.0, 0.0, 0.0, 0.0, 0.0, 1.0, 0.0, 0.0, 1.0, 0.0, 3.0, 0.0, 0.0, 0.0, 0.0, 10.0, 6.0, 6.0, 51721], [51722, 1.0, 1.0, 1.0, 32.0, 0.0, 0.0, 0.0, 0.0, 1.0, 1.0, 0.0, 1.0, 0.0, 3.0, 3.0, 0.0, 0.0, 0.0, 11.0, 5.0, 5.0, 51722], [51724, 1.0, 1.0, 1.0, 24.0, 1.0, 0.0, 1.0, 0.0, 1.0, 1.0, 0.0, 1.0, 0.0, 5.0, 0.0, 30.0, 1.0, 1.0, 13.0, 4.0, 6.0, 51724], [51726, 1.0, 1.0, 1.0, 45.0, 1.0, 1.0, 1.0, 0.0, 1.0, 1.0, 0.0, 1.0, 0.0, 5.0, 1.0, 2.0, 0.0, 0.0, 10.0, 6.0, 8.0, 51726], [51728, 1.0, 1.0, 1.0, 50.0, 0.0, 0.0, 0.0, 0.0, 0.0, 1.0, 0.0, 1.0, 0.0, 3.0, 0.0, 7.0, 1.0, 0.0, 12.0, 3.0, 1.0, 51728], [51729, 1.0, 1.0, 1.0, 32.0, 1.0, 0.0, 0.0, 1.0, 0.0, 1.0, 0.0, 1.0, 0.0, 3.0, 0.0, 0.0, 1.0, 1.0, 10.0, 4.0, 6.0, 51729], [51732, 1.0, 1.0, 1.0, 34.0, 1.0, 0.0, 1.0, 1.0, 1.0, 1.0, 0.0, 1.0, 0.0, 5.0, 5.0, 30.0, 1.0, 0.0, 11.0, 5.0, 7.0, 51732]]}}","{""predictions"": [0.0, 1.0, 1.0, 1.0, 0.0, 1.0, 0.0, 1.0, 1.0, 1.0]}",1,"{""model_name"":""labuser70609094f_monitor_demo4f.default.diabetes_model"",""endpoint_name"":""labuser70609094f_endpoint"",""model_version"":""1""}"
null,d143ef5a-cef7-4924-b777-e12b9288d2fe,2024-07-08,1720444902146,200,6,"{""dataframe_split"": {""index"": [19900, 19901, 19902, 19903, 19904, 19905, 19906, 19907, 19908, 19909], ""columns"": [""index"", ""HighBP"", ""HighChol"", ""CholCheck"", ""BMI"", ""Smoker"", ""Stroke"", ""HeartDiseaseorAttack"", ""PhysActivity"", ""Fruits"", ""Veggies"", ""HvyAlcoholConsump"", ""AnyHealthcare"", ""NoDocbcCost"", ""GenHlth"", ""MentHlth"", ""PhysHlth"", ""DiffWalk"", ""Sex"", ""Age"", ""Education"", ""Income"", ""id""], ""data"": [[51733, 1.0, 0.0, 1.0, 31.0, 0.0, 0.0, 1.0, 1.0, 0.0, 1.0, 0.0, 1.0, 0.0, 5.0, 0.0, 30.0, 1.0, 1.0, 11.0, 4.0, 3.0, 51733], [51734, 1.0, 1.0, 1.0, 40.0, 0.0, 1.0, 1.0, 0.0, 0.0, 1.0, 0.0, 1.0, 0.0, 4.0, 15.0, 30.0, 1.0, 0.0, 12.0, 4.0, 2.0, 51734], [51735, 1.0, 1.0, 1.0, 21.0, 0.0, 0.0, 0.0, 1.0, 1.0, 1.0, 0.0, 1.0, 0.0, 4.0, 0.0, 0.0, 0.0, 0.0, 11.0, 4.0, 5.0, 51735], [51737, 1.0, 0.0, 1.0, 30.0, 1.0, 0.0, 0.0, 0.0, 0.0, 1.0, 0.0, 1.0, 0.0, 1.0, 0.0, 0.0, 1.0, 0.0, 13.0, 5.0, 5.0, 51737], [51739, 1.0, 0.0, 1.0, 25.0, 1.0, 0.0, 1.0, 1.0, 1.0, 1.0, 0.0, 1.0, 0.0, 3.0, 0.0, 0.0, 0.0, 1.0, 10.0, 6.0, 6.0, 51739], [51741, 1.0, 0.0, 1.0, 32.0, 0.0, 0.0, 1.0, 0.0, 0.0, 1.0, 0.0, 1.0, 0.0, 4.0, 0.0, 7.0, 1.0, 0.0, 10.0, 4.0, 4.0, 51741], [51742, 1.0, 1.0, 1.0, 26.0, 0.0, 0.0, 0.0, 0.0, 0.0, 1.0, 0.0, 1.0, 0.0, 4.0, 30.0, 14.0, 0.0, 0.0, 12.0, 5.0, 4.0, 51742], [51744, 0.0, 0.0, 1.0, 28.0, 0.0, 0.0, 1.0, 0.0, 1.0, 0.0, 0.0, 1.0, 0.0, 4.0, 0.0, 2.0, 0.0, 0.0, 13.0, 4.0, 3.0, 51744], [51745, 0.0, 1.0, 1.0, 28.0, 1.0, 0.0, 0.0, 1.0, 0.0, 0.0, 0.0, 1.0, 0.0, 2.0, 0.0, 0.0, 0.0, 1.0, 11.0, 6.0, 4.0, 51745], [51746, 1.0, 1.0, 1.0, 28.0, 1.0, 0.0, 0.0, 1.0, 0.0, 1.0, 0.0, 1.0, 0.0, 3.0, 0.0, 0.0, 0.0, 0.0, 11.0, 4.0, 4.0, 51746]]}}","{""predictions"": [0.0, 1.0, 0.0, 1.0, 0.0, 1.0, 1.0, 1.0, 0.0, 0.0]}",1,"{""model_name"":""labuser70609094f_monitor_demo4f.default.diabetes_model"",""endpoint_name"":""labuser70609094f_endpoint"",""model_version"":""1""}"
null,9795ffff-f8dd-9474-af67-0122776a5255,2024-07-08,1720444902173,200,4,"{""dataframe_split"": {""index"": [19910, 19911, 19912, 19913, 19914, 19915, 19916, 19917, 19918, 19919], ""columns"": [""index"", ""HighBP"", ""HighChol"", ""CholCheck"", ""BMI"", ""Smoker"", ""Stroke"", ""HeartDiseaseorAttack"", ""PhysActivity"", ""Fruits"", ""Veggies"", ""HvyAlcoholConsump"", ""AnyHealthcare"", ""NoDocbcCost"", ""GenHlth"", ""MentHlth"", ""PhysHlth"", ""DiffWalk"", ""Sex"", ""Age"", ""Education"", ""Income"", ""id""], ""data"": [[51747, 1.0, 1.0, 1.0, 27.0, 1.0, 0.0, 0.0, 1.0, 0.0, 1.0, 0.0, 1.0, 0.0, 2.0, 0.0, 0.0, 0.0, 0.0, 12.0, 4.0, 2.0, 51747], [51748, 1.0, 1.0, 1.0, 34.0, 1.0, 0.0, 1.0, 0.0, 1.0, 1.0, 0.0, 1.0, 0.0, 4.0, 0.0, 30.0, 1.0, 1.0, 13.0, 6.0, 8.0, 51748], [51750, 1.0, 0.0, 1.0, 43.0, 1.0, 0.0, 0.0, 1.0, 1.0, 1.0, 0.0, 1.0, 0.0, 3.0, 5.0, 4.0, 1.0, 0.0, 11.0, 2.0, 2.0, 51750], [51752, 1.0, 1.0, 1.0, 31.0, 0.0, 0.0, 0.0, 0.0, 1.0, 1.0, 0.0, 1.0, 0.0, 2.0, 0.0, 0.0, 0.0, 0.0, 11.0, 5.0, 6.0, 51752], [51755, 1.0, 0.0, 1.0, 28.0, 0.0, 0.0, 0.0, 0.0, 0.0, 1.0, 0.0, 1.0, 0.0, 3.0, 0.0, 0.0, 0.0, 0.0, 12.0, 4.0, 5.0, 51755], [51757, 1.0, 1.0, 1.0, 24.0, 1.0, 0.0, 0.0, 0.0, 1.0, 1.0, 0.0, 1.0, 0.0, 3.0, 0.0, 0.0, 0.0, 1.0, 11.0, 4.0, 6.0, 51757], [51764, 0.0, 1.0, 1.0, 23.0, 0.0, 0.0, 0.0, 1.0, 0.0, 1.0, 0.0, 1.0, 0.0, 3.0, 0.0, 0.0, 0.0, 0.0, 11.0, 5.0, 7.0, 51764], [51765, 1.0, 0.0, 1.0, 31.0, 1.0, 0.0, 0.0, 0.0, 0.0, 1.0, 1.0, 1.0, 0.0, 3.0, 0.0, 0.0, 0.0, 1.0, 11.0, 5.0, 6.0, 51765], [51767, 1.0, 0.0, 1.0, 30.0, 0.0, 1.0, 0.0, 1.0, 1.0, 1.0, 0.0, 1.0, 0.0, 2.0, 0.0, 0.0, 0.0, 0.0, 13.0, 4.0, 3.0, 51767], [51768, 1.0, 1.0, 1.0, 31.0, 1.0, 0.0, 0.0, 1.0, 0.0, 0.0, 0.0, 1.0, 1.0, 4.0, 30.0, 30.0, 1.0, 0.0, 10.0, 3.0, 1.0, 51768]]}}","{""predictions"": [1.0, 1.0, 1.0, 0.0, 1.0, 0.0, 0.0, 0.0, 0.0, 1.0]}",1,"{""model_name"":""labuser70609094f_monitor_demo4f.default.diabetes_model"",""endpoint_name"":""labuser70609094f_endpoint"",""model_version"":""1""}"
null,fd364de2-7607-4446-b154-4859b22101d7,2024-07-08,1720444902202,200,4,"{""dataframe_split"": {""index"": [19920, 19921, 19922, 19923, 19924, 19925, 19926, 19927, 19928, 19929], ""columns"": [""index"", ""HighBP"", ""HighChol"", ""CholCheck"", ""BMI"", ""Smoker"", ""Stroke"", ""HeartDiseaseorAttack"", ""PhysActivity"", ""Fruits"", ""Veggies"", ""HvyAlcoholConsump"", ""AnyHealthcare"", ""NoDocbcCost"", ""GenHlth"", ""MentHlth"", ""PhysHlth"", ""DiffWalk"", ""Sex"", ""Age"", ""Education"", ""Income"", ""id""], ""data"": [[51771, 1.0, 1.0, 1.0, 23.0, 0.0, 0.0, 0.0, 0.0, 1.0, 0.0, 0.0, 1.0, 0.0, 4.0, 3.0, 30.0, 1.0, 0.0, 11.0, 4.0, 1.0, 51771], [51775, 1.0, 0.0, 1.0, 33.0, 1.0, 0.0, 0.0, 0.0, 1.0, 0.0, 0.0, 1.0, 0.0, 2.0, 0.0, 0.0, 1.0, 0.0, 13.0, 3.0, 2.0, 51775], [51777, 1.0, 1.0, 1.0, 43.0, 1.0, 0.0, 0.0, 0.0, 1.0, 1.0, 0.0, 1.0, 0.0, 5.0, 6.0, 30.0, 1.0, 1.0, 10.0, 4.0, 5.0, 51777], [51779, 1.0, 1.0, 1.0, 36.0, 1.0, 0.0, 0.0, 0.0, 0.0, 1.0, 1.0, 1.0, 0.0, 3.0, 0.0, 0.0, 0.0, 1.0, 11.0, 6.0, 8.0, 51779], [51783, 1.0, 1.0, 1.0, 31.0, 0.0, 0.0, 0.0, 1.0, 0.0, 0.0, 0.0, 1.0, 0.0, 4.0, 0.0, 30.0, 0.0, 0.0, 10.0, 3.0, 5.0, 51783], [51784, 0.0, 1.0, 1.0, 25.0, 1.0, 0.0, 1.0, 1.0, 0.0, 1.0, 0.0, 1.0, 0.0, 3.0, 0.0, 0.0, 1.0, 1.0, 11.0, 4.0, 6.0, 51784], [51787, 1.0, 1.0, 1.0, 35.0, 1.0, 0.0, 0.0, 0.0, 1.0, 1.0, 0.0, 1.0, 0.0, 5.0, 10.0, 30.0, 1.0, 0.0, 11.0, 5.0, 7.0, 51787], [51788, 1.0, 1.0, 1.0, 26.0, 0.0, 0.0, 0.0, 1.0, 0.0, 1.0, 0.0, 1.0, 0.0, 4.0, 4.0, 3.0, 0.0, 0.0, 11.0, 4.0, 4.0, 51788], [51789, 1.0, 0.0, 1.0, 23.0, 0.0, 0.0, 1.0, 0.0, 0.0, 1.0, 0.0, 1.0, 0.0, 3.0, 0.0, 30.0, 0.0, 0.0, 13.0, 2.0, 1.0, 51789], [51790, 1.0, 0.0, 1.0, 22.0, 0.0, 0.0, 0.0, 0.0, 1.0, 1.0, 0.0, 1.0, 0.0, 2.0, 0.0, 0.0, 0.0, 0.0, 12.0, 5.0, 5.0, 51790]]}}","{""predictions"": [1.0, 0.0, 1.0, 1.0, 1.0, 1.0, 1.0, 0.0, 0.0, 0.0]}",1,"{""model_name"":""labuser70609094f_monitor_demo4f.default.diabetes_model"",""endpoint_name"":""labuser70609094f_endpoint"",""model_version"":""1""}"
null,645c8166-3364-4471-870e-ec0864248ff0,2024-07-08,1720444902375,200,4,"{""dataframe_split"": {""index"": [19980, 19981, 19982, 19983, 19984, 19985, 19986, 19987, 19988, 19989], ""columns"": [""index"", ""HighBP"", ""HighChol"", ""CholCheck"", ""BMI"", ""Smoker"", ""Stroke"", ""HeartDiseaseorAttack"", ""PhysActivity"", ""Fruits"", ""Veggies"", ""HvyAlcoholConsump"", ""AnyHealthcare"", ""NoDocbcCost"", ""GenHlth"", ""MentHlth"", ""PhysHlth"", ""DiffWalk"", ""Sex"", ""Age"", ""Education"", ""Income"", ""id""], ""data"": [[51891, 0.0, 1.0, 1.0, 27.0, 1.0, 0.0, 0.0, 1.0, 0.0, 1.0, 0.0, 1.0, 0.0, 4.0, 0.0, 0.0, 1.0, 0.0, 10.0, 4.0, 4.0, 51891], [51895, 1.0, 0.0, 1.0, 24.0, 1.0, 0.0, 1.0, 1.0, 1.0, 0.0, 0.0, 1.0, 0.0, 3.0, 0.0, 0.0, 0.0, 1.0, 10.0, 4.0, 6.0, 51895], [51900, 1.0, 1.0, 1.0, 30.0, 1.0, 0.0, 1.0, 1.0, 1.0, 1.0, 0.0, 1.0, 0.0, 5.0, 0.0, 0.0, 0.0, 1.0, 10.0, 4.0, 5.0, 51900], [51902, 1.0, 0.0, 1.0, 30.0, 0.0, 0.0, 0.0, 1.0, 0.0, 0.0, 0.0, 1.0, 0.0, 3.0, 0.0, 0.0, 0.0, 0.0, 11.0, 5.0, 5.0, 51902], [51904, 0.0, 1.0, 1.0, 35.0, 0.0, 0.0, 0.0, 1.0, 0.0, 0.0, 0.0, 1.0, 0.0, 1.0, 0.0, 0.0, 0.0, 0.0, 11.0, 5.0, 8.0, 51904], [51905, 1.0, 0.0, 1.0, 28.0, 0.0, 0.0, 1.0, 1.0, 1.0, 1.0, 0.0, 1.0, 0.0, 4.0, 1.0, 14.0, 1.0, 1.0, 13.0, 4.0, 4.0, 51905], [51908, 1.0, 0.0, 1.0, 37.0, 0.0, 0.0, 0.0, 1.0, 1.0, 1.0, 0.0, 1.0, 0.0, 3.0, 0.0, 6.0, 0.0, 1.0, 10.0, 6.0, 8.0, 51908], [51912, 1.0, 1.0, 1.0, 34.0, 1.0, 0.0, 1.0, 0.0, 1.0, 1.0, 0.0, 1.0, 0.0, 3.0, 0.0, 0.0, 1.0, 0.0, 10.0, 2.0, 2.0, 51912], [51914, 1.0, 1.0, 1.0, 27.0, 0.0, 0.0, 0.0, 0.0, 0.0, 0.0, 0.0, 1.0, 0.0, 3.0, 15.0, 0.0, 1.0, 0.0, 12.0, 3.0, 2.0, 51914], [51916, 1.0, 1.0, 1.0, 29.0, 1.0, 0.0, 1.0, 1.0, 0.0, 0.0, 0.0, 1.0, 0.0, 4.0, 0.0, 0.0, 0.0, 0.0, 13.0, 4.0, 3.0, 51916]]}}","{""predictions"": [1.0, 1.0, 1.0, 1.0, 1.0, 1.0, 1.0, 1.0, 1.0, 1.0]}",1,"{""model_name"":""labuser70609094f_monitor_demo4f.default.diabetes_model"",""endpoint_name"":""labuser70609094f_endpoint"",""model_version"":""1""}"
null,3d143c00-5aff-442f-899b-0ce902593066,2024-07-08,1720444902794,200,4,"{""dataframe_split"": {""index"": [20130, 20131, 20132, 20133, 20134, 20135, 20136, 20137, 20138, 20139], ""columns"": [""index"", ""HighBP"", ""HighChol"", ""CholCheck"", ""BMI"", ""Smoker"", ""Stroke"", ""HeartDiseaseorAttack"", ""PhysActivity"", ""Fruits"", ""Veggies"", ""HvyAlcoholConsump"", ""AnyHealthcare"", ""NoDocbcCost"", ""GenHlth"", ""MentHlth"", ""PhysHlth"", ""DiffWalk"", ""Sex"", ""Age"", ""Education"", ""Income"", ""id""], ""data"": [[52138, 1.0, 1.0, 1.0, 24.0, 0.0, 0.0, 0.0, 0.0, 1.0, 1.0, 0.0, 1.0, 1.0, 3.0, 0.0, 0.0, 0.0, 0.0, 13.0, 4.0, 5.0, 52138], [52140, 1.0, 1.0, 1.0, 27.0, 0.0, 0.0, 0.0, 1.0, 1.0, 1.0, 0.0, 1.0, 0.0, 2.0, 0.0, 2.0, 0.0, 0.0, 10.0, 6.0, 7.0, 52140], [52142, 1.0, 1.0, 1.0, 33.0, 1.0, 0.0, 0.0, 0.0, 0.0, 0.0, 0.0, 1.0, 0.0, 4.0, 15.0, 0.0, 0.0, 1.0, 13.0, 4.0, 5.0, 52142], [52144, 1.0, 1.0, 1.0, 31.0, 0.0, 1.0, 0.0, 0.0, 0.0, 0.0, 0.0, 1.0, 1.0, 4.0, 10.0, 20.0, 1.0, 0.0, 10.0, 4.0, 5.0, 52144], [52146, 1.0, 1.0, 1.0, 31.0, 1.0, 0.0, 1.0, 0.0, 1.0, 1.0, 0.0, 1.0, 0.0, 5.0, 0.0, 0.0, 1.0, 1.0, 10.0, 2.0, 3.0, 52146], [52147, 0.0, 0.0, 1.0, 33.0, 0.0, 1.0, 0.0, 1.0, 0.0, 0.0, 0.0, 1.0, 0.0, 4.0, 0.0, 30.0, 1.0, 1.0, 10.0, 4.0, 7.0, 52147], [52148, 1.0, 1.0, 1.0, 41.0, 1.0, 1.0, 0.0, 0.0, 1.0, 1.0, 0.0, 1.0, 0.0, 5.0, 10.0, 30.0, 1.0, 1.0, 13.0, 4.0, 4.0, 52148], [52150, 1.0, 1.0, 1.0, 29.0, 0.0, 0.0, 1.0, 0.0, 0.0, 1.0, 0.0, 1.0, 0.0, 3.0, 14.0, 0.0, 1.0, 0.0, 10.0, 5.0, 2.0, 52150], [52157, 1.0, 0.0, 1.0, 29.0, 0.0, 0.0, 0.0, 0.0, 1.0, 0.0, 0.0, 1.0, 0.0, 3.0, 0.0, 0.0, 0.0, 1.0, 10.0, 6.0, 6.0, 52157], [52158, 1.0, 1.0, 1.0, 25.0, 0.0, 0.0, 0.0, 1.0, 1.0, 1.0, 0.0, 1.0, 0.0, 3.0, 0.0, 0.0, 0.0, 1.0, 10.0, 4.0, 8.0, 52158]]}}","{""predictions"": [1.0, 1.0, 1.0, 1.0, 1.0, 1.0, 1.0, 0.0, 1.0, 0.0]}",1,"{""model_name"":""labuser70609094f_monitor_demo4f.default.diabetes_model"",""endpoint_name"":""labuser70609094f_endpoint"",""model_version"":""1""}"
null,7c3b3304-ab63-47a2-a078-e7c2f55f741a,2024-07-08,1720444902821,200,4,"{""dataframe_split"": {""index"": [20140, 20141, 20142, 20143, 20144, 20145, 20146, 20147, 20148, 20149], ""columns"": [""index"", ""HighBP"", ""HighChol"", ""CholCheck"", ""BMI"", ""Smoker"", ""Stroke"", ""HeartDiseaseorAttack"", ""PhysActivity"", ""Fruits"", ""Veggies"", ""HvyAlcoholConsump"", ""AnyHealthcare"", ""NoDocbcCost"", ""GenHlth"", ""MentHlth"", ""PhysHlth"", ""DiffWalk"", ""Sex"", ""Age"", ""Education"", ""Income"", ""id""], ""data"": [[52161, 1.0, 0.0, 1.0, 30.0, 0.0, 0.0, 0.0, 0.0, 1.0, 1.0, 0.0, 1.0, 0.0, 4.0, 0.0, 0.0, 0.0, 1.0, 10.0, 4.0, 5.0, 52161], [52162, 1.0, 1.0, 1.0, 29.0, 0.0, 0.0, 1.0, 1.0, 1.0, 0.0, 0.0, 1.0, 0.0, 4.0, 4.0, 4.0, 0.0, 0.0, 12.0, 4.0, 4.0, 52162], [52178, 1.0, 1.0, 1.0, 33.0, 0.0, 0.0, 0.0, 1.0, 0.0, 0.0, 0.0, 1.0, 0.0, 5.0, 25.0, 15.0, 1.0, 1.0, 10.0, 4.0, 4.0, 52178], [52181, 1.0, 1.0, 1.0, 28.0, 0.0, 1.0, 0.0, 0.0, 1.0, 1.0, 0.0, 1.0, 0.0, 2.0, 1.0, 2.0, 1.0, 0.0, 11.0, 4.0, 3.0, 52181], [52182, 1.0, 1.0, 1.0, 44.0, 0.0, 0.0, 0.0, 1.0, 1.0, 1.0, 0.0, 1.0, 0.0, 3.0, 0.0, 0.0, 1.0, 0.0, 13.0, 5.0, 6.0, 52182], [52190, 1.0, 1.0, 1.0, 25.0, 1.0, 0.0, 0.0, 1.0, 1.0, 1.0, 0.0, 1.0, 0.0, 2.0, 0.0, 0.0, 0.0, 1.0, 10.0, 5.0, 7.0, 52190], [52192, 1.0, 1.0, 1.0, 31.0, 1.0, 0.0, 0.0, 0.0, 0.0, 0.0, 0.0, 1.0, 0.0, 3.0, 0.0, 0.0, 1.0, 0.0, 11.0, 6.0, 3.0, 52192], [52193, 1.0, 1.0, 1.0, 29.0, 1.0, 0.0, 1.0, 0.0, 0.0, 0.0, 0.0, 1.0, 0.0, 3.0, 0.0, 0.0, 0.0, 1.0, 10.0, 6.0, 8.0, 52193], [52194, 1.0, 1.0, 1.0, 33.0, 1.0, 0.0, 0.0, 1.0, 0.0, 1.0, 0.0, 1.0, 0.0, 3.0, 0.0, 0.0, 0.0, 0.0, 12.0, 6.0, 6.0, 52194], [52196, 1.0, 1.0, 1.0, 30.0, 0.0, 1.0, 1.0, 1.0, 1.0, 0.0, 0.0, 1.0, 0.0, 4.0, 0.0, 30.0, 0.0, 0.0, 10.0, 6.0, 6.0, 52196]]}}","{""predictions"": [1.0, 0.0, 1.0, 1.0, 0.0, 0.0, 1.0, 1.0, 1.0, 1.0]}",1,"{""model_name"":""labuser70609094f_monitor_demo4f.default.diabetes_model"",""endpoint_name"":""labuser70609094f_endpoint"",""model_version"":""1""}"
null,eb886e56-89f4-4260-9532-327201bf3fc0,2024-07-08,1720444902852,200,5,"{""dataframe_split"": {""index"": [20150, 20151, 20152, 20153, 20154, 20155, 20156, 20157, 20158, 20159], ""columns"": [""index"", ""HighBP"", ""HighChol"", ""CholCheck"", ""BMI"", ""Smoker"", ""Stroke"", ""HeartDiseaseorAttack"", ""PhysActivity"", ""Fruits"", ""Veggies"", ""HvyAlcoholConsump"", ""AnyHealthcare"", ""NoDocbcCost"", ""GenHlth"", ""MentHlth"", ""PhysHlth"", ""DiffWalk"", ""Sex"", ""Age"", ""Education"", ""Income"", ""id""], ""data"": [[52203, 1.0, 0.0, 1.0, 23.0, 1.0, 0.0, 0.0, 1.0, 1.0, 1.0, 0.0, 1.0, 0.0, 3.0, 0.0, 0.0, 0.0, 1.0, 11.0, 5.0, 4.0, 52203], [52212, 1.0, 0.0, 1.0, 36.0, 1.0, 0.0, 0.0, 1.0, 1.0, 1.0, 0.0, 1.0, 0.0, 2.0, 3.0, 0.0, 0.0, 1.0, 11.0, 5.0, 4.0, 52212], [52215, 0.0, 0.0, 1.0, 34.0, 1.0, 0.0, 0.0, 1.0, 0.0, 1.0, 0.0, 1.0, 0.0, 3.0, 0.0, 0.0, 0.0, 1.0, 10.0, 3.0, 4.0, 52215], [52217, 1.0, 0.0, 1.0, 26.0, 0.0, 0.0, 0.0, 0.0, 0.0, 0.0, 0.0, 1.0, 0.0, 3.0, 0.0, 0.0, 0.0, 1.0, 12.0, 2.0, 3.0, 52217], [52218, 1.0, 1.0, 1.0, 31.0, 0.0, 0.0, 0.0, 1.0, 1.0, 1.0, 0.0, 1.0, 0.0, 4.0, 0.0, 0.0, 0.0, 0.0, 12.0, 2.0, 2.0, 52218], [52219, 0.0, 0.0, 1.0, 28.0, 0.0, 0.0, 1.0, 1.0, 1.0, 0.0, 0.0, 1.0, 0.0, 5.0, 0.0, 30.0, 1.0, 0.0, 12.0, 4.0, 2.0, 52219], [52223, 1.0, 1.0, 1.0, 31.0, 1.0, 0.0, 1.0, 1.0, 0.0, 1.0, 0.0, 1.0, 1.0, 5.0, 0.0, 30.0, 1.0, 1.0, 10.0, 3.0, 6.0, 52223], [52224, 1.0, 0.0, 1.0, 46.0, 0.0, 0.0, 0.0, 1.0, 1.0, 1.0, 0.0, 1.0, 0.0, 2.0, 0.0, 0.0, 1.0, 0.0, 10.0, 4.0, 2.0, 52224], [52225, 1.0, 0.0, 1.0, 28.0, 0.0, 0.0, 1.0, 1.0, 0.0, 1.0, 0.0, 1.0, 0.0, 3.0, 0.0, 0.0, 0.0, 1.0, 10.0, 6.0, 8.0, 52225], [52227, 1.0, 1.0, 1.0, 31.0, 1.0, 0.0, 0.0, 1.0, 1.0, 0.0, 0.0, 1.0, 1.0, 1.0, 0.0, 30.0, 1.0, 0.0, 10.0, 4.0, 1.0, 52227]]}}","{""predictions"": [1.0, 1.0, 1.0, 0.0, 1.0, 0.0, 1.0, 1.0, 1.0, 1.0]}",1,"{""model_name"":""labuser70609094f_monitor_demo4f.default.diabetes_model"",""endpoint_name"":""labuser70609094f_endpoint"",""model_version"":""1""}"
null,803dc296-dc79-4f74-828c-196b7d87afb7,2024-07-08,1720444902881,200,4,"{""dataframe_split"": {""index"": [20160, 20161, 20162, 20163, 20164, 20165, 20166, 20167, 20168, 20169], ""columns"": [""index"", ""HighBP"", ""HighChol"", ""CholCheck"", ""BMI"", ""Smoker"", ""Stroke"", ""HeartDiseaseorAttack"", ""PhysActivity"", ""Fruits"", ""Veggies"", ""HvyAlcoholConsump"", ""AnyHealthcare"", ""NoDocbcCost"", ""GenHlth"", ""MentHlth"", ""PhysHlth"", ""DiffWalk"", ""Sex"", ""Age"", ""Education"", ""Income"", ""id""], ""data"": [[52231, 1.0, 1.0, 1.0, 28.0, 0.0, 0.0, 0.0, 1.0, 1.0, 1.0, 0.0, 1.0, 1.0, 2.0, 0.0, 0.0, 1.0, 1.0, 12.0, 6.0, 2.0, 52231], [52232, 1.0, 1.0, 1.0, 29.0, 1.0, 0.0, 0.0, 1.0, 1.0, 1.0, 0.0, 1.0, 0.0, 4.0, 0.0, 0.0, 0.0, 0.0, 10.0, 4.0, 5.0, 52232], [52233, 1.0, 0.0, 1.0, 32.0, 1.0, 1.0, 0.0, 0.0, 1.0, 1.0, 0.0, 1.0, 0.0, 3.0, 0.0, 30.0, 1.0, 0.0, 12.0, 3.0, 2.0, 52233], [52234, 1.0, 1.0, 1.0, 28.0, 1.0, 0.0, 0.0, 0.0, 0.0, 1.0, 0.0, 1.0, 0.0, 3.0, 0.0, 0.0, 1.0, 0.0, 13.0, 5.0, 8.0, 52234], [52237, 1.0, 1.0, 1.0, 30.0, 1.0, 0.0, 0.0, 1.0, 0.0, 1.0, 0.0, 1.0, 0.0, 4.0, 0.0, 21.0, 1.0, 0.0, 10.0, 4.0, 1.0, 52237], [52238, 1.0, 1.0, 1.0, 29.0, 1.0, 1.0, 0.0, 0.0, 0.0, 0.0, 0.0, 1.0, 0.0, 3.0, 0.0, 2.0, 0.0, 1.0, 11.0, 6.0, 8.0, 52238], [52247, 1.0, 1.0, 1.0, 24.0, 0.0, 0.0, 1.0, 1.0, 1.0, 1.0, 0.0, 1.0, 0.0, 4.0, 0.0, 30.0, 0.0, 0.0, 13.0, 4.0, 3.0, 52247], [52249, 1.0, 1.0, 1.0, 33.0, 1.0, 0.0, 0.0, 1.0, 1.0, 1.0, 0.0, 1.0, 0.0, 2.0, 0.0, 0.0, 0.0, 1.0, 11.0, 6.0, 8.0, 52249], [52253, 1.0, 1.0, 1.0, 33.0, 0.0, 1.0, 0.0, 0.0, 0.0, 0.0, 0.0, 1.0, 0.0, 5.0, 30.0, 30.0, 1.0, 0.0, 12.0, 2.0, 2.0, 52253], [52259, 1.0, 1.0, 1.0, 29.0, 0.0, 0.0, 1.0, 1.0, 1.0, 1.0, 0.0, 1.0, 0.0, 5.0, 25.0, 30.0, 1.0, 1.0, 11.0, 6.0, 6.0, 52259]]}}","{""predictions"": [1.0, 1.0, 1.0, 1.0, 1.0, 1.0, 1.0, 0.0, 1.0, 1.0]}",1,"{""model_name"":""labuser70609094f_monitor_demo4f.default.diabetes_model"",""endpoint_name"":""labuser70609094f_endpoint"",""model_version"":""1""}"
null,7a720971-9f22-4b0c-9bbc-2594d40fd8da,2024-07-08,1720444902911,200,4,"{""dataframe_split"": {""index"": [20170, 20171, 20172, 20173, 20174, 20175, 20176, 20177, 20178, 20179], ""columns"": [""index"", ""HighBP"", ""HighChol"", ""CholCheck"", ""BMI"", ""Smoker"", ""Stroke"", ""HeartDiseaseorAttack"", ""PhysActivity"", ""Fruits"", ""Veggies"", ""HvyAlcoholConsump"", ""AnyHealthcare"", ""NoDocbcCost"", ""GenHlth"", ""MentHlth"", ""PhysHlth"", ""DiffWalk"", ""Sex"", ""Age"", ""Education"", ""Income"", ""id""], ""data"": [[52260, 1.0, 1.0, 1.0, 27.0, 0.0, 0.0, 0.0, 1.0, 1.0, 0.0, 0.0, 1.0, 0.0, 4.0, 0.0, 0.0, 0.0, 1.0, 11.0, 4.0, 3.0, 52260], [52263, 1.0, 1.0, 1.0, 37.0, 1.0, 0.0, 0.0, 0.0, 1.0, 1.0, 0.0, 1.0, 0.0, 1.0, 0.0, 0.0, 0.0, 1.0, 10.0, 3.0, 2.0, 52263], [52264, 1.0, 0.0, 1.0, 36.0, 0.0, 0.0, 0.0, 0.0, 0.0, 1.0, 0.0, 1.0, 0.0, 3.0, 0.0, 0.0, 0.0, 0.0, 11.0, 5.0, 3.0, 52264], [52267, 1.0, 1.0, 1.0, 25.0, 0.0, 1.0, 1.0, 0.0, 0.0, 0.0, 0.0, 1.0, 0.0, 4.0, 0.0, 30.0, 1.0, 0.0, 13.0, 4.0, 2.0, 52267], [52270, 1.0, 0.0, 1.0, 28.0, 0.0, 0.0, 0.0, 1.0, 1.0, 1.0, 0.0, 1.0, 0.0, 4.0, 0.0, 0.0, 1.0, 0.0, 11.0, 4.0, 2.0, 52270], [52272, 1.0, 1.0, 1.0, 29.0, 1.0, 0.0, 0.0, 1.0, 0.0, 1.0, 0.0, 1.0, 0.0, 3.0, 0.0, 0.0, 0.0, 1.0, 10.0, 3.0, 7.0, 52272], [52273, 0.0, 1.0, 1.0, 31.0, 1.0, 0.0, 1.0, 0.0, 0.0, 0.0, 0.0, 1.0, 0.0, 3.0, 0.0, 0.0, 0.0, 1.0, 11.0, 4.0, 2.0, 52273], [52275, 1.0, 1.0, 1.0, 28.0, 0.0, 0.0, 0.0, 0.0, 1.0, 1.0, 0.0, 1.0, 0.0, 5.0, 30.0, 20.0, 1.0, 0.0, 11.0, 4.0, 4.0, 52275], [52276, 1.0, 0.0, 1.0, 41.0, 1.0, 0.0, 0.0, 0.0, 0.0, 0.0, 0.0, 1.0, 0.0, 3.0, 0.0, 0.0, 1.0, 0.0, 12.0, 4.0, 1.0, 52276], [52281, 1.0, 0.0, 1.0, 50.0, 0.0, 0.0, 0.0, 0.0, 0.0, 1.0, 0.0, 1.0, 0.0, 3.0, 0.0, 0.0, 0.0, 1.0, 10.0, 6.0, 8.0, 52281]]}}","{""predictions"": [1.0, 0.0, 1.0, 1.0, 0.0, 0.0, 0.0, 1.0, 0.0, 1.0]}",1,"{""model_name"":""labuser70609094f_monitor_demo4f.default.diabetes_model"",""endpoint_name"":""labuser70609094f_endpoint"",""model_version"":""1""}"
null,f5de4adb-4e16-43ad-aa4b-4894b0c0e34e,2024-07-08,1720444903141,200,4,"{""dataframe_split"": {""index"": [20250, 20251, 20252, 20253, 20254, 20255, 20256, 20257, 20258, 20259], ""columns"": [""index"", ""HighBP"", ""HighChol"", ""CholCheck"", ""BMI"", ""Smoker"", ""Stroke"", ""HeartDiseaseorAttack"", ""PhysActivity"", ""Fruits"", ""Veggies"", ""HvyAlcoholConsump"", ""AnyHealthcare"", ""NoDocbcCost"", ""GenHlth"", ""MentHlth"", ""PhysHlth"", ""DiffWalk"", ""Sex"", ""Age"", ""Education"", ""Income"", ""id""], ""data"": [[52439, 1.0, 0.0, 1.0, 25.0, 0.0, 0.0, 0.0, 1.0, 1.0, 1.0, 0.0, 1.0, 0.0, 1.0, 0.0, 1.0, 0.0, 1.0, 10.0, 6.0, 8.0, 52439], [52440, 1.0, 1.0, 1.0, 40.0, 1.0, 0.0, 1.0, 0.0, 1.0, 0.0, 0.0, 1.0, 0.0, 4.0, 0.0, 0.0, 1.0, 1.0, 12.0, 6.0, 8.0, 52440], [52441, 0.0, 1.0, 1.0, 27.0, 1.0, 0.0, 1.0, 1.0, 0.0, 1.0, 0.0, 1.0, 0.0, 5.0, 0.0, 5.0, 0.0, 1.0, 13.0, 4.0, 5.0, 52441], [52442, 1.0, 1.0, 1.0, 33.0, 1.0, 0.0, 0.0, 1.0, 0.0, 1.0, 0.0, 1.0, 0.0, 3.0, 0.0, 2.0, 0.0, 1.0, 10.0, 4.0, 5.0, 52442], [52443, 1.0, 1.0, 1.0, 43.0, 0.0, 0.0, 0.0, 0.0, 0.0, 0.0, 0.0, 1.0, 0.0, 5.0, 0.0, 0.0, 1.0, 0.0, 13.0, 4.0, 3.0, 52443], [52444, 0.0, 0.0, 1.0, 27.0, 0.0, 0.0, 1.0, 0.0, 1.0, 1.0, 0.0, 1.0, 0.0, 3.0, 0.0, 0.0, 0.0, 1.0, 11.0, 4.0, 3.0, 52444], [52445, 1.0, 1.0, 1.0, 28.0, 1.0, 0.0, 0.0, 1.0, 1.0, 1.0, 0.0, 1.0, 0.0, 2.0, 0.0, 0.0, 0.0, 1.0, 10.0, 3.0, 6.0, 52445], [52447, 1.0, 0.0, 1.0, 28.0, 1.0, 0.0, 0.0, 1.0, 1.0, 0.0, 0.0, 1.0, 1.0, 4.0, 3.0, 15.0, 1.0, 0.0, 10.0, 4.0, 5.0, 52447], [52454, 1.0, 1.0, 1.0, 32.0, 0.0, 0.0, 1.0, 0.0, 1.0, 1.0, 0.0, 1.0, 0.0, 4.0, 0.0, 7.0, 0.0, 1.0, 10.0, 6.0, 7.0, 52454], [52456, 1.0, 0.0, 1.0, 31.0, 1.0, 0.0, 1.0, 0.0, 1.0, 1.0, 0.0, 1.0, 0.0, 4.0, 0.0, 20.0, 1.0, 0.0, 11.0, 4.0, 3.0, 52456]]}}","{""predictions"": [0.0, 1.0, 1.0, 1.0, 1.0, 1.0, 0.0, 0.0, 1.0, 1.0]}",1,"{""model_name"":""labuser70609094f_monitor_demo4f.default.diabetes_model"",""endpoint_name"":""labuser70609094f_endpoint"",""model_version"":""1""}"
null,a9d5126e-e119-4887-89c8-3ca1270ef580,2024-07-08,1720444903408,200,5,"{""dataframe_split"": {""index"": [20340, 20341, 20342, 20343, 20344, 20345, 20346, 20347, 20348, 20349], ""columns"": [""index"", ""HighBP"", ""HighChol"", ""CholCheck"", ""BMI"", ""Smoker"", ""Stroke"", ""HeartDiseaseorAttack"", ""PhysActivity"", ""Fruits"", ""Veggies"", ""HvyAlcoholConsump"", ""AnyHealthcare"", ""NoDocbcCost"", ""GenHlth"", ""MentHlth"", ""PhysHlth"", ""DiffWalk"", ""Sex"", ""Age"", ""Education"", ""Income"", ""id""], ""data"": [[52594, 0.0, 0.0, 1.0, 26.0, 1.0, 0.0, 0.0, 1.0, 1.0, 1.0, 0.0, 1.0, 0.0, 2.0, 0.0, 0.0, 0.0, 1.0, 11.0, 6.0, 6.0, 52594], [52595, 1.0, 1.0, 1.0, 25.0, 1.0, 0.0, 0.0, 1.0, 1.0, 1.0, 0.0, 1.0, 0.0, 3.0, 3.0, 0.0, 0.0, 1.0, 12.0, 3.0, 7.0, 52595], [52597, 1.0, 1.0, 1.0, 37.0, 1.0, 1.0, 1.0, 1.0, 0.0, 0.0, 0.0, 1.0, 0.0, 4.0, 0.0, 30.0, 1.0, 0.0, 12.0, 4.0, 6.0, 52597], [52598, 0.0, 0.0, 1.0, 30.0, 0.0, 0.0, 1.0, 0.0, 1.0, 1.0, 0.0, 1.0, 0.0, 5.0, 30.0, 30.0, 1.0, 0.0, 11.0, 4.0, 2.0, 52598], [52599, 1.0, 1.0, 1.0, 28.0, 1.0, 0.0, 0.0, 0.0, 1.0, 0.0, 0.0, 1.0, 0.0, 5.0, 0.0, 25.0, 1.0, 0.0, 11.0, 4.0, 3.0, 52599], [52600, 1.0, 1.0, 1.0, 39.0, 1.0, 0.0, 0.0, 1.0, 1.0, 1.0, 0.0, 1.0, 0.0, 3.0, 5.0, 5.0, 0.0, 0.0, 11.0, 6.0, 5.0, 52600], [52601, 1.0, 1.0, 1.0, 25.0, 0.0, 0.0, 1.0, 0.0, 1.0, 1.0, 0.0, 1.0, 0.0, 5.0, 10.0, 22.0, 1.0, 0.0, 13.0, 3.0, 6.0, 52601], [52602, 1.0, 0.0, 1.0, 28.0, 0.0, 1.0, 0.0, 1.0, 1.0, 1.0, 0.0, 1.0, 0.0, 5.0, 0.0, 30.0, 0.0, 0.0, 13.0, 2.0, 5.0, 52602], [52603, 1.0, 1.0, 1.0, 31.0, 0.0, 0.0, 0.0, 0.0, 0.0, 1.0, 0.0, 1.0, 0.0, 3.0, 0.0, 0.0, 0.0, 1.0, 12.0, 4.0, 5.0, 52603], [52605, 1.0, 1.0, 1.0, 32.0, 0.0, 0.0, 0.0, 1.0, 0.0, 1.0, 0.0, 1.0, 0.0, 3.0, 0.0, 0.0, 0.0, 0.0, 11.0, 6.0, 5.0, 52605]]}}","{""predictions"": [0.0, 0.0, 1.0, 1.0, 1.0, 1.0, 0.0, 1.0, 0.0, 0.0]}",1,"{""model_name"":""labuser70609094f_monitor_demo4f.default.diabetes_model"",""endpoint_name"":""labuser70609094f_endpoint"",""model_version"":""1""}"
null,48cfd79d-efa5-4501-9c92-189bd9c2f46b,2024-07-08,1720444903668,200,4,"{""dataframe_split"": {""index"": [20430, 20431, 20432, 20433, 20434, 20435, 20436, 20437, 20438, 20439], ""columns"": [""index"", ""HighBP"", ""HighChol"", ""CholCheck"", ""BMI"", ""Smoker"", ""Stroke"", ""HeartDiseaseorAttack"", ""PhysActivity"", ""Fruits"", ""Veggies"", ""HvyAlcoholConsump"", ""AnyHealthcare"", ""NoDocbcCost"", ""GenHlth"", ""MentHlth"", ""PhysHlth"", ""DiffWalk"", ""Sex"", ""Age"", ""Education"", ""Income"", ""id""], ""data"": [[52746, 1.0, 0.0, 1.0, 28.0, 1.0, 1.0, 0.0, 1.0, 1.0, 1.0, 0.0, 1.0, 0.0, 2.0, 0.0, 0.0, 0.0, 0.0, 11.0, 5.0, 6.0, 52746], [52748, 0.0, 1.0, 1.0, 22.0, 1.0, 0.0, 0.0, 1.0, 1.0, 1.0, 0.0, 1.0, 0.0, 2.0, 0.0, 0.0, 0.0, 1.0, 11.0, 6.0, 8.0, 52748], [52750, 0.0, 0.0, 1.0, 31.0, 1.0, 0.0, 0.0, 1.0, 1.0, 1.0, 0.0, 1.0, 0.0, 2.0, 3.0, 5.0, 0.0, 0.0, 10.0, 6.0, 5.0, 52750], [52751, 1.0, 1.0, 1.0, 33.0, 0.0, 0.0, 0.0, 0.0, 1.0, 1.0, 0.0, 1.0, 0.0, 3.0, 0.0, 0.0, 1.0, 0.0, 12.0, 5.0, 5.0, 52751], [52752, 1.0, 1.0, 1.0, 35.0, 0.0, 0.0, 0.0, 0.0, 1.0, 1.0, 0.0, 1.0, 0.0, 4.0, 4.0, 0.0, 1.0, 0.0, 10.0, 5.0, 2.0, 52752], [52754, 1.0, 1.0, 1.0, 24.0, 0.0, 0.0, 0.0, 0.0, 1.0, 0.0, 0.0, 1.0, 0.0, 3.0, 0.0, 0.0, 0.0, 0.0, 12.0, 6.0, 8.0, 52754], [52757, 0.0, 1.0, 1.0, 28.0, 0.0, 0.0, 0.0, 1.0, 1.0, 1.0, 0.0, 1.0, 0.0, 4.0, 0.0, 15.0, 1.0, 0.0, 13.0, 4.0, 3.0, 52757], [52758, 1.0, 1.0, 1.0, 30.0, 0.0, 0.0, 1.0, 1.0, 1.0, 1.0, 0.0, 1.0, 0.0, 3.0, 0.0, 0.0, 0.0, 0.0, 13.0, 4.0, 6.0, 52758], [52761, 1.0, 1.0, 1.0, 39.0, 0.0, 0.0, 1.0, 0.0, 1.0, 1.0, 0.0, 1.0, 0.0, 5.0, 0.0, 30.0, 1.0, 0.0, 13.0, 5.0, 7.0, 52761], [52762, 1.0, 1.0, 1.0, 35.0, 0.0, 0.0, 0.0, 0.0, 1.0, 1.0, 0.0, 1.0, 0.0, 3.0, 0.0, 0.0, 1.0, 0.0, 13.0, 6.0, 6.0, 52762]]}}","{""predictions"": [0.0, 0.0, 0.0, 1.0, 1.0, 1.0, 1.0, 1.0, 1.0, 1.0]}",1,"{""model_name"":""labuser70609094f_monitor_demo4f.default.diabetes_model"",""endpoint_name"":""labuser70609094f_endpoint"",""model_version"":""1""}"
null,ef27f1f4-5e5e-4a02-bdb5-017524ad47b1,2024-07-08,1720444903694,200,4,"{""dataframe_split"": {""index"": [20440, 20441, 20442, 20443, 20444, 20445, 20446, 20447, 20448, 20449], ""columns"": [""index"", ""HighBP"", ""HighChol"", ""CholCheck"", ""BMI"", ""Smoker"", ""Stroke"", ""HeartDiseaseorAttack"", ""PhysActivity"", ""Fruits"", ""Veggies"", ""HvyAlcoholConsump"", ""AnyHealthcare"", ""NoDocbcCost"", ""GenHlth"", ""MentHlth"", ""PhysHlth"", ""DiffWalk"", ""Sex"", ""Age"", ""Education"", ""Income"", ""id""], ""data"": [[52763, 1.0, 1.0, 1.0, 36.0, 0.0, 0.0, 1.0, 1.0, 1.0, 1.0, 0.0, 1.0, 0.0, 3.0, 8.0, 2.0, 0.0, 0.0, 11.0, 4.0, 5.0, 52763], [52764, 1.0, 1.0, 1.0, 38.0, 0.0, 0.0, 0.0, 0.0, 0.0, 1.0, 0.0, 1.0, 0.0, 2.0, 2.0, 0.0, 1.0, 0.0, 10.0, 5.0, 7.0, 52764], [52766, 1.0, 1.0, 1.0, 29.0, 1.0, 0.0, 0.0, 1.0, 1.0, 1.0, 0.0, 1.0, 0.0, 4.0, 0.0, 15.0, 0.0, 0.0, 13.0, 6.0, 7.0, 52766], [52767, 0.0, 0.0, 1.0, 27.0, 1.0, 0.0, 0.0, 1.0, 1.0, 1.0, 0.0, 1.0, 0.0, 3.0, 0.0, 3.0, 0.0, 1.0, 10.0, 4.0, 6.0, 52767], [52768, 0.0, 0.0, 1.0, 25.0, 1.0, 0.0, 0.0, 0.0, 1.0, 1.0, 0.0, 1.0, 0.0, 1.0, 0.0, 0.0, 0.0, 1.0, 10.0, 5.0, 8.0, 52768], [52771, 1.0, 1.0, 1.0, 29.0, 1.0, 0.0, 0.0, 0.0, 0.0, 1.0, 0.0, 1.0, 0.0, 3.0, 0.0, 0.0, 1.0, 0.0, 13.0, 4.0, 2.0, 52771], [52773, 1.0, 1.0, 1.0, 40.0, 0.0, 0.0, 0.0, 0.0, 0.0, 1.0, 0.0, 1.0, 0.0, 4.0, 0.0, 0.0, 0.0, 0.0, 11.0, 5.0, 8.0, 52773], [52774, 0.0, 0.0, 1.0, 27.0, 1.0, 0.0, 0.0, 1.0, 0.0, 1.0, 0.0, 1.0, 0.0, 2.0, 0.0, 0.0, 0.0, 1.0, 11.0, 4.0, 8.0, 52774], [52775, 1.0, 1.0, 1.0, 30.0, 0.0, 0.0, 1.0, 1.0, 1.0, 1.0, 0.0, 1.0, 0.0, 2.0, 0.0, 0.0, 0.0, 0.0, 13.0, 3.0, 5.0, 52775], [52776, 1.0, 1.0, 1.0, 33.0, 1.0, 0.0, 0.0, 1.0, 1.0, 0.0, 0.0, 1.0, 0.0, 3.0, 0.0, 0.0, 1.0, 0.0, 10.0, 4.0, 2.0, 52776]]}}","{""predictions"": [0.0, 1.0, 1.0, 1.0, 0.0, 0.0, 1.0, 1.0, 1.0, 1.0]}",1,"{""model_name"":""labuser70609094f_monitor_demo4f.default.diabetes_model"",""endpoint_name"":""labuser70609094f_endpoint"",""model_version"":""1""}"
null,16c411d3-a3df-4601-8d8a-44f2f5533132,2024-07-08,1720444903722,200,4,"{""dataframe_split"": {""index"": [20450, 20451, 20452, 20453, 20454, 20455, 20456, 20457, 20458, 20459], ""columns"": [""index"", ""HighBP"", ""HighChol"", ""CholCheck"", ""BMI"", ""Smoker"", ""Stroke"", ""HeartDiseaseorAttack"", ""PhysActivity"", ""Fruits"", ""Veggies"", ""HvyAlcoholConsump"", ""AnyHealthcare"", ""NoDocbcCost"", ""GenHlth"", ""MentHlth"", ""PhysHlth"", ""DiffWalk"", ""Sex"", ""Age"", ""Education"", ""Income"", ""id""], ""data"": [[52780, 0.0, 0.0, 1.0, 27.0, 0.0, 0.0, 0.0, 1.0, 1.0, 0.0, 0.0, 1.0, 0.0, 1.0, 0.0, 30.0, 0.0, 1.0, 13.0, 6.0, 6.0, 52780], [52781, 1.0, 1.0, 1.0, 23.0, 0.0, 0.0, 0.0, 1.0, 1.0, 1.0, 0.0, 1.0, 0.0, 4.0, 20.0, 20.0, 0.0, 0.0, 10.0, 4.0, 6.0, 52781], [52782, 1.0, 1.0, 1.0, 25.0, 1.0, 0.0, 1.0, 1.0, 1.0, 1.0, 0.0, 1.0, 0.0, 2.0, 0.0, 0.0, 0.0, 1.0, 11.0, 5.0, 5.0, 52782], [52783, 1.0, 1.0, 1.0, 28.0, 1.0, 0.0, 1.0, 0.0, 1.0, 1.0, 0.0, 1.0, 0.0, 4.0, 0.0, 30.0, 1.0, 1.0, 12.0, 5.0, 8.0, 52783], [52784, 1.0, 1.0, 1.0, 25.0, 1.0, 0.0, 0.0, 0.0, 1.0, 1.0, 0.0, 1.0, 0.0, 3.0, 7.0, 2.0, 0.0, 0.0, 10.0, 5.0, 5.0, 52784], [52786, 1.0, 1.0, 1.0, 25.0, 1.0, 0.0, 0.0, 1.0, 1.0, 1.0, 0.0, 0.0, 0.0, 3.0, 3.0, 3.0, 0.0, 0.0, 12.0, 2.0, 2.0, 52786], [52787, 1.0, 1.0, 1.0, 35.0, 1.0, 0.0, 1.0, 1.0, 1.0, 1.0, 0.0, 1.0, 0.0, 5.0, 30.0, 30.0, 0.0, 0.0, 11.0, 3.0, 3.0, 52787], [52790, 1.0, 1.0, 1.0, 24.0, 1.0, 0.0, 0.0, 0.0, 1.0, 1.0, 1.0, 1.0, 0.0, 3.0, 30.0, 25.0, 1.0, 0.0, 10.0, 5.0, 4.0, 52790], [52793, 0.0, 1.0, 1.0, 30.0, 1.0, 0.0, 0.0, 1.0, 0.0, 1.0, 0.0, 1.0, 0.0, 3.0, 0.0, 0.0, 0.0, 1.0, 11.0, 4.0, 6.0, 52793], [52794, 1.0, 1.0, 1.0, 43.0, 1.0, 0.0, 1.0, 1.0, 0.0, 0.0, 0.0, 1.0, 0.0, 4.0, 0.0, 10.0, 1.0, 1.0, 10.0, 4.0, 4.0, 52794]]}}","{""predictions"": [0.0, 0.0, 1.0, 0.0, 1.0, 0.0, 1.0, 1.0, 1.0, 1.0]}",1,"{""model_name"":""labuser70609094f_monitor_demo4f.default.diabetes_model"",""endpoint_name"":""labuser70609094f_endpoint"",""model_version"":""1""}"
null,f4578663-7ceb-43f9-af82-63015ad9b21e,2024-07-08,1720444903749,200,4,"{""dataframe_split"": {""index"": [20460, 20461, 20462, 20463, 20464, 20465, 20466, 20467, 20468, 20469], ""columns"": [""index"", ""HighBP"", ""HighChol"", ""CholCheck"", ""BMI"", ""Smoker"", ""Stroke"", ""HeartDiseaseorAttack"", ""PhysActivity"", ""Fruits"", ""Veggies"", ""HvyAlcoholConsump"", ""AnyHealthcare"", ""NoDocbcCost"", ""GenHlth"", ""MentHlth"", ""PhysHlth"", ""DiffWalk"", ""Sex"", ""Age"", ""Education"", ""Income"", ""id""], ""data"": [[52796, 1.0, 1.0, 1.0, 48.0, 0.0, 0.0, 1.0, 0.0, 1.0, 0.0, 0.0, 1.0, 0.0, 5.0, 1.0, 6.0, 1.0, 0.0, 10.0, 5.0, 3.0, 52796], [52797, 1.0, 1.0, 1.0, 30.0, 1.0, 0.0, 0.0, 0.0, 0.0, 0.0, 0.0, 1.0, 0.0, 3.0, 20.0, 0.0, 0.0, 0.0, 12.0, 3.0, 3.0, 52797], [52800, 0.0, 0.0, 1.0, 38.0, 0.0, 0.0, 0.0, 1.0, 1.0, 0.0, 0.0, 1.0, 0.0, 5.0, 0.0, 30.0, 1.0, 0.0, 13.0, 3.0, 3.0, 52800], [52801, 0.0, 1.0, 1.0, 30.0, 1.0, 0.0, 1.0, 1.0, 0.0, 1.0, 0.0, 1.0, 1.0, 3.0, 0.0, 0.0, 0.0, 1.0, 11.0, 4.0, 5.0, 52801], [52803, 0.0, 1.0, 1.0, 32.0, 0.0, 0.0, 0.0, 0.0, 0.0, 0.0, 0.0, 1.0, 0.0, 3.0, 0.0, 0.0, 1.0, 0.0, 10.0, 5.0, 5.0, 52803], [52804, 1.0, 1.0, 1.0, 34.0, 0.0, 0.0, 0.0, 0.0, 0.0, 0.0, 0.0, 1.0, 0.0, 3.0, 0.0, 0.0, 0.0, 0.0, 11.0, 4.0, 3.0, 52804], [52805, 0.0, 0.0, 1.0, 35.0, 1.0, 0.0, 0.0, 0.0, 0.0, 1.0, 0.0, 1.0, 0.0, 5.0, 0.0, 30.0, 1.0, 1.0, 11.0, 4.0, 7.0, 52805], [52806, 0.0, 1.0, 1.0, 65.0, 1.0, 1.0, 0.0, 1.0, 1.0, 1.0, 0.0, 1.0, 0.0, 3.0, 0.0, 0.0, 0.0, 1.0, 13.0, 6.0, 5.0, 52806], [52808, 1.0, 1.0, 1.0, 41.0, 1.0, 0.0, 1.0, 0.0, 0.0, 0.0, 0.0, 1.0, 0.0, 2.0, 0.0, 0.0, 0.0, 0.0, 13.0, 4.0, 3.0, 52808], [52809, 1.0, 1.0, 1.0, 34.0, 0.0, 0.0, 0.0, 1.0, 1.0, 1.0, 0.0, 1.0, 0.0, 3.0, 0.0, 4.0, 1.0, 0.0, 12.0, 4.0, 3.0, 52809]]}}","{""predictions"": [1.0, 1.0, 1.0, 0.0, 0.0, 0.0, 0.0, 1.0, 1.0, 1.0]}",1,"{""model_name"":""labuser70609094f_monitor_demo4f.default.diabetes_model"",""endpoint_name"":""labuser70609094f_endpoint"",""model_version"":""1""}"
null,fd5778b9-1539-4f41-965c-211120ff74e8,2024-07-08,1720444903776,200,4,"{""dataframe_split"": {""index"": [20470, 20471, 20472, 20473, 20474, 20475, 20476, 20477, 20478, 20479], ""columns"": [""index"", ""HighBP"", ""HighChol"", ""CholCheck"", ""BMI"", ""Smoker"", ""Stroke"", ""HeartDiseaseorAttack"", ""PhysActivity"", ""Fruits"", ""Veggies"", ""HvyAlcoholConsump"", ""AnyHealthcare"", ""NoDocbcCost"", ""GenHlth"", ""MentHlth"", ""PhysHlth"", ""DiffWalk"", ""Sex"", ""Age"", ""Education"", ""Income"", ""id""], ""data"": [[52810, 1.0, 1.0, 1.0, 35.0, 1.0, 0.0, 1.0, 0.0, 1.0, 1.0, 0.0, 1.0, 0.0, 3.0, 0.0, 0.0, 0.0, 0.0, 13.0, 3.0, 2.0, 52810], [52811, 1.0, 0.0, 1.0, 33.0, 0.0, 0.0, 1.0, 1.0, 1.0, 1.0, 0.0, 1.0, 0.0, 4.0, 0.0, 20.0, 1.0, 0.0, 12.0, 5.0, 3.0, 52811], [52812, 1.0, 0.0, 1.0, 28.0, 0.0, 0.0, 0.0, 0.0, 0.0, 1.0, 0.0, 1.0, 1.0, 3.0, 0.0, 0.0, 0.0, 1.0, 10.0, 4.0, 6.0, 52812], [52813, 1.0, 1.0, 1.0, 37.0, 1.0, 1.0, 1.0, 0.0, 1.0, 1.0, 0.0, 1.0, 0.0, 2.0, 6.0, 4.0, 1.0, 0.0, 13.0, 3.0, 2.0, 52813], [52814, 1.0, 1.0, 1.0, 39.0, 1.0, 0.0, 0.0, 0.0, 0.0, 1.0, 0.0, 0.0, 0.0, 3.0, 0.0, 0.0, 0.0, 1.0, 10.0, 5.0, 7.0, 52814], [52816, 0.0, 0.0, 1.0, 36.0, 1.0, 0.0, 0.0, 0.0, 1.0, 1.0, 0.0, 1.0, 0.0, 1.0, 0.0, 0.0, 0.0, 1.0, 10.0, 3.0, 4.0, 52816], [52818, 0.0, 0.0, 1.0, 23.0, 1.0, 1.0, 0.0, 0.0, 1.0, 1.0, 0.0, 1.0, 0.0, 5.0, 30.0, 15.0, 1.0, 0.0, 10.0, 5.0, 1.0, 52818], [52820, 1.0, 1.0, 1.0, 33.0, 1.0, 0.0, 0.0, 1.0, 0.0, 1.0, 0.0, 1.0, 0.0, 2.0, 3.0, 3.0, 0.0, 1.0, 10.0, 4.0, 2.0, 52820], [52821, 1.0, 0.0, 1.0, 40.0, 1.0, 0.0, 0.0, 1.0, 0.0, 1.0, 0.0, 1.0, 0.0, 4.0, 0.0, 0.0, 0.0, 0.0, 11.0, 3.0, 5.0, 52821], [52822, 1.0, 1.0, 1.0, 29.0, 0.0, 0.0, 0.0, 1.0, 1.0, 1.0, 0.0, 1.0, 0.0, 3.0, 0.0, 0.0, 0.0, 0.0, 10.0, 5.0, 6.0, 52822]]}}","{""predictions"": [1.0, 1.0, 1.0, 0.0, 0.0, 0.0, 0.0, 1.0, 1.0, 1.0]}",1,"{""model_name"":""labuser70609094f_monitor_demo4f.default.diabetes_model"",""endpoint_name"":""labuser70609094f_endpoint"",""model_version"":""1""}"
null,9c041d19-b775-4d61-bb74-e851465ac17b,2024-07-08,1720444903805,200,4,"{""dataframe_split"": {""index"": [20480, 20481, 20482, 20483, 20484, 20485, 20486, 20487, 20488, 20489], ""columns"": [""index"", ""HighBP"", ""HighChol"", ""CholCheck"", ""BMI"", ""Smoker"", ""Stroke"", ""HeartDiseaseorAttack"", ""PhysActivity"", ""Fruits"", ""Veggies"", ""HvyAlcoholConsump"", ""AnyHealthcare"", ""NoDocbcCost"", ""GenHlth"", ""MentHlth"", ""PhysHlth"", ""DiffWalk"", ""Sex"", ""Age"", ""Education"", ""Income"", ""id""], ""data"": [[52823, 0.0, 0.0, 1.0, 41.0, 1.0, 0.0, 0.0, 1.0, 1.0, 0.0, 0.0, 1.0, 0.0, 4.0, 0.0, 4.0, 1.0, 0.0, 11.0, 4.0, 2.0, 52823], [52824, 0.0, 1.0, 1.0, 36.0, 0.0, 0.0, 0.0, 0.0, 0.0, 0.0, 0.0, 1.0, 0.0, 4.0, 0.0, 0.0, 0.0, 0.0, 10.0, 6.0, 2.0, 52824], [52825, 1.0, 1.0, 1.0, 33.0, 0.0, 1.0, 0.0, 1.0, 0.0, 1.0, 0.0, 1.0, 0.0, 5.0, 30.0, 30.0, 1.0, 1.0, 11.0, 5.0, 5.0, 52825], [52826, 0.0, 0.0, 1.0, 26.0, 1.0, 0.0, 0.0, 1.0, 1.0, 1.0, 0.0, 1.0, 0.0, 2.0, 0.0, 0.0, 0.0, 1.0, 13.0, 5.0, 4.0, 52826], [52827, 1.0, 1.0, 1.0, 33.0, 0.0, 1.0, 1.0, 0.0, 0.0, 1.0, 0.0, 1.0, 0.0, 5.0, 0.0, 30.0, 1.0, 1.0, 11.0, 4.0, 4.0, 52827], [52828, 1.0, 1.0, 1.0, 27.0, 1.0, 0.0, 0.0, 1.0, 1.0, 1.0, 0.0, 1.0, 0.0, 5.0, 15.0, 30.0, 1.0, 0.0, 13.0, 4.0, 2.0, 52828], [52831, 1.0, 1.0, 1.0, 32.0, 0.0, 0.0, 0.0, 0.0, 0.0, 1.0, 0.0, 1.0, 0.0, 5.0, 30.0, 0.0, 0.0, 1.0, 12.0, 4.0, 7.0, 52831], [52833, 1.0, 1.0, 1.0, 31.0, 0.0, 1.0, 1.0, 0.0, 1.0, 1.0, 0.0, 1.0, 0.0, 5.0, 15.0, 30.0, 1.0, 0.0, 10.0, 3.0, 1.0, 52833], [52835, 1.0, 1.0, 1.0, 31.0, 0.0, 1.0, 0.0, 1.0, 1.0, 1.0, 0.0, 1.0, 0.0, 4.0, 5.0, 30.0, 1.0, 1.0, 10.0, 5.0, 5.0, 52835], [52836, 1.0, 1.0, 1.0, 32.0, 0.0, 0.0, 0.0, 1.0, 0.0, 0.0, 0.0, 1.0, 0.0, 2.0, 0.0, 0.0, 0.0, 0.0, 11.0, 3.0, 2.0, 52836]]}}","{""predictions"": [0.0, 1.0, 1.0, 0.0, 1.0, 0.0, 1.0, 1.0, 1.0, 1.0]}",1,"{""model_name"":""labuser70609094f_monitor_demo4f.default.diabetes_model"",""endpoint_name"":""labuser70609094f_endpoint"",""model_version"":""1""}"
null,49f9a41a-946b-4f61-ae9f-5d3a53adbe58,2024-07-08,1720444903860,200,4,"{""dataframe_split"": {""index"": [20500, 20501, 20502, 20503, 20504, 20505, 20506, 20507, 20508, 20509], ""columns"": [""index"", ""HighBP"", ""HighChol"", ""CholCheck"", ""BMI"", ""Smoker"", ""Stroke"", ""HeartDiseaseorAttack"", ""PhysActivity"", ""Fruits"", ""Veggies"", ""HvyAlcoholConsump"", ""AnyHealthcare"", ""NoDocbcCost"", ""GenHlth"", ""MentHlth"", ""PhysHlth"", ""DiffWalk"", ""Sex"", ""Age"", ""Education"", ""Income"", ""id""], ""data"": [[52866, 1.0, 1.0, 1.0, 31.0, 1.0, 1.0, 0.0, 0.0, 0.0, 1.0, 0.0, 1.0, 0.0, 4.0, 0.0, 0.0, 0.0, 0.0, 10.0, 6.0, 4.0, 52866], [52869, 1.0, 1.0, 1.0, 25.0, 1.0, 0.0, 0.0, 1.0, 1.0, 1.0, 0.0, 1.0, 0.0, 3.0, 5.0, 0.0, 0.0, 0.0, 11.0, 4.0, 6.0, 52869], [52870, 1.0, 1.0, 1.0, 32.0, 1.0, 1.0, 0.0, 1.0, 1.0, 1.0, 0.0, 1.0, 0.0, 2.0, 3.0, 0.0, 0.0, 1.0, 10.0, 5.0, 7.0, 52870], [52872, 0.0, 0.0, 1.0, 36.0, 1.0, 0.0, 0.0, 0.0, 0.0, 0.0, 0.0, 1.0, 0.0, 3.0, 0.0, 0.0, 0.0, 1.0, 11.0, 2.0, 2.0, 52872], [52876, 1.0, 1.0, 1.0, 28.0, 1.0, 1.0, 0.0, 1.0, 1.0, 1.0, 0.0, 1.0, 0.0, 3.0, 0.0, 0.0, 0.0, 1.0, 11.0, 4.0, 8.0, 52876], [52880, 1.0, 0.0, 1.0, 39.0, 1.0, 0.0, 1.0, 1.0, 1.0, 0.0, 0.0, 1.0, 0.0, 4.0, 0.0, 2.0, 0.0, 1.0, 12.0, 4.0, 2.0, 52880], [52884, 1.0, 1.0, 1.0, 29.0, 0.0, 0.0, 0.0, 1.0, 1.0, 1.0, 0.0, 1.0, 0.0, 2.0, 0.0, 2.0, 0.0, 0.0, 10.0, 6.0, 8.0, 52884], [52896, 1.0, 1.0, 1.0, 35.0, 0.0, 1.0, 1.0, 0.0, 1.0, 1.0, 0.0, 1.0, 0.0, 4.0, 25.0, 25.0, 1.0, 0.0, 10.0, 4.0, 4.0, 52896], [52901, 1.0, 1.0, 1.0, 23.0, 1.0, 0.0, 1.0, 1.0, 0.0, 0.0, 0.0, 1.0, 0.0, 4.0, 0.0, 0.0, 0.0, 1.0, 12.0, 2.0, 8.0, 52901], [52905, 1.0, 1.0, 1.0, 36.0, 1.0, 0.0, 1.0, 0.0, 0.0, 1.0, 0.0, 1.0, 0.0, 5.0, 0.0, 30.0, 1.0, 0.0, 11.0, 4.0, 2.0, 52905]]}}","{""predictions"": [1.0, 0.0, 1.0, 1.0, 1.0, 1.0, 0.0, 1.0, 0.0, 1.0]}",1,"{""model_name"":""labuser70609094f_monitor_demo4f.default.diabetes_model"",""endpoint_name"":""labuser70609094f_endpoint"",""model_version"":""1""}"
null,24cc607b-7c61-4f45-a424-99279f98dd64,2024-07-08,1720444903888,200,4,"{""dataframe_split"": {""index"": [20510, 20511, 20512, 20513, 20514, 20515, 20516, 20517, 20518, 20519], ""columns"": [""index"", ""HighBP"", ""HighChol"", ""CholCheck"", ""BMI"", ""Smoker"", ""Stroke"", ""HeartDiseaseorAttack"", ""PhysActivity"", ""Fruits"", ""Veggies"", ""HvyAlcoholConsump"", ""AnyHealthcare"", ""NoDocbcCost"", ""GenHlth"", ""MentHlth"", ""PhysHlth"", ""DiffWalk"", ""Sex"", ""Age"", ""Education"", ""Income"", ""id""], ""data"": [[52908, 1.0, 1.0, 1.0, 30.0, 0.0, 0.0, 0.0, 0.0, 1.0, 0.0, 0.0, 1.0, 1.0, 5.0, 10.0, 30.0, 1.0, 0.0, 10.0, 4.0, 4.0, 52908], [52910, 1.0, 1.0, 1.0, 34.0, 1.0, 0.0, 1.0, 1.0, 1.0, 1.0, 0.0, 1.0, 0.0, 3.0, 0.0, 0.0, 0.0, 1.0, 11.0, 5.0, 7.0, 52910], [52911, 0.0, 1.0, 1.0, 32.0, 1.0, 0.0, 0.0, 1.0, 0.0, 0.0, 0.0, 1.0, 0.0, 2.0, 0.0, 0.0, 0.0, 1.0, 11.0, 2.0, 2.0, 52911], [52912, 1.0, 1.0, 1.0, 30.0, 1.0, 1.0, 1.0, 0.0, 1.0, 1.0, 0.0, 1.0, 0.0, 3.0, 0.0, 0.0, 1.0, 1.0, 10.0, 5.0, 6.0, 52912], [52916, 1.0, 1.0, 1.0, 32.0, 0.0, 0.0, 0.0, 0.0, 1.0, 1.0, 0.0, 1.0, 0.0, 4.0, 0.0, 15.0, 1.0, 0.0, 13.0, 5.0, 5.0, 52916], [52917, 1.0, 1.0, 1.0, 27.0, 1.0, 0.0, 0.0, 1.0, 1.0, 0.0, 0.0, 1.0, 0.0, 4.0, 0.0, 0.0, 0.0, 1.0, 13.0, 4.0, 4.0, 52917], [52918, 1.0, 0.0, 1.0, 31.0, 1.0, 0.0, 0.0, 0.0, 0.0, 1.0, 1.0, 1.0, 0.0, 4.0, 0.0, 30.0, 1.0, 1.0, 10.0, 6.0, 5.0, 52918], [52919, 1.0, 1.0, 1.0, 40.0, 1.0, 0.0, 0.0, 1.0, 1.0, 1.0, 0.0, 1.0, 1.0, 4.0, 30.0, 3.0, 1.0, 0.0, 10.0, 5.0, 5.0, 52919], [52922, 0.0, 1.0, 1.0, 25.0, 1.0, 0.0, 0.0, 1.0, 1.0, 1.0, 0.0, 1.0, 0.0, 3.0, 0.0, 5.0, 0.0, 1.0, 10.0, 6.0, 8.0, 52922], [52923, 1.0, 1.0, 1.0, 33.0, 1.0, 0.0, 0.0, 1.0, 1.0, 1.0, 0.0, 1.0, 0.0, 3.0, 0.0, 0.0, 0.0, 1.0, 12.0, 6.0, 7.0, 52923]]}}","{""predictions"": [1.0, 1.0, 0.0, 1.0, 1.0, 0.0, 0.0, 0.0, 1.0, 1.0]}",1,"{""model_name"":""labuser70609094f_monitor_demo4f.default.diabetes_model"",""endpoint_name"":""labuser70609094f_endpoint"",""model_version"":""1""}"
null,097461a0-6241-46ec-be97-95c629e21cca,2024-07-08,1720444903916,200,4,"{""dataframe_split"": {""index"": [20520, 20521, 20522, 20523, 20524, 20525, 20526, 20527, 20528, 20529], ""columns"": [""index"", ""HighBP"", ""HighChol"", ""CholCheck"", ""BMI"", ""Smoker"", ""Stroke"", ""HeartDiseaseorAttack"", ""PhysActivity"", ""Fruits"", ""Veggies"", ""HvyAlcoholConsump"", ""AnyHealthcare"", ""NoDocbcCost"", ""GenHlth"", ""MentHlth"", ""PhysHlth"", ""DiffWalk"", ""Sex"", ""Age"", ""Education"", ""Income"", ""id""], ""data"": [[52926, 1.0, 1.0, 1.0, 27.0, 1.0, 0.0, 0.0, 1.0, 0.0, 1.0, 0.0, 1.0, 0.0, 3.0, 3.0, 0.0, 0.0, 1.0, 10.0, 6.0, 4.0, 52926], [52930, 1.0, 1.0, 1.0, 40.0, 0.0, 0.0, 0.0, 0.0, 1.0, 0.0, 0.0, 1.0, 1.0, 3.0, 0.0, 9.0, 1.0, 0.0, 11.0, 3.0, 4.0, 52930], [52931, 1.0, 1.0, 1.0, 26.0, 1.0, 0.0, 0.0, 1.0, 1.0, 1.0, 0.0, 1.0, 0.0, 5.0, 30.0, 30.0, 0.0, 1.0, 11.0, 6.0, 6.0, 52931], [52933, 1.0, 0.0, 1.0, 25.0, 0.0, 0.0, 1.0, 0.0, 0.0, 0.0, 0.0, 1.0, 0.0, 3.0, 0.0, 0.0, 0.0, 1.0, 12.0, 5.0, 8.0, 52933], [52935, 1.0, 1.0, 1.0, 33.0, 0.0, 0.0, 1.0, 0.0, 0.0, 1.0, 0.0, 1.0, 0.0, 5.0, 0.0, 30.0, 1.0, 0.0, 10.0, 6.0, 2.0, 52935], [52937, 1.0, 0.0, 1.0, 29.0, 1.0, 1.0, 1.0, 0.0, 1.0, 0.0, 0.0, 1.0, 0.0, 3.0, 0.0, 30.0, 1.0, 1.0, 13.0, 4.0, 5.0, 52937], [52941, 1.0, 0.0, 1.0, 30.0, 0.0, 1.0, 0.0, 1.0, 0.0, 1.0, 0.0, 1.0, 0.0, 1.0, 0.0, 0.0, 0.0, 1.0, 11.0, 5.0, 6.0, 52941], [52944, 0.0, 1.0, 1.0, 38.0, 1.0, 0.0, 1.0, 0.0, 1.0, 1.0, 0.0, 1.0, 0.0, 3.0, 4.0, 2.0, 1.0, 0.0, 10.0, 5.0, 5.0, 52944], [52945, 1.0, 1.0, 1.0, 30.0, 1.0, 0.0, 1.0, 0.0, 0.0, 0.0, 0.0, 1.0, 0.0, 4.0, 30.0, 2.0, 0.0, 0.0, 11.0, 4.0, 4.0, 52945], [52948, 1.0, 1.0, 1.0, 31.0, 0.0, 0.0, 1.0, 1.0, 1.0, 1.0, 0.0, 1.0, 0.0, 3.0, 0.0, 0.0, 0.0, 0.0, 12.0, 2.0, 4.0, 52948]]}}","{""predictions"": [1.0, 1.0, 0.0, 1.0, 1.0, 1.0, 1.0, 1.0, 1.0, 0.0]}",1,"{""model_name"":""labuser70609094f_monitor_demo4f.default.diabetes_model"",""endpoint_name"":""labuser70609094f_endpoint"",""model_version"":""1""}"
null,7a325bde-2471-4727-886a-3f445c3c9e58,2024-07-08,1720444904034,200,4,"{""dataframe_split"": {""index"": [20560, 20561, 20562, 20563, 20564, 20565, 20566, 20567, 20568, 20569], ""columns"": [""index"", ""HighBP"", ""HighChol"", ""CholCheck"", ""BMI"", ""Smoker"", ""Stroke"", ""HeartDiseaseorAttack"", ""PhysActivity"", ""Fruits"", ""Veggies"", ""HvyAlcoholConsump"", ""AnyHealthcare"", ""NoDocbcCost"", ""GenHlth"", ""MentHlth"", ""PhysHlth"", ""DiffWalk"", ""Sex"", ""Age"", ""Education"", ""Income"", ""id""], ""data"": [[53027, 1.0, 0.0, 1.0, 28.0, 1.0, 0.0, 1.0, 0.0, 1.0, 0.0, 1.0, 1.0, 0.0, 3.0, 2.0, 0.0, 0.0, 0.0, 11.0, 4.0, 5.0, 53027], [53029, 1.0, 1.0, 1.0, 28.0, 0.0, 0.0, 1.0, 1.0, 0.0, 0.0, 0.0, 1.0, 1.0, 5.0, 2.0, 30.0, 1.0, 1.0, 10.0, 6.0, 3.0, 53029], [53031, 1.0, 1.0, 1.0, 26.0, 0.0, 0.0, 1.0, 1.0, 0.0, 1.0, 0.0, 1.0, 0.0, 5.0, 2.0, 14.0, 0.0, 0.0, 13.0, 4.0, 2.0, 53031], [53032, 0.0, 0.0, 1.0, 27.0, 0.0, 0.0, 0.0, 1.0, 1.0, 1.0, 0.0, 1.0, 0.0, 3.0, 0.0, 0.0, 0.0, 1.0, 12.0, 4.0, 7.0, 53032], [53033, 1.0, 1.0, 1.0, 29.0, 1.0, 0.0, 1.0, 1.0, 1.0, 1.0, 0.0, 1.0, 0.0, 4.0, 15.0, 30.0, 1.0, 1.0, 10.0, 5.0, 6.0, 53033], [53036, 0.0, 1.0, 1.0, 32.0, 1.0, 0.0, 0.0, 1.0, 0.0, 1.0, 0.0, 1.0, 0.0, 2.0, 0.0, 0.0, 0.0, 1.0, 10.0, 4.0, 6.0, 53036], [53042, 1.0, 1.0, 1.0, 29.0, 0.0, 0.0, 0.0, 0.0, 0.0, 1.0, 0.0, 1.0, 1.0, 3.0, 0.0, 0.0, 0.0, 0.0, 11.0, 6.0, 6.0, 53042], [53044, 1.0, 1.0, 1.0, 27.0, 1.0, 0.0, 0.0, 0.0, 0.0, 1.0, 0.0, 1.0, 1.0, 4.0, 22.0, 4.0, 1.0, 0.0, 10.0, 5.0, 3.0, 53044], [53045, 1.0, 1.0, 1.0, 34.0, 0.0, 0.0, 0.0, 1.0, 1.0, 1.0, 0.0, 1.0, 0.0, 3.0, 0.0, 0.0, 1.0, 0.0, 11.0, 6.0, 8.0, 53045], [53046, 1.0, 1.0, 1.0, 30.0, 1.0, 0.0, 1.0, 0.0, 0.0, 1.0, 0.0, 1.0, 0.0, 3.0, 0.0, 0.0, 0.0, 1.0, 12.0, 4.0, 7.0, 53046]]}}","{""predictions"": [1.0, 1.0, 1.0, 0.0, 1.0, 0.0, 1.0, 1.0, 0.0, 1.0]}",1,"{""model_name"":""labuser70609094f_monitor_demo4f.default.diabetes_model"",""endpoint_name"":""labuser70609094f_endpoint"",""model_version"":""1""}"
null,28cc4017-aa9b-40bc-8bb0-e7421bca136a,2024-07-08,1720444904092,200,5,"{""dataframe_split"": {""index"": [20580, 20581, 20582, 20583, 20584, 20585, 20586, 20587, 20588, 20589], ""columns"": [""index"", ""HighBP"", ""HighChol"", ""CholCheck"", ""BMI"", ""Smoker"", ""Stroke"", ""HeartDiseaseorAttack"", ""PhysActivity"", ""Fruits"", ""Veggies"", ""HvyAlcoholConsump"", ""AnyHealthcare"", ""NoDocbcCost"", ""GenHlth"", ""MentHlth"", ""PhysHlth"", ""DiffWalk"", ""Sex"", ""Age"", ""Education"", ""Income"", ""id""], ""data"": [[53078, 0.0, 1.0, 1.0, 36.0, 1.0, 0.0, 0.0, 0.0, 0.0, 0.0, 0.0, 1.0, 0.0, 2.0, 0.0, 0.0, 0.0, 1.0, 10.0, 6.0, 8.0, 53078], [53079, 1.0, 1.0, 1.0, 36.0, 0.0, 0.0, 1.0, 0.0, 1.0, 0.0, 0.0, 1.0, 0.0, 4.0, 2.0, 0.0, 1.0, 1.0, 12.0, 6.0, 5.0, 53079], [53085, 0.0, 0.0, 1.0, 39.0, 1.0, 0.0, 0.0, 0.0, 0.0, 1.0, 0.0, 1.0, 0.0, 5.0, 0.0, 30.0, 1.0, 1.0, 11.0, 4.0, 2.0, 53085], [53087, 1.0, 1.0, 1.0, 24.0, 1.0, 0.0, 0.0, 1.0, 1.0, 0.0, 0.0, 1.0, 0.0, 2.0, 0.0, 0.0, 0.0, 0.0, 13.0, 5.0, 6.0, 53087], [53088, 0.0, 1.0, 1.0, 23.0, 1.0, 1.0, 1.0, 1.0, 0.0, 1.0, 0.0, 1.0, 0.0, 3.0, 0.0, 0.0, 0.0, 0.0, 10.0, 5.0, 7.0, 53088], [53090, 1.0, 1.0, 1.0, 26.0, 1.0, 0.0, 0.0, 1.0, 0.0, 1.0, 0.0, 1.0, 0.0, 3.0, 0.0, 15.0, 0.0, 1.0, 11.0, 6.0, 7.0, 53090], [53091, 1.0, 1.0, 1.0, 24.0, 1.0, 1.0, 1.0, 0.0, 1.0, 1.0, 0.0, 1.0, 0.0, 5.0, 0.0, 0.0, 0.0, 1.0, 12.0, 4.0, 6.0, 53091], [53092, 1.0, 0.0, 1.0, 38.0, 1.0, 0.0, 0.0, 1.0, 0.0, 1.0, 0.0, 1.0, 0.0, 5.0, 0.0, 30.0, 1.0, 0.0, 11.0, 5.0, 2.0, 53092], [53093, 1.0, 1.0, 1.0, 24.0, 1.0, 0.0, 0.0, 0.0, 0.0, 1.0, 0.0, 1.0, 0.0, 2.0, 0.0, 0.0, 0.0, 1.0, 12.0, 6.0, 8.0, 53093], [53095, 1.0, 1.0, 1.0, 26.0, 0.0, 0.0, 1.0, 1.0, 0.0, 1.0, 0.0, 1.0, 0.0, 3.0, 0.0, 0.0, 0.0, 1.0, 10.0, 4.0, 6.0, 53095]]}}","{""predictions"": [1.0, 1.0, 1.0, 1.0, 0.0, 1.0, 0.0, 1.0, 1.0, 1.0]}",1,"{""model_name"":""labuser70609094f_monitor_demo4f.default.diabetes_model"",""endpoint_name"":""labuser70609094f_endpoint"",""model_version"":""1""}"
null,5c980165-6619-4afe-bede-ef1718dd0451,2024-07-08,1720444904147,200,4,"{""dataframe_split"": {""index"": [20600, 20601, 20602, 20603, 20604, 20605, 20606, 20607, 20608, 20609], ""columns"": [""index"", ""HighBP"", ""HighChol"", ""CholCheck"", ""BMI"", ""Smoker"", ""Stroke"", ""HeartDiseaseorAttack"", ""PhysActivity"", ""Fruits"", ""Veggies"", ""HvyAlcoholConsump"", ""AnyHealthcare"", ""NoDocbcCost"", ""GenHlth"", ""MentHlth"", ""PhysHlth"", ""DiffWalk"", ""Sex"", ""Age"", ""Education"", ""Income"", ""id""], ""data"": [[53111, 0.0, 1.0, 1.0, 34.0, 1.0, 0.0, 1.0, 0.0, 0.0, 1.0, 1.0, 1.0, 0.0, 4.0, 8.0, 3.0, 0.0, 0.0, 10.0, 4.0, 3.0, 53111], [53112, 1.0, 0.0, 1.0, 24.0, 0.0, 0.0, 1.0, 1.0, 1.0, 1.0, 0.0, 1.0, 0.0, 3.0, 0.0, 0.0, 1.0, 0.0, 11.0, 6.0, 7.0, 53112], [53115, 1.0, 1.0, 1.0, 33.0, 0.0, 0.0, 1.0, 0.0, 1.0, 1.0, 0.0, 1.0, 0.0, 5.0, 0.0, 15.0, 0.0, 0.0, 12.0, 4.0, 5.0, 53115], [53118, 1.0, 1.0, 1.0, 29.0, 1.0, 0.0, 0.0, 1.0, 1.0, 1.0, 0.0, 1.0, 0.0, 4.0, 30.0, 0.0, 0.0, 0.0, 12.0, 4.0, 5.0, 53118], [53119, 1.0, 1.0, 1.0, 19.0, 1.0, 0.0, 0.0, 1.0, 1.0, 1.0, 0.0, 1.0, 1.0, 4.0, 0.0, 30.0, 0.0, 0.0, 12.0, 5.0, 5.0, 53119], [53120, 1.0, 1.0, 1.0, 30.0, 0.0, 0.0, 1.0, 1.0, 1.0, 1.0, 0.0, 1.0, 0.0, 2.0, 0.0, 0.0, 0.0, 1.0, 10.0, 6.0, 4.0, 53120], [53122, 1.0, 1.0, 1.0, 35.0, 0.0, 0.0, 1.0, 1.0, 1.0, 1.0, 0.0, 1.0, 0.0, 2.0, 0.0, 0.0, 1.0, 0.0, 12.0, 6.0, 6.0, 53122], [53124, 1.0, 0.0, 1.0, 34.0, 1.0, 0.0, 0.0, 0.0, 1.0, 1.0, 1.0, 1.0, 0.0, 3.0, 0.0, 15.0, 0.0, 0.0, 11.0, 4.0, 5.0, 53124], [53125, 1.0, 1.0, 1.0, 28.0, 0.0, 1.0, 1.0, 1.0, 1.0, 1.0, 0.0, 1.0, 0.0, 4.0, 0.0, 1.0, 1.0, 0.0, 13.0, 6.0, 3.0, 53125], [53126, 1.0, 0.0, 1.0, 37.0, 1.0, 0.0, 0.0, 0.0, 0.0, 0.0, 0.0, 1.0, 0.0, 5.0, 0.0, 15.0, 0.0, 1.0, 10.0, 5.0, 8.0, 53126]]}}","{""predictions"": [1.0, 1.0, 1.0, 1.0, 1.0, 1.0, 1.0, 1.0, 1.0, 1.0]}",1,"{""model_name"":""labuser70609094f_monitor_demo4f.default.diabetes_model"",""endpoint_name"":""labuser70609094f_endpoint"",""model_version"":""1""}"
null,ce46a991-066d-4ee7-8740-0561e17b458a,2024-07-08,1720444904321,200,4,"{""dataframe_split"": {""index"": [20660, 20661, 20662, 20663, 20664, 20665, 20666, 20667, 20668, 20669], ""columns"": [""index"", ""HighBP"", ""HighChol"", ""CholCheck"", ""BMI"", ""Smoker"", ""Stroke"", ""HeartDiseaseorAttack"", ""PhysActivity"", ""Fruits"", ""Veggies"", ""HvyAlcoholConsump"", ""AnyHealthcare"", ""NoDocbcCost"", ""GenHlth"", ""MentHlth"", ""PhysHlth"", ""DiffWalk"", ""Sex"", ""Age"", ""Education"", ""Income"", ""id""], ""data"": [[53223, 1.0, 0.0, 1.0, 31.0, 1.0, 0.0, 0.0, 1.0, 1.0, 1.0, 0.0, 1.0, 0.0, 3.0, 30.0, 10.0, 0.0, 1.0, 10.0, 6.0, 7.0, 53223], [53224, 1.0, 0.0, 1.0, 38.0, 1.0, 0.0, 1.0, 0.0, 1.0, 1.0, 0.0, 1.0, 0.0, 4.0, 0.0, 30.0, 1.0, 0.0, 12.0, 6.0, 5.0, 53224], [53225, 1.0, 1.0, 1.0, 32.0, 1.0, 0.0, 0.0, 1.0, 1.0, 1.0, 0.0, 1.0, 0.0, 3.0, 0.0, 0.0, 1.0, 1.0, 11.0, 6.0, 6.0, 53225], [53230, 1.0, 0.0, 1.0, 24.0, 1.0, 0.0, 1.0, 1.0, 1.0, 1.0, 0.0, 1.0, 0.0, 5.0, 0.0, 30.0, 0.0, 1.0, 13.0, 4.0, 4.0, 53230], [53232, 1.0, 0.0, 1.0, 27.0, 0.0, 0.0, 0.0, 0.0, 1.0, 1.0, 0.0, 1.0, 0.0, 4.0, 0.0, 0.0, 1.0, 0.0, 10.0, 5.0, 3.0, 53232], [53234, 1.0, 1.0, 1.0, 27.0, 1.0, 0.0, 0.0, 1.0, 1.0, 0.0, 0.0, 1.0, 1.0, 3.0, 10.0, 15.0, 0.0, 1.0, 11.0, 4.0, 2.0, 53234], [53236, 1.0, 1.0, 1.0, 26.0, 0.0, 0.0, 0.0, 0.0, 1.0, 1.0, 0.0, 1.0, 0.0, 2.0, 0.0, 0.0, 0.0, 0.0, 11.0, 4.0, 4.0, 53236], [53237, 1.0, 1.0, 1.0, 34.0, 1.0, 0.0, 1.0, 1.0, 1.0, 1.0, 0.0, 1.0, 0.0, 2.0, 0.0, 0.0, 0.0, 1.0, 10.0, 5.0, 7.0, 53237], [53238, 1.0, 1.0, 1.0, 40.0, 1.0, 0.0, 1.0, 1.0, 0.0, 1.0, 0.0, 1.0, 0.0, 3.0, 0.0, 0.0, 0.0, 1.0, 12.0, 5.0, 6.0, 53238], [53239, 0.0, 0.0, 1.0, 27.0, 0.0, 0.0, 0.0, 1.0, 1.0, 1.0, 0.0, 1.0, 0.0, 2.0, 0.0, 0.0, 0.0, 0.0, 13.0, 5.0, 4.0, 53239]]}}","{""predictions"": [0.0, 1.0, 1.0, 0.0, 0.0, 1.0, 0.0, 0.0, 1.0, 0.0]}",1,"{""model_name"":""labuser70609094f_monitor_demo4f.default.diabetes_model"",""endpoint_name"":""labuser70609094f_endpoint"",""model_version"":""1""}"
null,4b2e80eb-5517-4649-a19d-df3da9053f7c,2024-07-08,1720444904383,200,7,"{""dataframe_split"": {""index"": [20680, 20681, 20682, 20683, 20684, 20685, 20686, 20687, 20688, 20689], ""columns"": [""index"", ""HighBP"", ""HighChol"", ""CholCheck"", ""BMI"", ""Smoker"", ""Stroke"", ""HeartDiseaseorAttack"", ""PhysActivity"", ""Fruits"", ""Veggies"", ""HvyAlcoholConsump"", ""AnyHealthcare"", ""NoDocbcCost"", ""GenHlth"", ""MentHlth"", ""PhysHlth"", ""DiffWalk"", ""Sex"", ""Age"", ""Education"", ""Income"", ""id""], ""data"": [[53258, 1.0, 0.0, 1.0, 31.0, 1.0, 1.0, 0.0, 0.0, 1.0, 1.0, 0.0, 1.0, 0.0, 4.0, 0.0, 0.0, 0.0, 1.0, 13.0, 2.0, 3.0, 53258], [53260, 1.0, 1.0, 1.0, 30.0, 1.0, 0.0, 0.0, 0.0, 1.0, 1.0, 0.0, 1.0, 0.0, 3.0, 0.0, 0.0, 0.0, 1.0, 11.0, 5.0, 6.0, 53260], [53261, 1.0, 1.0, 1.0, 21.0, 0.0, 0.0, 1.0, 1.0, 1.0, 1.0, 0.0, 1.0, 0.0, 3.0, 0.0, 30.0, 0.0, 0.0, 10.0, 5.0, 5.0, 53261], [53262, 1.0, 1.0, 1.0, 37.0, 1.0, 0.0, 0.0, 0.0, 1.0, 1.0, 0.0, 1.0, 0.0, 3.0, 15.0, 0.0, 0.0, 0.0, 10.0, 5.0, 5.0, 53262], [53264, 0.0, 1.0, 1.0, 26.0, 0.0, 0.0, 0.0, 1.0, 1.0, 1.0, 0.0, 1.0, 0.0, 1.0, 0.0, 0.0, 0.0, 1.0, 11.0, 5.0, 2.0, 53264], [53267, 0.0, 1.0, 1.0, 24.0, 1.0, 0.0, 1.0, 1.0, 1.0, 1.0, 0.0, 1.0, 0.0, 3.0, 0.0, 0.0, 0.0, 0.0, 13.0, 5.0, 3.0, 53267], [53268, 1.0, 1.0, 1.0, 31.0, 1.0, 0.0, 0.0, 0.0, 0.0, 0.0, 0.0, 1.0, 0.0, 4.0, 0.0, 0.0, 0.0, 1.0, 10.0, 5.0, 3.0, 53268], [53273, 1.0, 1.0, 1.0, 34.0, 1.0, 0.0, 0.0, 0.0, 1.0, 1.0, 0.0, 1.0, 0.0, 4.0, 0.0, 15.0, 1.0, 1.0, 11.0, 5.0, 5.0, 53273], [53274, 1.0, 1.0, 1.0, 38.0, 1.0, 0.0, 0.0, 0.0, 0.0, 0.0, 0.0, 1.0, 0.0, 3.0, 0.0, 10.0, 1.0, 1.0, 10.0, 5.0, 3.0, 53274], [53275, 1.0, 0.0, 1.0, 36.0, 1.0, 0.0, 0.0, 1.0, 1.0, 1.0, 0.0, 1.0, 1.0, 3.0, 30.0, 5.0, 0.0, 1.0, 10.0, 5.0, 7.0, 53275]]}}","{""predictions"": [1.0, 1.0, 1.0, 1.0, 1.0, 1.0, 0.0, 1.0, 0.0, 1.0]}",1,"{""model_name"":""labuser70609094f_monitor_demo4f.default.diabetes_model"",""endpoint_name"":""labuser70609094f_endpoint"",""model_version"":""1""}"
null,9dd4747f-fc06-4cfb-90d6-47771248d1aa,2024-07-08,1720444904412,200,4,"{""dataframe_split"": {""index"": [20690, 20691, 20692, 20693, 20694, 20695, 20696, 20697, 20698, 20699], ""columns"": [""index"", ""HighBP"", ""HighChol"", ""CholCheck"", ""BMI"", ""Smoker"", ""Stroke"", ""HeartDiseaseorAttack"", ""PhysActivity"", ""Fruits"", ""Veggies"", ""HvyAlcoholConsump"", ""AnyHealthcare"", ""NoDocbcCost"", ""GenHlth"", ""MentHlth"", ""PhysHlth"", ""DiffWalk"", ""Sex"", ""Age"", ""Education"", ""Income"", ""id""], ""data"": [[53277, 1.0, 1.0, 1.0, 31.0, 0.0, 0.0, 0.0, 1.0, 1.0, 1.0, 0.0, 1.0, 0.0, 4.0, 0.0, 0.0, 0.0, 0.0, 11.0, 6.0, 6.0, 53277], [53280, 1.0, 1.0, 1.0, 30.0, 0.0, 0.0, 0.0, 0.0, 1.0, 1.0, 0.0, 1.0, 0.0, 5.0, 30.0, 30.0, 0.0, 0.0, 10.0, 4.0, 1.0, 53280], [53281, 0.0, 1.0, 1.0, 28.0, 1.0, 0.0, 0.0, 1.0, 1.0, 1.0, 0.0, 1.0, 0.0, 3.0, 0.0, 0.0, 0.0, 1.0, 12.0, 6.0, 7.0, 53281], [53282, 1.0, 0.0, 1.0, 30.0, 0.0, 0.0, 0.0, 1.0, 1.0, 1.0, 0.0, 1.0, 0.0, 2.0, 0.0, 0.0, 0.0, 1.0, 10.0, 6.0, 8.0, 53282], [53283, 1.0, 0.0, 1.0, 34.0, 1.0, 0.0, 0.0, 1.0, 1.0, 1.0, 0.0, 1.0, 0.0, 3.0, 0.0, 0.0, 0.0, 1.0, 11.0, 6.0, 5.0, 53283], [53284, 1.0, 0.0, 1.0, 36.0, 0.0, 0.0, 0.0, 1.0, 0.0, 1.0, 0.0, 1.0, 0.0, 4.0, 0.0, 0.0, 0.0, 1.0, 10.0, 4.0, 5.0, 53284], [53285, 0.0, 1.0, 1.0, 29.0, 1.0, 0.0, 0.0, 0.0, 1.0, 1.0, 0.0, 1.0, 0.0, 2.0, 0.0, 0.0, 1.0, 0.0, 12.0, 5.0, 8.0, 53285], [53287, 0.0, 1.0, 1.0, 35.0, 1.0, 0.0, 0.0, 1.0, 1.0, 0.0, 0.0, 1.0, 0.0, 3.0, 0.0, 0.0, 0.0, 0.0, 11.0, 5.0, 2.0, 53287], [53288, 1.0, 1.0, 1.0, 34.0, 1.0, 0.0, 0.0, 1.0, 0.0, 1.0, 0.0, 1.0, 0.0, 4.0, 0.0, 28.0, 1.0, 1.0, 11.0, 4.0, 5.0, 53288], [53289, 1.0, 1.0, 1.0, 29.0, 0.0, 0.0, 0.0, 0.0, 0.0, 0.0, 0.0, 1.0, 0.0, 2.0, 0.0, 0.0, 1.0, 0.0, 13.0, 6.0, 5.0, 53289]]}}","{""predictions"": [1.0, 0.0, 1.0, 0.0, 1.0, 0.0, 1.0, 1.0, 0.0, 0.0]}",1,"{""model_name"":""labuser70609094f_monitor_demo4f.default.diabetes_model"",""endpoint_name"":""labuser70609094f_endpoint"",""model_version"":""1""}"
null,7ef2ca00-4840-427b-ae28-9b68ca4fc29e,2024-07-08,1720444904471,200,5,"{""dataframe_split"": {""index"": [20710, 20711, 20712, 20713, 20714, 20715, 20716, 20717, 20718, 20719], ""columns"": [""index"", ""HighBP"", ""HighChol"", ""CholCheck"", ""BMI"", ""Smoker"", ""Stroke"", ""HeartDiseaseorAttack"", ""PhysActivity"", ""Fruits"", ""Veggies"", ""HvyAlcoholConsump"", ""AnyHealthcare"", ""NoDocbcCost"", ""GenHlth"", ""MentHlth"", ""PhysHlth"", ""DiffWalk"", ""Sex"", ""Age"", ""Education"", ""Income"", ""id""], ""data"": [[53310, 1.0, 0.0, 1.0, 22.0, 0.0, 0.0, 0.0, 1.0, 1.0, 1.0, 0.0, 1.0, 0.0, 2.0, 0.0, 0.0, 0.0, 0.0, 12.0, 5.0, 7.0, 53310], [53311, 0.0, 0.0, 1.0, 26.0, 0.0, 0.0, 0.0, 1.0, 0.0, 1.0, 0.0, 1.0, 0.0, 2.0, 0.0, 10.0, 0.0, 0.0, 13.0, 4.0, 4.0, 53311], [53312, 1.0, 1.0, 1.0, 29.0, 1.0, 0.0, 0.0, 0.0, 0.0, 0.0, 0.0, 1.0, 0.0, 3.0, 0.0, 5.0, 1.0, 1.0, 10.0, 4.0, 3.0, 53312], [53313, 0.0, 0.0, 1.0, 24.0, 1.0, 0.0, 0.0, 0.0, 1.0, 1.0, 0.0, 1.0, 0.0, 3.0, 0.0, 0.0, 1.0, 1.0, 11.0, 4.0, 2.0, 53313], [53314, 1.0, 1.0, 1.0, 27.0, 1.0, 0.0, 0.0, 1.0, 1.0, 1.0, 0.0, 1.0, 0.0, 2.0, 0.0, 0.0, 1.0, 0.0, 10.0, 5.0, 7.0, 53314], [53315, 1.0, 1.0, 1.0, 32.0, 1.0, 0.0, 0.0, 0.0, 0.0, 1.0, 0.0, 1.0, 0.0, 2.0, 3.0, 3.0, 0.0, 1.0, 10.0, 6.0, 5.0, 53315], [53316, 1.0, 1.0, 1.0, 27.0, 1.0, 1.0, 1.0, 1.0, 0.0, 1.0, 0.0, 1.0, 0.0, 4.0, 0.0, 0.0, 1.0, 1.0, 10.0, 5.0, 4.0, 53316], [53317, 0.0, 1.0, 1.0, 28.0, 1.0, 0.0, 1.0, 0.0, 0.0, 1.0, 0.0, 1.0, 0.0, 2.0, 0.0, 0.0, 0.0, 1.0, 10.0, 4.0, 7.0, 53317], [53318, 1.0, 1.0, 1.0, 29.0, 0.0, 0.0, 0.0, 1.0, 0.0, 0.0, 0.0, 1.0, 0.0, 4.0, 2.0, 30.0, 1.0, 0.0, 10.0, 5.0, 2.0, 53318], [53319, 1.0, 0.0, 1.0, 25.0, 0.0, 0.0, 0.0, 1.0, 1.0, 1.0, 0.0, 1.0, 0.0, 3.0, 0.0, 0.0, 0.0, 0.0, 12.0, 6.0, 8.0, 53319]]}}","{""predictions"": [1.0, 0.0, 0.0, 0.0, 1.0, 1.0, 0.0, 1.0, 1.0, 0.0]}",1,"{""model_name"":""labuser70609094f_monitor_demo4f.default.diabetes_model"",""endpoint_name"":""labuser70609094f_endpoint"",""model_version"":""1""}"
null,2d453499-3090-4ed2-8c7e-1081a99308f7,2024-07-08,1720444904726,200,4,"{""dataframe_split"": {""index"": [20800, 20801, 20802, 20803, 20804, 20805, 20806, 20807, 20808, 20809], ""columns"": [""index"", ""HighBP"", ""HighChol"", ""CholCheck"", ""BMI"", ""Smoker"", ""Stroke"", ""HeartDiseaseorAttack"", ""PhysActivity"", ""Fruits"", ""Veggies"", ""HvyAlcoholConsump"", ""AnyHealthcare"", ""NoDocbcCost"", ""GenHlth"", ""MentHlth"", ""PhysHlth"", ""DiffWalk"", ""Sex"", ""Age"", ""Education"", ""Income"", ""id""], ""data"": [[53465, 0.0, 0.0, 1.0, 31.0, 0.0, 0.0, 1.0, 1.0, 0.0, 1.0, 0.0, 1.0, 0.0, 3.0, 0.0, 0.0, 0.0, 1.0, 10.0, 6.0, 7.0, 53465], [53467, 1.0, 0.0, 1.0, 26.0, 0.0, 0.0, 1.0, 0.0, 1.0, 0.0, 0.0, 1.0, 0.0, 5.0, 0.0, 30.0, 1.0, 0.0, 13.0, 4.0, 5.0, 53467], [53473, 1.0, 0.0, 1.0, 24.0, 1.0, 0.0, 0.0, 0.0, 1.0, 0.0, 0.0, 1.0, 0.0, 4.0, 30.0, 30.0, 0.0, 0.0, 13.0, 6.0, 8.0, 53473], [53474, 1.0, 1.0, 1.0, 42.0, 0.0, 0.0, 0.0, 1.0, 0.0, 1.0, 0.0, 1.0, 0.0, 4.0, 10.0, 0.0, 1.0, 0.0, 10.0, 6.0, 6.0, 53474], [53477, 1.0, 0.0, 1.0, 27.0, 1.0, 0.0, 0.0, 1.0, 1.0, 1.0, 0.0, 1.0, 0.0, 1.0, 0.0, 0.0, 0.0, 1.0, 10.0, 5.0, 7.0, 53477], [53480, 1.0, 1.0, 1.0, 27.0, 0.0, 0.0, 0.0, 1.0, 1.0, 0.0, 0.0, 1.0, 0.0, 3.0, 10.0, 0.0, 0.0, 0.0, 12.0, 5.0, 3.0, 53480], [53482, 0.0, 0.0, 1.0, 34.0, 1.0, 1.0, 1.0, 0.0, 1.0, 0.0, 0.0, 1.0, 0.0, 5.0, 0.0, 29.0, 0.0, 0.0, 11.0, 3.0, 3.0, 53482], [53484, 0.0, 1.0, 1.0, 30.0, 0.0, 0.0, 0.0, 1.0, 0.0, 0.0, 0.0, 1.0, 0.0, 3.0, 0.0, 10.0, 1.0, 1.0, 11.0, 6.0, 6.0, 53484], [53485, 1.0, 1.0, 1.0, 28.0, 1.0, 0.0, 0.0, 1.0, 0.0, 1.0, 0.0, 1.0, 0.0, 4.0, 0.0, 0.0, 0.0, 1.0, 10.0, 3.0, 5.0, 53485], [53486, 1.0, 0.0, 1.0, 34.0, 1.0, 0.0, 0.0, 0.0, 1.0, 1.0, 0.0, 1.0, 0.0, 3.0, 0.0, 0.0, 0.0, 1.0, 10.0, 5.0, 8.0, 53486]]}}","{""predictions"": [0.0, 0.0, 0.0, 1.0, 1.0, 1.0, 0.0, 0.0, 1.0, 1.0]}",1,"{""model_name"":""labuser70609094f_monitor_demo4f.default.diabetes_model"",""endpoint_name"":""labuser70609094f_endpoint"",""model_version"":""1""}"
null,f6ae997d-51da-47c1-8e8c-c267f4280830,2024-07-08,1720444905647,200,4,"{""dataframe_split"": {""index"": [21120, 21121, 21122, 21123, 21124, 21125, 21126, 21127, 21128, 21129], ""columns"": [""index"", ""HighBP"", ""HighChol"", ""CholCheck"", ""BMI"", ""Smoker"", ""Stroke"", ""HeartDiseaseorAttack"", ""PhysActivity"", ""Fruits"", ""Veggies"", ""HvyAlcoholConsump"", ""AnyHealthcare"", ""NoDocbcCost"", ""GenHlth"", ""MentHlth"", ""PhysHlth"", ""DiffWalk"", ""Sex"", ""Age"", ""Education"", ""Income"", ""id""], ""data"": [[53989, 1.0, 1.0, 1.0, 27.0, 0.0, 0.0, 0.0, 1.0, 0.0, 0.0, 0.0, 1.0, 0.0, 4.0, 0.0, 7.0, 0.0, 1.0, 12.0, 4.0, 3.0, 53989], [53992, 1.0, 1.0, 1.0, 29.0, 0.0, 0.0, 1.0, 1.0, 1.0, 1.0, 0.0, 1.0, 0.0, 5.0, 5.0, 25.0, 0.0, 0.0, 13.0, 4.0, 5.0, 53992], [53997, 1.0, 1.0, 0.0, 32.0, 1.0, 0.0, 1.0, 1.0, 0.0, 0.0, 0.0, 1.0, 0.0, 4.0, 2.0, 8.0, 1.0, 0.0, 10.0, 6.0, 2.0, 53997], [53999, 1.0, 1.0, 1.0, 42.0, 1.0, 0.0, 1.0, 1.0, 1.0, 1.0, 0.0, 1.0, 0.0, 2.0, 0.0, 20.0, 1.0, 1.0, 11.0, 4.0, 4.0, 53999], [54000, 1.0, 1.0, 1.0, 34.0, 1.0, 0.0, 0.0, 0.0, 1.0, 1.0, 0.0, 1.0, 0.0, 4.0, 0.0, 14.0, 1.0, 0.0, 12.0, 4.0, 3.0, 54000], [54001, 1.0, 1.0, 1.0, 29.0, 0.0, 0.0, 0.0, 0.0, 1.0, 1.0, 0.0, 1.0, 0.0, 5.0, 4.0, 25.0, 1.0, 0.0, 13.0, 4.0, 5.0, 54001], [54005, 1.0, 0.0, 1.0, 23.0, 0.0, 0.0, 0.0, 0.0, 1.0, 0.0, 0.0, 1.0, 0.0, 4.0, 0.0, 30.0, 1.0, 0.0, 11.0, 5.0, 1.0, 54005], [54008, 1.0, 1.0, 1.0, 28.0, 0.0, 0.0, 0.0, 0.0, 1.0, 1.0, 0.0, 1.0, 0.0, 3.0, 0.0, 3.0, 0.0, 0.0, 12.0, 4.0, 2.0, 54008], [54011, 0.0, 1.0, 1.0, 26.0, 1.0, 0.0, 0.0, 1.0, 1.0, 1.0, 0.0, 1.0, 0.0, 3.0, 0.0, 0.0, 0.0, 1.0, 10.0, 4.0, 8.0, 54011], [54012, 0.0, 0.0, 1.0, 25.0, 1.0, 0.0, 0.0, 0.0, 1.0, 0.0, 0.0, 1.0, 0.0, 5.0, 3.0, 30.0, 1.0, 0.0, 13.0, 4.0, 2.0, 54012]]}}","{""predictions"": [1.0, 1.0, 1.0, 1.0, 1.0, 1.0, 0.0, 1.0, 0.0, 1.0]}",1,"{""model_name"":""labuser70609094f_monitor_demo4f.default.diabetes_model"",""endpoint_name"":""labuser70609094f_endpoint"",""model_version"":""1""}"
null,c2ca447e-64e1-4bae-b738-343909bd6e74,2024-07-08,1720444905701,200,4,"{""dataframe_split"": {""index"": [21140, 21141, 21142, 21143, 21144, 21145, 21146, 21147, 21148, 21149], ""columns"": [""index"", ""HighBP"", ""HighChol"", ""CholCheck"", ""BMI"", ""Smoker"", ""Stroke"", ""HeartDiseaseorAttack"", ""PhysActivity"", ""Fruits"", ""Veggies"", ""HvyAlcoholConsump"", ""AnyHealthcare"", ""NoDocbcCost"", ""GenHlth"", ""MentHlth"", ""PhysHlth"", ""DiffWalk"", ""Sex"", ""Age"", ""Education"", ""Income"", ""id""], ""data"": [[54033, 0.0, 0.0, 0.0, 26.0, 1.0, 0.0, 0.0, 0.0, 1.0, 1.0, 0.0, 1.0, 0.0, 4.0, 0.0, 2.0, 0.0, 0.0, 13.0, 6.0, 6.0, 54033], [54035, 1.0, 0.0, 1.0, 28.0, 0.0, 0.0, 0.0, 0.0, 1.0, 1.0, 0.0, 1.0, 0.0, 3.0, 0.0, 10.0, 0.0, 0.0, 13.0, 4.0, 5.0, 54035], [54036, 1.0, 0.0, 1.0, 34.0, 1.0, 0.0, 0.0, 1.0, 1.0, 1.0, 0.0, 1.0, 0.0, 4.0, 0.0, 0.0, 1.0, 0.0, 11.0, 4.0, 5.0, 54036], [54037, 0.0, 0.0, 1.0, 35.0, 0.0, 0.0, 1.0, 1.0, 0.0, 1.0, 0.0, 1.0, 0.0, 3.0, 0.0, 0.0, 0.0, 1.0, 10.0, 4.0, 5.0, 54037], [54038, 0.0, 0.0, 1.0, 34.0, 1.0, 0.0, 0.0, 1.0, 1.0, 0.0, 0.0, 1.0, 0.0, 3.0, 0.0, 7.0, 0.0, 1.0, 10.0, 4.0, 4.0, 54038], [54039, 1.0, 1.0, 1.0, 34.0, 0.0, 0.0, 0.0, 1.0, 0.0, 1.0, 0.0, 1.0, 0.0, 3.0, 0.0, 15.0, 0.0, 0.0, 12.0, 6.0, 8.0, 54039], [54040, 1.0, 1.0, 1.0, 45.0, 0.0, 0.0, 0.0, 0.0, 0.0, 0.0, 0.0, 1.0, 0.0, 5.0, 0.0, 30.0, 1.0, 0.0, 11.0, 4.0, 6.0, 54040], [54041, 1.0, 1.0, 1.0, 25.0, 1.0, 1.0, 1.0, 0.0, 1.0, 1.0, 0.0, 1.0, 0.0, 2.0, 2.0, 30.0, 1.0, 1.0, 10.0, 4.0, 4.0, 54041], [54042, 1.0, 1.0, 1.0, 45.0, 1.0, 0.0, 0.0, 1.0, 1.0, 1.0, 0.0, 1.0, 0.0, 2.0, 0.0, 0.0, 1.0, 0.0, 12.0, 6.0, 5.0, 54042], [54043, 1.0, 1.0, 1.0, 27.0, 0.0, 0.0, 0.0, 0.0, 0.0, 1.0, 0.0, 1.0, 0.0, 3.0, 0.0, 0.0, 0.0, 1.0, 11.0, 4.0, 7.0, 54043]]}}","{""predictions"": [1.0, 0.0, 1.0, 1.0, 1.0, 0.0, 1.0, 1.0, 0.0, 1.0]}",1,"{""model_name"":""labuser70609094f_monitor_demo4f.default.diabetes_model"",""endpoint_name"":""labuser70609094f_endpoint"",""model_version"":""1""}"
null,0d8dfce0-0f3b-4ef6-997a-4aba9f1dc07b,2024-07-08,1720444905731,200,4,"{""dataframe_split"": {""index"": [21150, 21151, 21152, 21153, 21154, 21155, 21156, 21157, 21158, 21159], ""columns"": [""index"", ""HighBP"", ""HighChol"", ""CholCheck"", ""BMI"", ""Smoker"", ""Stroke"", ""HeartDiseaseorAttack"", ""PhysActivity"", ""Fruits"", ""Veggies"", ""HvyAlcoholConsump"", ""AnyHealthcare"", ""NoDocbcCost"", ""GenHlth"", ""MentHlth"", ""PhysHlth"", ""DiffWalk"", ""Sex"", ""Age"", ""Education"", ""Income"", ""id""], ""data"": [[54046, 1.0, 1.0, 1.0, 22.0, 0.0, 0.0, 0.0, 1.0, 1.0, 1.0, 0.0, 1.0, 0.0, 3.0, 30.0, 0.0, 0.0, 0.0, 12.0, 5.0, 6.0, 54046], [54047, 1.0, 0.0, 1.0, 38.0, 1.0, 0.0, 0.0, 1.0, 1.0, 1.0, 0.0, 1.0, 1.0, 2.0, 0.0, 0.0, 0.0, 1.0, 10.0, 5.0, 6.0, 54047], [54048, 1.0, 0.0, 1.0, 27.0, 0.0, 0.0, 0.0, 1.0, 1.0, 1.0, 0.0, 1.0, 0.0, 3.0, 0.0, 0.0, 0.0, 1.0, 13.0, 6.0, 8.0, 54048], [54049, 1.0, 1.0, 1.0, 33.0, 0.0, 0.0, 1.0, 1.0, 1.0, 0.0, 0.0, 1.0, 0.0, 4.0, 10.0, 8.0, 1.0, 0.0, 12.0, 5.0, 2.0, 54049], [54050, 1.0, 1.0, 1.0, 34.0, 0.0, 0.0, 0.0, 0.0, 1.0, 1.0, 0.0, 1.0, 0.0, 2.0, 0.0, 0.0, 0.0, 0.0, 10.0, 6.0, 7.0, 54050], [54051, 0.0, 0.0, 1.0, 29.0, 0.0, 0.0, 0.0, 1.0, 1.0, 1.0, 0.0, 1.0, 0.0, 3.0, 0.0, 0.0, 0.0, 0.0, 11.0, 4.0, 6.0, 54051], [54052, 1.0, 1.0, 1.0, 24.0, 1.0, 0.0, 0.0, 0.0, 0.0, 1.0, 0.0, 1.0, 0.0, 5.0, 0.0, 15.0, 0.0, 1.0, 13.0, 4.0, 6.0, 54052], [54053, 1.0, 0.0, 1.0, 20.0, 0.0, 0.0, 0.0, 1.0, 0.0, 0.0, 0.0, 1.0, 0.0, 2.0, 0.0, 2.0, 0.0, 0.0, 11.0, 4.0, 7.0, 54053], [54054, 1.0, 0.0, 1.0, 23.0, 0.0, 0.0, 1.0, 1.0, 1.0, 1.0, 0.0, 1.0, 0.0, 3.0, 0.0, 0.0, 1.0, 0.0, 13.0, 3.0, 4.0, 54054], [54055, 1.0, 1.0, 1.0, 21.0, 1.0, 0.0, 1.0, 1.0, 0.0, 0.0, 0.0, 1.0, 0.0, 2.0, 0.0, 0.0, 0.0, 1.0, 11.0, 5.0, 8.0, 54055]]}}","{""predictions"": [1.0, 1.0, 1.0, 1.0, 1.0, 0.0, 1.0, 0.0, 1.0, 1.0]}",1,"{""model_name"":""labuser70609094f_monitor_demo4f.default.diabetes_model"",""endpoint_name"":""labuser70609094f_endpoint"",""model_version"":""1""}"
null,af0008cc-0e2f-46be-b113-e12e80256e16,2024-07-08,1720444905758,200,4,"{""dataframe_split"": {""index"": [21160, 21161, 21162, 21163, 21164, 21165, 21166, 21167, 21168, 21169], ""columns"": [""index"", ""HighBP"", ""HighChol"", ""CholCheck"", ""BMI"", ""Smoker"", ""Stroke"", ""HeartDiseaseorAttack"", ""PhysActivity"", ""Fruits"", ""Veggies"", ""HvyAlcoholConsump"", ""AnyHealthcare"", ""NoDocbcCost"", ""GenHlth"", ""MentHlth"", ""PhysHlth"", ""DiffWalk"", ""Sex"", ""Age"", ""Education"", ""Income"", ""id""], ""data"": [[54056, 1.0, 1.0, 1.0, 44.0, 1.0, 0.0, 0.0, 1.0, 1.0, 1.0, 1.0, 1.0, 0.0, 2.0, 0.0, 0.0, 1.0, 1.0, 12.0, 3.0, 7.0, 54056], [54059, 1.0, 1.0, 1.0, 27.0, 1.0, 0.0, 0.0, 1.0, 0.0, 0.0, 0.0, 1.0, 0.0, 3.0, 0.0, 0.0, 0.0, 1.0, 12.0, 4.0, 6.0, 54059], [54061, 1.0, 0.0, 1.0, 42.0, 1.0, 0.0, 0.0, 1.0, 1.0, 1.0, 0.0, 1.0, 0.0, 4.0, 0.0, 30.0, 1.0, 1.0, 10.0, 5.0, 8.0, 54061], [54063, 0.0, 0.0, 1.0, 31.0, 0.0, 0.0, 0.0, 1.0, 0.0, 0.0, 0.0, 1.0, 0.0, 3.0, 0.0, 1.0, 0.0, 1.0, 10.0, 4.0, 7.0, 54063], [54064, 1.0, 0.0, 1.0, 36.0, 1.0, 0.0, 1.0, 1.0, 1.0, 1.0, 0.0, 1.0, 0.0, 3.0, 0.0, 0.0, 0.0, 1.0, 12.0, 3.0, 6.0, 54064], [54066, 1.0, 1.0, 1.0, 31.0, 0.0, 1.0, 1.0, 1.0, 1.0, 0.0, 0.0, 1.0, 0.0, 4.0, 0.0, 0.0, 1.0, 1.0, 12.0, 6.0, 6.0, 54066], [54067, 0.0, 1.0, 1.0, 43.0, 1.0, 0.0, 0.0, 1.0, 1.0, 1.0, 0.0, 1.0, 0.0, 3.0, 0.0, 0.0, 0.0, 1.0, 10.0, 4.0, 6.0, 54067], [54071, 1.0, 1.0, 1.0, 28.0, 1.0, 0.0, 0.0, 0.0, 1.0, 0.0, 0.0, 1.0, 0.0, 5.0, 0.0, 3.0, 0.0, 1.0, 13.0, 4.0, 3.0, 54071], [54073, 0.0, 1.0, 1.0, 28.0, 0.0, 1.0, 0.0, 1.0, 1.0, 1.0, 0.0, 1.0, 0.0, 3.0, 0.0, 0.0, 0.0, 0.0, 12.0, 4.0, 6.0, 54073], [54074, 1.0, 1.0, 1.0, 35.0, 0.0, 0.0, 0.0, 1.0, 1.0, 1.0, 0.0, 1.0, 0.0, 3.0, 0.0, 1.0, 1.0, 1.0, 10.0, 4.0, 4.0, 54074]]}}","{""predictions"": [0.0, 1.0, 1.0, 1.0, 1.0, 1.0, 0.0, 1.0, 0.0, 1.0]}",1,"{""model_name"":""labuser70609094f_monitor_demo4f.default.diabetes_model"",""endpoint_name"":""labuser70609094f_endpoint"",""model_version"":""1""}"
null,42b232b7-de14-42cc-b29c-a41d9d622852,2024-07-08,1720444905787,200,4,"{""dataframe_split"": {""index"": [21170, 21171, 21172, 21173, 21174, 21175, 21176, 21177, 21178, 21179], ""columns"": [""index"", ""HighBP"", ""HighChol"", ""CholCheck"", ""BMI"", ""Smoker"", ""Stroke"", ""HeartDiseaseorAttack"", ""PhysActivity"", ""Fruits"", ""Veggies"", ""HvyAlcoholConsump"", ""AnyHealthcare"", ""NoDocbcCost"", ""GenHlth"", ""MentHlth"", ""PhysHlth"", ""DiffWalk"", ""Sex"", ""Age"", ""Education"", ""Income"", ""id""], ""data"": [[54075, 1.0, 1.0, 1.0, 29.0, 0.0, 0.0, 0.0, 1.0, 1.0, 1.0, 0.0, 1.0, 0.0, 4.0, 30.0, 0.0, 0.0, 1.0, 12.0, 3.0, 2.0, 54075], [54077, 1.0, 1.0, 1.0, 33.0, 1.0, 0.0, 1.0, 1.0, 1.0, 1.0, 0.0, 1.0, 0.0, 4.0, 0.0, 0.0, 1.0, 1.0, 13.0, 2.0, 4.0, 54077], [54078, 1.0, 1.0, 1.0, 27.0, 0.0, 0.0, 0.0, 0.0, 1.0, 1.0, 0.0, 1.0, 0.0, 4.0, 0.0, 5.0, 1.0, 0.0, 13.0, 4.0, 4.0, 54078], [54080, 1.0, 0.0, 1.0, 36.0, 0.0, 0.0, 0.0, 1.0, 1.0, 1.0, 0.0, 1.0, 0.0, 3.0, 0.0, 2.0, 1.0, 0.0, 12.0, 5.0, 3.0, 54080], [54081, 1.0, 1.0, 1.0, 30.0, 1.0, 0.0, 0.0, 1.0, 1.0, 1.0, 1.0, 1.0, 0.0, 2.0, 0.0, 0.0, 0.0, 1.0, 11.0, 4.0, 6.0, 54081], [54082, 1.0, 0.0, 1.0, 33.0, 0.0, 0.0, 0.0, 1.0, 1.0, 0.0, 0.0, 1.0, 0.0, 4.0, 30.0, 20.0, 1.0, 1.0, 10.0, 4.0, 4.0, 54082], [54083, 1.0, 1.0, 1.0, 27.0, 1.0, 0.0, 1.0, 1.0, 0.0, 1.0, 0.0, 1.0, 0.0, 2.0, 0.0, 5.0, 0.0, 1.0, 10.0, 5.0, 8.0, 54083], [54086, 0.0, 1.0, 1.0, 29.0, 1.0, 0.0, 0.0, 0.0, 0.0, 1.0, 0.0, 1.0, 0.0, 4.0, 0.0, 30.0, 1.0, 1.0, 10.0, 6.0, 7.0, 54086], [54087, 1.0, 1.0, 1.0, 27.0, 0.0, 0.0, 0.0, 1.0, 1.0, 1.0, 0.0, 1.0, 0.0, 2.0, 0.0, 0.0, 0.0, 0.0, 12.0, 4.0, 8.0, 54087], [54089, 1.0, 1.0, 1.0, 31.0, 1.0, 0.0, 0.0, 1.0, 0.0, 1.0, 0.0, 1.0, 0.0, 1.0, 0.0, 0.0, 0.0, 1.0, 10.0, 6.0, 8.0, 54089]]}}","{""predictions"": [1.0, 0.0, 1.0, 1.0, 1.0, 0.0, 1.0, 1.0, 0.0, 0.0]}",1,"{""model_name"":""labuser70609094f_monitor_demo4f.default.diabetes_model"",""endpoint_name"":""labuser70609094f_endpoint"",""model_version"":""1""}"
null,d0a06284-cb85-4b67-b7fa-d068de9e3d85,2024-07-08,1720444905983,200,4,"{""dataframe_split"": {""index"": [21240, 21241, 21242, 21243, 21244, 21245, 21246, 21247, 21248, 21249], ""columns"": [""index"", ""HighBP"", ""HighChol"", ""CholCheck"", ""BMI"", ""Smoker"", ""Stroke"", ""HeartDiseaseorAttack"", ""PhysActivity"", ""Fruits"", ""Veggies"", ""HvyAlcoholConsump"", ""AnyHealthcare"", ""NoDocbcCost"", ""GenHlth"", ""MentHlth"", ""PhysHlth"", ""DiffWalk"", ""Sex"", ""Age"", ""Education"", ""Income"", ""id""], ""data"": [[54196, 0.0, 1.0, 1.0, 30.0, 0.0, 0.0, 0.0, 1.0, 0.0, 1.0, 0.0, 1.0, 0.0, 3.0, 0.0, 10.0, 0.0, 1.0, 11.0, 4.0, 6.0, 54196], [54200, 1.0, 0.0, 1.0, 30.0, 1.0, 0.0, 1.0, 1.0, 1.0, 1.0, 0.0, 1.0, 0.0, 3.0, 0.0, 3.0, 0.0, 1.0, 13.0, 4.0, 4.0, 54200], [54201, 1.0, 0.0, 1.0, 28.0, 0.0, 0.0, 0.0, 1.0, 0.0, 0.0, 0.0, 1.0, 0.0, 2.0, 0.0, 0.0, 0.0, 0.0, 12.0, 4.0, 2.0, 54201], [54202, 1.0, 0.0, 1.0, 34.0, 0.0, 0.0, 1.0, 1.0, 1.0, 1.0, 0.0, 1.0, 0.0, 3.0, 0.0, 0.0, 0.0, 0.0, 10.0, 4.0, 4.0, 54202], [54203, 1.0, 1.0, 1.0, 23.0, 0.0, 0.0, 0.0, 1.0, 1.0, 1.0, 0.0, 1.0, 0.0, 3.0, 0.0, 0.0, 0.0, 0.0, 12.0, 6.0, 5.0, 54203], [54204, 0.0, 1.0, 1.0, 35.0, 0.0, 0.0, 0.0, 1.0, 1.0, 1.0, 0.0, 1.0, 0.0, 3.0, 0.0, 0.0, 0.0, 0.0, 11.0, 4.0, 2.0, 54204], [54205, 1.0, 1.0, 1.0, 31.0, 1.0, 0.0, 1.0, 0.0, 1.0, 1.0, 0.0, 1.0, 1.0, 3.0, 10.0, 5.0, 0.0, 1.0, 10.0, 4.0, 5.0, 54205], [54206, 1.0, 0.0, 1.0, 32.0, 0.0, 0.0, 0.0, 1.0, 1.0, 1.0, 0.0, 1.0, 0.0, 4.0, 0.0, 30.0, 1.0, 0.0, 12.0, 4.0, 5.0, 54206], [54208, 0.0, 1.0, 1.0, 31.0, 0.0, 0.0, 0.0, 1.0, 1.0, 1.0, 0.0, 1.0, 0.0, 2.0, 0.0, 0.0, 0.0, 0.0, 10.0, 6.0, 7.0, 54208], [54209, 1.0, 1.0, 1.0, 27.0, 0.0, 0.0, 0.0, 1.0, 1.0, 1.0, 0.0, 1.0, 0.0, 3.0, 15.0, 0.0, 0.0, 0.0, 10.0, 4.0, 5.0, 54209]]}}","{""predictions"": [0.0, 0.0, 0.0, 1.0, 1.0, 1.0, 1.0, 1.0, 1.0, 1.0]}",1,"{""model_name"":""labuser70609094f_monitor_demo4f.default.diabetes_model"",""endpoint_name"":""labuser70609094f_endpoint"",""model_version"":""1""}"
null,4314a715-1d22-49ab-966c-0794612bf842,2024-07-08,1720444906155,200,6,"{""dataframe_split"": {""index"": [21300, 21301, 21302, 21303, 21304, 21305, 21306, 21307, 21308, 21309], ""columns"": [""index"", ""HighBP"", ""HighChol"", ""CholCheck"", ""BMI"", ""Smoker"", ""Stroke"", ""HeartDiseaseorAttack"", ""PhysActivity"", ""Fruits"", ""Veggies"", ""HvyAlcoholConsump"", ""AnyHealthcare"", ""NoDocbcCost"", ""GenHlth"", ""MentHlth"", ""PhysHlth"", ""DiffWalk"", ""Sex"", ""Age"", ""Education"", ""Income"", ""id""], ""data"": [[54291, 1.0, 1.0, 1.0, 25.0, 0.0, 0.0, 1.0, 1.0, 0.0, 1.0, 0.0, 1.0, 0.0, 3.0, 0.0, 3.0, 0.0, 0.0, 13.0, 5.0, 5.0, 54291], [54292, 1.0, 1.0, 1.0, 38.0, 0.0, 0.0, 1.0, 1.0, 1.0, 1.0, 0.0, 1.0, 0.0, 3.0, 2.0, 2.0, 0.0, 0.0, 10.0, 6.0, 7.0, 54292], [54293, 0.0, 0.0, 1.0, 30.0, 0.0, 0.0, 1.0, 0.0, 1.0, 0.0, 0.0, 1.0, 0.0, 3.0, 0.0, 0.0, 0.0, 1.0, 11.0, 4.0, 4.0, 54293], [54294, 1.0, 1.0, 1.0, 28.0, 1.0, 0.0, 1.0, 1.0, 0.0, 0.0, 0.0, 1.0, 0.0, 4.0, 0.0, 3.0, 1.0, 1.0, 10.0, 6.0, 4.0, 54294], [54295, 0.0, 1.0, 1.0, 33.0, 0.0, 0.0, 0.0, 1.0, 0.0, 0.0, 0.0, 1.0, 0.0, 3.0, 0.0, 0.0, 1.0, 1.0, 10.0, 4.0, 5.0, 54295], [54297, 1.0, 0.0, 1.0, 48.0, 1.0, 0.0, 0.0, 1.0, 1.0, 1.0, 0.0, 1.0, 0.0, 3.0, 0.0, 0.0, 0.0, 0.0, 12.0, 4.0, 3.0, 54297], [54298, 0.0, 0.0, 1.0, 34.0, 0.0, 0.0, 0.0, 0.0, 1.0, 0.0, 0.0, 1.0, 0.0, 2.0, 0.0, 0.0, 0.0, 1.0, 10.0, 6.0, 6.0, 54298], [54299, 0.0, 0.0, 1.0, 24.0, 1.0, 0.0, 0.0, 1.0, 1.0, 1.0, 0.0, 1.0, 0.0, 3.0, 2.0, 3.0, 0.0, 0.0, 13.0, 5.0, 8.0, 54299], [54301, 1.0, 0.0, 1.0, 34.0, 1.0, 0.0, 1.0, 1.0, 1.0, 1.0, 1.0, 1.0, 0.0, 3.0, 0.0, 0.0, 1.0, 1.0, 11.0, 3.0, 6.0, 54301], [54303, 1.0, 1.0, 1.0, 28.0, 0.0, 0.0, 0.0, 1.0, 0.0, 1.0, 0.0, 1.0, 0.0, 2.0, 1.0, 14.0, 0.0, 0.0, 12.0, 5.0, 3.0, 54303]]}}","{""predictions"": [1.0, 1.0, 1.0, 1.0, 1.0, 0.0, 1.0, 0.0, 0.0, 1.0]}",1,"{""model_name"":""labuser70609094f_monitor_demo4f.default.diabetes_model"",""endpoint_name"":""labuser70609094f_endpoint"",""model_version"":""1""}"
null,bee85361-e553-461f-9e40-24423eae4abd,2024-07-08,1720444906182,200,4,"{""dataframe_split"": {""index"": [21310, 21311, 21312, 21313, 21314, 21315, 21316, 21317, 21318, 21319], ""columns"": [""index"", ""HighBP"", ""HighChol"", ""CholCheck"", ""BMI"", ""Smoker"", ""Stroke"", ""HeartDiseaseorAttack"", ""PhysActivity"", ""Fruits"", ""Veggies"", ""HvyAlcoholConsump"", ""AnyHealthcare"", ""NoDocbcCost"", ""GenHlth"", ""MentHlth"", ""PhysHlth"", ""DiffWalk"", ""Sex"", ""Age"", ""Education"", ""Income"", ""id""], ""data"": [[54304, 0.0, 0.0, 1.0, 25.0, 1.0, 0.0, 0.0, 1.0, 0.0, 1.0, 0.0, 1.0, 0.0, 4.0, 0.0, 0.0, 0.0, 0.0, 12.0, 3.0, 6.0, 54304], [54305, 1.0, 1.0, 1.0, 29.0, 1.0, 0.0, 1.0, 1.0, 1.0, 1.0, 0.0, 1.0, 0.0, 4.0, 5.0, 0.0, 1.0, 0.0, 11.0, 6.0, 7.0, 54305], [54306, 0.0, 0.0, 1.0, 29.0, 0.0, 0.0, 0.0, 1.0, 0.0, 0.0, 0.0, 1.0, 0.0, 4.0, 0.0, 0.0, 0.0, 1.0, 11.0, 4.0, 8.0, 54306], [54308, 1.0, 1.0, 1.0, 32.0, 1.0, 1.0, 0.0, 1.0, 1.0, 0.0, 0.0, 1.0, 1.0, 3.0, 0.0, 10.0, 0.0, 1.0, 10.0, 6.0, 6.0, 54308], [54309, 1.0, 0.0, 1.0, 31.0, 0.0, 0.0, 0.0, 1.0, 1.0, 1.0, 0.0, 1.0, 0.0, 3.0, 0.0, 0.0, 0.0, 0.0, 10.0, 5.0, 5.0, 54309], [54310, 1.0, 1.0, 1.0, 28.0, 1.0, 0.0, 0.0, 1.0, 1.0, 1.0, 0.0, 1.0, 0.0, 2.0, 0.0, 30.0, 0.0, 0.0, 12.0, 5.0, 4.0, 54310], [54311, 1.0, 1.0, 1.0, 25.0, 0.0, 0.0, 0.0, 1.0, 0.0, 1.0, 0.0, 1.0, 0.0, 4.0, 0.0, 2.0, 1.0, 1.0, 10.0, 4.0, 6.0, 54311], [54313, 0.0, 0.0, 1.0, 30.0, 1.0, 0.0, 0.0, 1.0, 1.0, 1.0, 0.0, 1.0, 0.0, 1.0, 0.0, 0.0, 0.0, 1.0, 10.0, 6.0, 8.0, 54313], [54314, 1.0, 0.0, 1.0, 28.0, 1.0, 0.0, 0.0, 1.0, 1.0, 0.0, 0.0, 1.0, 0.0, 3.0, 0.0, 0.0, 0.0, 1.0, 13.0, 4.0, 8.0, 54314], [54315, 1.0, 1.0, 1.0, 41.0, 0.0, 0.0, 0.0, 0.0, 1.0, 1.0, 0.0, 1.0, 0.0, 3.0, 0.0, 0.0, 1.0, 0.0, 13.0, 4.0, 2.0, 54315]]}}","{""predictions"": [1.0, 1.0, 0.0, 1.0, 1.0, 1.0, 1.0, 0.0, 0.0, 1.0]}",1,"{""model_name"":""labuser70609094f_monitor_demo4f.default.diabetes_model"",""endpoint_name"":""labuser70609094f_endpoint"",""model_version"":""1""}"
null,b4d9ef16-330e-485e-a532-30104f87293e,2024-07-08,1720444906209,200,4,"{""dataframe_split"": {""index"": [21320, 21321, 21322, 21323, 21324, 21325, 21326, 21327, 21328, 21329], ""columns"": [""index"", ""HighBP"", ""HighChol"", ""CholCheck"", ""BMI"", ""Smoker"", ""Stroke"", ""HeartDiseaseorAttack"", ""PhysActivity"", ""Fruits"", ""Veggies"", ""HvyAlcoholConsump"", ""AnyHealthcare"", ""NoDocbcCost"", ""GenHlth"", ""MentHlth"", ""PhysHlth"", ""DiffWalk"", ""Sex"", ""Age"", ""Education"", ""Income"", ""id""], ""data"": [[54316, 0.0, 0.0, 1.0, 29.0, 1.0, 0.0, 0.0, 1.0, 0.0, 1.0, 0.0, 1.0, 0.0, 4.0, 0.0, 0.0, 0.0, 1.0, 12.0, 4.0, 4.0, 54316], [54317, 1.0, 1.0, 1.0, 27.0, 1.0, 1.0, 0.0, 1.0, 0.0, 0.0, 0.0, 1.0, 0.0, 3.0, 1.0, 2.0, 1.0, 1.0, 11.0, 5.0, 8.0, 54317], [54318, 1.0, 0.0, 1.0, 45.0, 0.0, 0.0, 1.0, 0.0, 1.0, 0.0, 0.0, 1.0, 0.0, 5.0, 0.0, 0.0, 1.0, 1.0, 11.0, 3.0, 4.0, 54318], [54319, 1.0, 1.0, 1.0, 36.0, 0.0, 0.0, 0.0, 0.0, 1.0, 1.0, 0.0, 1.0, 0.0, 3.0, 0.0, 0.0, 0.0, 0.0, 10.0, 5.0, 6.0, 54319], [54320, 1.0, 0.0, 1.0, 37.0, 1.0, 0.0, 0.0, 1.0, 0.0, 1.0, 0.0, 1.0, 0.0, 2.0, 0.0, 0.0, 1.0, 0.0, 10.0, 5.0, 6.0, 54320], [54321, 1.0, 0.0, 1.0, 30.0, 1.0, 0.0, 0.0, 0.0, 0.0, 0.0, 0.0, 1.0, 0.0, 4.0, 0.0, 15.0, 1.0, 0.0, 10.0, 4.0, 6.0, 54321], [54323, 1.0, 0.0, 1.0, 25.0, 0.0, 0.0, 0.0, 0.0, 1.0, 1.0, 0.0, 1.0, 1.0, 1.0, 5.0, 28.0, 1.0, 0.0, 10.0, 6.0, 2.0, 54323], [54326, 1.0, 1.0, 1.0, 21.0, 0.0, 0.0, 0.0, 1.0, 1.0, 1.0, 0.0, 1.0, 0.0, 4.0, 5.0, 15.0, 1.0, 0.0, 13.0, 5.0, 2.0, 54326], [54327, 0.0, 1.0, 1.0, 20.0, 0.0, 0.0, 0.0, 1.0, 1.0, 1.0, 0.0, 1.0, 0.0, 2.0, 0.0, 0.0, 0.0, 1.0, 12.0, 6.0, 6.0, 54327], [54330, 1.0, 1.0, 1.0, 34.0, 0.0, 0.0, 0.0, 1.0, 1.0, 1.0, 0.0, 1.0, 0.0, 3.0, 0.0, 0.0, 0.0, 1.0, 10.0, 5.0, 2.0, 54330]]}}","{""predictions"": [0.0, 0.0, 1.0, 1.0, 0.0, 0.0, 0.0, 1.0, 1.0, 1.0]}",1,"{""model_name"":""labuser70609094f_monitor_demo4f.default.diabetes_model"",""endpoint_name"":""labuser70609094f_endpoint"",""model_version"":""1""}"
null,04a26120-06da-428f-b140-525aa7f096ec,2024-07-08,1720444906505,200,4,"{""dataframe_split"": {""index"": [21420, 21421, 21422, 21423, 21424, 21425, 21426, 21427, 21428, 21429], ""columns"": [""index"", ""HighBP"", ""HighChol"", ""CholCheck"", ""BMI"", ""Smoker"", ""Stroke"", ""HeartDiseaseorAttack"", ""PhysActivity"", ""Fruits"", ""Veggies"", ""HvyAlcoholConsump"", ""AnyHealthcare"", ""NoDocbcCost"", ""GenHlth"", ""MentHlth"", ""PhysHlth"", ""DiffWalk"", ""Sex"", ""Age"", ""Education"", ""Income"", ""id""], ""data"": [[54546, 1.0, 1.0, 1.0, 28.0, 1.0, 0.0, 1.0, 1.0, 0.0, 1.0, 0.0, 1.0, 0.0, 3.0, 0.0, 0.0, 0.0, 1.0, 11.0, 4.0, 4.0, 54546], [54549, 0.0, 0.0, 1.0, 29.0, 0.0, 0.0, 0.0, 1.0, 0.0, 0.0, 0.0, 1.0, 0.0, 3.0, 0.0, 2.0, 0.0, 0.0, 10.0, 6.0, 6.0, 54549], [54551, 1.0, 1.0, 1.0, 47.0, 1.0, 1.0, 0.0, 0.0, 1.0, 1.0, 0.0, 1.0, 0.0, 4.0, 0.0, 20.0, 1.0, 0.0, 10.0, 4.0, 2.0, 54551], [54552, 1.0, 1.0, 1.0, 29.0, 1.0, 0.0, 1.0, 0.0, 0.0, 0.0, 0.0, 1.0, 1.0, 4.0, 10.0, 30.0, 0.0, 0.0, 12.0, 4.0, 2.0, 54552], [54553, 1.0, 1.0, 1.0, 33.0, 0.0, 0.0, 1.0, 1.0, 1.0, 0.0, 0.0, 1.0, 0.0, 4.0, 2.0, 2.0, 0.0, 0.0, 11.0, 4.0, 3.0, 54553], [54555, 1.0, 1.0, 1.0, 30.0, 1.0, 0.0, 0.0, 0.0, 0.0, 1.0, 0.0, 1.0, 0.0, 3.0, 0.0, 14.0, 0.0, 1.0, 11.0, 4.0, 6.0, 54555], [54559, 1.0, 1.0, 1.0, 27.0, 1.0, 0.0, 0.0, 1.0, 0.0, 1.0, 0.0, 1.0, 0.0, 4.0, 0.0, 30.0, 0.0, 1.0, 13.0, 4.0, 6.0, 54559], [54560, 1.0, 0.0, 1.0, 29.0, 1.0, 0.0, 0.0, 0.0, 1.0, 1.0, 0.0, 1.0, 1.0, 3.0, 0.0, 0.0, 0.0, 1.0, 13.0, 3.0, 4.0, 54560], [54563, 1.0, 1.0, 1.0, 31.0, 0.0, 0.0, 0.0, 1.0, 0.0, 1.0, 0.0, 1.0, 0.0, 2.0, 0.0, 0.0, 0.0, 0.0, 10.0, 6.0, 6.0, 54563], [54564, 1.0, 1.0, 1.0, 27.0, 1.0, 0.0, 0.0, 0.0, 1.0, 1.0, 0.0, 1.0, 0.0, 1.0, 0.0, 1.0, 1.0, 1.0, 13.0, 6.0, 8.0, 54564]]}}","{""predictions"": [0.0, 1.0, 1.0, 1.0, 1.0, 1.0, 1.0, 0.0, 1.0, 1.0]}",1,"{""model_name"":""labuser70609094f_monitor_demo4f.default.diabetes_model"",""endpoint_name"":""labuser70609094f_endpoint"",""model_version"":""1""}"
null,fd6ee7e3-dabe-4b8c-bcd9-9746ecf52458,2024-07-08,1720444906532,200,4,"{""dataframe_split"": {""index"": [21430, 21431, 21432, 21433, 21434, 21435, 21436, 21437, 21438, 21439], ""columns"": [""index"", ""HighBP"", ""HighChol"", ""CholCheck"", ""BMI"", ""Smoker"", ""Stroke"", ""HeartDiseaseorAttack"", ""PhysActivity"", ""Fruits"", ""Veggies"", ""HvyAlcoholConsump"", ""AnyHealthcare"", ""NoDocbcCost"", ""GenHlth"", ""MentHlth"", ""PhysHlth"", ""DiffWalk"", ""Sex"", ""Age"", ""Education"", ""Income"", ""id""], ""data"": [[54567, 0.0, 1.0, 1.0, 23.0, 0.0, 0.0, 1.0, 0.0, 1.0, 0.0, 0.0, 1.0, 1.0, 5.0, 30.0, 30.0, 1.0, 0.0, 10.0, 5.0, 8.0, 54567], [54569, 1.0, 0.0, 1.0, 42.0, 1.0, 0.0, 0.0, 0.0, 1.0, 1.0, 0.0, 1.0, 0.0, 4.0, 1.0, 10.0, 0.0, 0.0, 11.0, 6.0, 6.0, 54569], [54571, 1.0, 1.0, 1.0, 30.0, 1.0, 0.0, 1.0, 0.0, 0.0, 1.0, 0.0, 1.0, 0.0, 4.0, 0.0, 0.0, 0.0, 1.0, 10.0, 5.0, 6.0, 54571], [54572, 1.0, 0.0, 1.0, 35.0, 1.0, 0.0, 0.0, 0.0, 0.0, 1.0, 0.0, 1.0, 0.0, 3.0, 30.0, 15.0, 1.0, 0.0, 10.0, 4.0, 3.0, 54572], [54576, 0.0, 1.0, 1.0, 35.0, 0.0, 0.0, 0.0, 1.0, 1.0, 1.0, 0.0, 1.0, 0.0, 2.0, 0.0, 0.0, 0.0, 1.0, 10.0, 6.0, 8.0, 54576], [54577, 1.0, 1.0, 1.0, 25.0, 0.0, 0.0, 0.0, 1.0, 0.0, 1.0, 0.0, 1.0, 0.0, 1.0, 0.0, 0.0, 0.0, 1.0, 11.0, 6.0, 8.0, 54577], [54579, 1.0, 1.0, 1.0, 32.0, 1.0, 0.0, 1.0, 1.0, 0.0, 0.0, 0.0, 1.0, 0.0, 5.0, 2.0, 30.0, 1.0, 1.0, 10.0, 4.0, 4.0, 54579], [54580, 1.0, 1.0, 1.0, 29.0, 1.0, 0.0, 0.0, 0.0, 0.0, 1.0, 0.0, 1.0, 0.0, 3.0, 0.0, 0.0, 0.0, 1.0, 13.0, 4.0, 6.0, 54580], [54582, 0.0, 1.0, 1.0, 28.0, 1.0, 0.0, 0.0, 1.0, 0.0, 0.0, 0.0, 1.0, 0.0, 4.0, 0.0, 5.0, 0.0, 1.0, 10.0, 5.0, 6.0, 54582], [54587, 1.0, 0.0, 1.0, 42.0, 0.0, 0.0, 0.0, 0.0, 1.0, 1.0, 0.0, 1.0, 0.0, 3.0, 0.0, 10.0, 1.0, 0.0, 12.0, 6.0, 8.0, 54587]]}}","{""predictions"": [0.0, 1.0, 1.0, 1.0, 1.0, 0.0, 1.0, 0.0, 0.0, 1.0]}",1,"{""model_name"":""labuser70609094f_monitor_demo4f.default.diabetes_model"",""endpoint_name"":""labuser70609094f_endpoint"",""model_version"":""1""}"
null,0deef040-6fdb-40a1-b240-3b240acf317c,2024-07-08,1720444906561,200,4,"{""dataframe_split"": {""index"": [21440, 21441, 21442, 21443, 21444, 21445, 21446, 21447, 21448, 21449], ""columns"": [""index"", ""HighBP"", ""HighChol"", ""CholCheck"", ""BMI"", ""Smoker"", ""Stroke"", ""HeartDiseaseorAttack"", ""PhysActivity"", ""Fruits"", ""Veggies"", ""HvyAlcoholConsump"", ""AnyHealthcare"", ""NoDocbcCost"", ""GenHlth"", ""MentHlth"", ""PhysHlth"", ""DiffWalk"", ""Sex"", ""Age"", ""Education"", ""Income"", ""id""], ""data"": [[54590, 0.0, 0.0, 1.0, 31.0, 1.0, 0.0, 0.0, 1.0, 0.0, 0.0, 0.0, 1.0, 0.0, 3.0, 0.0, 0.0, 0.0, 1.0, 11.0, 5.0, 7.0, 54590], [54592, 1.0, 1.0, 1.0, 49.0, 0.0, 0.0, 1.0, 0.0, 1.0, 1.0, 0.0, 1.0, 0.0, 5.0, 0.0, 10.0, 1.0, 0.0, 10.0, 3.0, 2.0, 54592], [54593, 1.0, 1.0, 1.0, 34.0, 1.0, 0.0, 0.0, 1.0, 1.0, 1.0, 0.0, 1.0, 0.0, 1.0, 0.0, 0.0, 0.0, 1.0, 11.0, 4.0, 6.0, 54593], [54595, 0.0, 1.0, 1.0, 27.0, 0.0, 0.0, 0.0, 1.0, 0.0, 1.0, 0.0, 1.0, 0.0, 3.0, 0.0, 7.0, 0.0, 0.0, 11.0, 6.0, 7.0, 54595], [54596, 1.0, 0.0, 1.0, 30.0, 1.0, 0.0, 0.0, 1.0, 1.0, 1.0, 0.0, 1.0, 1.0, 5.0, 30.0, 5.0, 1.0, 1.0, 12.0, 4.0, 3.0, 54596], [54597, 1.0, 0.0, 1.0, 26.0, 1.0, 0.0, 0.0, 1.0, 0.0, 1.0, 0.0, 1.0, 0.0, 2.0, 0.0, 0.0, 0.0, 1.0, 13.0, 4.0, 6.0, 54597], [54598, 1.0, 1.0, 1.0, 30.0, 0.0, 0.0, 0.0, 0.0, 0.0, 1.0, 0.0, 1.0, 0.0, 2.0, 0.0, 0.0, 1.0, 1.0, 11.0, 6.0, 7.0, 54598], [54599, 0.0, 0.0, 1.0, 30.0, 0.0, 0.0, 0.0, 1.0, 1.0, 1.0, 0.0, 1.0, 0.0, 2.0, 0.0, 2.0, 0.0, 0.0, 10.0, 5.0, 7.0, 54599], [54600, 1.0, 1.0, 1.0, 28.0, 0.0, 0.0, 0.0, 0.0, 1.0, 1.0, 0.0, 1.0, 1.0, 2.0, 0.0, 0.0, 0.0, 0.0, 11.0, 5.0, 2.0, 54600], [54601, 1.0, 1.0, 1.0, 31.0, 1.0, 0.0, 0.0, 1.0, 0.0, 1.0, 0.0, 1.0, 0.0, 3.0, 14.0, 6.0, 0.0, 1.0, 13.0, 3.0, 2.0, 54601]]}}","{""predictions"": [1.0, 1.0, 1.0, 0.0, 1.0, 1.0, 1.0, 0.0, 0.0, 1.0]}",1,"{""model_name"":""labuser70609094f_monitor_demo4f.default.diabetes_model"",""endpoint_name"":""labuser70609094f_endpoint"",""model_version"":""1""}"
null,6b02d42e-24c5-4efd-af35-eb9200ee8119,2024-07-08,1720444906588,200,4,"{""dataframe_split"": {""index"": [21450, 21451, 21452, 21453, 21454, 21455, 21456, 21457, 21458, 21459], ""columns"": [""index"", ""HighBP"", ""HighChol"", ""CholCheck"", ""BMI"", ""Smoker"", ""Stroke"", ""HeartDiseaseorAttack"", ""PhysActivity"", ""Fruits"", ""Veggies"", ""HvyAlcoholConsump"", ""AnyHealthcare"", ""NoDocbcCost"", ""GenHlth"", ""MentHlth"", ""PhysHlth"", ""DiffWalk"", ""Sex"", ""Age"", ""Education"", ""Income"", ""id""], ""data"": [[54602, 1.0, 1.0, 1.0, 34.0, 0.0, 0.0, 0.0, 1.0, 1.0, 1.0, 0.0, 1.0, 0.0, 2.0, 0.0, 0.0, 1.0, 0.0, 12.0, 4.0, 2.0, 54602], [54604, 1.0, 1.0, 1.0, 38.0, 0.0, 0.0, 0.0, 0.0, 0.0, 1.0, 0.0, 1.0, 0.0, 3.0, 0.0, 2.0, 0.0, 1.0, 10.0, 5.0, 8.0, 54604], [54605, 0.0, 0.0, 1.0, 33.0, 0.0, 0.0, 0.0, 1.0, 1.0, 1.0, 0.0, 1.0, 0.0, 2.0, 0.0, 0.0, 0.0, 1.0, 11.0, 5.0, 5.0, 54605], [54607, 1.0, 0.0, 1.0, 33.0, 1.0, 0.0, 0.0, 1.0, 1.0, 1.0, 0.0, 1.0, 0.0, 1.0, 0.0, 11.0, 0.0, 1.0, 11.0, 6.0, 8.0, 54607], [54608, 1.0, 0.0, 1.0, 31.0, 0.0, 0.0, 0.0, 0.0, 0.0, 0.0, 0.0, 1.0, 0.0, 3.0, 0.0, 0.0, 1.0, 0.0, 10.0, 4.0, 5.0, 54608], [54610, 0.0, 0.0, 1.0, 30.0, 0.0, 0.0, 0.0, 0.0, 0.0, 1.0, 0.0, 1.0, 0.0, 1.0, 0.0, 0.0, 0.0, 1.0, 11.0, 4.0, 8.0, 54610], [54612, 1.0, 1.0, 1.0, 34.0, 0.0, 0.0, 0.0, 0.0, 0.0, 1.0, 0.0, 1.0, 0.0, 3.0, 0.0, 0.0, 0.0, 0.0, 11.0, 5.0, 3.0, 54612], [54619, 0.0, 0.0, 1.0, 32.0, 0.0, 0.0, 0.0, 1.0, 1.0, 1.0, 0.0, 1.0, 0.0, 2.0, 0.0, 0.0, 0.0, 1.0, 13.0, 4.0, 8.0, 54619], [54623, 1.0, 0.0, 1.0, 26.0, 1.0, 0.0, 0.0, 1.0, 1.0, 1.0, 0.0, 1.0, 0.0, 2.0, 0.0, 30.0, 0.0, 0.0, 13.0, 4.0, 2.0, 54623], [54624, 0.0, 0.0, 1.0, 37.0, 0.0, 0.0, 0.0, 0.0, 0.0, 1.0, 0.0, 1.0, 0.0, 3.0, 0.0, 5.0, 1.0, 0.0, 12.0, 4.0, 5.0, 54624]]}}","{""predictions"": [1.0, 1.0, 1.0, 1.0, 1.0, 0.0, 1.0, 1.0, 1.0, 1.0]}",1,"{""model_name"":""labuser70609094f_monitor_demo4f.default.diabetes_model"",""endpoint_name"":""labuser70609094f_endpoint"",""model_version"":""1""}"
null,118a2f47-8d37-4015-a538-856d241907a4,2024-07-08,1720444906953,200,4,"{""dataframe_split"": {""index"": [21580, 21581, 21582, 21583, 21584, 21585, 21586, 21587, 21588, 21589], ""columns"": [""index"", ""HighBP"", ""HighChol"", ""CholCheck"", ""BMI"", ""Smoker"", ""Stroke"", ""HeartDiseaseorAttack"", ""PhysActivity"", ""Fruits"", ""Veggies"", ""HvyAlcoholConsump"", ""AnyHealthcare"", ""NoDocbcCost"", ""GenHlth"", ""MentHlth"", ""PhysHlth"", ""DiffWalk"", ""Sex"", ""Age"", ""Education"", ""Income"", ""id""], ""data"": [[54899, 0.0, 0.0, 1.0, 23.0, 1.0, 1.0, 0.0, 1.0, 1.0, 1.0, 0.0, 1.0, 0.0, 1.0, 0.0, 0.0, 0.0, 1.0, 10.0, 5.0, 8.0, 54899], [54900, 1.0, 0.0, 1.0, 23.0, 1.0, 0.0, 0.0, 0.0, 1.0, 1.0, 0.0, 1.0, 0.0, 2.0, 0.0, 0.0, 0.0, 1.0, 10.0, 6.0, 8.0, 54900], [54901, 1.0, 1.0, 1.0, 34.0, 1.0, 0.0, 0.0, 0.0, 0.0, 1.0, 0.0, 1.0, 0.0, 5.0, 2.0, 0.0, 0.0, 0.0, 12.0, 5.0, 6.0, 54901], [54902, 0.0, 1.0, 1.0, 29.0, 1.0, 0.0, 1.0, 0.0, 1.0, 1.0, 0.0, 1.0, 0.0, 5.0, 0.0, 30.0, 1.0, 1.0, 11.0, 6.0, 7.0, 54902], [54903, 0.0, 1.0, 1.0, 28.0, 0.0, 0.0, 0.0, 1.0, 1.0, 1.0, 0.0, 1.0, 0.0, 1.0, 0.0, 9.0, 1.0, 1.0, 13.0, 5.0, 7.0, 54903], [54904, 1.0, 1.0, 1.0, 28.0, 0.0, 0.0, 1.0, 1.0, 0.0, 0.0, 0.0, 1.0, 1.0, 3.0, 0.0, 5.0, 1.0, 1.0, 12.0, 6.0, 3.0, 54904], [54905, 1.0, 1.0, 1.0, 20.0, 1.0, 0.0, 0.0, 0.0, 0.0, 0.0, 0.0, 1.0, 0.0, 3.0, 0.0, 10.0, 1.0, 0.0, 13.0, 5.0, 6.0, 54905], [54906, 1.0, 1.0, 1.0, 28.0, 0.0, 0.0, 0.0, 1.0, 1.0, 1.0, 0.0, 1.0, 0.0, 2.0, 0.0, 4.0, 1.0, 0.0, 11.0, 6.0, 7.0, 54906], [54910, 1.0, 1.0, 1.0, 26.0, 1.0, 0.0, 0.0, 0.0, 0.0, 0.0, 0.0, 1.0, 0.0, 3.0, 15.0, 0.0, 0.0, 0.0, 10.0, 5.0, 6.0, 54910], [54912, 1.0, 1.0, 1.0, 30.0, 1.0, 0.0, 0.0, 1.0, 1.0, 1.0, 0.0, 1.0, 0.0, 2.0, 0.0, 0.0, 0.0, 1.0, 10.0, 5.0, 4.0, 54912]]}}","{""predictions"": [0.0, 1.0, 1.0, 1.0, 0.0, 0.0, 1.0, 1.0, 0.0, 1.0]}",1,"{""model_name"":""labuser70609094f_monitor_demo4f.default.diabetes_model"",""endpoint_name"":""labuser70609094f_endpoint"",""model_version"":""1""}"
null,9ddf7afa-0ea4-4466-856a-fe973f96d2eb,2024-07-08,1720444907197,200,4,"{""dataframe_split"": {""index"": [21660, 21661, 21662, 21663, 21664, 21665, 21666, 21667, 21668, 21669], ""columns"": [""index"", ""HighBP"", ""HighChol"", ""CholCheck"", ""BMI"", ""Smoker"", ""Stroke"", ""HeartDiseaseorAttack"", ""PhysActivity"", ""Fruits"", ""Veggies"", ""HvyAlcoholConsump"", ""AnyHealthcare"", ""NoDocbcCost"", ""GenHlth"", ""MentHlth"", ""PhysHlth"", ""DiffWalk"", ""Sex"", ""Age"", ""Education"", ""Income"", ""id""], ""data"": [[55021, 0.0, 1.0, 1.0, 23.0, 1.0, 0.0, 0.0, 1.0, 1.0, 1.0, 0.0, 1.0, 0.0, 2.0, 0.0, 11.0, 0.0, 0.0, 13.0, 6.0, 8.0, 55021], [55022, 1.0, 0.0, 1.0, 15.0, 0.0, 0.0, 0.0, 1.0, 1.0, 1.0, 0.0, 1.0, 1.0, 4.0, 0.0, 4.0, 0.0, 0.0, 11.0, 4.0, 7.0, 55022], [55023, 1.0, 1.0, 1.0, 37.0, 0.0, 0.0, 0.0, 1.0, 0.0, 1.0, 0.0, 1.0, 0.0, 2.0, 2.0, 0.0, 0.0, 1.0, 12.0, 6.0, 5.0, 55023], [55026, 0.0, 0.0, 1.0, 31.0, 1.0, 0.0, 0.0, 1.0, 0.0, 1.0, 0.0, 1.0, 0.0, 3.0, 0.0, 0.0, 0.0, 1.0, 10.0, 4.0, 2.0, 55026], [55028, 1.0, 1.0, 1.0, 31.0, 0.0, 0.0, 1.0, 1.0, 0.0, 1.0, 0.0, 1.0, 0.0, 3.0, 0.0, 0.0, 0.0, 0.0, 12.0, 3.0, 1.0, 55028], [55031, 1.0, 1.0, 1.0, 32.0, 1.0, 0.0, 0.0, 0.0, 1.0, 1.0, 0.0, 1.0, 0.0, 3.0, 0.0, 10.0, 1.0, 1.0, 12.0, 6.0, 7.0, 55031], [55032, 1.0, 1.0, 1.0, 32.0, 1.0, 0.0, 1.0, 1.0, 0.0, 1.0, 0.0, 1.0, 0.0, 4.0, 0.0, 0.0, 0.0, 0.0, 11.0, 5.0, 5.0, 55032], [55035, 1.0, 1.0, 1.0, 32.0, 1.0, 0.0, 0.0, 0.0, 0.0, 0.0, 0.0, 1.0, 0.0, 2.0, 1.0, 2.0, 1.0, 0.0, 10.0, 5.0, 8.0, 55035], [55036, 1.0, 1.0, 1.0, 30.0, 1.0, 0.0, 0.0, 0.0, 1.0, 1.0, 0.0, 1.0, 0.0, 3.0, 0.0, 0.0, 0.0, 1.0, 12.0, 6.0, 5.0, 55036], [55037, 1.0, 1.0, 1.0, 21.0, 1.0, 0.0, 1.0, 1.0, 1.0, 1.0, 0.0, 1.0, 0.0, 4.0, 0.0, 10.0, 1.0, 0.0, 10.0, 6.0, 7.0, 55037]]}}","{""predictions"": [0.0, 1.0, 1.0, 1.0, 1.0, 1.0, 1.0, 1.0, 1.0, 1.0]}",1,"{""model_name"":""labuser70609094f_monitor_demo4f.default.diabetes_model"",""endpoint_name"":""labuser70609094f_endpoint"",""model_version"":""1""}"
null,c6443625-93a7-4985-9fce-33a00b310eef,2024-07-08,1720444907225,200,4,"{""dataframe_split"": {""index"": [21670, 21671, 21672, 21673, 21674, 21675, 21676, 21677, 21678, 21679], ""columns"": [""index"", ""HighBP"", ""HighChol"", ""CholCheck"", ""BMI"", ""Smoker"", ""Stroke"", ""HeartDiseaseorAttack"", ""PhysActivity"", ""Fruits"", ""Veggies"", ""HvyAlcoholConsump"", ""AnyHealthcare"", ""NoDocbcCost"", ""GenHlth"", ""MentHlth"", ""PhysHlth"", ""DiffWalk"", ""Sex"", ""Age"", ""Education"", ""Income"", ""id""], ""data"": [[55038, 0.0, 0.0, 1.0, 26.0, 1.0, 0.0, 1.0, 1.0, 0.0, 0.0, 0.0, 1.0, 0.0, 3.0, 0.0, 0.0, 0.0, 1.0, 13.0, 5.0, 7.0, 55038], [55039, 1.0, 1.0, 1.0, 39.0, 1.0, 0.0, 0.0, 1.0, 0.0, 1.0, 0.0, 1.0, 0.0, 3.0, 0.0, 0.0, 0.0, 0.0, 10.0, 5.0, 7.0, 55039], [55040, 1.0, 0.0, 1.0, 48.0, 1.0, 0.0, 0.0, 0.0, 0.0, 1.0, 0.0, 1.0, 0.0, 4.0, 0.0, 30.0, 1.0, 0.0, 10.0, 4.0, 8.0, 55040], [55041, 0.0, 1.0, 1.0, 25.0, 1.0, 0.0, 1.0, 1.0, 1.0, 1.0, 0.0, 1.0, 0.0, 2.0, 0.0, 0.0, 0.0, 1.0, 10.0, 6.0, 8.0, 55041], [55043, 1.0, 1.0, 1.0, 37.0, 0.0, 0.0, 0.0, 1.0, 1.0, 1.0, 0.0, 1.0, 0.0, 2.0, 0.0, 0.0, 0.0, 0.0, 13.0, 5.0, 3.0, 55043], [55050, 1.0, 1.0, 1.0, 27.0, 0.0, 0.0, 1.0, 1.0, 1.0, 0.0, 0.0, 1.0, 1.0, 4.0, 0.0, 4.0, 0.0, 1.0, 11.0, 2.0, 1.0, 55050], [55054, 0.0, 1.0, 1.0, 30.0, 1.0, 0.0, 0.0, 1.0, 0.0, 1.0, 0.0, 1.0, 0.0, 3.0, 0.0, 0.0, 0.0, 1.0, 11.0, 6.0, 8.0, 55054], [55062, 1.0, 1.0, 1.0, 34.0, 1.0, 0.0, 1.0, 1.0, 0.0, 1.0, 0.0, 1.0, 0.0, 4.0, 1.0, 8.0, 1.0, 0.0, 11.0, 6.0, 6.0, 55062], [55066, 1.0, 1.0, 1.0, 28.0, 0.0, 0.0, 0.0, 1.0, 1.0, 1.0, 0.0, 1.0, 0.0, 3.0, 0.0, 0.0, 0.0, 0.0, 10.0, 6.0, 8.0, 55066], [55069, 1.0, 1.0, 1.0, 34.0, 0.0, 0.0, 0.0, 1.0, 0.0, 1.0, 0.0, 1.0, 0.0, 3.0, 0.0, 0.0, 0.0, 1.0, 10.0, 6.0, 7.0, 55069]]}}","{""predictions"": [1.0, 1.0, 1.0, 0.0, 1.0, 1.0, 1.0, 0.0, 1.0, 1.0]}",1,"{""model_name"":""labuser70609094f_monitor_demo4f.default.diabetes_model"",""endpoint_name"":""labuser70609094f_endpoint"",""model_version"":""1""}"
null,d3dd735b-a01c-4198-8755-02d9415fe7bb,2024-07-08,1720444907252,200,4,"{""dataframe_split"": {""index"": [21680, 21681, 21682, 21683, 21684, 21685, 21686, 21687, 21688, 21689], ""columns"": [""index"", ""HighBP"", ""HighChol"", ""CholCheck"", ""BMI"", ""Smoker"", ""Stroke"", ""HeartDiseaseorAttack"", ""PhysActivity"", ""Fruits"", ""Veggies"", ""HvyAlcoholConsump"", ""AnyHealthcare"", ""NoDocbcCost"", ""GenHlth"", ""MentHlth"", ""PhysHlth"", ""DiffWalk"", ""Sex"", ""Age"", ""Education"", ""Income"", ""id""], ""data"": [[55071, 0.0, 0.0, 1.0, 23.0, 1.0, 0.0, 0.0, 1.0, 1.0, 1.0, 0.0, 1.0, 0.0, 2.0, 0.0, 1.0, 0.0, 0.0, 10.0, 5.0, 4.0, 55071], [55075, 0.0, 1.0, 1.0, 34.0, 0.0, 0.0, 1.0, 0.0, 0.0, 0.0, 0.0, 1.0, 0.0, 3.0, 0.0, 0.0, 0.0, 1.0, 11.0, 5.0, 6.0, 55075], [55076, 1.0, 1.0, 1.0, 27.0, 1.0, 0.0, 1.0, 0.0, 0.0, 1.0, 0.0, 1.0, 0.0, 4.0, 5.0, 0.0, 1.0, 1.0, 10.0, 5.0, 6.0, 55076], [55078, 1.0, 1.0, 1.0, 20.0, 0.0, 0.0, 0.0, 1.0, 1.0, 1.0, 0.0, 1.0, 0.0, 1.0, 3.0, 1.0, 0.0, 0.0, 10.0, 6.0, 7.0, 55078], [55083, 1.0, 1.0, 1.0, 30.0, 0.0, 0.0, 0.0, 0.0, 1.0, 1.0, 0.0, 1.0, 0.0, 3.0, 0.0, 2.0, 0.0, 0.0, 10.0, 4.0, 4.0, 55083], [55085, 1.0, 1.0, 1.0, 37.0, 1.0, 1.0, 0.0, 1.0, 1.0, 1.0, 0.0, 1.0, 0.0, 2.0, 3.0, 0.0, 0.0, 1.0, 10.0, 5.0, 4.0, 55085], [55086, 0.0, 0.0, 1.0, 39.0, 1.0, 0.0, 0.0, 1.0, 1.0, 1.0, 0.0, 1.0, 0.0, 4.0, 0.0, 2.0, 0.0, 0.0, 10.0, 6.0, 8.0, 55086], [55087, 1.0, 1.0, 1.0, 29.0, 0.0, 0.0, 0.0, 0.0, 1.0, 1.0, 0.0, 1.0, 0.0, 1.0, 0.0, 0.0, 0.0, 1.0, 11.0, 6.0, 8.0, 55087], [55088, 1.0, 0.0, 1.0, 26.0, 0.0, 0.0, 0.0, 1.0, 1.0, 1.0, 0.0, 1.0, 0.0, 1.0, 0.0, 0.0, 0.0, 0.0, 10.0, 4.0, 8.0, 55088], [55089, 1.0, 0.0, 1.0, 43.0, 1.0, 1.0, 1.0, 0.0, 1.0, 1.0, 0.0, 1.0, 0.0, 4.0, 0.0, 3.0, 0.0, 1.0, 10.0, 4.0, 4.0, 55089]]}}","{""predictions"": [0.0, 1.0, 1.0, 0.0, 1.0, 1.0, 1.0, 0.0, 0.0, 1.0]}",1,"{""model_name"":""labuser70609094f_monitor_demo4f.default.diabetes_model"",""endpoint_name"":""labuser70609094f_endpoint"",""model_version"":""1""}"
null,3aa1a57c-417f-4379-a613-7e0cfeb003d6,2024-07-08,1720444907618,200,4,"{""dataframe_split"": {""index"": [21810, 21811, 21812, 21813, 21814, 21815, 21816, 21817, 21818, 21819], ""columns"": [""index"", ""HighBP"", ""HighChol"", ""CholCheck"", ""BMI"", ""Smoker"", ""Stroke"", ""HeartDiseaseorAttack"", ""PhysActivity"", ""Fruits"", ""Veggies"", ""HvyAlcoholConsump"", ""AnyHealthcare"", ""NoDocbcCost"", ""GenHlth"", ""MentHlth"", ""PhysHlth"", ""DiffWalk"", ""Sex"", ""Age"", ""Education"", ""Income"", ""id""], ""data"": [[55287, 1.0, 1.0, 1.0, 43.0, 0.0, 0.0, 0.0, 1.0, 0.0, 0.0, 0.0, 1.0, 0.0, 4.0, 8.0, 6.0, 1.0, 0.0, 11.0, 4.0, 2.0, 55287], [55289, 1.0, 0.0, 1.0, 60.0, 0.0, 0.0, 0.0, 0.0, 0.0, 1.0, 0.0, 1.0, 0.0, 4.0, 0.0, 14.0, 1.0, 0.0, 10.0, 4.0, 2.0, 55289], [55291, 1.0, 1.0, 1.0, 33.0, 0.0, 0.0, 0.0, 0.0, 1.0, 1.0, 0.0, 1.0, 1.0, 4.0, 0.0, 0.0, 1.0, 0.0, 11.0, 3.0, 3.0, 55291], [55293, 1.0, 1.0, 1.0, 27.0, 1.0, 0.0, 1.0, 1.0, 1.0, 1.0, 0.0, 1.0, 0.0, 2.0, 0.0, 0.0, 0.0, 1.0, 11.0, 4.0, 6.0, 55293], [55295, 1.0, 1.0, 1.0, 27.0, 0.0, 0.0, 0.0, 0.0, 1.0, 1.0, 0.0, 1.0, 0.0, 3.0, 0.0, 0.0, 0.0, 0.0, 12.0, 4.0, 3.0, 55295], [55298, 1.0, 1.0, 1.0, 35.0, 1.0, 0.0, 0.0, 0.0, 0.0, 1.0, 0.0, 1.0, 0.0, 4.0, 0.0, 30.0, 0.0, 0.0, 13.0, 4.0, 2.0, 55298], [55299, 1.0, 0.0, 1.0, 43.0, 0.0, 0.0, 0.0, 1.0, 0.0, 1.0, 0.0, 1.0, 0.0, 1.0, 5.0, 0.0, 1.0, 0.0, 10.0, 4.0, 5.0, 55299], [55302, 0.0, 0.0, 1.0, 35.0, 0.0, 0.0, 0.0, 1.0, 0.0, 1.0, 0.0, 1.0, 0.0, 2.0, 0.0, 0.0, 0.0, 1.0, 10.0, 4.0, 8.0, 55302], [55303, 1.0, 1.0, 1.0, 38.0, 1.0, 0.0, 0.0, 1.0, 1.0, 1.0, 0.0, 1.0, 0.0, 3.0, 1.0, 0.0, 0.0, 1.0, 12.0, 5.0, 5.0, 55303], [55304, 1.0, 0.0, 1.0, 31.0, 1.0, 0.0, 0.0, 1.0, 1.0, 1.0, 0.0, 1.0, 0.0, 3.0, 0.0, 10.0, 0.0, 1.0, 12.0, 5.0, 7.0, 55304]]}}","{""predictions"": [1.0, 1.0, 1.0, 1.0, 1.0, 1.0, 0.0, 0.0, 1.0, 0.0]}",1,"{""model_name"":""labuser70609094f_monitor_demo4f.default.diabetes_model"",""endpoint_name"":""labuser70609094f_endpoint"",""model_version"":""1""}"
null,f12813fb-a33d-45f8-8863-0ae87432ef4e,2024-07-08,1720444907647,200,4,"{""dataframe_split"": {""index"": [21820, 21821, 21822, 21823, 21824, 21825, 21826, 21827, 21828, 21829], ""columns"": [""index"", ""HighBP"", ""HighChol"", ""CholCheck"", ""BMI"", ""Smoker"", ""Stroke"", ""HeartDiseaseorAttack"", ""PhysActivity"", ""Fruits"", ""Veggies"", ""HvyAlcoholConsump"", ""AnyHealthcare"", ""NoDocbcCost"", ""GenHlth"", ""MentHlth"", ""PhysHlth"", ""DiffWalk"", ""Sex"", ""Age"", ""Education"", ""Income"", ""id""], ""data"": [[55305, 1.0, 1.0, 1.0, 20.0, 0.0, 0.0, 0.0, 1.0, 1.0, 1.0, 0.0, 1.0, 0.0, 3.0, 2.0, 0.0, 0.0, 0.0, 13.0, 5.0, 8.0, 55305], [55306, 0.0, 1.0, 1.0, 29.0, 0.0, 0.0, 1.0, 1.0, 1.0, 1.0, 0.0, 1.0, 0.0, 2.0, 2.0, 0.0, 0.0, 1.0, 13.0, 6.0, 8.0, 55306], [55307, 1.0, 1.0, 1.0, 27.0, 1.0, 1.0, 0.0, 0.0, 1.0, 1.0, 0.0, 1.0, 0.0, 5.0, 30.0, 30.0, 1.0, 0.0, 10.0, 5.0, 5.0, 55307], [55310, 0.0, 1.0, 1.0, 25.0, 0.0, 0.0, 0.0, 1.0, 0.0, 1.0, 0.0, 1.0, 0.0, 3.0, 0.0, 5.0, 0.0, 0.0, 13.0, 4.0, 5.0, 55310], [55311, 1.0, 1.0, 1.0, 31.0, 0.0, 0.0, 1.0, 1.0, 1.0, 1.0, 0.0, 1.0, 0.0, 5.0, 0.0, 30.0, 1.0, 1.0, 13.0, 4.0, 5.0, 55311], [55312, 1.0, 0.0, 1.0, 29.0, 0.0, 1.0, 1.0, 0.0, 0.0, 0.0, 0.0, 1.0, 1.0, 4.0, 2.0, 0.0, 0.0, 0.0, 11.0, 5.0, 6.0, 55312], [55313, 1.0, 1.0, 1.0, 22.0, 0.0, 1.0, 0.0, 1.0, 1.0, 1.0, 0.0, 1.0, 0.0, 1.0, 0.0, 0.0, 0.0, 1.0, 10.0, 6.0, 6.0, 55313], [55315, 1.0, 0.0, 1.0, 27.0, 1.0, 0.0, 0.0, 1.0, 1.0, 1.0, 0.0, 1.0, 0.0, 2.0, 0.0, 0.0, 0.0, 0.0, 13.0, 6.0, 6.0, 55315], [55316, 1.0, 1.0, 1.0, 28.0, 1.0, 0.0, 0.0, 0.0, 1.0, 1.0, 0.0, 1.0, 0.0, 3.0, 0.0, 30.0, 0.0, 1.0, 13.0, 6.0, 7.0, 55316], [55317, 0.0, 1.0, 1.0, 31.0, 1.0, 0.0, 0.0, 1.0, 0.0, 1.0, 0.0, 1.0, 0.0, 2.0, 1.0, 0.0, 0.0, 0.0, 10.0, 6.0, 8.0, 55317]]}}","{""predictions"": [0.0, 1.0, 1.0, 1.0, 1.0, 1.0, 0.0, 1.0, 1.0, 0.0]}",1,"{""model_name"":""labuser70609094f_monitor_demo4f.default.diabetes_model"",""endpoint_name"":""labuser70609094f_endpoint"",""model_version"":""1""}"
null,7055dd63-e841-4068-8cbb-d187ebdd1f4d,2024-07-08,1720444907676,200,4,"{""dataframe_split"": {""index"": [21830, 21831, 21832, 21833, 21834, 21835, 21836, 21837, 21838, 21839], ""columns"": [""index"", ""HighBP"", ""HighChol"", ""CholCheck"", ""BMI"", ""Smoker"", ""Stroke"", ""HeartDiseaseorAttack"", ""PhysActivity"", ""Fruits"", ""Veggies"", ""HvyAlcoholConsump"", ""AnyHealthcare"", ""NoDocbcCost"", ""GenHlth"", ""MentHlth"", ""PhysHlth"", ""DiffWalk"", ""Sex"", ""Age"", ""Education"", ""Income"", ""id""], ""data"": [[55318, 1.0, 1.0, 1.0, 23.0, 1.0, 0.0, 1.0, 0.0, 0.0, 1.0, 0.0, 1.0, 0.0, 4.0, 0.0, 30.0, 0.0, 1.0, 13.0, 6.0, 7.0, 55318], [55320, 1.0, 1.0, 1.0, 26.0, 0.0, 0.0, 1.0, 1.0, 1.0, 1.0, 0.0, 1.0, 0.0, 2.0, 0.0, 0.0, 0.0, 1.0, 13.0, 5.0, 6.0, 55320], [55323, 1.0, 1.0, 1.0, 26.0, 1.0, 1.0, 1.0, 0.0, 0.0, 0.0, 0.0, 1.0, 1.0, 5.0, 30.0, 30.0, 1.0, 1.0, 10.0, 4.0, 4.0, 55323], [55324, 1.0, 0.0, 1.0, 33.0, 1.0, 1.0, 1.0, 0.0, 1.0, 0.0, 0.0, 1.0, 0.0, 5.0, 30.0, 6.0, 1.0, 1.0, 10.0, 6.0, 8.0, 55324], [55327, 1.0, 0.0, 1.0, 22.0, 0.0, 0.0, 0.0, 1.0, 0.0, 1.0, 0.0, 1.0, 0.0, 3.0, 0.0, 0.0, 0.0, 0.0, 13.0, 4.0, 5.0, 55327], [55328, 1.0, 1.0, 1.0, 32.0, 1.0, 0.0, 0.0, 0.0, 1.0, 1.0, 0.0, 1.0, 0.0, 3.0, 0.0, 30.0, 1.0, 0.0, 11.0, 4.0, 4.0, 55328], [55329, 1.0, 1.0, 1.0, 30.0, 1.0, 0.0, 0.0, 0.0, 0.0, 1.0, 0.0, 1.0, 0.0, 4.0, 0.0, 1.0, 0.0, 1.0, 11.0, 4.0, 8.0, 55329], [55331, 1.0, 1.0, 1.0, 29.0, 1.0, 0.0, 0.0, 1.0, 0.0, 1.0, 0.0, 1.0, 0.0, 4.0, 0.0, 0.0, 1.0, 1.0, 11.0, 6.0, 6.0, 55331], [55333, 1.0, 0.0, 1.0, 35.0, 1.0, 0.0, 0.0, 1.0, 0.0, 1.0, 0.0, 1.0, 0.0, 3.0, 0.0, 0.0, 0.0, 1.0, 10.0, 5.0, 4.0, 55333], [55334, 1.0, 0.0, 1.0, 28.0, 1.0, 0.0, 0.0, 1.0, 1.0, 0.0, 0.0, 1.0, 0.0, 4.0, 0.0, 0.0, 0.0, 1.0, 13.0, 3.0, 5.0, 55334]]}}","{""predictions"": [1.0, 1.0, 1.0, 1.0, 1.0, 1.0, 0.0, 1.0, 0.0, 1.0]}",1,"{""model_name"":""labuser70609094f_monitor_demo4f.default.diabetes_model"",""endpoint_name"":""labuser70609094f_endpoint"",""model_version"":""1""}"
null,cb23c1b7-f3b7-44bf-8b48-05304bcad253,2024-07-08,1720444907930,200,4,"{""dataframe_split"": {""index"": [21920, 21921, 21922, 21923, 21924, 21925, 21926, 21927, 21928, 21929], ""columns"": [""index"", ""HighBP"", ""HighChol"", ""CholCheck"", ""BMI"", ""Smoker"", ""Stroke"", ""HeartDiseaseorAttack"", ""PhysActivity"", ""Fruits"", ""Veggies"", ""HvyAlcoholConsump"", ""AnyHealthcare"", ""NoDocbcCost"", ""GenHlth"", ""MentHlth"", ""PhysHlth"", ""DiffWalk"", ""Sex"", ""Age"", ""Education"", ""Income"", ""id""], ""data"": [[55461, 1.0, 1.0, 1.0, 24.0, 1.0, 0.0, 0.0, 0.0, 1.0, 1.0, 0.0, 1.0, 0.0, 1.0, 0.0, 2.0, 0.0, 1.0, 12.0, 5.0, 7.0, 55461], [55462, 1.0, 1.0, 1.0, 28.0, 1.0, 0.0, 1.0, 1.0, 0.0, 0.0, 0.0, 1.0, 0.0, 4.0, 10.0, 0.0, 0.0, 1.0, 10.0, 6.0, 6.0, 55462], [55463, 1.0, 0.0, 1.0, 34.0, 1.0, 0.0, 0.0, 1.0, 0.0, 0.0, 0.0, 1.0, 0.0, 4.0, 0.0, 7.0, 1.0, 1.0, 12.0, 6.0, 2.0, 55463], [55464, 1.0, 0.0, 1.0, 29.0, 0.0, 0.0, 0.0, 0.0, 1.0, 1.0, 0.0, 1.0, 0.0, 3.0, 10.0, 0.0, 0.0, 1.0, 10.0, 6.0, 4.0, 55464], [55467, 1.0, 1.0, 1.0, 28.0, 0.0, 0.0, 0.0, 1.0, 1.0, 1.0, 0.0, 1.0, 0.0, 3.0, 25.0, 5.0, 0.0, 0.0, 10.0, 4.0, 7.0, 55467], [55469, 1.0, 1.0, 1.0, 39.0, 1.0, 0.0, 0.0, 0.0, 1.0, 1.0, 0.0, 1.0, 0.0, 2.0, 0.0, 10.0, 1.0, 0.0, 12.0, 4.0, 2.0, 55469], [55470, 1.0, 1.0, 1.0, 27.0, 0.0, 0.0, 0.0, 1.0, 0.0, 1.0, 0.0, 1.0, 0.0, 3.0, 2.0, 4.0, 1.0, 0.0, 13.0, 2.0, 3.0, 55470], [55472, 1.0, 0.0, 1.0, 31.0, 0.0, 0.0, 0.0, 1.0, 1.0, 1.0, 0.0, 1.0, 0.0, 2.0, 0.0, 0.0, 0.0, 0.0, 12.0, 4.0, 6.0, 55472], [55474, 0.0, 0.0, 1.0, 35.0, 1.0, 0.0, 0.0, 0.0, 0.0, 0.0, 0.0, 1.0, 0.0, 4.0, 0.0, 0.0, 1.0, 0.0, 13.0, 4.0, 2.0, 55474], [55476, 0.0, 1.0, 1.0, 33.0, 1.0, 0.0, 0.0, 1.0, 0.0, 1.0, 0.0, 1.0, 0.0, 3.0, 0.0, 0.0, 0.0, 0.0, 10.0, 6.0, 6.0, 55476]]}}","{""predictions"": [1.0, 0.0, 1.0, 1.0, 1.0, 0.0, 0.0, 0.0, 0.0, 0.0]}",1,"{""model_name"":""labuser70609094f_monitor_demo4f.default.diabetes_model"",""endpoint_name"":""labuser70609094f_endpoint"",""model_version"":""1""}"
null,9029769c-b883-4b10-a06b-640a1321055d,2024-07-08,1720444907958,200,4,"{""dataframe_split"": {""index"": [21930, 21931, 21932, 21933, 21934, 21935, 21936, 21937, 21938, 21939], ""columns"": [""index"", ""HighBP"", ""HighChol"", ""CholCheck"", ""BMI"", ""Smoker"", ""Stroke"", ""HeartDiseaseorAttack"", ""PhysActivity"", ""Fruits"", ""Veggies"", ""HvyAlcoholConsump"", ""AnyHealthcare"", ""NoDocbcCost"", ""GenHlth"", ""MentHlth"", ""PhysHlth"", ""DiffWalk"", ""Sex"", ""Age"", ""Education"", ""Income"", ""id""], ""data"": [[55478, 0.0, 0.0, 1.0, 32.0, 0.0, 0.0, 0.0, 1.0, 1.0, 1.0, 0.0, 1.0, 0.0, 3.0, 0.0, 3.0, 0.0, 0.0, 10.0, 4.0, 2.0, 55478], [55479, 1.0, 1.0, 1.0, 26.0, 1.0, 1.0, 0.0, 0.0, 1.0, 1.0, 0.0, 1.0, 0.0, 3.0, 15.0, 10.0, 0.0, 1.0, 12.0, 4.0, 3.0, 55479], [55480, 1.0, 1.0, 1.0, 30.0, 1.0, 0.0, 0.0, 1.0, 1.0, 1.0, 0.0, 1.0, 0.0, 3.0, 0.0, 0.0, 0.0, 1.0, 10.0, 4.0, 5.0, 55480], [55482, 1.0, 1.0, 1.0, 28.0, 0.0, 0.0, 0.0, 1.0, 1.0, 1.0, 0.0, 1.0, 0.0, 2.0, 0.0, 0.0, 0.0, 0.0, 13.0, 4.0, 3.0, 55482], [55483, 1.0, 0.0, 1.0, 35.0, 1.0, 1.0, 0.0, 1.0, 0.0, 1.0, 0.0, 1.0, 0.0, 3.0, 20.0, 2.0, 0.0, 1.0, 10.0, 4.0, 7.0, 55483], [55485, 1.0, 1.0, 1.0, 21.0, 0.0, 0.0, 0.0, 1.0, 1.0, 1.0, 0.0, 1.0, 0.0, 4.0, 0.0, 1.0, 1.0, 0.0, 12.0, 5.0, 4.0, 55485], [55487, 1.0, 1.0, 1.0, 20.0, 1.0, 0.0, 0.0, 0.0, 0.0, 1.0, 0.0, 1.0, 0.0, 4.0, 0.0, 0.0, 0.0, 0.0, 11.0, 5.0, 8.0, 55487], [55488, 1.0, 1.0, 1.0, 36.0, 1.0, 0.0, 1.0, 0.0, 1.0, 1.0, 0.0, 1.0, 0.0, 4.0, 0.0, 4.0, 1.0, 0.0, 12.0, 4.0, 3.0, 55488], [55489, 1.0, 1.0, 1.0, 29.0, 0.0, 0.0, 0.0, 0.0, 1.0, 1.0, 0.0, 1.0, 0.0, 5.0, 0.0, 25.0, 0.0, 1.0, 11.0, 6.0, 8.0, 55489], [55490, 1.0, 1.0, 1.0, 39.0, 1.0, 0.0, 1.0, 1.0, 1.0, 0.0, 0.0, 1.0, 0.0, 3.0, 0.0, 3.0, 1.0, 0.0, 11.0, 5.0, 4.0, 55490]]}}","{""predictions"": [0.0, 1.0, 1.0, 1.0, 1.0, 0.0, 1.0, 1.0, 1.0, 1.0]}",1,"{""model_name"":""labuser70609094f_monitor_demo4f.default.diabetes_model"",""endpoint_name"":""labuser70609094f_endpoint"",""model_version"":""1""}"
null,a381bea0-5b5d-427b-bdd6-fcc31b43192b,2024-07-08,1720444908015,200,4,"{""dataframe_split"": {""index"": [21950, 21951, 21952, 21953, 21954, 21955, 21956, 21957, 21958, 21959], ""columns"": [""index"", ""HighBP"", ""HighChol"", ""CholCheck"", ""BMI"", ""Smoker"", ""Stroke"", ""HeartDiseaseorAttack"", ""PhysActivity"", ""Fruits"", ""Veggies"", ""HvyAlcoholConsump"", ""AnyHealthcare"", ""NoDocbcCost"", ""GenHlth"", ""MentHlth"", ""PhysHlth"", ""DiffWalk"", ""Sex"", ""Age"", ""Education"", ""Income"", ""id""], ""data"": [[55507, 1.0, 1.0, 1.0, 29.0, 0.0, 0.0, 0.0, 0.0, 0.0, 0.0, 0.0, 1.0, 0.0, 3.0, 0.0, 0.0, 0.0, 0.0, 11.0, 4.0, 2.0, 55507], [55509, 1.0, 1.0, 1.0, 37.0, 0.0, 0.0, 1.0, 1.0, 0.0, 1.0, 0.0, 1.0, 0.0, 3.0, 6.0, 5.0, 0.0, 0.0, 11.0, 6.0, 8.0, 55509], [55510, 1.0, 1.0, 1.0, 31.0, 0.0, 0.0, 0.0, 1.0, 0.0, 0.0, 0.0, 1.0, 0.0, 2.0, 0.0, 0.0, 0.0, 1.0, 12.0, 4.0, 6.0, 55510], [55514, 1.0, 1.0, 1.0, 27.0, 1.0, 1.0, 1.0, 1.0, 1.0, 1.0, 0.0, 1.0, 0.0, 3.0, 5.0, 25.0, 1.0, 1.0, 13.0, 4.0, 4.0, 55514], [55515, 0.0, 0.0, 1.0, 24.0, 1.0, 0.0, 0.0, 1.0, 1.0, 1.0, 0.0, 1.0, 0.0, 3.0, 0.0, 5.0, 0.0, 1.0, 12.0, 6.0, 7.0, 55515], [55521, 0.0, 0.0, 1.0, 23.0, 1.0, 0.0, 0.0, 0.0, 1.0, 1.0, 0.0, 1.0, 1.0, 4.0, 15.0, 15.0, 1.0, 0.0, 10.0, 4.0, 6.0, 55521], [55525, 1.0, 1.0, 1.0, 34.0, 1.0, 0.0, 0.0, 1.0, 0.0, 0.0, 0.0, 1.0, 0.0, 4.0, 5.0, 20.0, 1.0, 1.0, 10.0, 5.0, 2.0, 55525], [55533, 1.0, 0.0, 1.0, 27.0, 1.0, 0.0, 0.0, 0.0, 1.0, 1.0, 0.0, 1.0, 0.0, 2.0, 3.0, 5.0, 0.0, 1.0, 10.0, 6.0, 8.0, 55533], [55536, 0.0, 1.0, 1.0, 27.0, 1.0, 0.0, 1.0, 0.0, 1.0, 1.0, 0.0, 0.0, 0.0, 5.0, 30.0, 2.0, 1.0, 0.0, 13.0, 4.0, 2.0, 55536], [55539, 1.0, 1.0, 1.0, 28.0, 1.0, 0.0, 0.0, 1.0, 1.0, 1.0, 0.0, 1.0, 0.0, 3.0, 0.0, 1.0, 0.0, 0.0, 10.0, 4.0, 3.0, 55539]]}}","{""predictions"": [1.0, 1.0, 1.0, 1.0, 0.0, 0.0, 1.0, 0.0, 0.0, 1.0]}",1,"{""model_name"":""labuser70609094f_monitor_demo4f.default.diabetes_model"",""endpoint_name"":""labuser70609094f_endpoint"",""model_version"":""1""}"
null,2fd8b58f-ef78-40bd-9b58-d0cf30a9db4b,2024-07-08,1720444908240,200,4,"{""dataframe_split"": {""index"": [22030, 22031, 22032, 22033, 22034, 22035, 22036, 22037, 22038, 22039], ""columns"": [""index"", ""HighBP"", ""HighChol"", ""CholCheck"", ""BMI"", ""Smoker"", ""Stroke"", ""HeartDiseaseorAttack"", ""PhysActivity"", ""Fruits"", ""Veggies"", ""HvyAlcoholConsump"", ""AnyHealthcare"", ""NoDocbcCost"", ""GenHlth"", ""MentHlth"", ""PhysHlth"", ""DiffWalk"", ""Sex"", ""Age"", ""Education"", ""Income"", ""id""], ""data"": [[55686, 1.0, 0.0, 1.0, 34.0, 1.0, 0.0, 0.0, 0.0, 1.0, 1.0, 0.0, 1.0, 0.0, 3.0, 0.0, 10.0, 0.0, 0.0, 12.0, 4.0, 8.0, 55686], [55687, 1.0, 0.0, 1.0, 28.0, 0.0, 0.0, 0.0, 1.0, 1.0, 0.0, 0.0, 1.0, 0.0, 5.0, 30.0, 30.0, 0.0, 0.0, 12.0, 2.0, 5.0, 55687], [55688, 1.0, 1.0, 1.0, 43.0, 1.0, 0.0, 1.0, 0.0, 1.0, 1.0, 0.0, 1.0, 1.0, 5.0, 0.0, 30.0, 1.0, 0.0, 10.0, 5.0, 3.0, 55688], [55689, 1.0, 1.0, 1.0, 38.0, 1.0, 0.0, 0.0, 0.0, 1.0, 1.0, 0.0, 1.0, 0.0, 4.0, 0.0, 0.0, 1.0, 0.0, 10.0, 4.0, 8.0, 55689], [55692, 1.0, 0.0, 1.0, 23.0, 0.0, 0.0, 0.0, 1.0, 1.0, 1.0, 0.0, 1.0, 0.0, 4.0, 30.0, 30.0, 1.0, 0.0, 13.0, 4.0, 3.0, 55692], [55693, 1.0, 1.0, 1.0, 28.0, 1.0, 1.0, 0.0, 1.0, 1.0, 1.0, 0.0, 1.0, 0.0, 4.0, 3.0, 30.0, 1.0, 1.0, 13.0, 4.0, 4.0, 55693], [55696, 1.0, 1.0, 1.0, 33.0, 0.0, 0.0, 0.0, 0.0, 0.0, 1.0, 0.0, 1.0, 0.0, 3.0, 5.0, 0.0, 1.0, 0.0, 10.0, 6.0, 5.0, 55696], [55697, 1.0, 0.0, 1.0, 36.0, 0.0, 0.0, 0.0, 0.0, 0.0, 1.0, 0.0, 1.0, 0.0, 4.0, 0.0, 0.0, 0.0, 1.0, 10.0, 4.0, 6.0, 55697], [55699, 1.0, 1.0, 0.0, 37.0, 0.0, 0.0, 0.0, 1.0, 0.0, 0.0, 0.0, 1.0, 1.0, 3.0, 2.0, 2.0, 0.0, 1.0, 11.0, 5.0, 4.0, 55699], [55700, 1.0, 0.0, 1.0, 35.0, 0.0, 0.0, 0.0, 1.0, 1.0, 1.0, 0.0, 1.0, 0.0, 3.0, 0.0, 3.0, 1.0, 0.0, 10.0, 5.0, 6.0, 55700]]}}","{""predictions"": [1.0, 1.0, 0.0, 0.0, 1.0, 0.0, 0.0, 1.0, 0.0, 1.0]}",1,"{""model_name"":""labuser70609094f_monitor_demo4f.default.diabetes_model"",""endpoint_name"":""labuser70609094f_endpoint"",""model_version"":""1""}"
null,f8693b80-aa48-476d-a1c1-12125125cf73,2024-07-08,1720444908267,200,4,"{""dataframe_split"": {""index"": [22040, 22041, 22042, 22043, 22044, 22045, 22046, 22047, 22048, 22049], ""columns"": [""index"", ""HighBP"", ""HighChol"", ""CholCheck"", ""BMI"", ""Smoker"", ""Stroke"", ""HeartDiseaseorAttack"", ""PhysActivity"", ""Fruits"", ""Veggies"", ""HvyAlcoholConsump"", ""AnyHealthcare"", ""NoDocbcCost"", ""GenHlth"", ""MentHlth"", ""PhysHlth"", ""DiffWalk"", ""Sex"", ""Age"", ""Education"", ""Income"", ""id""], ""data"": [[55702, 1.0, 1.0, 1.0, 29.0, 0.0, 0.0, 0.0, 1.0, 1.0, 1.0, 0.0, 1.0, 0.0, 1.0, 0.0, 0.0, 0.0, 1.0, 13.0, 3.0, 5.0, 55702], [55703, 1.0, 1.0, 1.0, 33.0, 0.0, 0.0, 0.0, 0.0, 0.0, 1.0, 0.0, 1.0, 0.0, 4.0, 0.0, 20.0, 0.0, 1.0, 12.0, 4.0, 4.0, 55703], [55705, 1.0, 0.0, 1.0, 33.0, 1.0, 0.0, 0.0, 1.0, 1.0, 1.0, 0.0, 1.0, 0.0, 2.0, 0.0, 0.0, 1.0, 0.0, 11.0, 3.0, 1.0, 55705], [55706, 1.0, 0.0, 1.0, 29.0, 1.0, 0.0, 0.0, 0.0, 1.0, 1.0, 0.0, 1.0, 0.0, 4.0, 0.0, 0.0, 1.0, 0.0, 13.0, 4.0, 2.0, 55706], [55708, 1.0, 1.0, 1.0, 24.0, 1.0, 0.0, 0.0, 1.0, 0.0, 0.0, 0.0, 1.0, 0.0, 2.0, 4.0, 0.0, 0.0, 0.0, 10.0, 5.0, 7.0, 55708], [55709, 0.0, 0.0, 1.0, 30.0, 1.0, 0.0, 0.0, 1.0, 1.0, 1.0, 0.0, 1.0, 0.0, 5.0, 15.0, 30.0, 1.0, 1.0, 10.0, 5.0, 8.0, 55709], [55710, 1.0, 1.0, 1.0, 33.0, 0.0, 0.0, 0.0, 1.0, 1.0, 1.0, 0.0, 1.0, 0.0, 3.0, 0.0, 30.0, 1.0, 1.0, 10.0, 6.0, 8.0, 55710], [55712, 1.0, 1.0, 1.0, 27.0, 1.0, 0.0, 0.0, 0.0, 1.0, 1.0, 0.0, 1.0, 0.0, 4.0, 0.0, 28.0, 1.0, 1.0, 13.0, 4.0, 4.0, 55712], [55713, 0.0, 0.0, 1.0, 24.0, 1.0, 0.0, 0.0, 0.0, 1.0, 1.0, 0.0, 1.0, 0.0, 3.0, 0.0, 0.0, 0.0, 0.0, 11.0, 5.0, 4.0, 55713], [55716, 1.0, 1.0, 1.0, 26.0, 1.0, 0.0, 0.0, 0.0, 1.0, 1.0, 0.0, 0.0, 0.0, 3.0, 0.0, 0.0, 0.0, 0.0, 13.0, 5.0, 5.0, 55716]]}}","{""predictions"": [1.0, 1.0, 0.0, 1.0, 0.0, 1.0, 0.0, 0.0, 0.0, 1.0]}",1,"{""model_name"":""labuser70609094f_monitor_demo4f.default.diabetes_model"",""endpoint_name"":""labuser70609094f_endpoint"",""model_version"":""1""}"
null,1f7ddacd-17ad-4c26-88b2-d0c83247d888,2024-07-08,1720444908296,200,4,"{""dataframe_split"": {""index"": [22050, 22051, 22052, 22053, 22054, 22055, 22056, 22057, 22058, 22059], ""columns"": [""index"", ""HighBP"", ""HighChol"", ""CholCheck"", ""BMI"", ""Smoker"", ""Stroke"", ""HeartDiseaseorAttack"", ""PhysActivity"", ""Fruits"", ""Veggies"", ""HvyAlcoholConsump"", ""AnyHealthcare"", ""NoDocbcCost"", ""GenHlth"", ""MentHlth"", ""PhysHlth"", ""DiffWalk"", ""Sex"", ""Age"", ""Education"", ""Income"", ""id""], ""data"": [[55718, 1.0, 1.0, 1.0, 35.0, 0.0, 0.0, 0.0, 1.0, 0.0, 0.0, 0.0, 1.0, 0.0, 5.0, 0.0, 30.0, 0.0, 0.0, 10.0, 5.0, 2.0, 55718], [55721, 1.0, 1.0, 1.0, 31.0, 0.0, 0.0, 1.0, 1.0, 0.0, 1.0, 0.0, 1.0, 0.0, 4.0, 0.0, 0.0, 0.0, 1.0, 11.0, 6.0, 8.0, 55721], [55722, 1.0, 1.0, 1.0, 27.0, 1.0, 0.0, 1.0, 0.0, 0.0, 0.0, 0.0, 1.0, 0.0, 3.0, 0.0, 0.0, 0.0, 0.0, 10.0, 5.0, 8.0, 55722], [55724, 0.0, 0.0, 1.0, 33.0, 1.0, 0.0, 1.0, 0.0, 0.0, 0.0, 0.0, 1.0, 0.0, 4.0, 0.0, 0.0, 0.0, 1.0, 10.0, 5.0, 8.0, 55724], [55727, 1.0, 1.0, 1.0, 25.0, 1.0, 0.0, 0.0, 0.0, 1.0, 1.0, 0.0, 1.0, 0.0, 4.0, 0.0, 6.0, 0.0, 1.0, 13.0, 6.0, 8.0, 55727], [55728, 1.0, 0.0, 1.0, 23.0, 1.0, 0.0, 1.0, 1.0, 1.0, 1.0, 0.0, 1.0, 0.0, 1.0, 0.0, 0.0, 0.0, 1.0, 13.0, 5.0, 8.0, 55728], [55729, 1.0, 0.0, 1.0, 29.0, 1.0, 0.0, 0.0, 1.0, 1.0, 1.0, 0.0, 1.0, 0.0, 3.0, 0.0, 0.0, 0.0, 1.0, 12.0, 6.0, 6.0, 55729], [55730, 1.0, 1.0, 1.0, 30.0, 1.0, 1.0, 1.0, 1.0, 1.0, 0.0, 0.0, 1.0, 0.0, 5.0, 30.0, 30.0, 1.0, 1.0, 10.0, 6.0, 6.0, 55730], [55731, 1.0, 0.0, 1.0, 36.0, 1.0, 0.0, 0.0, 0.0, 1.0, 1.0, 0.0, 1.0, 0.0, 3.0, 0.0, 0.0, 0.0, 0.0, 10.0, 4.0, 6.0, 55731], [55734, 1.0, 1.0, 1.0, 28.0, 1.0, 0.0, 1.0, 1.0, 1.0, 1.0, 0.0, 1.0, 0.0, 4.0, 5.0, 30.0, 1.0, 1.0, 11.0, 6.0, 8.0, 55734]]}}","{""predictions"": [1.0, 1.0, 1.0, 1.0, 1.0, 1.0, 0.0, 1.0, 1.0, 1.0]}",1,"{""model_name"":""labuser70609094f_monitor_demo4f.default.diabetes_model"",""endpoint_name"":""labuser70609094f_endpoint"",""model_version"":""1""}"
null,b06a3d3a-fe96-4703-b752-666076be314d,2024-07-08,1720444908325,200,4,"{""dataframe_split"": {""index"": [22060, 22061, 22062, 22063, 22064, 22065, 22066, 22067, 22068, 22069], ""columns"": [""index"", ""HighBP"", ""HighChol"", ""CholCheck"", ""BMI"", ""Smoker"", ""Stroke"", ""HeartDiseaseorAttack"", ""PhysActivity"", ""Fruits"", ""Veggies"", ""HvyAlcoholConsump"", ""AnyHealthcare"", ""NoDocbcCost"", ""GenHlth"", ""MentHlth"", ""PhysHlth"", ""DiffWalk"", ""Sex"", ""Age"", ""Education"", ""Income"", ""id""], ""data"": [[55736, 0.0, 1.0, 1.0, 26.0, 0.0, 0.0, 1.0, 0.0, 1.0, 1.0, 0.0, 1.0, 0.0, 3.0, 0.0, 0.0, 1.0, 0.0, 10.0, 6.0, 2.0, 55736], [55739, 1.0, 0.0, 1.0, 45.0, 0.0, 0.0, 1.0, 0.0, 1.0, 1.0, 0.0, 1.0, 0.0, 4.0, 0.0, 7.0, 1.0, 1.0, 11.0, 5.0, 7.0, 55739], [55740, 1.0, 1.0, 1.0, 32.0, 0.0, 0.0, 1.0, 1.0, 1.0, 1.0, 0.0, 1.0, 0.0, 3.0, 0.0, 0.0, 1.0, 0.0, 11.0, 4.0, 4.0, 55740], [55741, 1.0, 0.0, 1.0, 43.0, 0.0, 1.0, 1.0, 0.0, 1.0, 0.0, 0.0, 1.0, 0.0, 5.0, 0.0, 0.0, 1.0, 0.0, 13.0, 4.0, 6.0, 55741], [55742, 0.0, 0.0, 1.0, 37.0, 0.0, 0.0, 0.0, 0.0, 0.0, 1.0, 0.0, 1.0, 0.0, 3.0, 5.0, 10.0, 0.0, 0.0, 10.0, 5.0, 3.0, 55742], [55744, 1.0, 1.0, 1.0, 45.0, 0.0, 0.0, 0.0, 1.0, 1.0, 1.0, 0.0, 1.0, 0.0, 4.0, 30.0, 25.0, 1.0, 0.0, 10.0, 6.0, 6.0, 55744], [55746, 1.0, 0.0, 1.0, 33.0, 0.0, 0.0, 0.0, 0.0, 0.0, 0.0, 0.0, 1.0, 0.0, 3.0, 0.0, 24.0, 1.0, 0.0, 13.0, 2.0, 1.0, 55746], [55750, 1.0, 0.0, 1.0, 29.0, 0.0, 0.0, 1.0, 1.0, 1.0, 1.0, 0.0, 1.0, 0.0, 4.0, 0.0, 30.0, 1.0, 0.0, 13.0, 4.0, 2.0, 55750], [55751, 1.0, 1.0, 1.0, 33.0, 0.0, 0.0, 0.0, 1.0, 1.0, 1.0, 0.0, 1.0, 0.0, 3.0, 0.0, 0.0, 0.0, 0.0, 11.0, 4.0, 6.0, 55751], [55752, 0.0, 1.0, 1.0, 27.0, 1.0, 0.0, 0.0, 1.0, 1.0, 1.0, 0.0, 1.0, 0.0, 2.0, 0.0, 2.0, 0.0, 1.0, 10.0, 6.0, 8.0, 55752]]}}","{""predictions"": [1.0, 1.0, 0.0, 1.0, 1.0, 0.0, 1.0, 0.0, 1.0, 0.0]}",1,"{""model_name"":""labuser70609094f_monitor_demo4f.default.diabetes_model"",""endpoint_name"":""labuser70609094f_endpoint"",""model_version"":""1""}"
null,03ece5d8-eadb-499b-9069-2964020ddb5d,2024-07-08,1720444908354,200,4,"{""dataframe_split"": {""index"": [22070, 22071, 22072, 22073, 22074, 22075, 22076, 22077, 22078, 22079], ""columns"": [""index"", ""HighBP"", ""HighChol"", ""CholCheck"", ""BMI"", ""Smoker"", ""Stroke"", ""HeartDiseaseorAttack"", ""PhysActivity"", ""Fruits"", ""Veggies"", ""HvyAlcoholConsump"", ""AnyHealthcare"", ""NoDocbcCost"", ""GenHlth"", ""MentHlth"", ""PhysHlth"", ""DiffWalk"", ""Sex"", ""Age"", ""Education"", ""Income"", ""id""], ""data"": [[55754, 1.0, 0.0, 1.0, 32.0, 1.0, 0.0, 1.0, 1.0, 1.0, 1.0, 0.0, 1.0, 0.0, 4.0, 0.0, 3.0, 0.0, 1.0, 10.0, 6.0, 8.0, 55754], [55756, 1.0, 1.0, 1.0, 31.0, 1.0, 0.0, 1.0, 0.0, 1.0, 0.0, 0.0, 1.0, 0.0, 5.0, 0.0, 30.0, 1.0, 1.0, 13.0, 2.0, 4.0, 55756], [55759, 0.0, 1.0, 1.0, 36.0, 1.0, 0.0, 0.0, 1.0, 0.0, 1.0, 0.0, 1.0, 0.0, 3.0, 0.0, 0.0, 0.0, 0.0, 10.0, 6.0, 8.0, 55759], [55760, 1.0, 1.0, 1.0, 33.0, 0.0, 0.0, 0.0, 0.0, 0.0, 1.0, 0.0, 1.0, 0.0, 4.0, 0.0, 7.0, 0.0, 1.0, 10.0, 4.0, 8.0, 55760], [55763, 1.0, 0.0, 1.0, 25.0, 1.0, 0.0, 0.0, 1.0, 0.0, 1.0, 0.0, 1.0, 0.0, 4.0, 0.0, 30.0, 1.0, 0.0, 13.0, 6.0, 7.0, 55763], [55765, 1.0, 1.0, 1.0, 30.0, 0.0, 0.0, 0.0, 1.0, 1.0, 0.0, 0.0, 1.0, 0.0, 4.0, 0.0, 0.0, 1.0, 0.0, 11.0, 3.0, 1.0, 55765], [55766, 1.0, 0.0, 1.0, 36.0, 1.0, 0.0, 1.0, 0.0, 1.0, 1.0, 0.0, 1.0, 0.0, 4.0, 0.0, 30.0, 1.0, 0.0, 10.0, 2.0, 1.0, 55766], [55767, 1.0, 0.0, 1.0, 29.0, 0.0, 0.0, 0.0, 1.0, 0.0, 0.0, 0.0, 1.0, 0.0, 4.0, 30.0, 0.0, 0.0, 0.0, 12.0, 4.0, 3.0, 55767], [55770, 1.0, 0.0, 1.0, 32.0, 0.0, 0.0, 0.0, 1.0, 0.0, 1.0, 0.0, 1.0, 0.0, 3.0, 0.0, 2.0, 0.0, 1.0, 10.0, 5.0, 6.0, 55770], [55773, 1.0, 1.0, 1.0, 30.0, 0.0, 0.0, 1.0, 1.0, 1.0, 1.0, 0.0, 1.0, 0.0, 1.0, 0.0, 0.0, 0.0, 1.0, 13.0, 6.0, 5.0, 55773]]}}","{""predictions"": [1.0, 1.0, 1.0, 1.0, 0.0, 1.0, 1.0, 1.0, 1.0, 1.0]}",1,"{""model_name"":""labuser70609094f_monitor_demo4f.default.diabetes_model"",""endpoint_name"":""labuser70609094f_endpoint"",""model_version"":""1""}"
null,5c1bf93d-696b-4001-b569-8ab080dfdfe4,2024-07-08,1720444908383,200,4,"{""dataframe_split"": {""index"": [22080, 22081, 22082, 22083, 22084, 22085, 22086, 22087, 22088, 22089], ""columns"": [""index"", ""HighBP"", ""HighChol"", ""CholCheck"", ""BMI"", ""Smoker"", ""Stroke"", ""HeartDiseaseorAttack"", ""PhysActivity"", ""Fruits"", ""Veggies"", ""HvyAlcoholConsump"", ""AnyHealthcare"", ""NoDocbcCost"", ""GenHlth"", ""MentHlth"", ""PhysHlth"", ""DiffWalk"", ""Sex"", ""Age"", ""Education"", ""Income"", ""id""], ""data"": [[55775, 0.0, 1.0, 1.0, 35.0, 0.0, 0.0, 0.0, 1.0, 0.0, 0.0, 0.0, 1.0, 0.0, 3.0, 0.0, 2.0, 1.0, 0.0, 11.0, 4.0, 2.0, 55775], [55776, 1.0, 1.0, 1.0, 31.0, 0.0, 0.0, 0.0, 1.0, 0.0, 1.0, 0.0, 1.0, 0.0, 3.0, 0.0, 2.0, 0.0, 1.0, 11.0, 6.0, 8.0, 55776], [55777, 0.0, 0.0, 1.0, 26.0, 1.0, 0.0, 0.0, 1.0, 1.0, 1.0, 0.0, 1.0, 0.0, 2.0, 30.0, 4.0, 0.0, 0.0, 13.0, 6.0, 6.0, 55777], [55779, 1.0, 1.0, 1.0, 28.0, 1.0, 0.0, 0.0, 0.0, 0.0, 1.0, 0.0, 1.0, 0.0, 2.0, 0.0, 0.0, 0.0, 0.0, 11.0, 5.0, 7.0, 55779], [55781, 0.0, 1.0, 1.0, 25.0, 1.0, 0.0, 0.0, 1.0, 1.0, 1.0, 0.0, 1.0, 0.0, 1.0, 0.0, 0.0, 0.0, 0.0, 10.0, 6.0, 6.0, 55781], [55783, 1.0, 1.0, 1.0, 30.0, 1.0, 0.0, 0.0, 0.0, 0.0, 0.0, 0.0, 1.0, 0.0, 3.0, 0.0, 2.0, 1.0, 1.0, 12.0, 5.0, 4.0, 55783], [55785, 1.0, 1.0, 1.0, 37.0, 1.0, 0.0, 0.0, 1.0, 0.0, 1.0, 0.0, 1.0, 0.0, 2.0, 3.0, 0.0, 0.0, 1.0, 11.0, 2.0, 3.0, 55785], [55786, 1.0, 0.0, 1.0, 40.0, 0.0, 0.0, 1.0, 1.0, 1.0, 1.0, 0.0, 1.0, 1.0, 1.0, 30.0, 0.0, 1.0, 1.0, 10.0, 4.0, 3.0, 55786], [55788, 1.0, 0.0, 1.0, 31.0, 0.0, 0.0, 0.0, 1.0, 1.0, 1.0, 0.0, 1.0, 0.0, 2.0, 0.0, 0.0, 0.0, 0.0, 12.0, 3.0, 5.0, 55788], [55789, 0.0, 0.0, 1.0, 31.0, 1.0, 1.0, 0.0, 1.0, 0.0, 1.0, 0.0, 1.0, 0.0, 2.0, 0.0, 0.0, 0.0, 1.0, 11.0, 5.0, 6.0, 55789]]}}","{""predictions"": [1.0, 1.0, 0.0, 0.0, 0.0, 1.0, 1.0, 1.0, 0.0, 1.0]}",1,"{""model_name"":""labuser70609094f_monitor_demo4f.default.diabetes_model"",""endpoint_name"":""labuser70609094f_endpoint"",""model_version"":""1""}"
null,cb7b1907-1b02-44c3-bb1f-dc3d135f1c57,2024-07-08,1720444908792,200,4,"{""dataframe_split"": {""index"": [22220, 22221, 22222, 22223, 22224, 22225, 22226, 22227, 22228, 22229], ""columns"": [""index"", ""HighBP"", ""HighChol"", ""CholCheck"", ""BMI"", ""Smoker"", ""Stroke"", ""HeartDiseaseorAttack"", ""PhysActivity"", ""Fruits"", ""Veggies"", ""HvyAlcoholConsump"", ""AnyHealthcare"", ""NoDocbcCost"", ""GenHlth"", ""MentHlth"", ""PhysHlth"", ""DiffWalk"", ""Sex"", ""Age"", ""Education"", ""Income"", ""id""], ""data"": [[56017, 1.0, 0.0, 1.0, 39.0, 1.0, 0.0, 0.0, 0.0, 1.0, 1.0, 0.0, 1.0, 0.0, 3.0, 30.0, 12.0, 1.0, 0.0, 12.0, 6.0, 8.0, 56017], [56018, 1.0, 0.0, 1.0, 45.0, 0.0, 0.0, 0.0, 0.0, 1.0, 1.0, 0.0, 1.0, 0.0, 4.0, 0.0, 15.0, 1.0, 0.0, 12.0, 5.0, 8.0, 56018], [56019, 0.0, 0.0, 1.0, 22.0, 0.0, 0.0, 0.0, 1.0, 0.0, 1.0, 0.0, 1.0, 1.0, 3.0, 0.0, 0.0, 0.0, 0.0, 12.0, 6.0, 1.0, 56019], [56022, 1.0, 1.0, 1.0, 32.0, 0.0, 0.0, 0.0, 0.0, 1.0, 1.0, 0.0, 1.0, 0.0, 4.0, 0.0, 1.0, 0.0, 0.0, 13.0, 4.0, 3.0, 56022], [56025, 0.0, 1.0, 1.0, 22.0, 0.0, 0.0, 0.0, 1.0, 1.0, 1.0, 0.0, 1.0, 0.0, 1.0, 0.0, 1.0, 0.0, 1.0, 12.0, 6.0, 8.0, 56025], [56029, 1.0, 1.0, 1.0, 33.0, 1.0, 0.0, 0.0, 1.0, 1.0, 1.0, 0.0, 1.0, 0.0, 3.0, 0.0, 1.0, 0.0, 0.0, 13.0, 5.0, 4.0, 56029], [56030, 1.0, 1.0, 1.0, 37.0, 0.0, 0.0, 0.0, 0.0, 0.0, 0.0, 0.0, 1.0, 0.0, 3.0, 0.0, 0.0, 0.0, 1.0, 11.0, 4.0, 3.0, 56030], [56031, 1.0, 0.0, 1.0, 29.0, 0.0, 0.0, 0.0, 1.0, 1.0, 1.0, 0.0, 1.0, 0.0, 2.0, 0.0, 1.0, 0.0, 1.0, 10.0, 4.0, 8.0, 56031], [56033, 1.0, 0.0, 1.0, 25.0, 1.0, 0.0, 0.0, 1.0, 1.0, 1.0, 0.0, 1.0, 0.0, 3.0, 0.0, 0.0, 0.0, 0.0, 13.0, 5.0, 6.0, 56033], [56034, 1.0, 0.0, 1.0, 30.0, 0.0, 0.0, 0.0, 1.0, 0.0, 1.0, 0.0, 1.0, 0.0, 3.0, 3.0, 0.0, 0.0, 1.0, 11.0, 6.0, 5.0, 56034]]}}","{""predictions"": [0.0, 1.0, 0.0, 1.0, 0.0, 1.0, 1.0, 0.0, 0.0, 0.0]}",1,"{""model_name"":""labuser70609094f_monitor_demo4f.default.diabetes_model"",""endpoint_name"":""labuser70609094f_endpoint"",""model_version"":""1""}"
null,e2362eb2-908c-4238-8a05-8637aadd3a5a,2024-07-08,1720444908905,200,4,"{""dataframe_split"": {""index"": [22260, 22261, 22262, 22263, 22264, 22265, 22266, 22267, 22268, 22269], ""columns"": [""index"", ""HighBP"", ""HighChol"", ""CholCheck"", ""BMI"", ""Smoker"", ""Stroke"", ""HeartDiseaseorAttack"", ""PhysActivity"", ""Fruits"", ""Veggies"", ""HvyAlcoholConsump"", ""AnyHealthcare"", ""NoDocbcCost"", ""GenHlth"", ""MentHlth"", ""PhysHlth"", ""DiffWalk"", ""Sex"", ""Age"", ""Education"", ""Income"", ""id""], ""data"": [[56092, 1.0, 1.0, 1.0, 29.0, 0.0, 0.0, 0.0, 1.0, 1.0, 1.0, 0.0, 1.0, 0.0, 3.0, 0.0, 0.0, 0.0, 1.0, 10.0, 6.0, 8.0, 56092], [56093, 1.0, 1.0, 1.0, 24.0, 1.0, 0.0, 1.0, 1.0, 1.0, 1.0, 0.0, 1.0, 0.0, 2.0, 0.0, 20.0, 0.0, 1.0, 13.0, 6.0, 8.0, 56093], [56095, 1.0, 1.0, 1.0, 27.0, 1.0, 0.0, 0.0, 1.0, 0.0, 0.0, 0.0, 1.0, 0.0, 3.0, 0.0, 5.0, 1.0, 0.0, 13.0, 5.0, 4.0, 56095], [56097, 1.0, 1.0, 1.0, 29.0, 1.0, 0.0, 0.0, 1.0, 1.0, 1.0, 0.0, 1.0, 0.0, 4.0, 0.0, 0.0, 0.0, 1.0, 11.0, 4.0, 2.0, 56097], [56099, 1.0, 1.0, 1.0, 30.0, 1.0, 0.0, 1.0, 1.0, 1.0, 1.0, 0.0, 1.0, 0.0, 3.0, 0.0, 3.0, 0.0, 1.0, 11.0, 4.0, 8.0, 56099], [56100, 1.0, 0.0, 1.0, 24.0, 1.0, 0.0, 0.0, 1.0, 1.0, 0.0, 0.0, 1.0, 0.0, 1.0, 0.0, 0.0, 0.0, 1.0, 13.0, 5.0, 8.0, 56100], [56102, 0.0, 0.0, 1.0, 34.0, 1.0, 0.0, 1.0, 0.0, 1.0, 0.0, 0.0, 1.0, 0.0, 4.0, 3.0, 0.0, 1.0, 1.0, 13.0, 4.0, 4.0, 56102], [56103, 1.0, 0.0, 1.0, 23.0, 1.0, 0.0, 0.0, 1.0, 1.0, 1.0, 0.0, 1.0, 0.0, 2.0, 0.0, 0.0, 0.0, 1.0, 13.0, 6.0, 8.0, 56103], [56104, 1.0, 0.0, 1.0, 24.0, 1.0, 0.0, 0.0, 0.0, 1.0, 1.0, 0.0, 1.0, 0.0, 4.0, 0.0, 0.0, 0.0, 0.0, 10.0, 4.0, 4.0, 56104], [56105, 1.0, 1.0, 1.0, 28.0, 1.0, 0.0, 1.0, 1.0, 1.0, 1.0, 0.0, 1.0, 0.0, 3.0, 0.0, 7.0, 0.0, 1.0, 12.0, 4.0, 8.0, 56105]]}}","{""predictions"": [0.0, 0.0, 1.0, 1.0, 1.0, 0.0, 1.0, 0.0, 0.0, 1.0]}",1,"{""model_name"":""labuser70609094f_monitor_demo4f.default.diabetes_model"",""endpoint_name"":""labuser70609094f_endpoint"",""model_version"":""1""}"
null,9f358748-9b1c-40b0-9b01-2a2d5a4929a3,2024-07-08,1720444909076,200,4,"{""dataframe_split"": {""index"": [22320, 22321, 22322, 22323, 22324, 22325, 22326, 22327, 22328, 22329], ""columns"": [""index"", ""HighBP"", ""HighChol"", ""CholCheck"", ""BMI"", ""Smoker"", ""Stroke"", ""HeartDiseaseorAttack"", ""PhysActivity"", ""Fruits"", ""Veggies"", ""HvyAlcoholConsump"", ""AnyHealthcare"", ""NoDocbcCost"", ""GenHlth"", ""MentHlth"", ""PhysHlth"", ""DiffWalk"", ""Sex"", ""Age"", ""Education"", ""Income"", ""id""], ""data"": [[56219, 1.0, 1.0, 1.0, 33.0, 1.0, 0.0, 1.0, 0.0, 0.0, 1.0, 1.0, 1.0, 0.0, 3.0, 0.0, 2.0, 1.0, 1.0, 10.0, 6.0, 4.0, 56219], [56222, 1.0, 1.0, 1.0, 33.0, 1.0, 0.0, 0.0, 1.0, 1.0, 1.0, 0.0, 1.0, 0.0, 4.0, 30.0, 12.0, 0.0, 1.0, 10.0, 6.0, 6.0, 56222], [56223, 1.0, 1.0, 1.0, 36.0, 1.0, 0.0, 0.0, 1.0, 1.0, 1.0, 0.0, 1.0, 0.0, 3.0, 30.0, 0.0, 0.0, 0.0, 10.0, 4.0, 8.0, 56223], [56224, 1.0, 1.0, 1.0, 33.0, 0.0, 0.0, 0.0, 1.0, 1.0, 1.0, 0.0, 1.0, 0.0, 3.0, 0.0, 0.0, 0.0, 1.0, 11.0, 6.0, 8.0, 56224], [56225, 1.0, 0.0, 1.0, 45.0, 1.0, 0.0, 0.0, 0.0, 1.0, 0.0, 0.0, 1.0, 0.0, 3.0, 0.0, 0.0, 1.0, 0.0, 10.0, 5.0, 3.0, 56225], [56226, 1.0, 1.0, 1.0, 32.0, 1.0, 0.0, 1.0, 1.0, 0.0, 0.0, 0.0, 1.0, 0.0, 5.0, 0.0, 30.0, 0.0, 1.0, 11.0, 6.0, 2.0, 56226], [56229, 1.0, 1.0, 1.0, 28.0, 0.0, 0.0, 0.0, 1.0, 1.0, 0.0, 0.0, 1.0, 0.0, 4.0, 0.0, 0.0, 0.0, 0.0, 12.0, 4.0, 1.0, 56229], [56232, 0.0, 1.0, 1.0, 27.0, 1.0, 0.0, 0.0, 1.0, 1.0, 0.0, 0.0, 1.0, 0.0, 2.0, 0.0, 14.0, 0.0, 1.0, 11.0, 5.0, 8.0, 56232], [56234, 1.0, 1.0, 1.0, 29.0, 1.0, 1.0, 1.0, 1.0, 0.0, 1.0, 0.0, 1.0, 1.0, 5.0, 30.0, 30.0, 1.0, 1.0, 10.0, 4.0, 3.0, 56234], [56235, 0.0, 0.0, 1.0, 29.0, 1.0, 0.0, 0.0, 1.0, 1.0, 1.0, 0.0, 1.0, 0.0, 2.0, 0.0, 0.0, 0.0, 1.0, 11.0, 6.0, 8.0, 56235]]}}","{""predictions"": [1.0, 1.0, 1.0, 1.0, 1.0, 0.0, 1.0, 1.0, 1.0, 0.0]}",1,"{""model_name"":""labuser70609094f_monitor_demo4f.default.diabetes_model"",""endpoint_name"":""labuser70609094f_endpoint"",""model_version"":""1""}"
null,f929ea2b-0746-41a3-8594-1eb259714e04,2024-07-08,1720444909137,200,5,"{""dataframe_split"": {""index"": [22340, 22341, 22342, 22343, 22344, 22345, 22346, 22347, 22348, 22349], ""columns"": [""index"", ""HighBP"", ""HighChol"", ""CholCheck"", ""BMI"", ""Smoker"", ""Stroke"", ""HeartDiseaseorAttack"", ""PhysActivity"", ""Fruits"", ""Veggies"", ""HvyAlcoholConsump"", ""AnyHealthcare"", ""NoDocbcCost"", ""GenHlth"", ""MentHlth"", ""PhysHlth"", ""DiffWalk"", ""Sex"", ""Age"", ""Education"", ""Income"", ""id""], ""data"": [[56259, 1.0, 0.0, 1.0, 27.0, 1.0, 0.0, 0.0, 0.0, 1.0, 0.0, 0.0, 1.0, 0.0, 3.0, 0.0, 0.0, 0.0, 1.0, 11.0, 6.0, 4.0, 56259], [56265, 0.0, 0.0, 1.0, 27.0, 0.0, 0.0, 0.0, 1.0, 0.0, 1.0, 0.0, 1.0, 0.0, 1.0, 0.0, 0.0, 0.0, 1.0, 13.0, 6.0, 6.0, 56265], [56267, 1.0, 0.0, 1.0, 31.0, 0.0, 0.0, 0.0, 1.0, 1.0, 0.0, 0.0, 1.0, 0.0, 3.0, 30.0, 0.0, 0.0, 0.0, 10.0, 4.0, 6.0, 56267], [56268, 0.0, 0.0, 1.0, 32.0, 0.0, 0.0, 0.0, 1.0, 1.0, 1.0, 0.0, 1.0, 0.0, 4.0, 0.0, 0.0, 0.0, 0.0, 10.0, 6.0, 7.0, 56268], [56270, 1.0, 1.0, 1.0, 26.0, 1.0, 0.0, 1.0, 1.0, 0.0, 1.0, 0.0, 1.0, 0.0, 3.0, 30.0, 14.0, 0.0, 1.0, 12.0, 4.0, 7.0, 56270], [56271, 0.0, 0.0, 1.0, 20.0, 1.0, 0.0, 0.0, 1.0, 1.0, 1.0, 0.0, 1.0, 0.0, 3.0, 30.0, 10.0, 0.0, 0.0, 12.0, 5.0, 7.0, 56271], [56272, 1.0, 1.0, 1.0, 27.0, 0.0, 0.0, 0.0, 0.0, 1.0, 0.0, 0.0, 1.0, 0.0, 3.0, 4.0, 1.0, 1.0, 0.0, 11.0, 5.0, 7.0, 56272], [56273, 1.0, 1.0, 1.0, 29.0, 1.0, 0.0, 1.0, 1.0, 1.0, 1.0, 0.0, 1.0, 0.0, 4.0, 0.0, 0.0, 0.0, 1.0, 12.0, 4.0, 8.0, 56273], [56276, 1.0, 0.0, 1.0, 42.0, 0.0, 0.0, 0.0, 0.0, 1.0, 1.0, 0.0, 1.0, 0.0, 3.0, 0.0, 0.0, 1.0, 1.0, 10.0, 6.0, 8.0, 56276], [56278, 1.0, 0.0, 1.0, 31.0, 1.0, 0.0, 0.0, 1.0, 0.0, 0.0, 0.0, 1.0, 0.0, 3.0, 0.0, 30.0, 1.0, 1.0, 11.0, 6.0, 7.0, 56278]]}}","{""predictions"": [1.0, 0.0, 0.0, 1.0, 0.0, 0.0, 1.0, 0.0, 1.0, 1.0]}",1,"{""model_name"":""labuser70609094f_monitor_demo4f.default.diabetes_model"",""endpoint_name"":""labuser70609094f_endpoint"",""model_version"":""1""}"
null,d6c04bc1-90af-434d-b609-32453460d3ef,2024-07-08,1720444909523,200,9,"{""dataframe_split"": {""index"": [22470, 22471, 22472, 22473, 22474, 22475, 22476, 22477, 22478, 22479], ""columns"": [""index"", ""HighBP"", ""HighChol"", ""CholCheck"", ""BMI"", ""Smoker"", ""Stroke"", ""HeartDiseaseorAttack"", ""PhysActivity"", ""Fruits"", ""Veggies"", ""HvyAlcoholConsump"", ""AnyHealthcare"", ""NoDocbcCost"", ""GenHlth"", ""MentHlth"", ""PhysHlth"", ""DiffWalk"", ""Sex"", ""Age"", ""Education"", ""Income"", ""id""], ""data"": [[56519, 1.0, 1.0, 1.0, 19.0, 1.0, 1.0, 1.0, 0.0, 0.0, 1.0, 0.0, 1.0, 0.0, 5.0, 20.0, 28.0, 1.0, 0.0, 12.0, 4.0, 1.0, 56519], [56523, 1.0, 1.0, 1.0, 26.0, 0.0, 0.0, 0.0, 0.0, 0.0, 0.0, 0.0, 1.0, 0.0, 4.0, 0.0, 4.0, 0.0, 1.0, 11.0, 4.0, 6.0, 56523], [56524, 0.0, 0.0, 1.0, 19.0, 1.0, 0.0, 1.0, 1.0, 0.0, 1.0, 0.0, 1.0, 1.0, 4.0, 0.0, 0.0, 1.0, 0.0, 11.0, 4.0, 3.0, 56524], [56525, 0.0, 0.0, 1.0, 24.0, 0.0, 0.0, 0.0, 0.0, 1.0, 1.0, 0.0, 1.0, 0.0, 4.0, 0.0, 15.0, 0.0, 1.0, 13.0, 3.0, 3.0, 56525], [56527, 1.0, 1.0, 1.0, 26.0, 0.0, 1.0, 1.0, 0.0, 1.0, 1.0, 0.0, 1.0, 0.0, 5.0, 2.0, 20.0, 1.0, 0.0, 10.0, 6.0, 7.0, 56527], [56531, 1.0, 0.0, 1.0, 63.0, 1.0, 0.0, 1.0, 0.0, 0.0, 1.0, 0.0, 1.0, 0.0, 5.0, 30.0, 30.0, 1.0, 1.0, 10.0, 4.0, 4.0, 56531], [56533, 1.0, 0.0, 1.0, 23.0, 1.0, 0.0, 1.0, 0.0, 0.0, 0.0, 0.0, 1.0, 0.0, 5.0, 15.0, 30.0, 1.0, 1.0, 10.0, 5.0, 4.0, 56533], [56534, 1.0, 1.0, 1.0, 30.0, 0.0, 1.0, 0.0, 1.0, 1.0, 1.0, 0.0, 1.0, 0.0, 4.0, 0.0, 2.0, 1.0, 0.0, 10.0, 6.0, 7.0, 56534], [56540, 1.0, 0.0, 1.0, 20.0, 0.0, 0.0, 1.0, 1.0, 1.0, 1.0, 0.0, 1.0, 0.0, 3.0, 0.0, 0.0, 0.0, 0.0, 13.0, 5.0, 6.0, 56540], [56541, 1.0, 1.0, 1.0, 32.0, 1.0, 0.0, 0.0, 1.0, 0.0, 0.0, 0.0, 1.0, 0.0, 4.0, 30.0, 30.0, 0.0, 1.0, 10.0, 4.0, 6.0, 56541]]}}","{""predictions"": [1.0, 1.0, 0.0, 1.0, 0.0, 1.0, 0.0, 1.0, 0.0, 1.0]}",1,"{""model_name"":""labuser70609094f_monitor_demo4f.default.diabetes_model"",""endpoint_name"":""labuser70609094f_endpoint"",""model_version"":""1""}"
null,03f40d7d-8cd7-4e85-8344-0d44828d10d2,2024-07-08,1720444909553,200,4,"{""dataframe_split"": {""index"": [22480, 22481, 22482, 22483, 22484, 22485, 22486, 22487, 22488, 22489], ""columns"": [""index"", ""HighBP"", ""HighChol"", ""CholCheck"", ""BMI"", ""Smoker"", ""Stroke"", ""HeartDiseaseorAttack"", ""PhysActivity"", ""Fruits"", ""Veggies"", ""HvyAlcoholConsump"", ""AnyHealthcare"", ""NoDocbcCost"", ""GenHlth"", ""MentHlth"", ""PhysHlth"", ""DiffWalk"", ""Sex"", ""Age"", ""Education"", ""Income"", ""id""], ""data"": [[56543, 1.0, 1.0, 1.0, 25.0, 0.0, 0.0, 0.0, 1.0, 1.0, 1.0, 0.0, 1.0, 0.0, 1.0, 4.0, 0.0, 0.0, 0.0, 11.0, 5.0, 4.0, 56543], [56544, 1.0, 1.0, 1.0, 29.0, 1.0, 0.0, 0.0, 0.0, 1.0, 1.0, 0.0, 1.0, 0.0, 5.0, 0.0, 30.0, 0.0, 1.0, 10.0, 4.0, 4.0, 56544], [56547, 1.0, 1.0, 1.0, 27.0, 0.0, 0.0, 1.0, 0.0, 1.0, 0.0, 0.0, 1.0, 0.0, 4.0, 0.0, 30.0, 1.0, 1.0, 13.0, 5.0, 8.0, 56547], [56554, 1.0, 0.0, 1.0, 34.0, 0.0, 0.0, 0.0, 1.0, 1.0, 1.0, 0.0, 1.0, 0.0, 4.0, 0.0, 0.0, 0.0, 0.0, 12.0, 3.0, 4.0, 56554], [56556, 1.0, 0.0, 1.0, 32.0, 0.0, 0.0, 0.0, 1.0, 1.0, 1.0, 0.0, 1.0, 0.0, 2.0, 0.0, 0.0, 0.0, 0.0, 10.0, 6.0, 7.0, 56556], [56558, 0.0, 1.0, 1.0, 30.0, 1.0, 0.0, 0.0, 1.0, 1.0, 1.0, 0.0, 1.0, 0.0, 2.0, 0.0, 0.0, 1.0, 1.0, 13.0, 6.0, 6.0, 56558], [56560, 1.0, 1.0, 1.0, 25.0, 0.0, 0.0, 0.0, 0.0, 0.0, 1.0, 0.0, 1.0, 0.0, 3.0, 0.0, 5.0, 1.0, 0.0, 13.0, 4.0, 2.0, 56560], [56561, 1.0, 0.0, 1.0, 28.0, 1.0, 0.0, 0.0, 1.0, 1.0, 1.0, 0.0, 1.0, 0.0, 4.0, 0.0, 30.0, 0.0, 1.0, 10.0, 6.0, 6.0, 56561], [56562, 1.0, 1.0, 1.0, 21.0, 1.0, 0.0, 0.0, 1.0, 1.0, 1.0, 0.0, 1.0, 1.0, 4.0, 0.0, 20.0, 1.0, 1.0, 10.0, 5.0, 3.0, 56562], [56564, 0.0, 1.0, 1.0, 42.0, 1.0, 0.0, 1.0, 0.0, 0.0, 0.0, 0.0, 1.0, 0.0, 3.0, 0.0, 30.0, 1.0, 0.0, 10.0, 5.0, 5.0, 56564]]}}","{""predictions"": [0.0, 1.0, 1.0, 1.0, 1.0, 1.0, 1.0, 1.0, 1.0, 1.0]}",1,"{""model_name"":""labuser70609094f_monitor_demo4f.default.diabetes_model"",""endpoint_name"":""labuser70609094f_endpoint"",""model_version"":""1""}"
null,7fbaff81-8798-4afb-bd04-16fe2442cf11,2024-07-08,1720444909579,200,4,"{""dataframe_split"": {""index"": [22490, 22491, 22492, 22493, 22494, 22495, 22496, 22497, 22498, 22499], ""columns"": [""index"", ""HighBP"", ""HighChol"", ""CholCheck"", ""BMI"", ""Smoker"", ""Stroke"", ""HeartDiseaseorAttack"", ""PhysActivity"", ""Fruits"", ""Veggies"", ""HvyAlcoholConsump"", ""AnyHealthcare"", ""NoDocbcCost"", ""GenHlth"", ""MentHlth"", ""PhysHlth"", ""DiffWalk"", ""Sex"", ""Age"", ""Education"", ""Income"", ""id""], ""data"": [[56565, 1.0, 1.0, 1.0, 24.0, 0.0, 0.0, 0.0, 1.0, 1.0, 1.0, 0.0, 1.0, 0.0, 4.0, 30.0, 30.0, 0.0, 1.0, 10.0, 4.0, 3.0, 56565], [56566, 0.0, 0.0, 1.0, 28.0, 1.0, 0.0, 1.0, 1.0, 1.0, 1.0, 0.0, 1.0, 0.0, 5.0, 0.0, 14.0, 0.0, 1.0, 10.0, 3.0, 2.0, 56566], [56567, 1.0, 0.0, 1.0, 26.0, 1.0, 0.0, 0.0, 1.0, 0.0, 1.0, 0.0, 1.0, 0.0, 3.0, 2.0, 4.0, 1.0, 0.0, 13.0, 5.0, 4.0, 56567], [56570, 1.0, 1.0, 1.0, 30.0, 0.0, 0.0, 1.0, 1.0, 1.0, 1.0, 0.0, 1.0, 0.0, 3.0, 0.0, 0.0, 0.0, 0.0, 10.0, 5.0, 6.0, 56570], [56572, 1.0, 0.0, 1.0, 27.0, 0.0, 0.0, 0.0, 1.0, 1.0, 1.0, 0.0, 1.0, 0.0, 4.0, 2.0, 2.0, 0.0, 0.0, 13.0, 6.0, 7.0, 56572], [56573, 1.0, 0.0, 1.0, 25.0, 0.0, 1.0, 0.0, 1.0, 0.0, 1.0, 0.0, 1.0, 0.0, 2.0, 1.0, 0.0, 1.0, 0.0, 12.0, 6.0, 4.0, 56573], [56575, 1.0, 1.0, 1.0, 27.0, 1.0, 0.0, 0.0, 1.0, 1.0, 1.0, 0.0, 1.0, 0.0, 3.0, 30.0, 0.0, 0.0, 0.0, 11.0, 6.0, 6.0, 56575], [56576, 1.0, 1.0, 1.0, 31.0, 0.0, 1.0, 1.0, 1.0, 1.0, 1.0, 0.0, 1.0, 0.0, 3.0, 0.0, 0.0, 0.0, 0.0, 13.0, 5.0, 7.0, 56576], [56578, 0.0, 0.0, 1.0, 28.0, 0.0, 0.0, 1.0, 1.0, 1.0, 1.0, 0.0, 1.0, 0.0, 4.0, 3.0, 7.0, 1.0, 0.0, 10.0, 5.0, 4.0, 56578], [56579, 1.0, 1.0, 1.0, 44.0, 1.0, 0.0, 0.0, 1.0, 1.0, 1.0, 0.0, 1.0, 0.0, 2.0, 0.0, 14.0, 1.0, 0.0, 10.0, 6.0, 5.0, 56579]]}}","{""predictions"": [0.0, 1.0, 1.0, 1.0, 1.0, 1.0, 1.0, 0.0, 1.0, 1.0]}",1,"{""model_name"":""labuser70609094f_monitor_demo4f.default.diabetes_model"",""endpoint_name"":""labuser70609094f_endpoint"",""model_version"":""1""}"
null,cbce3928-bb0d-43c1-89fe-41de99fad8c5,2024-07-08,1720444909608,200,4,"{""dataframe_split"": {""index"": [22500, 22501, 22502, 22503, 22504, 22505, 22506, 22507, 22508, 22509], ""columns"": [""index"", ""HighBP"", ""HighChol"", ""CholCheck"", ""BMI"", ""Smoker"", ""Stroke"", ""HeartDiseaseorAttack"", ""PhysActivity"", ""Fruits"", ""Veggies"", ""HvyAlcoholConsump"", ""AnyHealthcare"", ""NoDocbcCost"", ""GenHlth"", ""MentHlth"", ""PhysHlth"", ""DiffWalk"", ""Sex"", ""Age"", ""Education"", ""Income"", ""id""], ""data"": [[56581, 1.0, 1.0, 1.0, 25.0, 1.0, 0.0, 1.0, 1.0, 0.0, 0.0, 0.0, 1.0, 0.0, 3.0, 0.0, 0.0, 0.0, 0.0, 13.0, 5.0, 5.0, 56581], [56584, 1.0, 1.0, 1.0, 20.0, 1.0, 1.0, 1.0, 0.0, 1.0, 0.0, 0.0, 1.0, 0.0, 4.0, 0.0, 0.0, 0.0, 1.0, 10.0, 3.0, 1.0, 56584], [56585, 0.0, 0.0, 1.0, 33.0, 1.0, 0.0, 0.0, 1.0, 0.0, 1.0, 0.0, 1.0, 0.0, 3.0, 15.0, 0.0, 1.0, 0.0, 12.0, 5.0, 1.0, 56585], [56588, 1.0, 1.0, 1.0, 23.0, 1.0, 0.0, 1.0, 1.0, 1.0, 1.0, 0.0, 1.0, 0.0, 3.0, 0.0, 1.0, 0.0, 0.0, 11.0, 2.0, 3.0, 56588], [56592, 1.0, 0.0, 1.0, 23.0, 0.0, 0.0, 0.0, 0.0, 1.0, 0.0, 0.0, 1.0, 0.0, 2.0, 0.0, 0.0, 0.0, 0.0, 13.0, 5.0, 5.0, 56592], [56594, 1.0, 1.0, 1.0, 24.0, 1.0, 0.0, 1.0, 0.0, 0.0, 1.0, 0.0, 1.0, 0.0, 4.0, 0.0, 0.0, 0.0, 1.0, 11.0, 2.0, 3.0, 56594], [56595, 1.0, 1.0, 1.0, 31.0, 1.0, 0.0, 0.0, 1.0, 1.0, 1.0, 0.0, 1.0, 0.0, 3.0, 0.0, 15.0, 1.0, 0.0, 10.0, 3.0, 2.0, 56595], [56597, 1.0, 1.0, 1.0, 29.0, 0.0, 0.0, 0.0, 0.0, 0.0, 1.0, 0.0, 1.0, 1.0, 2.0, 0.0, 0.0, 1.0, 0.0, 12.0, 4.0, 5.0, 56597], [56598, 0.0, 1.0, 1.0, 27.0, 0.0, 0.0, 0.0, 1.0, 1.0, 1.0, 0.0, 1.0, 0.0, 3.0, 0.0, 0.0, 0.0, 0.0, 10.0, 5.0, 3.0, 56598], [56600, 0.0, 1.0, 1.0, 28.0, 1.0, 0.0, 0.0, 1.0, 1.0, 1.0, 0.0, 1.0, 0.0, 3.0, 0.0, 3.0, 0.0, 0.0, 11.0, 5.0, 5.0, 56600]]}}","{""predictions"": [1.0, 1.0, 1.0, 1.0, 0.0, 1.0, 1.0, 1.0, 1.0, 1.0]}",1,"{""model_name"":""labuser70609094f_monitor_demo4f.default.diabetes_model"",""endpoint_name"":""labuser70609094f_endpoint"",""model_version"":""1""}"
null,734b803c-e049-4cba-b9ec-7918deb3a0e6,2024-07-08,1720444909757,200,4,"{""dataframe_split"": {""index"": [22550, 22551, 22552, 22553, 22554, 22555, 22556, 22557, 22558, 22559], ""columns"": [""index"", ""HighBP"", ""HighChol"", ""CholCheck"", ""BMI"", ""Smoker"", ""Stroke"", ""HeartDiseaseorAttack"", ""PhysActivity"", ""Fruits"", ""Veggies"", ""HvyAlcoholConsump"", ""AnyHealthcare"", ""NoDocbcCost"", ""GenHlth"", ""MentHlth"", ""PhysHlth"", ""DiffWalk"", ""Sex"", ""Age"", ""Education"", ""Income"", ""id""], ""data"": [[56659, 1.0, 1.0, 1.0, 31.0, 0.0, 0.0, 0.0, 0.0, 1.0, 0.0, 0.0, 1.0, 0.0, 3.0, 0.0, 0.0, 0.0, 1.0, 11.0, 4.0, 5.0, 56659], [56660, 1.0, 1.0, 1.0, 38.0, 1.0, 0.0, 0.0, 1.0, 0.0, 0.0, 0.0, 1.0, 0.0, 3.0, 0.0, 0.0, 1.0, 0.0, 10.0, 4.0, 8.0, 56660], [56661, 1.0, 1.0, 1.0, 28.0, 0.0, 0.0, 0.0, 0.0, 1.0, 1.0, 0.0, 1.0, 0.0, 2.0, 0.0, 0.0, 0.0, 0.0, 12.0, 6.0, 5.0, 56661], [56664, 0.0, 0.0, 1.0, 28.0, 0.0, 0.0, 0.0, 0.0, 1.0, 0.0, 0.0, 1.0, 0.0, 3.0, 0.0, 0.0, 0.0, 0.0, 13.0, 4.0, 4.0, 56664], [56665, 0.0, 0.0, 1.0, 27.0, 1.0, 0.0, 0.0, 1.0, 0.0, 1.0, 0.0, 1.0, 0.0, 4.0, 0.0, 15.0, 0.0, 1.0, 10.0, 5.0, 3.0, 56665], [56666, 1.0, 1.0, 1.0, 24.0, 1.0, 0.0, 0.0, 1.0, 1.0, 1.0, 0.0, 1.0, 0.0, 3.0, 0.0, 0.0, 0.0, 0.0, 11.0, 6.0, 5.0, 56666], [56667, 1.0, 1.0, 1.0, 28.0, 0.0, 0.0, 0.0, 1.0, 1.0, 0.0, 0.0, 1.0, 0.0, 4.0, 0.0, 3.0, 0.0, 0.0, 10.0, 4.0, 3.0, 56667], [56668, 1.0, 1.0, 1.0, 27.0, 0.0, 1.0, 1.0, 1.0, 0.0, 0.0, 0.0, 1.0, 0.0, 5.0, 0.0, 0.0, 1.0, 0.0, 10.0, 4.0, 2.0, 56668], [56669, 1.0, 1.0, 1.0, 41.0, 0.0, 0.0, 0.0, 1.0, 0.0, 0.0, 0.0, 1.0, 0.0, 3.0, 2.0, 15.0, 0.0, 0.0, 10.0, 6.0, 4.0, 56669], [56673, 1.0, 0.0, 1.0, 26.0, 0.0, 0.0, 0.0, 1.0, 1.0, 1.0, 0.0, 1.0, 0.0, 3.0, 0.0, 0.0, 0.0, 1.0, 11.0, 5.0, 5.0, 56673]]}}","{""predictions"": [0.0, 1.0, 0.0, 0.0, 0.0, 1.0, 0.0, 1.0, 1.0, 1.0]}",1,"{""model_name"":""labuser70609094f_monitor_demo4f.default.diabetes_model"",""endpoint_name"":""labuser70609094f_endpoint"",""model_version"":""1""}"
null,4cc5804e-aa01-4f00-8690-a883fa356f8b,2024-07-08,1720444910030,200,6,"{""dataframe_split"": {""index"": [22640, 22641, 22642, 22643, 22644, 22645, 22646, 22647, 22648, 22649], ""columns"": [""index"", ""HighBP"", ""HighChol"", ""CholCheck"", ""BMI"", ""Smoker"", ""Stroke"", ""HeartDiseaseorAttack"", ""PhysActivity"", ""Fruits"", ""Veggies"", ""HvyAlcoholConsump"", ""AnyHealthcare"", ""NoDocbcCost"", ""GenHlth"", ""MentHlth"", ""PhysHlth"", ""DiffWalk"", ""Sex"", ""Age"", ""Education"", ""Income"", ""id""], ""data"": [[56865, 1.0, 1.0, 1.0, 26.0, 1.0, 0.0, 0.0, 1.0, 0.0, 0.0, 0.0, 1.0, 0.0, 3.0, 0.0, 0.0, 0.0, 1.0, 10.0, 5.0, 7.0, 56865], [56866, 1.0, 0.0, 1.0, 29.0, 0.0, 0.0, 0.0, 1.0, 0.0, 1.0, 0.0, 1.0, 0.0, 2.0, 0.0, 0.0, 0.0, 1.0, 11.0, 6.0, 7.0, 56866], [56870, 1.0, 0.0, 1.0, 28.0, 0.0, 1.0, 0.0, 1.0, 0.0, 0.0, 0.0, 1.0, 0.0, 4.0, 0.0, 3.0, 0.0, 1.0, 10.0, 6.0, 8.0, 56870], [56874, 0.0, 0.0, 1.0, 35.0, 1.0, 0.0, 0.0, 1.0, 0.0, 1.0, 0.0, 1.0, 0.0, 3.0, 0.0, 0.0, 0.0, 1.0, 11.0, 5.0, 8.0, 56874], [56875, 0.0, 0.0, 1.0, 32.0, 1.0, 0.0, 0.0, 1.0, 1.0, 1.0, 0.0, 1.0, 0.0, 4.0, 0.0, 0.0, 1.0, 0.0, 12.0, 4.0, 2.0, 56875], [56876, 0.0, 1.0, 1.0, 32.0, 1.0, 0.0, 0.0, 1.0, 0.0, 1.0, 0.0, 1.0, 0.0, 2.0, 1.0, 0.0, 0.0, 0.0, 10.0, 4.0, 6.0, 56876], [56879, 1.0, 1.0, 1.0, 29.0, 1.0, 0.0, 1.0, 1.0, 0.0, 1.0, 0.0, 1.0, 1.0, 4.0, 3.0, 30.0, 1.0, 1.0, 10.0, 4.0, 8.0, 56879], [56881, 1.0, 0.0, 1.0, 28.0, 0.0, 0.0, 0.0, 1.0, 1.0, 1.0, 0.0, 1.0, 0.0, 3.0, 0.0, 0.0, 0.0, 0.0, 12.0, 5.0, 6.0, 56881], [56882, 1.0, 1.0, 1.0, 28.0, 1.0, 0.0, 0.0, 1.0, 0.0, 1.0, 0.0, 1.0, 0.0, 3.0, 0.0, 2.0, 0.0, 0.0, 10.0, 5.0, 6.0, 56882], [56883, 1.0, 0.0, 1.0, 29.0, 1.0, 0.0, 0.0, 1.0, 1.0, 0.0, 0.0, 1.0, 0.0, 3.0, 0.0, 0.0, 0.0, 1.0, 11.0, 4.0, 4.0, 56883]]}}","{""predictions"": [1.0, 0.0, 1.0, 1.0, 1.0, 1.0, 1.0, 1.0, 1.0, 0.0]}",1,"{""model_name"":""labuser70609094f_monitor_demo4f.default.diabetes_model"",""endpoint_name"":""labuser70609094f_endpoint"",""model_version"":""1""}"
null,09c82a74-d255-42d7-81a6-32b28b3d5b4c,2024-07-08,1720444910526,200,5,"{""dataframe_split"": {""index"": [22810, 22811, 22812, 22813, 22814, 22815, 22816, 22817, 22818, 22819], ""columns"": [""index"", ""HighBP"", ""HighChol"", ""CholCheck"", ""BMI"", ""Smoker"", ""Stroke"", ""HeartDiseaseorAttack"", ""PhysActivity"", ""Fruits"", ""Veggies"", ""HvyAlcoholConsump"", ""AnyHealthcare"", ""NoDocbcCost"", ""GenHlth"", ""MentHlth"", ""PhysHlth"", ""DiffWalk"", ""Sex"", ""Age"", ""Education"", ""Income"", ""id""], ""data"": [[57212, 0.0, 1.0, 1.0, 33.0, 0.0, 0.0, 0.0, 1.0, 0.0, 0.0, 0.0, 1.0, 0.0, 4.0, 15.0, 15.0, 1.0, 0.0, 11.0, 4.0, 4.0, 57212], [57213, 0.0, 1.0, 1.0, 32.0, 0.0, 0.0, 1.0, 1.0, 1.0, 1.0, 0.0, 1.0, 0.0, 5.0, 0.0, 30.0, 1.0, 0.0, 11.0, 6.0, 7.0, 57213], [57214, 1.0, 1.0, 1.0, 33.0, 1.0, 0.0, 1.0, 1.0, 0.0, 0.0, 0.0, 1.0, 0.0, 4.0, 0.0, 2.0, 0.0, 1.0, 10.0, 4.0, 7.0, 57214], [57217, 1.0, 1.0, 1.0, 24.0, 0.0, 0.0, 0.0, 1.0, 1.0, 1.0, 0.0, 1.0, 1.0, 4.0, 20.0, 15.0, 1.0, 0.0, 11.0, 2.0, 2.0, 57217], [57219, 1.0, 1.0, 1.0, 30.0, 0.0, 0.0, 1.0, 1.0, 0.0, 0.0, 0.0, 1.0, 0.0, 2.0, 0.0, 1.0, 0.0, 1.0, 10.0, 5.0, 7.0, 57219], [57220, 0.0, 0.0, 1.0, 24.0, 0.0, 0.0, 0.0, 1.0, 0.0, 1.0, 0.0, 1.0, 0.0, 1.0, 0.0, 0.0, 0.0, 1.0, 11.0, 6.0, 6.0, 57220], [57222, 1.0, 1.0, 1.0, 31.0, 1.0, 1.0, 1.0, 1.0, 1.0, 1.0, 0.0, 1.0, 0.0, 3.0, 0.0, 0.0, 1.0, 1.0, 11.0, 5.0, 4.0, 57222], [57226, 1.0, 1.0, 1.0, 36.0, 0.0, 0.0, 0.0, 1.0, 1.0, 0.0, 0.0, 1.0, 0.0, 3.0, 0.0, 2.0, 0.0, 1.0, 10.0, 5.0, 8.0, 57226], [57227, 1.0, 1.0, 1.0, 32.0, 0.0, 0.0, 0.0, 1.0, 0.0, 1.0, 0.0, 1.0, 0.0, 2.0, 0.0, 0.0, 0.0, 0.0, 11.0, 5.0, 8.0, 57227], [57228, 1.0, 1.0, 1.0, 35.0, 0.0, 0.0, 0.0, 0.0, 1.0, 0.0, 0.0, 1.0, 0.0, 4.0, 0.0, 0.0, 1.0, 0.0, 12.0, 6.0, 4.0, 57228]]}}","{""predictions"": [0.0, 1.0, 1.0, 0.0, 1.0, 0.0, 1.0, 0.0, 1.0, 1.0]}",1,"{""model_name"":""labuser70609094f_monitor_demo4f.default.diabetes_model"",""endpoint_name"":""labuser70609094f_endpoint"",""model_version"":""1""}"
null,325326a6-24bc-41d8-a6c6-310a056fc54f,2024-07-08,1720444910552,200,4,"{""dataframe_split"": {""index"": [22820, 22821, 22822, 22823, 22824, 22825, 22826, 22827, 22828, 22829], ""columns"": [""index"", ""HighBP"", ""HighChol"", ""CholCheck"", ""BMI"", ""Smoker"", ""Stroke"", ""HeartDiseaseorAttack"", ""PhysActivity"", ""Fruits"", ""Veggies"", ""HvyAlcoholConsump"", ""AnyHealthcare"", ""NoDocbcCost"", ""GenHlth"", ""MentHlth"", ""PhysHlth"", ""DiffWalk"", ""Sex"", ""Age"", ""Education"", ""Income"", ""id""], ""data"": [[57229, 1.0, 1.0, 1.0, 30.0, 1.0, 0.0, 1.0, 1.0, 1.0, 0.0, 0.0, 1.0, 0.0, 4.0, 25.0, 27.0, 1.0, 1.0, 11.0, 4.0, 5.0, 57229], [57230, 1.0, 1.0, 1.0, 28.0, 0.0, 0.0, 0.0, 0.0, 1.0, 1.0, 0.0, 1.0, 0.0, 4.0, 0.0, 0.0, 1.0, 0.0, 13.0, 5.0, 2.0, 57230], [57233, 1.0, 0.0, 1.0, 48.0, 0.0, 0.0, 0.0, 1.0, 0.0, 1.0, 0.0, 1.0, 0.0, 3.0, 0.0, 3.0, 1.0, 0.0, 11.0, 6.0, 3.0, 57233], [57234, 1.0, 1.0, 1.0, 28.0, 0.0, 0.0, 0.0, 1.0, 1.0, 0.0, 0.0, 1.0, 0.0, 2.0, 0.0, 0.0, 0.0, 0.0, 11.0, 4.0, 7.0, 57234], [57235, 1.0, 0.0, 1.0, 27.0, 0.0, 0.0, 0.0, 1.0, 0.0, 1.0, 1.0, 1.0, 0.0, 1.0, 0.0, 0.0, 0.0, 1.0, 11.0, 6.0, 5.0, 57235], [57236, 1.0, 1.0, 1.0, 28.0, 0.0, 0.0, 0.0, 0.0, 0.0, 1.0, 0.0, 1.0, 0.0, 4.0, 30.0, 0.0, 0.0, 1.0, 11.0, 6.0, 6.0, 57236], [57237, 0.0, 1.0, 1.0, 31.0, 1.0, 0.0, 0.0, 0.0, 0.0, 1.0, 0.0, 1.0, 0.0, 3.0, 10.0, 0.0, 0.0, 0.0, 11.0, 5.0, 6.0, 57237], [57238, 1.0, 1.0, 1.0, 36.0, 0.0, 0.0, 0.0, 0.0, 1.0, 1.0, 0.0, 1.0, 0.0, 4.0, 0.0, 21.0, 0.0, 0.0, 10.0, 5.0, 5.0, 57238], [57240, 1.0, 1.0, 1.0, 32.0, 1.0, 0.0, 0.0, 1.0, 1.0, 1.0, 0.0, 1.0, 0.0, 3.0, 0.0, 15.0, 0.0, 1.0, 12.0, 4.0, 4.0, 57240], [57241, 1.0, 1.0, 1.0, 30.0, 1.0, 0.0, 0.0, 1.0, 0.0, 0.0, 0.0, 1.0, 0.0, 4.0, 0.0, 30.0, 0.0, 1.0, 10.0, 4.0, 6.0, 57241]]}}","{""predictions"": [0.0, 0.0, 1.0, 1.0, 1.0, 1.0, 0.0, 1.0, 1.0, 1.0]}",1,"{""model_name"":""labuser70609094f_monitor_demo4f.default.diabetes_model"",""endpoint_name"":""labuser70609094f_endpoint"",""model_version"":""1""}"
null,79dab47b-cb91-44ad-9f63-40eb74165951,2024-07-08,1720444910581,200,4,"{""dataframe_split"": {""index"": [22830, 22831, 22832, 22833, 22834, 22835, 22836, 22837, 22838, 22839], ""columns"": [""index"", ""HighBP"", ""HighChol"", ""CholCheck"", ""BMI"", ""Smoker"", ""Stroke"", ""HeartDiseaseorAttack"", ""PhysActivity"", ""Fruits"", ""Veggies"", ""HvyAlcoholConsump"", ""AnyHealthcare"", ""NoDocbcCost"", ""GenHlth"", ""MentHlth"", ""PhysHlth"", ""DiffWalk"", ""Sex"", ""Age"", ""Education"", ""Income"", ""id""], ""data"": [[57243, 1.0, 1.0, 1.0, 25.0, 1.0, 0.0, 0.0, 1.0, 0.0, 0.0, 0.0, 1.0, 0.0, 3.0, 0.0, 0.0, 0.0, 1.0, 13.0, 6.0, 6.0, 57243], [57244, 0.0, 1.0, 1.0, 33.0, 1.0, 0.0, 0.0, 1.0, 1.0, 1.0, 0.0, 1.0, 0.0, 3.0, 0.0, 0.0, 0.0, 1.0, 12.0, 6.0, 1.0, 57244], [57245, 0.0, 0.0, 1.0, 24.0, 1.0, 0.0, 0.0, 1.0, 1.0, 1.0, 0.0, 1.0, 0.0, 3.0, 0.0, 0.0, 0.0, 0.0, 11.0, 4.0, 5.0, 57245], [57248, 1.0, 1.0, 1.0, 29.0, 1.0, 0.0, 1.0, 0.0, 0.0, 0.0, 0.0, 1.0, 0.0, 3.0, 0.0, 2.0, 0.0, 1.0, 13.0, 3.0, 2.0, 57248], [57249, 1.0, 0.0, 1.0, 24.0, 1.0, 0.0, 1.0, 0.0, 1.0, 0.0, 1.0, 1.0, 0.0, 3.0, 0.0, 0.0, 0.0, 1.0, 13.0, 6.0, 7.0, 57249], [57251, 1.0, 1.0, 1.0, 25.0, 0.0, 0.0, 0.0, 1.0, 1.0, 0.0, 0.0, 1.0, 0.0, 2.0, 0.0, 1.0, 0.0, 1.0, 13.0, 6.0, 7.0, 57251], [57253, 0.0, 1.0, 1.0, 32.0, 1.0, 0.0, 0.0, 0.0, 1.0, 1.0, 0.0, 1.0, 0.0, 3.0, 0.0, 0.0, 0.0, 1.0, 11.0, 3.0, 6.0, 57253], [57256, 1.0, 1.0, 1.0, 43.0, 1.0, 0.0, 0.0, 1.0, 0.0, 1.0, 0.0, 1.0, 0.0, 4.0, 0.0, 5.0, 1.0, 1.0, 12.0, 4.0, 6.0, 57256], [57257, 0.0, 1.0, 1.0, 24.0, 1.0, 0.0, 0.0, 0.0, 1.0, 1.0, 0.0, 1.0, 0.0, 5.0, 0.0, 14.0, 0.0, 0.0, 11.0, 5.0, 5.0, 57257], [57258, 1.0, 1.0, 1.0, 27.0, 1.0, 1.0, 0.0, 1.0, 1.0, 1.0, 0.0, 1.0, 0.0, 3.0, 20.0, 0.0, 1.0, 0.0, 10.0, 4.0, 3.0, 57258]]}}","{""predictions"": [1.0, 0.0, 1.0, 1.0, 1.0, 1.0, 1.0, 1.0, 0.0, 1.0]}",1,"{""model_name"":""labuser70609094f_monitor_demo4f.default.diabetes_model"",""endpoint_name"":""labuser70609094f_endpoint"",""model_version"":""1""}"
null,2afcd160-0196-4f68-90be-2afb70cd0470,2024-07-08,1720444910609,200,4,"{""dataframe_split"": {""index"": [22840, 22841, 22842, 22843, 22844, 22845, 22846, 22847, 22848, 22849], ""columns"": [""index"", ""HighBP"", ""HighChol"", ""CholCheck"", ""BMI"", ""Smoker"", ""Stroke"", ""HeartDiseaseorAttack"", ""PhysActivity"", ""Fruits"", ""Veggies"", ""HvyAlcoholConsump"", ""AnyHealthcare"", ""NoDocbcCost"", ""GenHlth"", ""MentHlth"", ""PhysHlth"", ""DiffWalk"", ""Sex"", ""Age"", ""Education"", ""Income"", ""id""], ""data"": [[57260, 1.0, 1.0, 1.0, 25.0, 0.0, 0.0, 0.0, 0.0, 1.0, 1.0, 0.0, 1.0, 0.0, 3.0, 10.0, 0.0, 0.0, 1.0, 11.0, 5.0, 5.0, 57260], [57262, 1.0, 0.0, 0.0, 22.0, 0.0, 0.0, 0.0, 1.0, 0.0, 0.0, 0.0, 1.0, 0.0, 2.0, 0.0, 0.0, 0.0, 0.0, 13.0, 4.0, 3.0, 57262], [57263, 1.0, 0.0, 1.0, 48.0, 0.0, 0.0, 0.0, 1.0, 0.0, 1.0, 0.0, 1.0, 0.0, 4.0, 0.0, 30.0, 1.0, 1.0, 10.0, 5.0, 6.0, 57263], [57264, 1.0, 0.0, 1.0, 26.0, 0.0, 0.0, 0.0, 1.0, 1.0, 0.0, 0.0, 1.0, 0.0, 3.0, 0.0, 2.0, 1.0, 1.0, 12.0, 6.0, 8.0, 57264], [57265, 1.0, 0.0, 1.0, 24.0, 1.0, 0.0, 0.0, 0.0, 0.0, 1.0, 0.0, 1.0, 0.0, 3.0, 0.0, 3.0, 0.0, 0.0, 11.0, 6.0, 6.0, 57265], [57266, 1.0, 1.0, 1.0, 29.0, 1.0, 0.0, 0.0, 0.0, 1.0, 0.0, 0.0, 1.0, 0.0, 3.0, 0.0, 20.0, 0.0, 1.0, 10.0, 3.0, 1.0, 57266], [57269, 0.0, 0.0, 1.0, 21.0, 1.0, 0.0, 0.0, 1.0, 1.0, 1.0, 0.0, 1.0, 0.0, 2.0, 0.0, 0.0, 0.0, 0.0, 10.0, 5.0, 4.0, 57269], [57271, 1.0, 1.0, 1.0, 28.0, 0.0, 0.0, 0.0, 0.0, 1.0, 1.0, 0.0, 1.0, 0.0, 4.0, 0.0, 2.0, 1.0, 0.0, 11.0, 5.0, 5.0, 57271], [57273, 1.0, 1.0, 1.0, 31.0, 1.0, 0.0, 0.0, 1.0, 1.0, 1.0, 0.0, 1.0, 0.0, 4.0, 0.0, 30.0, 1.0, 0.0, 10.0, 6.0, 8.0, 57273], [57274, 1.0, 1.0, 1.0, 30.0, 1.0, 0.0, 0.0, 1.0, 0.0, 1.0, 0.0, 1.0, 0.0, 3.0, 2.0, 30.0, 1.0, 1.0, 10.0, 6.0, 5.0, 57274]]}}","{""predictions"": [0.0, 0.0, 1.0, 1.0, 0.0, 1.0, 0.0, 1.0, 1.0, 1.0]}",1,"{""model_name"":""labuser70609094f_monitor_demo4f.default.diabetes_model"",""endpoint_name"":""labuser70609094f_endpoint"",""model_version"":""1""}"
null,cf0d2b98-7ea2-4875-ba26-22109a11188c,2024-07-08,1720444910815,200,6,"{""dataframe_split"": {""index"": [22910, 22911, 22912, 22913, 22914, 22915, 22916, 22917, 22918, 22919], ""columns"": [""index"", ""HighBP"", ""HighChol"", ""CholCheck"", ""BMI"", ""Smoker"", ""Stroke"", ""HeartDiseaseorAttack"", ""PhysActivity"", ""Fruits"", ""Veggies"", ""HvyAlcoholConsump"", ""AnyHealthcare"", ""NoDocbcCost"", ""GenHlth"", ""MentHlth"", ""PhysHlth"", ""DiffWalk"", ""Sex"", ""Age"", ""Education"", ""Income"", ""id""], ""data"": [[57376, 1.0, 1.0, 1.0, 35.0, 1.0, 0.0, 0.0, 1.0, 1.0, 1.0, 0.0, 1.0, 0.0, 2.0, 0.0, 0.0, 0.0, 1.0, 10.0, 6.0, 8.0, 57376], [57379, 1.0, 0.0, 1.0, 26.0, 0.0, 0.0, 0.0, 0.0, 1.0, 1.0, 0.0, 1.0, 0.0, 2.0, 30.0, 0.0, 0.0, 0.0, 12.0, 6.0, 8.0, 57379], [57380, 1.0, 0.0, 1.0, 34.0, 0.0, 1.0, 0.0, 1.0, 1.0, 1.0, 0.0, 1.0, 0.0, 3.0, 0.0, 2.0, 0.0, 0.0, 10.0, 6.0, 3.0, 57380], [57381, 1.0, 1.0, 1.0, 23.0, 1.0, 0.0, 1.0, 1.0, 1.0, 1.0, 0.0, 1.0, 0.0, 3.0, 30.0, 4.0, 1.0, 0.0, 11.0, 5.0, 4.0, 57381], [57383, 0.0, 1.0, 1.0, 23.0, 0.0, 0.0, 0.0, 1.0, 0.0, 1.0, 0.0, 1.0, 0.0, 2.0, 2.0, 0.0, 0.0, 0.0, 10.0, 6.0, 5.0, 57383], [57387, 1.0, 0.0, 1.0, 33.0, 1.0, 0.0, 0.0, 1.0, 1.0, 1.0, 0.0, 1.0, 0.0, 2.0, 0.0, 0.0, 0.0, 0.0, 11.0, 6.0, 7.0, 57387], [57389, 1.0, 1.0, 1.0, 26.0, 1.0, 1.0, 1.0, 1.0, 1.0, 1.0, 0.0, 1.0, 0.0, 4.0, 0.0, 21.0, 1.0, 1.0, 12.0, 4.0, 4.0, 57389], [57390, 1.0, 1.0, 1.0, 30.0, 1.0, 0.0, 0.0, 0.0, 1.0, 0.0, 0.0, 1.0, 0.0, 5.0, 30.0, 30.0, 1.0, 0.0, 10.0, 5.0, 4.0, 57390], [57391, 1.0, 1.0, 1.0, 33.0, 1.0, 0.0, 1.0, 0.0, 1.0, 1.0, 0.0, 1.0, 0.0, 5.0, 0.0, 30.0, 1.0, 0.0, 11.0, 4.0, 7.0, 57391], [57395, 1.0, 0.0, 1.0, 30.0, 1.0, 0.0, 0.0, 1.0, 1.0, 1.0, 0.0, 1.0, 0.0, 3.0, 5.0, 2.0, 0.0, 0.0, 12.0, 6.0, 5.0, 57395]]}}","{""predictions"": [0.0, 0.0, 1.0, 0.0, 0.0, 0.0, 1.0, 1.0, 1.0, 1.0]}",1,"{""model_name"":""labuser70609094f_monitor_demo4f.default.diabetes_model"",""endpoint_name"":""labuser70609094f_endpoint"",""model_version"":""1""}"
null,90c37624-3f0c-4238-9a51-7ad5c35d4b75,2024-07-08,1720444910901,200,4,"{""dataframe_split"": {""index"": [22940, 22941, 22942, 22943, 22944, 22945, 22946, 22947, 22948, 22949], ""columns"": [""index"", ""HighBP"", ""HighChol"", ""CholCheck"", ""BMI"", ""Smoker"", ""Stroke"", ""HeartDiseaseorAttack"", ""PhysActivity"", ""Fruits"", ""Veggies"", ""HvyAlcoholConsump"", ""AnyHealthcare"", ""NoDocbcCost"", ""GenHlth"", ""MentHlth"", ""PhysHlth"", ""DiffWalk"", ""Sex"", ""Age"", ""Education"", ""Income"", ""id""], ""data"": [[57426, 1.0, 1.0, 1.0, 29.0, 1.0, 0.0, 0.0, 0.0, 0.0, 1.0, 0.0, 1.0, 0.0, 5.0, 30.0, 30.0, 1.0, 0.0, 10.0, 5.0, 2.0, 57426], [57427, 1.0, 1.0, 1.0, 67.0, 1.0, 0.0, 1.0, 0.0, 0.0, 0.0, 0.0, 1.0, 0.0, 5.0, 2.0, 30.0, 1.0, 1.0, 10.0, 4.0, 3.0, 57427], [57430, 1.0, 0.0, 1.0, 26.0, 1.0, 1.0, 1.0, 0.0, 1.0, 1.0, 0.0, 1.0, 0.0, 5.0, 0.0, 25.0, 1.0, 0.0, 13.0, 2.0, 5.0, 57430], [57435, 1.0, 1.0, 1.0, 29.0, 1.0, 0.0, 0.0, 0.0, 1.0, 0.0, 0.0, 1.0, 0.0, 4.0, 0.0, 0.0, 1.0, 1.0, 12.0, 2.0, 2.0, 57435], [57436, 1.0, 1.0, 1.0, 30.0, 1.0, 1.0, 0.0, 0.0, 1.0, 0.0, 0.0, 1.0, 0.0, 4.0, 0.0, 0.0, 1.0, 0.0, 13.0, 4.0, 5.0, 57436], [57437, 1.0, 0.0, 1.0, 33.0, 0.0, 0.0, 0.0, 1.0, 1.0, 1.0, 0.0, 1.0, 0.0, 2.0, 30.0, 0.0, 1.0, 1.0, 10.0, 6.0, 7.0, 57437], [57438, 0.0, 0.0, 1.0, 24.0, 1.0, 0.0, 0.0, 1.0, 1.0, 1.0, 0.0, 1.0, 0.0, 1.0, 0.0, 0.0, 0.0, 1.0, 13.0, 6.0, 5.0, 57438], [57439, 1.0, 1.0, 1.0, 27.0, 1.0, 0.0, 0.0, 1.0, 1.0, 0.0, 0.0, 1.0, 0.0, 3.0, 0.0, 0.0, 0.0, 0.0, 10.0, 4.0, 3.0, 57439], [57441, 1.0, 0.0, 1.0, 33.0, 0.0, 0.0, 0.0, 0.0, 1.0, 1.0, 0.0, 1.0, 0.0, 3.0, 0.0, 7.0, 0.0, 0.0, 13.0, 5.0, 4.0, 57441], [57443, 1.0, 1.0, 1.0, 24.0, 0.0, 0.0, 0.0, 1.0, 1.0, 1.0, 0.0, 1.0, 1.0, 3.0, 0.0, 0.0, 0.0, 0.0, 13.0, 5.0, 5.0, 57443]]}}","{""predictions"": [1.0, 1.0, 0.0, 1.0, 1.0, 1.0, 0.0, 0.0, 1.0, 1.0]}",1,"{""model_name"":""labuser70609094f_monitor_demo4f.default.diabetes_model"",""endpoint_name"":""labuser70609094f_endpoint"",""model_version"":""1""}"
null,06520690-27db-4d9d-92bb-a48a8f3327df,2024-07-08,1720444910930,200,4,"{""dataframe_split"": {""index"": [22950, 22951, 22952, 22953, 22954, 22955, 22956, 22957, 22958, 22959], ""columns"": [""index"", ""HighBP"", ""HighChol"", ""CholCheck"", ""BMI"", ""Smoker"", ""Stroke"", ""HeartDiseaseorAttack"", ""PhysActivity"", ""Fruits"", ""Veggies"", ""HvyAlcoholConsump"", ""AnyHealthcare"", ""NoDocbcCost"", ""GenHlth"", ""MentHlth"", ""PhysHlth"", ""DiffWalk"", ""Sex"", ""Age"", ""Education"", ""Income"", ""id""], ""data"": [[57445, 0.0, 1.0, 1.0, 27.0, 1.0, 1.0, 1.0, 0.0, 0.0, 1.0, 0.0, 1.0, 0.0, 4.0, 2.0, 4.0, 1.0, 0.0, 12.0, 5.0, 4.0, 57445], [57447, 1.0, 1.0, 1.0, 34.0, 0.0, 0.0, 0.0, 1.0, 1.0, 1.0, 0.0, 1.0, 0.0, 1.0, 0.0, 0.0, 0.0, 1.0, 11.0, 4.0, 8.0, 57447], [57450, 1.0, 0.0, 1.0, 33.0, 0.0, 0.0, 1.0, 0.0, 0.0, 1.0, 0.0, 1.0, 0.0, 4.0, 0.0, 2.0, 0.0, 1.0, 13.0, 4.0, 4.0, 57450], [57451, 1.0, 1.0, 1.0, 30.0, 0.0, 0.0, 0.0, 1.0, 1.0, 1.0, 0.0, 1.0, 0.0, 2.0, 0.0, 2.0, 0.0, 1.0, 11.0, 4.0, 4.0, 57451], [57452, 1.0, 1.0, 1.0, 26.0, 1.0, 1.0, 1.0, 0.0, 0.0, 0.0, 0.0, 1.0, 0.0, 3.0, 0.0, 2.0, 1.0, 1.0, 11.0, 6.0, 4.0, 57452], [57454, 1.0, 0.0, 1.0, 37.0, 0.0, 0.0, 0.0, 0.0, 0.0, 0.0, 0.0, 1.0, 0.0, 3.0, 0.0, 2.0, 1.0, 0.0, 11.0, 4.0, 6.0, 57454], [57455, 0.0, 1.0, 1.0, 32.0, 1.0, 0.0, 0.0, 1.0, 1.0, 0.0, 0.0, 1.0, 0.0, 3.0, 0.0, 2.0, 0.0, 0.0, 10.0, 5.0, 5.0, 57455], [57456, 1.0, 1.0, 1.0, 31.0, 0.0, 0.0, 1.0, 1.0, 0.0, 0.0, 0.0, 1.0, 0.0, 3.0, 0.0, 1.0, 0.0, 1.0, 10.0, 5.0, 8.0, 57456], [57459, 1.0, 1.0, 1.0, 30.0, 1.0, 0.0, 1.0, 0.0, 0.0, 1.0, 0.0, 1.0, 0.0, 4.0, 0.0, 0.0, 1.0, 1.0, 13.0, 3.0, 6.0, 57459], [57460, 1.0, 1.0, 1.0, 30.0, 1.0, 0.0, 1.0, 0.0, 1.0, 1.0, 0.0, 1.0, 0.0, 4.0, 2.0, 30.0, 1.0, 0.0, 10.0, 6.0, 5.0, 57460]]}}","{""predictions"": [1.0, 0.0, 1.0, 1.0, 0.0, 1.0, 1.0, 0.0, 1.0, 1.0]}",1,"{""model_name"":""labuser70609094f_monitor_demo4f.default.diabetes_model"",""endpoint_name"":""labuser70609094f_endpoint"",""model_version"":""1""}"
null,1d574216-6654-4538-befa-1fd07aee17dc,2024-07-08,1720444910958,200,4,"{""dataframe_split"": {""index"": [22960, 22961, 22962, 22963, 22964, 22965, 22966, 22967, 22968, 22969], ""columns"": [""index"", ""HighBP"", ""HighChol"", ""CholCheck"", ""BMI"", ""Smoker"", ""Stroke"", ""HeartDiseaseorAttack"", ""PhysActivity"", ""Fruits"", ""Veggies"", ""HvyAlcoholConsump"", ""AnyHealthcare"", ""NoDocbcCost"", ""GenHlth"", ""MentHlth"", ""PhysHlth"", ""DiffWalk"", ""Sex"", ""Age"", ""Education"", ""Income"", ""id""], ""data"": [[57461, 1.0, 1.0, 1.0, 26.0, 0.0, 0.0, 1.0, 1.0, 1.0, 1.0, 0.0, 1.0, 0.0, 5.0, 10.0, 30.0, 0.0, 1.0, 10.0, 6.0, 6.0, 57461], [57462, 1.0, 1.0, 1.0, 32.0, 0.0, 0.0, 1.0, 1.0, 0.0, 1.0, 0.0, 1.0, 0.0, 3.0, 0.0, 2.0, 0.0, 1.0, 11.0, 4.0, 3.0, 57462], [57464, 1.0, 1.0, 1.0, 33.0, 1.0, 0.0, 0.0, 1.0, 1.0, 1.0, 0.0, 1.0, 0.0, 4.0, 5.0, 15.0, 1.0, 0.0, 13.0, 4.0, 5.0, 57464], [57465, 1.0, 1.0, 1.0, 28.0, 1.0, 0.0, 1.0, 1.0, 1.0, 1.0, 0.0, 1.0, 0.0, 2.0, 0.0, 0.0, 0.0, 1.0, 12.0, 6.0, 8.0, 57465], [57466, 1.0, 0.0, 1.0, 29.0, 1.0, 1.0, 1.0, 1.0, 0.0, 1.0, 0.0, 1.0, 0.0, 3.0, 0.0, 0.0, 0.0, 1.0, 11.0, 4.0, 6.0, 57466], [57468, 1.0, 1.0, 1.0, 46.0, 1.0, 1.0, 0.0, 1.0, 1.0, 1.0, 0.0, 1.0, 0.0, 4.0, 0.0, 15.0, 1.0, 0.0, 10.0, 5.0, 4.0, 57468], [57470, 0.0, 0.0, 1.0, 24.0, 0.0, 0.0, 0.0, 0.0, 1.0, 1.0, 0.0, 1.0, 0.0, 3.0, 0.0, 0.0, 0.0, 1.0, 13.0, 4.0, 5.0, 57470], [57471, 1.0, 0.0, 1.0, 39.0, 0.0, 0.0, 0.0, 0.0, 1.0, 0.0, 0.0, 1.0, 0.0, 4.0, 2.0, 15.0, 1.0, 1.0, 10.0, 6.0, 6.0, 57471], [57472, 1.0, 1.0, 1.0, 38.0, 1.0, 0.0, 1.0, 0.0, 0.0, 1.0, 0.0, 1.0, 0.0, 3.0, 0.0, 15.0, 0.0, 1.0, 10.0, 4.0, 7.0, 57472], [57473, 1.0, 0.0, 1.0, 23.0, 0.0, 0.0, 0.0, 1.0, 0.0, 0.0, 0.0, 1.0, 0.0, 3.0, 0.0, 0.0, 0.0, 1.0, 10.0, 4.0, 6.0, 57473]]}}","{""predictions"": [1.0, 0.0, 1.0, 1.0, 1.0, 1.0, 1.0, 1.0, 0.0, 1.0]}",1,"{""model_name"":""labuser70609094f_monitor_demo4f.default.diabetes_model"",""endpoint_name"":""labuser70609094f_endpoint"",""model_version"":""1""}"
null,2f0c7d07-3ed2-474d-822e-f2e0db3c8dcc,2024-07-08,1720444910984,200,4,"{""dataframe_split"": {""index"": [22970, 22971, 22972, 22973, 22974, 22975, 22976, 22977, 22978, 22979], ""columns"": [""index"", ""HighBP"", ""HighChol"", ""CholCheck"", ""BMI"", ""Smoker"", ""Stroke"", ""HeartDiseaseorAttack"", ""PhysActivity"", ""Fruits"", ""Veggies"", ""HvyAlcoholConsump"", ""AnyHealthcare"", ""NoDocbcCost"", ""GenHlth"", ""MentHlth"", ""PhysHlth"", ""DiffWalk"", ""Sex"", ""Age"", ""Education"", ""Income"", ""id""], ""data"": [[57474, 0.0, 1.0, 1.0, 26.0, 1.0, 0.0, 1.0, 1.0, 0.0, 0.0, 0.0, 1.0, 0.0, 3.0, 0.0, 1.0, 0.0, 1.0, 11.0, 6.0, 7.0, 57474], [57475, 1.0, 1.0, 1.0, 24.0, 0.0, 0.0, 0.0, 1.0, 1.0, 1.0, 0.0, 1.0, 0.0, 3.0, 0.0, 10.0, 0.0, 1.0, 13.0, 6.0, 7.0, 57475], [57479, 0.0, 0.0, 1.0, 33.0, 0.0, 0.0, 0.0, 1.0, 1.0, 1.0, 0.0, 1.0, 0.0, 3.0, 0.0, 2.0, 0.0, 0.0, 12.0, 4.0, 3.0, 57479], [57484, 1.0, 0.0, 1.0, 32.0, 1.0, 0.0, 0.0, 1.0, 1.0, 1.0, 0.0, 1.0, 0.0, 2.0, 0.0, 0.0, 0.0, 0.0, 11.0, 6.0, 7.0, 57484], [57488, 1.0, 0.0, 1.0, 22.0, 1.0, 0.0, 0.0, 1.0, 1.0, 1.0, 0.0, 1.0, 0.0, 3.0, 0.0, 0.0, 0.0, 0.0, 12.0, 5.0, 4.0, 57488], [57490, 1.0, 0.0, 1.0, 34.0, 0.0, 0.0, 0.0, 1.0, 1.0, 1.0, 0.0, 1.0, 0.0, 2.0, 0.0, 0.0, 0.0, 0.0, 12.0, 6.0, 5.0, 57490], [57491, 1.0, 1.0, 1.0, 31.0, 1.0, 1.0, 0.0, 0.0, 1.0, 1.0, 0.0, 1.0, 0.0, 3.0, 0.0, 0.0, 1.0, 1.0, 11.0, 5.0, 5.0, 57491], [57492, 1.0, 0.0, 1.0, 31.0, 1.0, 0.0, 1.0, 0.0, 1.0, 1.0, 0.0, 1.0, 0.0, 5.0, 0.0, 10.0, 1.0, 1.0, 13.0, 2.0, 5.0, 57492], [57498, 1.0, 1.0, 1.0, 42.0, 1.0, 0.0, 0.0, 0.0, 1.0, 1.0, 0.0, 1.0, 0.0, 5.0, 0.0, 30.0, 1.0, 0.0, 10.0, 5.0, 4.0, 57498], [57500, 0.0, 0.0, 1.0, 24.0, 0.0, 0.0, 0.0, 1.0, 1.0, 1.0, 0.0, 1.0, 0.0, 3.0, 0.0, 0.0, 0.0, 1.0, 13.0, 6.0, 8.0, 57500]]}}","{""predictions"": [0.0, 1.0, 0.0, 0.0, 1.0, 1.0, 1.0, 0.0, 1.0, 0.0]}",1,"{""model_name"":""labuser70609094f_monitor_demo4f.default.diabetes_model"",""endpoint_name"":""labuser70609094f_endpoint"",""model_version"":""1""}"
null,87fa8afd-69c4-4051-ab29-979f71b2424c,2024-07-08,1720444911013,200,5,"{""dataframe_split"": {""index"": [22980, 22981, 22982, 22983, 22984, 22985, 22986, 22987, 22988, 22989], ""columns"": [""index"", ""HighBP"", ""HighChol"", ""CholCheck"", ""BMI"", ""Smoker"", ""Stroke"", ""HeartDiseaseorAttack"", ""PhysActivity"", ""Fruits"", ""Veggies"", ""HvyAlcoholConsump"", ""AnyHealthcare"", ""NoDocbcCost"", ""GenHlth"", ""MentHlth"", ""PhysHlth"", ""DiffWalk"", ""Sex"", ""Age"", ""Education"", ""Income"", ""id""], ""data"": [[57504, 1.0, 1.0, 1.0, 37.0, 1.0, 0.0, 0.0, 0.0, 1.0, 1.0, 0.0, 1.0, 0.0, 4.0, 0.0, 0.0, 1.0, 0.0, 12.0, 6.0, 3.0, 57504], [57505, 0.0, 0.0, 1.0, 27.0, 1.0, 0.0, 0.0, 1.0, 1.0, 0.0, 0.0, 1.0, 0.0, 2.0, 10.0, 20.0, 0.0, 1.0, 12.0, 5.0, 3.0, 57505], [57509, 1.0, 0.0, 1.0, 38.0, 1.0, 0.0, 0.0, 0.0, 1.0, 0.0, 0.0, 1.0, 0.0, 3.0, 2.0, 7.0, 1.0, 0.0, 10.0, 5.0, 5.0, 57509], [57510, 1.0, 1.0, 1.0, 26.0, 0.0, 0.0, 0.0, 1.0, 1.0, 1.0, 0.0, 1.0, 0.0, 3.0, 0.0, 0.0, 0.0, 0.0, 12.0, 4.0, 6.0, 57510], [57511, 1.0, 1.0, 1.0, 38.0, 0.0, 0.0, 0.0, 0.0, 1.0, 1.0, 0.0, 1.0, 0.0, 1.0, 2.0, 0.0, 0.0, 0.0, 11.0, 3.0, 5.0, 57511], [57512, 1.0, 0.0, 1.0, 22.0, 0.0, 0.0, 1.0, 1.0, 0.0, 1.0, 0.0, 1.0, 0.0, 3.0, 0.0, 0.0, 0.0, 0.0, 13.0, 4.0, 5.0, 57512], [57514, 1.0, 0.0, 1.0, 28.0, 0.0, 0.0, 0.0, 1.0, 1.0, 1.0, 0.0, 1.0, 0.0, 4.0, 0.0, 30.0, 0.0, 0.0, 12.0, 4.0, 2.0, 57514], [57515, 1.0, 0.0, 1.0, 29.0, 1.0, 0.0, 0.0, 1.0, 1.0, 1.0, 0.0, 1.0, 0.0, 3.0, 0.0, 0.0, 0.0, 0.0, 13.0, 6.0, 6.0, 57515], [57518, 1.0, 1.0, 1.0, 34.0, 1.0, 0.0, 0.0, 0.0, 1.0, 1.0, 0.0, 1.0, 0.0, 4.0, 0.0, 28.0, 1.0, 0.0, 11.0, 4.0, 4.0, 57518], [57519, 1.0, 1.0, 1.0, 27.0, 0.0, 0.0, 0.0, 1.0, 0.0, 1.0, 0.0, 1.0, 0.0, 3.0, 0.0, 0.0, 0.0, 1.0, 10.0, 6.0, 8.0, 57519]]}}","{""predictions"": [0.0, 0.0, 0.0, 1.0, 1.0, 1.0, 1.0, 1.0, 0.0, 1.0]}",1,"{""model_name"":""labuser70609094f_monitor_demo4f.default.diabetes_model"",""endpoint_name"":""labuser70609094f_endpoint"",""model_version"":""1""}"
null,0cf10f62-4f48-4fd2-b62a-be90cfc1edcc,2024-07-08,1720444911070,200,4,"{""dataframe_split"": {""index"": [23000, 23001, 23002, 23003, 23004, 23005, 23006, 23007, 23008, 23009], ""columns"": [""index"", ""HighBP"", ""HighChol"", ""CholCheck"", ""BMI"", ""Smoker"", ""Stroke"", ""HeartDiseaseorAttack"", ""PhysActivity"", ""Fruits"", ""Veggies"", ""HvyAlcoholConsump"", ""AnyHealthcare"", ""NoDocbcCost"", ""GenHlth"", ""MentHlth"", ""PhysHlth"", ""DiffWalk"", ""Sex"", ""Age"", ""Education"", ""Income"", ""id""], ""data"": [[57539, 1.0, 1.0, 1.0, 30.0, 1.0, 0.0, 1.0, 1.0, 1.0, 1.0, 0.0, 1.0, 0.0, 4.0, 0.0, 30.0, 1.0, 1.0, 10.0, 6.0, 5.0, 57539], [57540, 1.0, 1.0, 1.0, 27.0, 0.0, 0.0, 0.0, 1.0, 0.0, 1.0, 0.0, 1.0, 0.0, 3.0, 0.0, 15.0, 1.0, 0.0, 12.0, 4.0, 4.0, 57540], [57541, 1.0, 1.0, 1.0, 32.0, 1.0, 0.0, 0.0, 1.0, 0.0, 1.0, 0.0, 1.0, 0.0, 2.0, 0.0, 0.0, 0.0, 1.0, 10.0, 4.0, 5.0, 57541], [57545, 1.0, 1.0, 1.0, 37.0, 0.0, 0.0, 0.0, 1.0, 1.0, 1.0, 0.0, 1.0, 0.0, 3.0, 0.0, 10.0, 0.0, 0.0, 10.0, 3.0, 3.0, 57545], [57547, 1.0, 1.0, 1.0, 33.0, 1.0, 0.0, 1.0, 1.0, 1.0, 1.0, 0.0, 1.0, 0.0, 1.0, 2.0, 20.0, 0.0, 1.0, 11.0, 3.0, 6.0, 57547], [57548, 1.0, 1.0, 1.0, 28.0, 0.0, 0.0, 1.0, 1.0, 1.0, 1.0, 0.0, 1.0, 0.0, 3.0, 0.0, 0.0, 0.0, 0.0, 11.0, 6.0, 8.0, 57548], [57549, 1.0, 1.0, 1.0, 34.0, 0.0, 0.0, 0.0, 0.0, 1.0, 1.0, 0.0, 1.0, 0.0, 3.0, 0.0, 0.0, 1.0, 0.0, 10.0, 6.0, 8.0, 57549], [57550, 1.0, 1.0, 1.0, 21.0, 0.0, 0.0, 0.0, 1.0, 1.0, 1.0, 0.0, 1.0, 0.0, 3.0, 0.0, 2.0, 1.0, 0.0, 12.0, 5.0, 5.0, 57550], [57551, 1.0, 1.0, 1.0, 25.0, 0.0, 0.0, 0.0, 0.0, 1.0, 1.0, 0.0, 1.0, 0.0, 4.0, 2.0, 15.0, 0.0, 0.0, 10.0, 5.0, 4.0, 57551], [57552, 1.0, 1.0, 1.0, 35.0, 0.0, 0.0, 1.0, 0.0, 0.0, 1.0, 0.0, 1.0, 0.0, 5.0, 0.0, 30.0, 1.0, 0.0, 13.0, 4.0, 2.0, 57552]]}}","{""predictions"": [1.0, 1.0, 1.0, 0.0, 0.0, 0.0, 1.0, 1.0, 0.0, 1.0]}",1,"{""model_name"":""labuser70609094f_monitor_demo4f.default.diabetes_model"",""endpoint_name"":""labuser70609094f_endpoint"",""model_version"":""1""}"
null,6cb5f850-4211-4cda-9a4a-2c6ed518f9f4,2024-07-08,1720444911224,200,6,"{""dataframe_split"": {""index"": [23050, 23051, 23052, 23053, 23054, 23055, 23056, 23057, 23058, 23059], ""columns"": [""index"", ""HighBP"", ""HighChol"", ""CholCheck"", ""BMI"", ""Smoker"", ""Stroke"", ""HeartDiseaseorAttack"", ""PhysActivity"", ""Fruits"", ""Veggies"", ""HvyAlcoholConsump"", ""AnyHealthcare"", ""NoDocbcCost"", ""GenHlth"", ""MentHlth"", ""PhysHlth"", ""DiffWalk"", ""Sex"", ""Age"", ""Education"", ""Income"", ""id""], ""data"": [[57618, 1.0, 0.0, 1.0, 30.0, 1.0, 0.0, 0.0, 0.0, 0.0, 1.0, 0.0, 1.0, 0.0, 2.0, 0.0, 0.0, 0.0, 1.0, 13.0, 3.0, 6.0, 57618], [57620, 0.0, 1.0, 1.0, 27.0, 1.0, 0.0, 0.0, 1.0, 1.0, 1.0, 0.0, 1.0, 0.0, 1.0, 0.0, 0.0, 0.0, 1.0, 11.0, 5.0, 7.0, 57620], [57623, 1.0, 1.0, 1.0, 33.0, 0.0, 0.0, 0.0, 0.0, 1.0, 1.0, 0.0, 1.0, 0.0, 3.0, 5.0, 0.0, 0.0, 0.0, 10.0, 2.0, 2.0, 57623], [57627, 0.0, 1.0, 1.0, 33.0, 0.0, 0.0, 0.0, 1.0, 0.0, 1.0, 0.0, 1.0, 0.0, 3.0, 0.0, 0.0, 0.0, 0.0, 12.0, 3.0, 4.0, 57627], [57628, 1.0, 0.0, 1.0, 50.0, 0.0, 1.0, 1.0, 0.0, 1.0, 1.0, 0.0, 1.0, 0.0, 3.0, 0.0, 10.0, 1.0, 0.0, 13.0, 5.0, 1.0, 57628], [57630, 1.0, 0.0, 1.0, 37.0, 0.0, 0.0, 1.0, 0.0, 0.0, 0.0, 0.0, 1.0, 0.0, 5.0, 30.0, 30.0, 1.0, 0.0, 10.0, 6.0, 1.0, 57630], [57631, 0.0, 0.0, 1.0, 34.0, 0.0, 0.0, 0.0, 0.0, 1.0, 0.0, 0.0, 1.0, 0.0, 3.0, 0.0, 0.0, 1.0, 0.0, 11.0, 2.0, 3.0, 57631], [57634, 1.0, 0.0, 1.0, 24.0, 0.0, 0.0, 0.0, 1.0, 1.0, 1.0, 0.0, 1.0, 0.0, 2.0, 0.0, 0.0, 1.0, 0.0, 13.0, 5.0, 3.0, 57634], [57638, 0.0, 1.0, 1.0, 46.0, 1.0, 0.0, 0.0, 1.0, 1.0, 1.0, 0.0, 1.0, 0.0, 3.0, 0.0, 0.0, 0.0, 1.0, 12.0, 4.0, 3.0, 57638], [57641, 0.0, 1.0, 1.0, 32.0, 1.0, 0.0, 0.0, 1.0, 0.0, 1.0, 0.0, 1.0, 0.0, 3.0, 0.0, 0.0, 0.0, 1.0, 12.0, 6.0, 7.0, 57641]]}}","{""predictions"": [1.0, 0.0, 1.0, 1.0, 1.0, 0.0, 0.0, 1.0, 1.0, 0.0]}",1,"{""model_name"":""labuser70609094f_monitor_demo4f.default.diabetes_model"",""endpoint_name"":""labuser70609094f_endpoint"",""model_version"":""1""}"
null,33627325-d468-937a-899d-53f8d1b850a0,2024-07-08,1720444911348,200,4,"{""dataframe_split"": {""index"": [23090, 23091, 23092, 23093, 23094, 23095, 23096, 23097, 23098, 23099], ""columns"": [""index"", ""HighBP"", ""HighChol"", ""CholCheck"", ""BMI"", ""Smoker"", ""Stroke"", ""HeartDiseaseorAttack"", ""PhysActivity"", ""Fruits"", ""Veggies"", ""HvyAlcoholConsump"", ""AnyHealthcare"", ""NoDocbcCost"", ""GenHlth"", ""MentHlth"", ""PhysHlth"", ""DiffWalk"", ""Sex"", ""Age"", ""Education"", ""Income"", ""id""], ""data"": [[57717, 0.0, 1.0, 1.0, 20.0, 1.0, 0.0, 0.0, 1.0, 1.0, 1.0, 0.0, 0.0, 1.0, 2.0, 0.0, 0.0, 0.0, 0.0, 10.0, 5.0, 5.0, 57717], [57723, 1.0, 1.0, 1.0, 26.0, 0.0, 0.0, 0.0, 0.0, 0.0, 0.0, 1.0, 1.0, 0.0, 3.0, 0.0, 0.0, 0.0, 1.0, 12.0, 6.0, 8.0, 57723], [57726, 1.0, 1.0, 1.0, 36.0, 1.0, 0.0, 1.0, 0.0, 1.0, 1.0, 0.0, 1.0, 0.0, 3.0, 0.0, 4.0, 0.0, 1.0, 10.0, 5.0, 6.0, 57726], [57729, 1.0, 1.0, 1.0, 34.0, 0.0, 0.0, 0.0, 1.0, 1.0, 1.0, 0.0, 1.0, 0.0, 1.0, 0.0, 0.0, 1.0, 1.0, 13.0, 4.0, 6.0, 57729], [57735, 1.0, 1.0, 1.0, 31.0, 1.0, 0.0, 0.0, 0.0, 0.0, 0.0, 0.0, 1.0, 0.0, 4.0, 0.0, 6.0, 1.0, 1.0, 10.0, 4.0, 4.0, 57735], [57738, 1.0, 1.0, 1.0, 35.0, 0.0, 0.0, 0.0, 1.0, 0.0, 1.0, 0.0, 1.0, 0.0, 3.0, 6.0, 3.0, 1.0, 0.0, 11.0, 4.0, 1.0, 57738], [57747, 0.0, 0.0, 1.0, 23.0, 0.0, 0.0, 0.0, 1.0, 1.0, 1.0, 0.0, 1.0, 0.0, 1.0, 0.0, 0.0, 0.0, 1.0, 10.0, 6.0, 8.0, 57747], [57754, 1.0, 1.0, 1.0, 32.0, 0.0, 0.0, 1.0, 0.0, 0.0, 0.0, 0.0, 1.0, 0.0, 4.0, 0.0, 2.0, 0.0, 1.0, 11.0, 6.0, 4.0, 57754], [57757, 0.0, 1.0, 1.0, 29.0, 1.0, 0.0, 0.0, 1.0, 1.0, 1.0, 0.0, 1.0, 0.0, 1.0, 0.0, 0.0, 1.0, 1.0, 12.0, 6.0, 5.0, 57757], [57761, 0.0, 0.0, 1.0, 32.0, 0.0, 0.0, 0.0, 1.0, 1.0, 1.0, 0.0, 1.0, 0.0, 3.0, 0.0, 0.0, 0.0, 1.0, 10.0, 6.0, 6.0, 57761]]}}","{""predictions"": [0.0, 1.0, 1.0, 1.0, 1.0, 1.0, 0.0, 1.0, 1.0, 1.0]}",1,"{""model_name"":""labuser70609094f_monitor_demo4f.default.diabetes_model"",""endpoint_name"":""labuser70609094f_endpoint"",""model_version"":""1""}"
null,72a1535f-4919-45f4-ac7a-3937bed3d94e,2024-07-08,1720444911376,200,4,"{""dataframe_split"": {""index"": [23100, 23101, 23102, 23103, 23104, 23105, 23106, 23107, 23108, 23109], ""columns"": [""index"", ""HighBP"", ""HighChol"", ""CholCheck"", ""BMI"", ""Smoker"", ""Stroke"", ""HeartDiseaseorAttack"", ""PhysActivity"", ""Fruits"", ""Veggies"", ""HvyAlcoholConsump"", ""AnyHealthcare"", ""NoDocbcCost"", ""GenHlth"", ""MentHlth"", ""PhysHlth"", ""DiffWalk"", ""Sex"", ""Age"", ""Education"", ""Income"", ""id""], ""data"": [[57763, 1.0, 1.0, 1.0, 29.0, 1.0, 0.0, 0.0, 1.0, 1.0, 1.0, 0.0, 1.0, 0.0, 2.0, 0.0, 7.0, 0.0, 1.0, 10.0, 5.0, 7.0, 57763], [57767, 1.0, 1.0, 1.0, 49.0, 0.0, 0.0, 0.0, 0.0, 0.0, 0.0, 0.0, 1.0, 0.0, 3.0, 0.0, 0.0, 0.0, 0.0, 11.0, 3.0, 3.0, 57767], [57769, 1.0, 1.0, 1.0, 26.0, 0.0, 0.0, 0.0, 1.0, 0.0, 1.0, 0.0, 1.0, 0.0, 3.0, 0.0, 0.0, 0.0, 0.0, 11.0, 6.0, 1.0, 57769], [57775, 1.0, 1.0, 1.0, 30.0, 1.0, 1.0, 0.0, 0.0, 1.0, 1.0, 0.0, 1.0, 0.0, 4.0, 0.0, 14.0, 1.0, 0.0, 10.0, 4.0, 3.0, 57775], [57783, 1.0, 1.0, 1.0, 43.0, 1.0, 0.0, 0.0, 0.0, 0.0, 1.0, 0.0, 1.0, 0.0, 4.0, 4.0, 7.0, 1.0, 0.0, 11.0, 4.0, 2.0, 57783], [57784, 1.0, 1.0, 1.0, 34.0, 1.0, 0.0, 0.0, 1.0, 1.0, 1.0, 0.0, 1.0, 0.0, 2.0, 0.0, 0.0, 0.0, 1.0, 12.0, 6.0, 7.0, 57784], [57786, 0.0, 1.0, 1.0, 29.0, 1.0, 0.0, 1.0, 0.0, 1.0, 1.0, 0.0, 1.0, 0.0, 3.0, 0.0, 7.0, 0.0, 1.0, 11.0, 6.0, 8.0, 57786], [57789, 1.0, 0.0, 1.0, 40.0, 0.0, 0.0, 0.0, 0.0, 0.0, 0.0, 0.0, 1.0, 0.0, 5.0, 5.0, 15.0, 1.0, 1.0, 10.0, 4.0, 2.0, 57789], [57790, 1.0, 1.0, 1.0, 32.0, 1.0, 0.0, 1.0, 1.0, 0.0, 1.0, 0.0, 1.0, 0.0, 4.0, 0.0, 5.0, 0.0, 0.0, 11.0, 5.0, 3.0, 57790], [57793, 1.0, 1.0, 1.0, 24.0, 1.0, 1.0, 1.0, 0.0, 0.0, 1.0, 0.0, 1.0, 0.0, 4.0, 0.0, 10.0, 1.0, 0.0, 12.0, 3.0, 5.0, 57793]]}}","{""predictions"": [1.0, 1.0, 0.0, 1.0, 1.0, 1.0, 0.0, 1.0, 1.0, 1.0]}",1,"{""model_name"":""labuser70609094f_monitor_demo4f.default.diabetes_model"",""endpoint_name"":""labuser70609094f_endpoint"",""model_version"":""1""}"
null,43bb39cf-0161-41fe-baf9-23f182f7e5f1,2024-07-08,1720444911631,200,4,"{""dataframe_split"": {""index"": [23190, 23191, 23192, 23193, 23194, 23195, 23196, 23197, 23198, 23199], ""columns"": [""index"", ""HighBP"", ""HighChol"", ""CholCheck"", ""BMI"", ""Smoker"", ""Stroke"", ""HeartDiseaseorAttack"", ""PhysActivity"", ""Fruits"", ""Veggies"", ""HvyAlcoholConsump"", ""AnyHealthcare"", ""NoDocbcCost"", ""GenHlth"", ""MentHlth"", ""PhysHlth"", ""DiffWalk"", ""Sex"", ""Age"", ""Education"", ""Income"", ""id""], ""data"": [[57950, 1.0, 1.0, 1.0, 29.0, 1.0, 0.0, 1.0, 0.0, 1.0, 1.0, 0.0, 1.0, 0.0, 4.0, 2.0, 1.0, 0.0, 0.0, 13.0, 4.0, 3.0, 57950], [57951, 1.0, 1.0, 1.0, 36.0, 1.0, 0.0, 0.0, 1.0, 1.0, 1.0, 0.0, 1.0, 0.0, 3.0, 0.0, 2.0, 1.0, 0.0, 11.0, 6.0, 5.0, 57951], [57952, 1.0, 1.0, 1.0, 29.0, 0.0, 0.0, 0.0, 1.0, 1.0, 0.0, 0.0, 1.0, 0.0, 4.0, 20.0, 0.0, 0.0, 1.0, 10.0, 6.0, 8.0, 57952], [57953, 1.0, 0.0, 1.0, 28.0, 1.0, 0.0, 0.0, 1.0, 0.0, 0.0, 0.0, 1.0, 0.0, 2.0, 4.0, 0.0, 1.0, 1.0, 10.0, 4.0, 7.0, 57953], [57955, 1.0, 1.0, 1.0, 25.0, 0.0, 1.0, 0.0, 0.0, 1.0, 1.0, 0.0, 1.0, 0.0, 3.0, 0.0, 0.0, 1.0, 0.0, 13.0, 5.0, 2.0, 57955], [57957, 1.0, 1.0, 1.0, 26.0, 1.0, 1.0, 0.0, 0.0, 1.0, 1.0, 0.0, 1.0, 0.0, 2.0, 30.0, 30.0, 1.0, 0.0, 10.0, 6.0, 7.0, 57957], [57958, 0.0, 1.0, 1.0, 28.0, 1.0, 0.0, 0.0, 1.0, 0.0, 0.0, 0.0, 1.0, 0.0, 2.0, 15.0, 7.0, 0.0, 0.0, 10.0, 5.0, 5.0, 57958], [57960, 1.0, 1.0, 1.0, 40.0, 1.0, 0.0, 0.0, 0.0, 1.0, 1.0, 0.0, 1.0, 0.0, 4.0, 0.0, 0.0, 1.0, 0.0, 11.0, 4.0, 3.0, 57960], [57961, 1.0, 1.0, 1.0, 29.0, 0.0, 0.0, 0.0, 1.0, 1.0, 1.0, 0.0, 1.0, 0.0, 3.0, 0.0, 0.0, 0.0, 0.0, 10.0, 6.0, 8.0, 57961], [57962, 1.0, 0.0, 1.0, 30.0, 1.0, 0.0, 0.0, 1.0, 1.0, 1.0, 0.0, 1.0, 0.0, 2.0, 0.0, 0.0, 0.0, 1.0, 11.0, 4.0, 7.0, 57962]]}}","{""predictions"": [1.0, 1.0, 0.0, 0.0, 1.0, 0.0, 0.0, 1.0, 0.0, 0.0]}",1,"{""model_name"":""labuser70609094f_monitor_demo4f.default.diabetes_model"",""endpoint_name"":""labuser70609094f_endpoint"",""model_version"":""1""}"
null,0183e484-0358-48d6-bc4e-ec5163cca52f,2024-07-08,1720444911659,200,4,"{""dataframe_split"": {""index"": [23200, 23201, 23202, 23203, 23204, 23205, 23206, 23207, 23208, 23209], ""columns"": [""index"", ""HighBP"", ""HighChol"", ""CholCheck"", ""BMI"", ""Smoker"", ""Stroke"", ""HeartDiseaseorAttack"", ""PhysActivity"", ""Fruits"", ""Veggies"", ""HvyAlcoholConsump"", ""AnyHealthcare"", ""NoDocbcCost"", ""GenHlth"", ""MentHlth"", ""PhysHlth"", ""DiffWalk"", ""Sex"", ""Age"", ""Education"", ""Income"", ""id""], ""data"": [[57965, 0.0, 1.0, 1.0, 24.0, 1.0, 1.0, 0.0, 0.0, 0.0, 0.0, 0.0, 1.0, 0.0, 4.0, 0.0, 30.0, 1.0, 0.0, 13.0, 6.0, 3.0, 57965], [57969, 1.0, 1.0, 1.0, 26.0, 1.0, 0.0, 0.0, 1.0, 1.0, 1.0, 0.0, 1.0, 0.0, 1.0, 0.0, 0.0, 0.0, 1.0, 12.0, 6.0, 7.0, 57969], [57970, 0.0, 0.0, 1.0, 32.0, 1.0, 0.0, 0.0, 1.0, 1.0, 1.0, 0.0, 1.0, 0.0, 4.0, 0.0, 0.0, 0.0, 0.0, 12.0, 5.0, 3.0, 57970], [57971, 1.0, 0.0, 1.0, 43.0, 1.0, 0.0, 1.0, 0.0, 0.0, 0.0, 0.0, 1.0, 0.0, 4.0, 25.0, 25.0, 1.0, 0.0, 11.0, 2.0, 3.0, 57971], [57972, 0.0, 1.0, 1.0, 27.0, 0.0, 0.0, 0.0, 0.0, 1.0, 1.0, 0.0, 1.0, 0.0, 3.0, 0.0, 0.0, 1.0, 1.0, 10.0, 4.0, 6.0, 57972], [57975, 0.0, 0.0, 1.0, 29.0, 1.0, 1.0, 0.0, 0.0, 0.0, 1.0, 0.0, 1.0, 0.0, 2.0, 0.0, 0.0, 0.0, 0.0, 12.0, 4.0, 2.0, 57975], [57977, 1.0, 1.0, 1.0, 27.0, 0.0, 0.0, 1.0, 1.0, 1.0, 1.0, 0.0, 1.0, 0.0, 2.0, 2.0, 2.0, 0.0, 0.0, 12.0, 5.0, 4.0, 57977], [57978, 0.0, 0.0, 1.0, 44.0, 0.0, 0.0, 0.0, 1.0, 0.0, 0.0, 0.0, 1.0, 0.0, 4.0, 8.0, 0.0, 1.0, 0.0, 10.0, 4.0, 3.0, 57978], [57979, 1.0, 1.0, 1.0, 24.0, 1.0, 1.0, 1.0, 1.0, 0.0, 1.0, 0.0, 1.0, 0.0, 3.0, 0.0, 0.0, 0.0, 0.0, 12.0, 4.0, 2.0, 57979], [57980, 1.0, 1.0, 1.0, 24.0, 1.0, 0.0, 0.0, 1.0, 0.0, 1.0, 0.0, 1.0, 0.0, 3.0, 0.0, 0.0, 0.0, 1.0, 13.0, 6.0, 7.0, 57980]]}}","{""predictions"": [0.0, 0.0, 0.0, 1.0, 0.0, 1.0, 0.0, 1.0, 1.0, 1.0]}",1,"{""model_name"":""labuser70609094f_monitor_demo4f.default.diabetes_model"",""endpoint_name"":""labuser70609094f_endpoint"",""model_version"":""1""}"
null,42c29f0d-f42d-4115-a391-389d5dd2c44b,2024-07-08,1720444911893,200,4,"{""dataframe_split"": {""index"": [23280, 23281, 23282, 23283, 23284, 23285, 23286, 23287, 23288, 23289], ""columns"": [""index"", ""HighBP"", ""HighChol"", ""CholCheck"", ""BMI"", ""Smoker"", ""Stroke"", ""HeartDiseaseorAttack"", ""PhysActivity"", ""Fruits"", ""Veggies"", ""HvyAlcoholConsump"", ""AnyHealthcare"", ""NoDocbcCost"", ""GenHlth"", ""MentHlth"", ""PhysHlth"", ""DiffWalk"", ""Sex"", ""Age"", ""Education"", ""Income"", ""id""], ""data"": [[58166, 1.0, 1.0, 1.0, 32.0, 0.0, 0.0, 0.0, 1.0, 0.0, 0.0, 0.0, 1.0, 0.0, 4.0, 0.0, 10.0, 1.0, 0.0, 10.0, 5.0, 4.0, 58166], [58168, 1.0, 0.0, 1.0, 36.0, 0.0, 0.0, 0.0, 0.0, 0.0, 1.0, 0.0, 1.0, 0.0, 3.0, 0.0, 0.0, 0.0, 1.0, 10.0, 4.0, 3.0, 58168], [58170, 1.0, 1.0, 1.0, 31.0, 1.0, 0.0, 1.0, 1.0, 0.0, 1.0, 0.0, 1.0, 0.0, 5.0, 0.0, 30.0, 1.0, 1.0, 13.0, 4.0, 4.0, 58170], [58175, 1.0, 1.0, 1.0, 29.0, 1.0, 0.0, 0.0, 1.0, 1.0, 0.0, 0.0, 1.0, 0.0, 2.0, 0.0, 1.0, 0.0, 1.0, 10.0, 4.0, 2.0, 58175], [58176, 1.0, 1.0, 1.0, 45.0, 1.0, 0.0, 0.0, 1.0, 1.0, 0.0, 0.0, 1.0, 0.0, 3.0, 4.0, 4.0, 0.0, 1.0, 10.0, 4.0, 3.0, 58176], [58183, 1.0, 1.0, 1.0, 25.0, 0.0, 0.0, 1.0, 1.0, 0.0, 1.0, 0.0, 1.0, 0.0, 1.0, 0.0, 0.0, 0.0, 1.0, 10.0, 5.0, 8.0, 58183], [58184, 1.0, 1.0, 1.0, 21.0, 1.0, 1.0, 0.0, 0.0, 0.0, 0.0, 0.0, 1.0, 0.0, 5.0, 30.0, 30.0, 1.0, 0.0, 11.0, 3.0, 2.0, 58184], [58185, 1.0, 1.0, 1.0, 34.0, 1.0, 1.0, 0.0, 1.0, 1.0, 1.0, 0.0, 1.0, 0.0, 3.0, 0.0, 0.0, 1.0, 1.0, 10.0, 3.0, 3.0, 58185], [58190, 1.0, 1.0, 1.0, 32.0, 1.0, 0.0, 1.0, 1.0, 0.0, 0.0, 0.0, 1.0, 0.0, 5.0, 0.0, 0.0, 1.0, 1.0, 11.0, 3.0, 3.0, 58190], [58193, 0.0, 0.0, 1.0, 22.0, 0.0, 0.0, 0.0, 1.0, 1.0, 1.0, 0.0, 1.0, 0.0, 2.0, 0.0, 0.0, 0.0, 0.0, 11.0, 6.0, 8.0, 58193]]}}","{""predictions"": [1.0, 1.0, 1.0, 1.0, 1.0, 0.0, 1.0, 1.0, 1.0, 0.0]}",1,"{""model_name"":""labuser70609094f_monitor_demo4f.default.diabetes_model"",""endpoint_name"":""labuser70609094f_endpoint"",""model_version"":""1""}"
null,c4b1ddb3-1993-4e12-8cf1-cf5727e71bf5,2024-07-08,1720444911923,200,5,"{""dataframe_split"": {""index"": [23290, 23291, 23292, 23293, 23294, 23295, 23296, 23297, 23298, 23299], ""columns"": [""index"", ""HighBP"", ""HighChol"", ""CholCheck"", ""BMI"", ""Smoker"", ""Stroke"", ""HeartDiseaseorAttack"", ""PhysActivity"", ""Fruits"", ""Veggies"", ""HvyAlcoholConsump"", ""AnyHealthcare"", ""NoDocbcCost"", ""GenHlth"", ""MentHlth"", ""PhysHlth"", ""DiffWalk"", ""Sex"", ""Age"", ""Education"", ""Income"", ""id""], ""data"": [[58195, 1.0, 1.0, 1.0, 33.0, 1.0, 0.0, 1.0, 1.0, 0.0, 1.0, 0.0, 1.0, 0.0, 1.0, 3.0, 4.0, 1.0, 1.0, 10.0, 3.0, 4.0, 58195], [58197, 1.0, 1.0, 1.0, 27.0, 0.0, 0.0, 0.0, 1.0, 1.0, 1.0, 0.0, 1.0, 0.0, 3.0, 3.0, 3.0, 1.0, 0.0, 10.0, 4.0, 6.0, 58197], [58200, 0.0, 1.0, 1.0, 29.0, 1.0, 0.0, 0.0, 1.0, 1.0, 1.0, 0.0, 1.0, 0.0, 2.0, 1.0, 0.0, 0.0, 0.0, 11.0, 5.0, 8.0, 58200], [58201, 1.0, 1.0, 1.0, 29.0, 1.0, 0.0, 1.0, 1.0, 0.0, 1.0, 0.0, 1.0, 0.0, 4.0, 15.0, 30.0, 1.0, 0.0, 11.0, 5.0, 4.0, 58201], [58211, 1.0, 1.0, 1.0, 29.0, 1.0, 0.0, 0.0, 1.0, 0.0, 1.0, 0.0, 1.0, 0.0, 4.0, 8.0, 0.0, 0.0, 1.0, 10.0, 6.0, 7.0, 58211], [58220, 1.0, 1.0, 1.0, 30.0, 1.0, 0.0, 0.0, 1.0, 0.0, 1.0, 0.0, 1.0, 0.0, 3.0, 0.0, 0.0, 0.0, 1.0, 11.0, 5.0, 6.0, 58220], [58221, 0.0, 1.0, 1.0, 30.0, 1.0, 0.0, 0.0, 1.0, 1.0, 1.0, 0.0, 1.0, 0.0, 3.0, 0.0, 1.0, 0.0, 0.0, 12.0, 6.0, 5.0, 58221], [58222, 1.0, 1.0, 1.0, 21.0, 1.0, 0.0, 1.0, 1.0, 0.0, 1.0, 0.0, 1.0, 0.0, 3.0, 0.0, 0.0, 0.0, 1.0, 10.0, 5.0, 6.0, 58222], [58223, 1.0, 1.0, 1.0, 28.0, 1.0, 0.0, 1.0, 0.0, 1.0, 0.0, 0.0, 1.0, 0.0, 5.0, 0.0, 30.0, 1.0, 0.0, 12.0, 3.0, 5.0, 58223], [58227, 0.0, 1.0, 1.0, 25.0, 1.0, 0.0, 1.0, 1.0, 0.0, 0.0, 0.0, 1.0, 0.0, 4.0, 0.0, 30.0, 0.0, 1.0, 11.0, 5.0, 5.0, 58227]]}}","{""predictions"": [1.0, 0.0, 0.0, 1.0, 0.0, 1.0, 1.0, 0.0, 1.0, 1.0]}",1,"{""model_name"":""labuser70609094f_monitor_demo4f.default.diabetes_model"",""endpoint_name"":""labuser70609094f_endpoint"",""model_version"":""1""}"
null,dc6c67cc-71ac-4cdf-87a1-597add0c5627,2024-07-08,1720444911952,200,4,"{""dataframe_split"": {""index"": [23300, 23301, 23302, 23303, 23304, 23305, 23306, 23307, 23308, 23309], ""columns"": [""index"", ""HighBP"", ""HighChol"", ""CholCheck"", ""BMI"", ""Smoker"", ""Stroke"", ""HeartDiseaseorAttack"", ""PhysActivity"", ""Fruits"", ""Veggies"", ""HvyAlcoholConsump"", ""AnyHealthcare"", ""NoDocbcCost"", ""GenHlth"", ""MentHlth"", ""PhysHlth"", ""DiffWalk"", ""Sex"", ""Age"", ""Education"", ""Income"", ""id""], ""data"": [[58229, 1.0, 0.0, 1.0, 33.0, 1.0, 0.0, 0.0, 0.0, 0.0, 1.0, 0.0, 1.0, 0.0, 3.0, 30.0, 30.0, 1.0, 0.0, 10.0, 4.0, 4.0, 58229], [58231, 1.0, 0.0, 1.0, 28.0, 1.0, 0.0, 0.0, 1.0, 0.0, 1.0, 0.0, 1.0, 0.0, 4.0, 0.0, 30.0, 1.0, 1.0, 10.0, 5.0, 4.0, 58231], [58233, 1.0, 1.0, 1.0, 22.0, 1.0, 0.0, 0.0, 1.0, 0.0, 0.0, 0.0, 1.0, 0.0, 5.0, 0.0, 10.0, 1.0, 1.0, 11.0, 2.0, 2.0, 58233], [58234, 1.0, 1.0, 1.0, 26.0, 0.0, 0.0, 1.0, 0.0, 1.0, 0.0, 0.0, 1.0, 0.0, 3.0, 0.0, 1.0, 1.0, 0.0, 13.0, 5.0, 2.0, 58234], [58236, 0.0, 1.0, 1.0, 29.0, 1.0, 0.0, 1.0, 1.0, 0.0, 1.0, 0.0, 1.0, 0.0, 2.0, 2.0, 2.0, 0.0, 0.0, 13.0, 5.0, 5.0, 58236], [58241, 1.0, 1.0, 1.0, 28.0, 1.0, 0.0, 1.0, 1.0, 0.0, 1.0, 0.0, 1.0, 0.0, 4.0, 2.0, 20.0, 0.0, 1.0, 11.0, 6.0, 8.0, 58241], [58252, 1.0, 1.0, 1.0, 40.0, 1.0, 0.0, 0.0, 0.0, 1.0, 1.0, 0.0, 1.0, 1.0, 2.0, 0.0, 0.0, 1.0, 0.0, 10.0, 3.0, 4.0, 58252], [58255, 1.0, 1.0, 1.0, 18.0, 1.0, 0.0, 0.0, 1.0, 0.0, 0.0, 0.0, 1.0, 0.0, 4.0, 0.0, 0.0, 0.0, 1.0, 12.0, 3.0, 3.0, 58255], [58264, 0.0, 0.0, 1.0, 31.0, 1.0, 0.0, 0.0, 1.0, 0.0, 1.0, 0.0, 1.0, 0.0, 1.0, 0.0, 0.0, 0.0, 1.0, 12.0, 5.0, 7.0, 58264], [58266, 0.0, 0.0, 1.0, 34.0, 0.0, 1.0, 1.0, 0.0, 0.0, 0.0, 0.0, 1.0, 0.0, 3.0, 0.0, 0.0, 1.0, 0.0, 12.0, 6.0, 5.0, 58266]]}}","{""predictions"": [1.0, 0.0, 1.0, 1.0, 0.0, 1.0, 0.0, 1.0, 1.0, 1.0]}",1,"{""model_name"":""labuser70609094f_monitor_demo4f.default.diabetes_model"",""endpoint_name"":""labuser70609094f_endpoint"",""model_version"":""1""}"
null,4de53874-bd4b-45bb-9201-d47c2d5cfcee,2024-07-08,1720444911980,200,4,"{""dataframe_split"": {""index"": [23310, 23311, 23312, 23313, 23314, 23315, 23316, 23317, 23318, 23319], ""columns"": [""index"", ""HighBP"", ""HighChol"", ""CholCheck"", ""BMI"", ""Smoker"", ""Stroke"", ""HeartDiseaseorAttack"", ""PhysActivity"", ""Fruits"", ""Veggies"", ""HvyAlcoholConsump"", ""AnyHealthcare"", ""NoDocbcCost"", ""GenHlth"", ""MentHlth"", ""PhysHlth"", ""DiffWalk"", ""Sex"", ""Age"", ""Education"", ""Income"", ""id""], ""data"": [[58270, 1.0, 0.0, 1.0, 26.0, 0.0, 0.0, 0.0, 0.0, 0.0, 0.0, 0.0, 1.0, 0.0, 2.0, 0.0, 0.0, 0.0, 1.0, 11.0, 4.0, 4.0, 58270], [58271, 1.0, 1.0, 1.0, 26.0, 1.0, 0.0, 0.0, 1.0, 0.0, 1.0, 0.0, 1.0, 0.0, 3.0, 0.0, 0.0, 0.0, 1.0, 10.0, 2.0, 7.0, 58271], [58275, 1.0, 1.0, 1.0, 23.0, 1.0, 0.0, 1.0, 0.0, 1.0, 1.0, 0.0, 1.0, 0.0, 3.0, 7.0, 5.0, 1.0, 1.0, 10.0, 5.0, 5.0, 58275], [58277, 1.0, 1.0, 1.0, 27.0, 0.0, 0.0, 0.0, 1.0, 1.0, 0.0, 0.0, 1.0, 0.0, 2.0, 0.0, 0.0, 0.0, 1.0, 10.0, 5.0, 5.0, 58277], [58278, 1.0, 1.0, 1.0, 24.0, 0.0, 1.0, 1.0, 1.0, 1.0, 1.0, 0.0, 1.0, 0.0, 3.0, 0.0, 0.0, 1.0, 0.0, 11.0, 6.0, 2.0, 58278], [58281, 1.0, 1.0, 1.0, 26.0, 1.0, 0.0, 1.0, 0.0, 1.0, 1.0, 0.0, 1.0, 0.0, 5.0, 0.0, 15.0, 1.0, 1.0, 11.0, 5.0, 6.0, 58281], [58282, 1.0, 1.0, 1.0, 27.0, 0.0, 0.0, 0.0, 0.0, 1.0, 0.0, 0.0, 1.0, 0.0, 4.0, 0.0, 14.0, 0.0, 0.0, 10.0, 4.0, 3.0, 58282], [58283, 1.0, 1.0, 1.0, 34.0, 1.0, 1.0, 1.0, 0.0, 0.0, 1.0, 0.0, 1.0, 1.0, 3.0, 15.0, 5.0, 1.0, 1.0, 11.0, 5.0, 5.0, 58283], [58285, 1.0, 1.0, 1.0, 35.0, 1.0, 0.0, 1.0, 1.0, 0.0, 1.0, 0.0, 1.0, 1.0, 4.0, 10.0, 4.0, 1.0, 0.0, 10.0, 5.0, 2.0, 58285], [58287, 1.0, 1.0, 1.0, 26.0, 0.0, 0.0, 0.0, 0.0, 1.0, 1.0, 0.0, 1.0, 0.0, 2.0, 0.0, 6.0, 1.0, 0.0, 10.0, 4.0, 7.0, 58287]]}}","{""predictions"": [1.0, 0.0, 0.0, 1.0, 1.0, 1.0, 0.0, 1.0, 1.0, 0.0]}",1,"{""model_name"":""labuser70609094f_monitor_demo4f.default.diabetes_model"",""endpoint_name"":""labuser70609094f_endpoint"",""model_version"":""1""}"
null,88d33715-2df0-4b47-b983-a818dcd8203f,2024-07-08,1720444912008,200,4,"{""dataframe_split"": {""index"": [23320, 23321, 23322, 23323, 23324, 23325, 23326, 23327, 23328, 23329], ""columns"": [""index"", ""HighBP"", ""HighChol"", ""CholCheck"", ""BMI"", ""Smoker"", ""Stroke"", ""HeartDiseaseorAttack"", ""PhysActivity"", ""Fruits"", ""Veggies"", ""HvyAlcoholConsump"", ""AnyHealthcare"", ""NoDocbcCost"", ""GenHlth"", ""MentHlth"", ""PhysHlth"", ""DiffWalk"", ""Sex"", ""Age"", ""Education"", ""Income"", ""id""], ""data"": [[58289, 1.0, 0.0, 1.0, 27.0, 1.0, 0.0, 0.0, 1.0, 1.0, 1.0, 0.0, 1.0, 0.0, 1.0, 0.0, 0.0, 0.0, 0.0, 11.0, 5.0, 8.0, 58289], [58292, 0.0, 1.0, 1.0, 33.0, 1.0, 0.0, 0.0, 1.0, 1.0, 0.0, 0.0, 1.0, 0.0, 2.0, 0.0, 0.0, 0.0, 1.0, 12.0, 5.0, 7.0, 58292], [58295, 1.0, 1.0, 1.0, 34.0, 0.0, 1.0, 1.0, 0.0, 1.0, 0.0, 0.0, 1.0, 0.0, 5.0, 20.0, 30.0, 1.0, 0.0, 10.0, 6.0, 2.0, 58295], [58296, 1.0, 1.0, 1.0, 33.0, 1.0, 0.0, 0.0, 0.0, 0.0, 0.0, 0.0, 1.0, 0.0, 4.0, 0.0, 30.0, 1.0, 0.0, 11.0, 4.0, 4.0, 58296], [58298, 1.0, 1.0, 1.0, 21.0, 0.0, 0.0, 0.0, 0.0, 1.0, 1.0, 0.0, 1.0, 0.0, 4.0, 0.0, 3.0, 1.0, 0.0, 10.0, 5.0, 3.0, 58298], [58299, 1.0, 1.0, 1.0, 27.0, 0.0, 0.0, 0.0, 1.0, 1.0, 0.0, 0.0, 1.0, 0.0, 3.0, 0.0, 30.0, 0.0, 0.0, 10.0, 4.0, 3.0, 58299], [58301, 1.0, 1.0, 1.0, 31.0, 1.0, 0.0, 1.0, 1.0, 1.0, 1.0, 0.0, 1.0, 0.0, 4.0, 0.0, 30.0, 1.0, 1.0, 11.0, 4.0, 4.0, 58301], [58302, 1.0, 0.0, 1.0, 28.0, 1.0, 0.0, 0.0, 0.0, 1.0, 1.0, 0.0, 1.0, 0.0, 4.0, 30.0, 1.0, 1.0, 1.0, 12.0, 6.0, 8.0, 58302], [58304, 1.0, 1.0, 1.0, 30.0, 0.0, 0.0, 1.0, 0.0, 0.0, 1.0, 0.0, 1.0, 0.0, 4.0, 0.0, 5.0, 1.0, 1.0, 11.0, 6.0, 6.0, 58304], [58307, 1.0, 0.0, 1.0, 29.0, 1.0, 0.0, 0.0, 1.0, 1.0, 1.0, 1.0, 1.0, 1.0, 3.0, 0.0, 0.0, 0.0, 1.0, 13.0, 5.0, 6.0, 58307]]}}","{""predictions"": [0.0, 1.0, 1.0, 0.0, 0.0, 0.0, 1.0, 1.0, 1.0, 0.0]}",1,"{""model_name"":""labuser70609094f_monitor_demo4f.default.diabetes_model"",""endpoint_name"":""labuser70609094f_endpoint"",""model_version"":""1""}"
null,6b050cf8-cdbc-488b-912f-7ac535af1814,2024-07-08,1720444912462,200,4,"{""dataframe_split"": {""index"": [23480, 23481, 23482, 23483, 23484, 23485, 23486, 23487, 23488, 23489], ""columns"": [""index"", ""HighBP"", ""HighChol"", ""CholCheck"", ""BMI"", ""Smoker"", ""Stroke"", ""HeartDiseaseorAttack"", ""PhysActivity"", ""Fruits"", ""Veggies"", ""HvyAlcoholConsump"", ""AnyHealthcare"", ""NoDocbcCost"", ""GenHlth"", ""MentHlth"", ""PhysHlth"", ""DiffWalk"", ""Sex"", ""Age"", ""Education"", ""Income"", ""id""], ""data"": [[58567, 1.0, 0.0, 1.0, 28.0, 1.0, 0.0, 0.0, 1.0, 1.0, 1.0, 0.0, 1.0, 0.0, 3.0, 0.0, 0.0, 0.0, 0.0, 12.0, 5.0, 1.0, 58567], [58568, 1.0, 1.0, 1.0, 34.0, 0.0, 0.0, 1.0, 1.0, 1.0, 1.0, 0.0, 1.0, 0.0, 3.0, 0.0, 15.0, 1.0, 1.0, 11.0, 5.0, 6.0, 58568], [58570, 1.0, 1.0, 1.0, 29.0, 1.0, 0.0, 0.0, 1.0, 0.0, 1.0, 0.0, 1.0, 0.0, 3.0, 0.0, 0.0, 0.0, 1.0, 11.0, 4.0, 7.0, 58570], [58572, 1.0, 1.0, 1.0, 30.0, 1.0, 0.0, 0.0, 1.0, 1.0, 1.0, 0.0, 1.0, 0.0, 3.0, 0.0, 0.0, 0.0, 1.0, 12.0, 3.0, 5.0, 58572], [58575, 1.0, 0.0, 1.0, 29.0, 1.0, 0.0, 0.0, 1.0, 0.0, 1.0, 0.0, 1.0, 0.0, 2.0, 0.0, 0.0, 0.0, 1.0, 10.0, 5.0, 8.0, 58575], [58576, 1.0, 1.0, 1.0, 23.0, 1.0, 0.0, 0.0, 0.0, 1.0, 1.0, 0.0, 1.0, 0.0, 3.0, 0.0, 0.0, 1.0, 0.0, 12.0, 6.0, 4.0, 58576], [58578, 1.0, 1.0, 1.0, 46.0, 0.0, 0.0, 0.0, 0.0, 1.0, 0.0, 0.0, 1.0, 0.0, 3.0, 0.0, 0.0, 1.0, 0.0, 11.0, 5.0, 2.0, 58578], [58579, 1.0, 1.0, 1.0, 30.0, 0.0, 0.0, 0.0, 1.0, 1.0, 1.0, 0.0, 1.0, 0.0, 3.0, 0.0, 0.0, 1.0, 1.0, 13.0, 5.0, 2.0, 58579], [58580, 0.0, 1.0, 1.0, 17.0, 1.0, 0.0, 1.0, 1.0, 0.0, 1.0, 0.0, 1.0, 1.0, 5.0, 30.0, 15.0, 1.0, 0.0, 10.0, 4.0, 5.0, 58580], [58583, 1.0, 1.0, 1.0, 27.0, 1.0, 0.0, 1.0, 1.0, 1.0, 0.0, 0.0, 1.0, 0.0, 5.0, 0.0, 30.0, 1.0, 1.0, 13.0, 5.0, 5.0, 58583]]}}","{""predictions"": [0.0, 1.0, 0.0, 1.0, 1.0, 1.0, 1.0, 1.0, 1.0, 1.0]}",1,"{""model_name"":""labuser70609094f_monitor_demo4f.default.diabetes_model"",""endpoint_name"":""labuser70609094f_endpoint"",""model_version"":""1""}"
null,495b5fbe-e46c-4ee8-93f2-775b355833ed,2024-07-08,1720444912493,200,6,"{""dataframe_split"": {""index"": [23490, 23491, 23492, 23493, 23494, 23495, 23496, 23497, 23498, 23499], ""columns"": [""index"", ""HighBP"", ""HighChol"", ""CholCheck"", ""BMI"", ""Smoker"", ""Stroke"", ""HeartDiseaseorAttack"", ""PhysActivity"", ""Fruits"", ""Veggies"", ""HvyAlcoholConsump"", ""AnyHealthcare"", ""NoDocbcCost"", ""GenHlth"", ""MentHlth"", ""PhysHlth"", ""DiffWalk"", ""Sex"", ""Age"", ""Education"", ""Income"", ""id""], ""data"": [[58587, 1.0, 1.0, 1.0, 32.0, 1.0, 0.0, 0.0, 1.0, 1.0, 1.0, 0.0, 1.0, 0.0, 1.0, 0.0, 7.0, 0.0, 1.0, 10.0, 6.0, 4.0, 58587], [58588, 1.0, 1.0, 1.0, 33.0, 1.0, 0.0, 1.0, 1.0, 1.0, 1.0, 0.0, 1.0, 0.0, 4.0, 1.0, 3.0, 0.0, 0.0, 11.0, 6.0, 5.0, 58588], [58589, 1.0, 1.0, 1.0, 33.0, 0.0, 0.0, 0.0, 1.0, 0.0, 1.0, 0.0, 1.0, 0.0, 2.0, 0.0, 0.0, 0.0, 0.0, 10.0, 5.0, 8.0, 58589], [58590, 0.0, 1.0, 1.0, 40.0, 0.0, 0.0, 1.0, 0.0, 0.0, 0.0, 0.0, 1.0, 0.0, 5.0, 30.0, 30.0, 0.0, 1.0, 10.0, 6.0, 6.0, 58590], [58598, 1.0, 1.0, 1.0, 36.0, 1.0, 0.0, 0.0, 0.0, 0.0, 0.0, 0.0, 1.0, 0.0, 4.0, 0.0, 20.0, 0.0, 0.0, 11.0, 5.0, 1.0, 58598], [58599, 1.0, 0.0, 1.0, 34.0, 0.0, 0.0, 0.0, 1.0, 0.0, 0.0, 0.0, 1.0, 0.0, 4.0, 0.0, 5.0, 0.0, 0.0, 11.0, 4.0, 8.0, 58599], [58601, 1.0, 1.0, 1.0, 28.0, 0.0, 0.0, 0.0, 0.0, 1.0, 0.0, 0.0, 1.0, 0.0, 3.0, 0.0, 0.0, 0.0, 0.0, 10.0, 6.0, 8.0, 58601], [58602, 1.0, 1.0, 1.0, 43.0, 1.0, 0.0, 0.0, 1.0, 1.0, 1.0, 0.0, 1.0, 0.0, 3.0, 0.0, 5.0, 1.0, 0.0, 12.0, 4.0, 3.0, 58602], [58603, 1.0, 1.0, 1.0, 24.0, 1.0, 0.0, 0.0, 1.0, 1.0, 1.0, 0.0, 1.0, 0.0, 3.0, 0.0, 0.0, 0.0, 1.0, 10.0, 5.0, 6.0, 58603], [58607, 1.0, 1.0, 1.0, 37.0, 0.0, 0.0, 1.0, 0.0, 0.0, 1.0, 0.0, 1.0, 0.0, 4.0, 0.0, 2.0, 0.0, 0.0, 10.0, 5.0, 4.0, 58607]]}}","{""predictions"": [0.0, 0.0, 0.0, 1.0, 1.0, 1.0, 1.0, 1.0, 1.0, 0.0]}",1,"{""model_name"":""labuser70609094f_monitor_demo4f.default.diabetes_model"",""endpoint_name"":""labuser70609094f_endpoint"",""model_version"":""1""}"
null,26586ab9-32b9-490e-bcd5-c338fee6711e,2024-07-08,1720444912528,200,4,"{""dataframe_split"": {""index"": [23500, 23501, 23502, 23503, 23504, 23505, 23506, 23507, 23508, 23509], ""columns"": [""index"", ""HighBP"", ""HighChol"", ""CholCheck"", ""BMI"", ""Smoker"", ""Stroke"", ""HeartDiseaseorAttack"", ""PhysActivity"", ""Fruits"", ""Veggies"", ""HvyAlcoholConsump"", ""AnyHealthcare"", ""NoDocbcCost"", ""GenHlth"", ""MentHlth"", ""PhysHlth"", ""DiffWalk"", ""Sex"", ""Age"", ""Education"", ""Income"", ""id""], ""data"": [[58608, 1.0, 1.0, 1.0, 27.0, 0.0, 0.0, 0.0, 0.0, 1.0, 1.0, 0.0, 1.0, 0.0, 3.0, 0.0, 0.0, 0.0, 0.0, 10.0, 5.0, 5.0, 58608], [58611, 0.0, 0.0, 1.0, 34.0, 0.0, 0.0, 0.0, 1.0, 1.0, 0.0, 0.0, 1.0, 0.0, 2.0, 0.0, 0.0, 0.0, 1.0, 10.0, 5.0, 8.0, 58611], [58612, 1.0, 1.0, 1.0, 43.0, 0.0, 0.0, 0.0, 0.0, 1.0, 1.0, 0.0, 1.0, 0.0, 5.0, 30.0, 30.0, 1.0, 0.0, 10.0, 5.0, 5.0, 58612], [58613, 1.0, 1.0, 1.0, 24.0, 0.0, 0.0, 0.0, 1.0, 1.0, 1.0, 0.0, 0.0, 0.0, 2.0, 0.0, 0.0, 1.0, 1.0, 13.0, 6.0, 3.0, 58613], [58614, 0.0, 1.0, 1.0, 24.0, 0.0, 0.0, 0.0, 1.0, 1.0, 1.0, 0.0, 1.0, 0.0, 2.0, 3.0, 0.0, 0.0, 1.0, 10.0, 6.0, 8.0, 58614], [58617, 0.0, 1.0, 1.0, 49.0, 0.0, 0.0, 0.0, 0.0, 1.0, 1.0, 0.0, 1.0, 0.0, 3.0, 0.0, 15.0, 1.0, 0.0, 10.0, 5.0, 1.0, 58617], [58620, 0.0, 0.0, 1.0, 31.0, 1.0, 0.0, 0.0, 1.0, 1.0, 1.0, 0.0, 1.0, 0.0, 2.0, 2.0, 0.0, 0.0, 0.0, 10.0, 6.0, 8.0, 58620], [58623, 1.0, 0.0, 1.0, 33.0, 0.0, 0.0, 1.0, 1.0, 1.0, 1.0, 0.0, 1.0, 0.0, 3.0, 0.0, 5.0, 0.0, 0.0, 12.0, 4.0, 2.0, 58623], [58634, 1.0, 1.0, 1.0, 34.0, 0.0, 1.0, 1.0, 0.0, 1.0, 1.0, 0.0, 1.0, 0.0, 4.0, 15.0, 20.0, 1.0, 0.0, 10.0, 5.0, 4.0, 58634], [58637, 1.0, 1.0, 1.0, 33.0, 1.0, 0.0, 0.0, 1.0, 0.0, 0.0, 0.0, 1.0, 0.0, 4.0, 0.0, 30.0, 1.0, 1.0, 11.0, 5.0, 6.0, 58637]]}}","{""predictions"": [1.0, 0.0, 1.0, 0.0, 0.0, 1.0, 0.0, 1.0, 1.0, 0.0]}",1,"{""model_name"":""labuser70609094f_monitor_demo4f.default.diabetes_model"",""endpoint_name"":""labuser70609094f_endpoint"",""model_version"":""1""}"
null,c8fd72d1-952e-4879-b0d1-dee230414191,2024-07-08,1720444912556,200,4,"{""dataframe_split"": {""index"": [23510, 23511, 23512, 23513, 23514, 23515, 23516, 23517, 23518, 23519], ""columns"": [""index"", ""HighBP"", ""HighChol"", ""CholCheck"", ""BMI"", ""Smoker"", ""Stroke"", ""HeartDiseaseorAttack"", ""PhysActivity"", ""Fruits"", ""Veggies"", ""HvyAlcoholConsump"", ""AnyHealthcare"", ""NoDocbcCost"", ""GenHlth"", ""MentHlth"", ""PhysHlth"", ""DiffWalk"", ""Sex"", ""Age"", ""Education"", ""Income"", ""id""], ""data"": [[58639, 1.0, 1.0, 1.0, 30.0, 0.0, 0.0, 0.0, 1.0, 1.0, 1.0, 0.0, 1.0, 0.0, 2.0, 0.0, 0.0, 0.0, 0.0, 11.0, 6.0, 3.0, 58639], [58640, 1.0, 0.0, 1.0, 34.0, 1.0, 0.0, 0.0, 1.0, 0.0, 1.0, 0.0, 1.0, 0.0, 2.0, 10.0, 0.0, 1.0, 1.0, 12.0, 3.0, 8.0, 58640], [58643, 1.0, 0.0, 1.0, 34.0, 1.0, 1.0, 1.0, 1.0, 0.0, 1.0, 0.0, 1.0, 0.0, 4.0, 20.0, 7.0, 1.0, 1.0, 12.0, 5.0, 2.0, 58643], [58644, 1.0, 0.0, 1.0, 25.0, 1.0, 0.0, 0.0, 1.0, 1.0, 0.0, 0.0, 1.0, 0.0, 2.0, 0.0, 0.0, 0.0, 1.0, 11.0, 6.0, 7.0, 58644], [58646, 1.0, 1.0, 1.0, 36.0, 1.0, 0.0, 0.0, 0.0, 1.0, 1.0, 0.0, 1.0, 0.0, 4.0, 0.0, 0.0, 0.0, 1.0, 11.0, 4.0, 5.0, 58646], [58647, 1.0, 1.0, 1.0, 31.0, 1.0, 0.0, 1.0, 1.0, 1.0, 1.0, 0.0, 1.0, 0.0, 4.0, 2.0, 15.0, 1.0, 0.0, 11.0, 6.0, 5.0, 58647], [58648, 1.0, 1.0, 1.0, 35.0, 0.0, 0.0, 1.0, 1.0, 0.0, 1.0, 0.0, 1.0, 0.0, 4.0, 0.0, 3.0, 0.0, 1.0, 11.0, 5.0, 4.0, 58648], [58650, 1.0, 1.0, 1.0, 27.0, 1.0, 0.0, 1.0, 1.0, 1.0, 1.0, 0.0, 1.0, 0.0, 3.0, 0.0, 0.0, 0.0, 1.0, 10.0, 6.0, 7.0, 58650], [58655, 1.0, 1.0, 1.0, 39.0, 0.0, 0.0, 0.0, 1.0, 1.0, 1.0, 0.0, 1.0, 0.0, 2.0, 0.0, 0.0, 0.0, 0.0, 10.0, 6.0, 7.0, 58655], [58658, 1.0, 1.0, 1.0, 43.0, 1.0, 0.0, 0.0, 1.0, 0.0, 1.0, 0.0, 1.0, 0.0, 5.0, 5.0, 30.0, 1.0, 1.0, 10.0, 4.0, 7.0, 58658]]}}","{""predictions"": [1.0, 1.0, 0.0, 0.0, 1.0, 1.0, 1.0, 1.0, 0.0, 1.0]}",1,"{""model_name"":""labuser70609094f_monitor_demo4f.default.diabetes_model"",""endpoint_name"":""labuser70609094f_endpoint"",""model_version"":""1""}"
null,194f4776-3bf3-4a80-9675-47a874f43a32,2024-07-08,1720444912586,200,4,"{""dataframe_split"": {""index"": [23520, 23521, 23522, 23523, 23524, 23525, 23526, 23527, 23528, 23529], ""columns"": [""index"", ""HighBP"", ""HighChol"", ""CholCheck"", ""BMI"", ""Smoker"", ""Stroke"", ""HeartDiseaseorAttack"", ""PhysActivity"", ""Fruits"", ""Veggies"", ""HvyAlcoholConsump"", ""AnyHealthcare"", ""NoDocbcCost"", ""GenHlth"", ""MentHlth"", ""PhysHlth"", ""DiffWalk"", ""Sex"", ""Age"", ""Education"", ""Income"", ""id""], ""data"": [[58660, 1.0, 1.0, 1.0, 31.0, 1.0, 0.0, 0.0, 1.0, 1.0, 1.0, 0.0, 1.0, 0.0, 1.0, 0.0, 0.0, 1.0, 1.0, 11.0, 3.0, 6.0, 58660], [58665, 1.0, 1.0, 1.0, 22.0, 1.0, 0.0, 1.0, 1.0, 1.0, 1.0, 0.0, 1.0, 0.0, 2.0, 0.0, 0.0, 0.0, 1.0, 13.0, 4.0, 5.0, 58665], [58666, 0.0, 0.0, 1.0, 31.0, 1.0, 0.0, 0.0, 0.0, 1.0, 1.0, 0.0, 1.0, 0.0, 4.0, 0.0, 0.0, 0.0, 1.0, 11.0, 6.0, 3.0, 58666], [58667, 1.0, 1.0, 1.0, 37.0, 0.0, 0.0, 1.0, 1.0, 1.0, 1.0, 0.0, 1.0, 0.0, 5.0, 30.0, 30.0, 1.0, 1.0, 10.0, 6.0, 6.0, 58667], [58668, 1.0, 1.0, 1.0, 32.0, 0.0, 0.0, 1.0, 1.0, 1.0, 1.0, 0.0, 1.0, 0.0, 2.0, 0.0, 30.0, 0.0, 0.0, 11.0, 4.0, 5.0, 58668], [58672, 1.0, 0.0, 1.0, 31.0, 1.0, 0.0, 0.0, 0.0, 0.0, 1.0, 0.0, 1.0, 1.0, 3.0, 0.0, 20.0, 0.0, 1.0, 12.0, 5.0, 7.0, 58672], [58673, 1.0, 0.0, 1.0, 32.0, 1.0, 0.0, 0.0, 1.0, 0.0, 1.0, 0.0, 1.0, 0.0, 2.0, 30.0, 0.0, 0.0, 0.0, 10.0, 6.0, 7.0, 58673], [58677, 1.0, 1.0, 1.0, 38.0, 0.0, 0.0, 0.0, 1.0, 1.0, 1.0, 0.0, 1.0, 0.0, 4.0, 0.0, 0.0, 0.0, 1.0, 10.0, 5.0, 7.0, 58677], [58683, 0.0, 0.0, 1.0, 32.0, 0.0, 0.0, 1.0, 1.0, 0.0, 1.0, 0.0, 1.0, 0.0, 4.0, 0.0, 14.0, 1.0, 1.0, 11.0, 4.0, 1.0, 58683], [58686, 0.0, 1.0, 1.0, 23.0, 0.0, 0.0, 1.0, 1.0, 0.0, 0.0, 0.0, 1.0, 0.0, 2.0, 0.0, 0.0, 0.0, 1.0, 12.0, 4.0, 7.0, 58686]]}}","{""predictions"": [1.0, 0.0, 0.0, 0.0, 0.0, 1.0, 1.0, 1.0, 1.0, 0.0]}",1,"{""model_name"":""labuser70609094f_monitor_demo4f.default.diabetes_model"",""endpoint_name"":""labuser70609094f_endpoint"",""model_version"":""1""}"
null,d0b327d1-d8a8-4c72-b071-90df6a311127,2024-07-08,1720444913067,200,4,"{""dataframe_split"": {""index"": [23690, 23691, 23692, 23693, 23694, 23695, 23696, 23697, 23698, 23699], ""columns"": [""index"", ""HighBP"", ""HighChol"", ""CholCheck"", ""BMI"", ""Smoker"", ""Stroke"", ""HeartDiseaseorAttack"", ""PhysActivity"", ""Fruits"", ""Veggies"", ""HvyAlcoholConsump"", ""AnyHealthcare"", ""NoDocbcCost"", ""GenHlth"", ""MentHlth"", ""PhysHlth"", ""DiffWalk"", ""Sex"", ""Age"", ""Education"", ""Income"", ""id""], ""data"": [[58984, 0.0, 1.0, 1.0, 30.0, 0.0, 0.0, 0.0, 1.0, 1.0, 1.0, 0.0, 1.0, 0.0, 2.0, 0.0, 0.0, 0.0, 0.0, 12.0, 4.0, 8.0, 58984], [58985, 1.0, 1.0, 1.0, 40.0, 0.0, 0.0, 0.0, 0.0, 1.0, 1.0, 0.0, 1.0, 0.0, 5.0, 0.0, 30.0, 1.0, 1.0, 10.0, 5.0, 7.0, 58985], [58986, 1.0, 1.0, 1.0, 33.0, 1.0, 0.0, 1.0, 0.0, 0.0, 0.0, 0.0, 0.0, 0.0, 4.0, 15.0, 30.0, 1.0, 1.0, 12.0, 4.0, 4.0, 58986], [58991, 1.0, 1.0, 1.0, 24.0, 1.0, 1.0, 0.0, 1.0, 0.0, 0.0, 0.0, 1.0, 0.0, 2.0, 0.0, 0.0, 0.0, 1.0, 13.0, 5.0, 6.0, 58991], [58992, 1.0, 1.0, 1.0, 24.0, 1.0, 0.0, 1.0, 1.0, 0.0, 1.0, 0.0, 1.0, 0.0, 3.0, 0.0, 3.0, 0.0, 0.0, 12.0, 3.0, 5.0, 58992], [58994, 1.0, 1.0, 1.0, 24.0, 1.0, 0.0, 0.0, 0.0, 0.0, 0.0, 0.0, 0.0, 1.0, 4.0, 30.0, 30.0, 1.0, 1.0, 10.0, 4.0, 2.0, 58994], [58995, 0.0, 0.0, 1.0, 27.0, 1.0, 0.0, 0.0, 0.0, 1.0, 1.0, 0.0, 1.0, 0.0, 5.0, 0.0, 30.0, 0.0, 0.0, 13.0, 3.0, 5.0, 58995], [58998, 1.0, 1.0, 1.0, 23.0, 0.0, 0.0, 1.0, 1.0, 1.0, 1.0, 0.0, 1.0, 0.0, 3.0, 0.0, 15.0, 0.0, 0.0, 13.0, 5.0, 6.0, 58998], [58999, 0.0, 1.0, 1.0, 31.0, 1.0, 0.0, 0.0, 1.0, 1.0, 1.0, 0.0, 1.0, 0.0, 4.0, 0.0, 30.0, 1.0, 0.0, 11.0, 4.0, 3.0, 58999], [59000, 1.0, 1.0, 1.0, 32.0, 0.0, 0.0, 0.0, 0.0, 1.0, 0.0, 0.0, 1.0, 0.0, 4.0, 0.0, 0.0, 0.0, 0.0, 10.0, 6.0, 5.0, 59000]]}}","{""predictions"": [0.0, 1.0, 0.0, 0.0, 1.0, 0.0, 1.0, 1.0, 1.0, 1.0]}",1,"{""model_name"":""labuser70609094f_monitor_demo4f.default.diabetes_model"",""endpoint_name"":""labuser70609094f_endpoint"",""model_version"":""1""}"
null,854e07b8-a555-4736-ac4b-ad825f59573d,2024-07-08,1720444913297,200,4,"{""dataframe_split"": {""index"": [23770, 23771, 23772, 23773, 23774, 23775, 23776, 23777, 23778, 23779], ""columns"": [""index"", ""HighBP"", ""HighChol"", ""CholCheck"", ""BMI"", ""Smoker"", ""Stroke"", ""HeartDiseaseorAttack"", ""PhysActivity"", ""Fruits"", ""Veggies"", ""HvyAlcoholConsump"", ""AnyHealthcare"", ""NoDocbcCost"", ""GenHlth"", ""MentHlth"", ""PhysHlth"", ""DiffWalk"", ""Sex"", ""Age"", ""Education"", ""Income"", ""id""], ""data"": [[59131, 1.0, 1.0, 1.0, 30.0, 0.0, 0.0, 0.0, 0.0, 1.0, 1.0, 0.0, 1.0, 0.0, 2.0, 0.0, 0.0, 0.0, 1.0, 10.0, 5.0, 7.0, 59131], [59132, 1.0, 1.0, 1.0, 24.0, 1.0, 0.0, 1.0, 0.0, 0.0, 0.0, 0.0, 1.0, 0.0, 4.0, 0.0, 2.0, 1.0, 0.0, 11.0, 4.0, 3.0, 59132], [59133, 1.0, 1.0, 1.0, 33.0, 1.0, 0.0, 0.0, 0.0, 1.0, 1.0, 0.0, 1.0, 0.0, 3.0, 0.0, 0.0, 1.0, 0.0, 10.0, 5.0, 6.0, 59133], [59135, 1.0, 0.0, 1.0, 33.0, 0.0, 0.0, 0.0, 1.0, 1.0, 1.0, 0.0, 1.0, 0.0, 3.0, 0.0, 2.0, 0.0, 0.0, 10.0, 4.0, 6.0, 59135], [59136, 1.0, 0.0, 1.0, 27.0, 1.0, 0.0, 0.0, 1.0, 1.0, 1.0, 0.0, 1.0, 0.0, 4.0, 1.0, 30.0, 1.0, 0.0, 12.0, 5.0, 4.0, 59136], [59137, 1.0, 1.0, 1.0, 35.0, 1.0, 0.0, 0.0, 0.0, 1.0, 1.0, 0.0, 1.0, 0.0, 3.0, 0.0, 0.0, 0.0, 0.0, 10.0, 4.0, 6.0, 59137], [59139, 1.0, 1.0, 1.0, 27.0, 1.0, 1.0, 1.0, 1.0, 0.0, 1.0, 0.0, 1.0, 0.0, 3.0, 0.0, 0.0, 0.0, 1.0, 10.0, 5.0, 6.0, 59139], [59141, 1.0, 1.0, 1.0, 23.0, 0.0, 0.0, 0.0, 1.0, 1.0, 1.0, 0.0, 1.0, 0.0, 2.0, 0.0, 0.0, 0.0, 0.0, 11.0, 4.0, 5.0, 59141], [59142, 1.0, 1.0, 1.0, 25.0, 0.0, 0.0, 0.0, 0.0, 0.0, 1.0, 0.0, 1.0, 0.0, 3.0, 0.0, 0.0, 0.0, 0.0, 13.0, 4.0, 5.0, 59142], [59144, 1.0, 0.0, 1.0, 31.0, 0.0, 0.0, 0.0, 1.0, 1.0, 1.0, 0.0, 1.0, 0.0, 4.0, 0.0, 30.0, 1.0, 0.0, 12.0, 5.0, 3.0, 59144]]}}","{""predictions"": [0.0, 1.0, 1.0, 1.0, 1.0, 1.0, 1.0, 1.0, 1.0, 0.0]}",1,"{""model_name"":""labuser70609094f_monitor_demo4f.default.diabetes_model"",""endpoint_name"":""labuser70609094f_endpoint"",""model_version"":""1""}"
null,10cb2b90-a34a-494d-aedb-039055fc9c8e,2024-07-08,1720444913696,200,4,"{""dataframe_split"": {""index"": [23910, 23911, 23912, 23913, 23914, 23915, 23916, 23917, 23918, 23919], ""columns"": [""index"", ""HighBP"", ""HighChol"", ""CholCheck"", ""BMI"", ""Smoker"", ""Stroke"", ""HeartDiseaseorAttack"", ""PhysActivity"", ""Fruits"", ""Veggies"", ""HvyAlcoholConsump"", ""AnyHealthcare"", ""NoDocbcCost"", ""GenHlth"", ""MentHlth"", ""PhysHlth"", ""DiffWalk"", ""Sex"", ""Age"", ""Education"", ""Income"", ""id""], ""data"": [[59354, 0.0, 0.0, 1.0, 30.0, 1.0, 0.0, 0.0, 0.0, 1.0, 0.0, 0.0, 1.0, 0.0, 4.0, 0.0, 5.0, 1.0, 0.0, 12.0, 4.0, 3.0, 59354], [59355, 1.0, 1.0, 1.0, 28.0, 0.0, 0.0, 1.0, 1.0, 1.0, 1.0, 0.0, 1.0, 1.0, 3.0, 25.0, 0.0, 1.0, 1.0, 12.0, 5.0, 3.0, 59355], [59357, 1.0, 1.0, 1.0, 42.0, 1.0, 0.0, 0.0, 1.0, 1.0, 1.0, 0.0, 1.0, 0.0, 4.0, 0.0, 0.0, 1.0, 0.0, 10.0, 4.0, 2.0, 59357], [59359, 0.0, 0.0, 1.0, 24.0, 1.0, 0.0, 0.0, 1.0, 0.0, 0.0, 0.0, 1.0, 0.0, 2.0, 3.0, 0.0, 0.0, 1.0, 10.0, 6.0, 7.0, 59359], [59362, 1.0, 1.0, 1.0, 24.0, 1.0, 1.0, 0.0, 0.0, 1.0, 1.0, 0.0, 1.0, 0.0, 4.0, 15.0, 30.0, 1.0, 0.0, 13.0, 4.0, 5.0, 59362], [59364, 1.0, 1.0, 1.0, 46.0, 0.0, 0.0, 1.0, 0.0, 1.0, 1.0, 0.0, 1.0, 0.0, 4.0, 0.0, 30.0, 1.0, 0.0, 10.0, 5.0, 5.0, 59364], [59367, 1.0, 0.0, 1.0, 30.0, 0.0, 0.0, 0.0, 1.0, 1.0, 1.0, 0.0, 1.0, 0.0, 4.0, 1.0, 5.0, 0.0, 0.0, 11.0, 6.0, 7.0, 59367], [59369, 0.0, 0.0, 1.0, 32.0, 1.0, 0.0, 1.0, 0.0, 0.0, 0.0, 0.0, 1.0, 0.0, 4.0, 15.0, 0.0, 0.0, 0.0, 11.0, 4.0, 4.0, 59369], [59371, 1.0, 1.0, 1.0, 35.0, 1.0, 0.0, 0.0, 0.0, 0.0, 1.0, 0.0, 1.0, 0.0, 3.0, 0.0, 0.0, 0.0, 0.0, 11.0, 5.0, 6.0, 59371], [59372, 0.0, 1.0, 1.0, 19.0, 0.0, 0.0, 0.0, 1.0, 1.0, 1.0, 0.0, 1.0, 0.0, 3.0, 0.0, 0.0, 0.0, 0.0, 12.0, 4.0, 5.0, 59372]]}}","{""predictions"": [1.0, 1.0, 1.0, 0.0, 1.0, 1.0, 1.0, 1.0, 1.0, 0.0]}",1,"{""model_name"":""labuser70609094f_monitor_demo4f.default.diabetes_model"",""endpoint_name"":""labuser70609094f_endpoint"",""model_version"":""1""}"
null,11e86c75-a92e-4bdd-b884-048bbf9a4c1d,2024-07-08,1720444913725,200,4,"{""dataframe_split"": {""index"": [23920, 23921, 23922, 23923, 23924, 23925, 23926, 23927, 23928, 23929], ""columns"": [""index"", ""HighBP"", ""HighChol"", ""CholCheck"", ""BMI"", ""Smoker"", ""Stroke"", ""HeartDiseaseorAttack"", ""PhysActivity"", ""Fruits"", ""Veggies"", ""HvyAlcoholConsump"", ""AnyHealthcare"", ""NoDocbcCost"", ""GenHlth"", ""MentHlth"", ""PhysHlth"", ""DiffWalk"", ""Sex"", ""Age"", ""Education"", ""Income"", ""id""], ""data"": [[59374, 0.0, 1.0, 1.0, 27.0, 1.0, 0.0, 1.0, 0.0, 1.0, 1.0, 0.0, 1.0, 0.0, 4.0, 0.0, 0.0, 1.0, 0.0, 12.0, 4.0, 4.0, 59374], [59379, 1.0, 1.0, 1.0, 33.0, 1.0, 0.0, 0.0, 0.0, 0.0, 1.0, 0.0, 1.0, 0.0, 4.0, 0.0, 30.0, 1.0, 1.0, 11.0, 6.0, 7.0, 59379], [59380, 1.0, 0.0, 1.0, 45.0, 1.0, 0.0, 0.0, 0.0, 1.0, 1.0, 0.0, 1.0, 0.0, 4.0, 10.0, 6.0, 1.0, 1.0, 13.0, 3.0, 3.0, 59380], [59382, 1.0, 0.0, 1.0, 28.0, 0.0, 0.0, 0.0, 0.0, 0.0, 1.0, 0.0, 1.0, 0.0, 2.0, 0.0, 0.0, 0.0, 1.0, 10.0, 4.0, 7.0, 59382], [59383, 1.0, 0.0, 1.0, 27.0, 1.0, 1.0, 1.0, 0.0, 1.0, 1.0, 0.0, 1.0, 0.0, 5.0, 0.0, 0.0, 1.0, 0.0, 12.0, 4.0, 4.0, 59383], [59384, 1.0, 1.0, 1.0, 28.0, 1.0, 0.0, 1.0, 0.0, 0.0, 1.0, 0.0, 1.0, 0.0, 5.0, 0.0, 30.0, 0.0, 1.0, 10.0, 3.0, 5.0, 59384], [59388, 1.0, 0.0, 1.0, 25.0, 0.0, 0.0, 1.0, 0.0, 1.0, 0.0, 0.0, 1.0, 0.0, 3.0, 0.0, 0.0, 0.0, 0.0, 13.0, 4.0, 2.0, 59388], [59390, 1.0, 1.0, 1.0, 29.0, 0.0, 0.0, 0.0, 1.0, 1.0, 1.0, 0.0, 1.0, 1.0, 3.0, 0.0, 1.0, 0.0, 0.0, 12.0, 3.0, 3.0, 59390], [59392, 1.0, 1.0, 1.0, 32.0, 0.0, 1.0, 1.0, 1.0, 1.0, 0.0, 0.0, 1.0, 0.0, 3.0, 2.0, 0.0, 0.0, 1.0, 11.0, 4.0, 6.0, 59392], [59393, 0.0, 1.0, 1.0, 28.0, 0.0, 0.0, 0.0, 1.0, 0.0, 1.0, 0.0, 1.0, 0.0, 1.0, 0.0, 0.0, 0.0, 1.0, 10.0, 6.0, 8.0, 59393]]}}","{""predictions"": [1.0, 1.0, 1.0, 1.0, 1.0, 1.0, 0.0, 0.0, 1.0, 0.0]}",1,"{""model_name"":""labuser70609094f_monitor_demo4f.default.diabetes_model"",""endpoint_name"":""labuser70609094f_endpoint"",""model_version"":""1""}"
null,715645ce-86a2-4a04-885d-d908bd5a0b14,2024-07-08,1720444913753,200,4,"{""dataframe_split"": {""index"": [23930, 23931, 23932, 23933, 23934, 23935, 23936, 23937, 23938, 23939], ""columns"": [""index"", ""HighBP"", ""HighChol"", ""CholCheck"", ""BMI"", ""Smoker"", ""Stroke"", ""HeartDiseaseorAttack"", ""PhysActivity"", ""Fruits"", ""Veggies"", ""HvyAlcoholConsump"", ""AnyHealthcare"", ""NoDocbcCost"", ""GenHlth"", ""MentHlth"", ""PhysHlth"", ""DiffWalk"", ""Sex"", ""Age"", ""Education"", ""Income"", ""id""], ""data"": [[59394, 1.0, 0.0, 1.0, 29.0, 0.0, 0.0, 0.0, 0.0, 0.0, 1.0, 0.0, 1.0, 0.0, 3.0, 0.0, 0.0, 0.0, 1.0, 11.0, 4.0, 6.0, 59394], [59395, 1.0, 0.0, 1.0, 36.0, 0.0, 0.0, 0.0, 0.0, 1.0, 1.0, 0.0, 1.0, 0.0, 2.0, 20.0, 10.0, 1.0, 0.0, 10.0, 5.0, 4.0, 59395], [59396, 0.0, 0.0, 1.0, 36.0, 1.0, 0.0, 0.0, 1.0, 1.0, 1.0, 0.0, 1.0, 0.0, 3.0, 0.0, 0.0, 0.0, 1.0, 12.0, 4.0, 2.0, 59396], [59398, 0.0, 1.0, 1.0, 26.0, 1.0, 0.0, 0.0, 0.0, 0.0, 1.0, 0.0, 1.0, 0.0, 2.0, 0.0, 4.0, 0.0, 0.0, 12.0, 4.0, 4.0, 59398], [59400, 1.0, 1.0, 1.0, 28.0, 0.0, 0.0, 0.0, 1.0, 1.0, 1.0, 0.0, 1.0, 0.0, 2.0, 0.0, 0.0, 0.0, 0.0, 10.0, 4.0, 5.0, 59400], [59402, 0.0, 0.0, 1.0, 26.0, 0.0, 0.0, 0.0, 1.0, 1.0, 1.0, 0.0, 1.0, 0.0, 2.0, 0.0, 0.0, 0.0, 1.0, 11.0, 5.0, 5.0, 59402], [59403, 1.0, 1.0, 1.0, 32.0, 1.0, 0.0, 0.0, 0.0, 1.0, 0.0, 0.0, 1.0, 0.0, 3.0, 0.0, 0.0, 0.0, 1.0, 13.0, 4.0, 5.0, 59403], [59404, 1.0, 0.0, 1.0, 33.0, 1.0, 1.0, 1.0, 1.0, 1.0, 1.0, 0.0, 1.0, 0.0, 3.0, 8.0, 0.0, 1.0, 0.0, 11.0, 5.0, 3.0, 59404], [59406, 1.0, 1.0, 1.0, 32.0, 1.0, 0.0, 0.0, 1.0, 1.0, 1.0, 0.0, 1.0, 0.0, 3.0, 4.0, 7.0, 1.0, 1.0, 12.0, 5.0, 4.0, 59406], [59407, 0.0, 1.0, 1.0, 27.0, 1.0, 0.0, 0.0, 0.0, 1.0, 1.0, 0.0, 1.0, 0.0, 2.0, 0.0, 0.0, 1.0, 0.0, 13.0, 4.0, 2.0, 59407]]}}","{""predictions"": [1.0, 0.0, 1.0, 0.0, 1.0, 0.0, 0.0, 1.0, 1.0, 0.0]}",1,"{""model_name"":""labuser70609094f_monitor_demo4f.default.diabetes_model"",""endpoint_name"":""labuser70609094f_endpoint"",""model_version"":""1""}"
null,8fc28478-0c9e-419d-9159-5b14d606e7c6,2024-07-08,1720444913781,200,4,"{""dataframe_split"": {""index"": [23940, 23941, 23942, 23943, 23944, 23945, 23946, 23947, 23948, 23949], ""columns"": [""index"", ""HighBP"", ""HighChol"", ""CholCheck"", ""BMI"", ""Smoker"", ""Stroke"", ""HeartDiseaseorAttack"", ""PhysActivity"", ""Fruits"", ""Veggies"", ""HvyAlcoholConsump"", ""AnyHealthcare"", ""NoDocbcCost"", ""GenHlth"", ""MentHlth"", ""PhysHlth"", ""DiffWalk"", ""Sex"", ""Age"", ""Education"", ""Income"", ""id""], ""data"": [[59408, 1.0, 1.0, 1.0, 27.0, 0.0, 0.0, 0.0, 1.0, 0.0, 1.0, 0.0, 1.0, 0.0, 3.0, 3.0, 6.0, 0.0, 1.0, 11.0, 5.0, 7.0, 59408], [59410, 1.0, 0.0, 1.0, 28.0, 1.0, 0.0, 0.0, 1.0, 0.0, 1.0, 0.0, 1.0, 0.0, 2.0, 0.0, 0.0, 0.0, 1.0, 10.0, 6.0, 8.0, 59410], [59411, 0.0, 1.0, 1.0, 36.0, 1.0, 1.0, 1.0, 1.0, 0.0, 0.0, 0.0, 1.0, 0.0, 5.0, 5.0, 20.0, 0.0, 1.0, 10.0, 5.0, 1.0, 59411], [59417, 1.0, 1.0, 1.0, 23.0, 0.0, 0.0, 0.0, 1.0, 1.0, 1.0, 0.0, 1.0, 0.0, 2.0, 0.0, 0.0, 0.0, 0.0, 10.0, 6.0, 7.0, 59417], [59418, 1.0, 0.0, 1.0, 24.0, 1.0, 0.0, 0.0, 1.0, 1.0, 1.0, 1.0, 1.0, 0.0, 4.0, 0.0, 15.0, 1.0, 1.0, 12.0, 5.0, 2.0, 59418], [59419, 1.0, 1.0, 1.0, 28.0, 1.0, 0.0, 0.0, 1.0, 0.0, 1.0, 0.0, 1.0, 0.0, 3.0, 0.0, 0.0, 0.0, 1.0, 11.0, 5.0, 6.0, 59419], [59421, 1.0, 0.0, 1.0, 29.0, 1.0, 0.0, 0.0, 0.0, 1.0, 1.0, 0.0, 1.0, 0.0, 3.0, 0.0, 2.0, 1.0, 1.0, 10.0, 4.0, 2.0, 59421], [59422, 0.0, 0.0, 0.0, 33.0, 0.0, 0.0, 0.0, 0.0, 1.0, 1.0, 0.0, 1.0, 1.0, 3.0, 0.0, 0.0, 0.0, 0.0, 11.0, 4.0, 5.0, 59422], [59424, 1.0, 1.0, 1.0, 35.0, 0.0, 0.0, 1.0, 1.0, 1.0, 1.0, 0.0, 1.0, 0.0, 3.0, 5.0, 30.0, 0.0, 0.0, 13.0, 6.0, 6.0, 59424], [59427, 0.0, 1.0, 1.0, 28.0, 1.0, 0.0, 1.0, 1.0, 0.0, 1.0, 0.0, 1.0, 0.0, 4.0, 0.0, 30.0, 0.0, 1.0, 10.0, 5.0, 4.0, 59427]]}}","{""predictions"": [1.0, 0.0, 1.0, 1.0, 0.0, 1.0, 1.0, 1.0, 1.0, 1.0]}",1,"{""model_name"":""labuser70609094f_monitor_demo4f.default.diabetes_model"",""endpoint_name"":""labuser70609094f_endpoint"",""model_version"":""1""}"
null,7c72bd61-f7e7-4492-b3b9-a46aabad2cc5,2024-07-08,1720444913810,200,4,"{""dataframe_split"": {""index"": [23950, 23951, 23952, 23953, 23954, 23955, 23956, 23957, 23958, 23959], ""columns"": [""index"", ""HighBP"", ""HighChol"", ""CholCheck"", ""BMI"", ""Smoker"", ""Stroke"", ""HeartDiseaseorAttack"", ""PhysActivity"", ""Fruits"", ""Veggies"", ""HvyAlcoholConsump"", ""AnyHealthcare"", ""NoDocbcCost"", ""GenHlth"", ""MentHlth"", ""PhysHlth"", ""DiffWalk"", ""Sex"", ""Age"", ""Education"", ""Income"", ""id""], ""data"": [[59428, 1.0, 0.0, 1.0, 84.0, 0.0, 0.0, 0.0, 0.0, 1.0, 1.0, 0.0, 1.0, 0.0, 5.0, 5.0, 30.0, 1.0, 0.0, 10.0, 5.0, 7.0, 59428], [59431, 1.0, 1.0, 1.0, 27.0, 0.0, 1.0, 0.0, 0.0, 0.0, 0.0, 0.0, 1.0, 1.0, 3.0, 0.0, 0.0, 0.0, 0.0, 12.0, 5.0, 7.0, 59431], [59432, 1.0, 0.0, 1.0, 36.0, 0.0, 0.0, 0.0, 0.0, 1.0, 1.0, 0.0, 1.0, 0.0, 2.0, 0.0, 0.0, 0.0, 1.0, 10.0, 5.0, 5.0, 59432], [59433, 1.0, 1.0, 1.0, 39.0, 0.0, 0.0, 0.0, 1.0, 0.0, 0.0, 0.0, 1.0, 0.0, 3.0, 0.0, 0.0, 1.0, 0.0, 10.0, 4.0, 2.0, 59433], [59435, 1.0, 1.0, 1.0, 27.0, 1.0, 0.0, 1.0, 1.0, 0.0, 0.0, 0.0, 1.0, 0.0, 5.0, 30.0, 30.0, 1.0, 0.0, 10.0, 5.0, 5.0, 59435], [59438, 1.0, 0.0, 1.0, 25.0, 1.0, 0.0, 0.0, 1.0, 1.0, 1.0, 0.0, 1.0, 0.0, 3.0, 0.0, 3.0, 0.0, 0.0, 11.0, 4.0, 6.0, 59438], [59443, 1.0, 1.0, 1.0, 32.0, 0.0, 1.0, 1.0, 1.0, 1.0, 1.0, 0.0, 1.0, 1.0, 4.0, 0.0, 2.0, 0.0, 0.0, 13.0, 4.0, 3.0, 59443], [59445, 1.0, 1.0, 1.0, 49.0, 1.0, 1.0, 1.0, 0.0, 0.0, 0.0, 0.0, 1.0, 0.0, 5.0, 30.0, 20.0, 1.0, 1.0, 10.0, 2.0, 2.0, 59445], [59448, 1.0, 1.0, 1.0, 29.0, 0.0, 0.0, 1.0, 0.0, 1.0, 1.0, 0.0, 1.0, 0.0, 3.0, 2.0, 15.0, 1.0, 1.0, 13.0, 4.0, 7.0, 59448], [59450, 0.0, 0.0, 1.0, 37.0, 0.0, 0.0, 1.0, 1.0, 1.0, 1.0, 0.0, 1.0, 0.0, 3.0, 30.0, 10.0, 1.0, 1.0, 12.0, 4.0, 6.0, 59450]]}}","{""predictions"": [0.0, 1.0, 1.0, 1.0, 1.0, 1.0, 1.0, 1.0, 1.0, 0.0]}",1,"{""model_name"":""labuser70609094f_monitor_demo4f.default.diabetes_model"",""endpoint_name"":""labuser70609094f_endpoint"",""model_version"":""1""}"
null,0c45951b-827b-4592-866d-49e855609036,2024-07-08,1720444913923,200,4,"{""dataframe_split"": {""index"": [23990, 23991, 23992, 23993, 23994, 23995, 23996, 23997, 23998, 23999], ""columns"": [""index"", ""HighBP"", ""HighChol"", ""CholCheck"", ""BMI"", ""Smoker"", ""Stroke"", ""HeartDiseaseorAttack"", ""PhysActivity"", ""Fruits"", ""Veggies"", ""HvyAlcoholConsump"", ""AnyHealthcare"", ""NoDocbcCost"", ""GenHlth"", ""MentHlth"", ""PhysHlth"", ""DiffWalk"", ""Sex"", ""Age"", ""Education"", ""Income"", ""id""], ""data"": [[59503, 1.0, 1.0, 1.0, 39.0, 0.0, 0.0, 0.0, 1.0, 1.0, 0.0, 0.0, 1.0, 0.0, 3.0, 0.0, 2.0, 0.0, 0.0, 10.0, 5.0, 6.0, 59503], [59504, 1.0, 1.0, 1.0, 27.0, 1.0, 0.0, 0.0, 1.0, 1.0, 1.0, 0.0, 1.0, 0.0, 4.0, 0.0, 0.0, 0.0, 1.0, 12.0, 4.0, 5.0, 59504], [59506, 1.0, 1.0, 1.0, 25.0, 0.0, 1.0, 0.0, 0.0, 0.0, 1.0, 0.0, 1.0, 0.0, 5.0, 30.0, 25.0, 1.0, 0.0, 10.0, 6.0, 5.0, 59506], [59509, 1.0, 0.0, 1.0, 25.0, 0.0, 1.0, 0.0, 0.0, 1.0, 0.0, 0.0, 1.0, 0.0, 5.0, 10.0, 20.0, 1.0, 1.0, 13.0, 6.0, 5.0, 59509], [59510, 1.0, 1.0, 1.0, 31.0, 0.0, 0.0, 0.0, 0.0, 0.0, 1.0, 0.0, 1.0, 0.0, 5.0, 0.0, 30.0, 0.0, 1.0, 11.0, 4.0, 7.0, 59510], [59511, 1.0, 0.0, 1.0, 41.0, 1.0, 0.0, 0.0, 0.0, 1.0, 1.0, 0.0, 1.0, 0.0, 2.0, 2.0, 2.0, 1.0, 1.0, 11.0, 6.0, 8.0, 59511], [59513, 1.0, 0.0, 1.0, 25.0, 1.0, 0.0, 0.0, 0.0, 1.0, 1.0, 0.0, 1.0, 0.0, 2.0, 1.0, 0.0, 0.0, 0.0, 12.0, 5.0, 7.0, 59513], [59514, 1.0, 1.0, 1.0, 26.0, 1.0, 0.0, 0.0, 1.0, 1.0, 1.0, 0.0, 1.0, 0.0, 3.0, 0.0, 3.0, 0.0, 0.0, 13.0, 4.0, 2.0, 59514], [59515, 1.0, 1.0, 1.0, 25.0, 1.0, 0.0, 1.0, 1.0, 1.0, 1.0, 0.0, 1.0, 0.0, 3.0, 0.0, 0.0, 0.0, 1.0, 11.0, 6.0, 8.0, 59515], [59516, 1.0, 1.0, 1.0, 37.0, 1.0, 0.0, 1.0, 0.0, 0.0, 1.0, 0.0, 1.0, 1.0, 5.0, 0.0, 3.0, 1.0, 0.0, 10.0, 5.0, 5.0, 59516]]}}","{""predictions"": [1.0, 0.0, 1.0, 1.0, 1.0, 0.0, 0.0, 0.0, 0.0, 1.0]}",1,"{""model_name"":""labuser70609094f_monitor_demo4f.default.diabetes_model"",""endpoint_name"":""labuser70609094f_endpoint"",""model_version"":""1""}"
null,1a17d0e4-d44a-4d25-a1b5-6ed6534e5d4d,2024-07-08,1720444913953,200,5,"{""dataframe_split"": {""index"": [24000, 24001, 24002, 24003, 24004, 24005, 24006, 24007, 24008, 24009], ""columns"": [""index"", ""HighBP"", ""HighChol"", ""CholCheck"", ""BMI"", ""Smoker"", ""Stroke"", ""HeartDiseaseorAttack"", ""PhysActivity"", ""Fruits"", ""Veggies"", ""HvyAlcoholConsump"", ""AnyHealthcare"", ""NoDocbcCost"", ""GenHlth"", ""MentHlth"", ""PhysHlth"", ""DiffWalk"", ""Sex"", ""Age"", ""Education"", ""Income"", ""id""], ""data"": [[59517, 0.0, 0.0, 1.0, 23.0, 1.0, 0.0, 0.0, 1.0, 1.0, 1.0, 0.0, 1.0, 1.0, 3.0, 7.0, 6.0, 0.0, 1.0, 10.0, 5.0, 8.0, 59517], [59519, 1.0, 1.0, 1.0, 33.0, 1.0, 1.0, 0.0, 0.0, 0.0, 0.0, 0.0, 1.0, 0.0, 2.0, 25.0, 0.0, 1.0, 1.0, 10.0, 3.0, 4.0, 59519], [59521, 1.0, 0.0, 1.0, 28.0, 0.0, 0.0, 0.0, 0.0, 0.0, 1.0, 0.0, 1.0, 1.0, 4.0, 30.0, 30.0, 1.0, 1.0, 10.0, 4.0, 5.0, 59521], [59522, 1.0, 1.0, 1.0, 24.0, 1.0, 0.0, 0.0, 1.0, 1.0, 1.0, 0.0, 1.0, 0.0, 2.0, 0.0, 4.0, 0.0, 1.0, 13.0, 4.0, 4.0, 59522], [59523, 1.0, 1.0, 1.0, 29.0, 1.0, 0.0, 0.0, 0.0, 1.0, 1.0, 0.0, 1.0, 0.0, 3.0, 0.0, 0.0, 0.0, 1.0, 12.0, 4.0, 2.0, 59523], [59524, 1.0, 0.0, 1.0, 22.0, 1.0, 0.0, 0.0, 1.0, 1.0, 1.0, 0.0, 1.0, 0.0, 3.0, 0.0, 0.0, 0.0, 0.0, 11.0, 5.0, 4.0, 59524], [59526, 0.0, 0.0, 1.0, 29.0, 1.0, 0.0, 0.0, 1.0, 1.0, 1.0, 0.0, 1.0, 0.0, 2.0, 0.0, 0.0, 0.0, 0.0, 11.0, 5.0, 6.0, 59526], [59527, 1.0, 1.0, 1.0, 26.0, 1.0, 0.0, 0.0, 0.0, 0.0, 0.0, 0.0, 1.0, 0.0, 4.0, 7.0, 0.0, 0.0, 1.0, 11.0, 4.0, 6.0, 59527], [59531, 0.0, 1.0, 1.0, 26.0, 0.0, 0.0, 0.0, 1.0, 0.0, 1.0, 0.0, 1.0, 0.0, 4.0, 10.0, 25.0, 1.0, 0.0, 12.0, 4.0, 3.0, 59531], [59532, 1.0, 0.0, 1.0, 27.0, 1.0, 0.0, 0.0, 1.0, 1.0, 1.0, 0.0, 1.0, 0.0, 3.0, 0.0, 0.0, 1.0, 0.0, 11.0, 5.0, 4.0, 59532]]}}","{""predictions"": [0.0, 0.0, 1.0, 0.0, 0.0, 1.0, 0.0, 0.0, 1.0, 1.0]}",1,"{""model_name"":""labuser70609094f_monitor_demo4f.default.diabetes_model"",""endpoint_name"":""labuser70609094f_endpoint"",""model_version"":""1""}"
null,c4fc8c5c-212d-4a51-be74-1db0f89f68e3,2024-07-08,1720444913984,200,6,"{""dataframe_split"": {""index"": [24010, 24011, 24012, 24013, 24014, 24015, 24016, 24017, 24018, 24019], ""columns"": [""index"", ""HighBP"", ""HighChol"", ""CholCheck"", ""BMI"", ""Smoker"", ""Stroke"", ""HeartDiseaseorAttack"", ""PhysActivity"", ""Fruits"", ""Veggies"", ""HvyAlcoholConsump"", ""AnyHealthcare"", ""NoDocbcCost"", ""GenHlth"", ""MentHlth"", ""PhysHlth"", ""DiffWalk"", ""Sex"", ""Age"", ""Education"", ""Income"", ""id""], ""data"": [[59533, 1.0, 1.0, 1.0, 38.0, 0.0, 0.0, 0.0, 1.0, 0.0, 1.0, 0.0, 1.0, 0.0, 4.0, 2.0, 0.0, 1.0, 0.0, 12.0, 4.0, 5.0, 59533], [59535, 1.0, 1.0, 1.0, 27.0, 1.0, 0.0, 1.0, 0.0, 0.0, 1.0, 0.0, 1.0, 0.0, 4.0, 0.0, 0.0, 1.0, 1.0, 10.0, 4.0, 6.0, 59535], [59539, 1.0, 1.0, 1.0, 33.0, 0.0, 0.0, 0.0, 1.0, 0.0, 0.0, 0.0, 1.0, 1.0, 3.0, 2.0, 5.0, 1.0, 0.0, 10.0, 4.0, 6.0, 59539], [59540, 1.0, 0.0, 1.0, 24.0, 0.0, 1.0, 0.0, 1.0, 1.0, 1.0, 0.0, 1.0, 0.0, 4.0, 0.0, 10.0, 0.0, 0.0, 13.0, 3.0, 4.0, 59540], [59541, 1.0, 1.0, 1.0, 29.0, 1.0, 0.0, 0.0, 1.0, 1.0, 0.0, 0.0, 1.0, 0.0, 3.0, 5.0, 30.0, 0.0, 1.0, 10.0, 4.0, 6.0, 59541], [59543, 0.0, 0.0, 1.0, 33.0, 0.0, 0.0, 1.0, 1.0, 1.0, 1.0, 0.0, 1.0, 0.0, 2.0, 0.0, 0.0, 0.0, 1.0, 10.0, 6.0, 8.0, 59543], [59544, 1.0, 1.0, 1.0, 27.0, 1.0, 1.0, 1.0, 0.0, 0.0, 1.0, 0.0, 1.0, 0.0, 5.0, 0.0, 30.0, 1.0, 0.0, 10.0, 5.0, 2.0, 59544], [59546, 1.0, 1.0, 1.0, 34.0, 1.0, 1.0, 0.0, 0.0, 1.0, 1.0, 0.0, 1.0, 0.0, 5.0, 0.0, 30.0, 1.0, 0.0, 13.0, 4.0, 5.0, 59546], [59547, 1.0, 0.0, 1.0, 28.0, 0.0, 0.0, 0.0, 0.0, 1.0, 0.0, 0.0, 1.0, 0.0, 3.0, 5.0, 8.0, 0.0, 0.0, 10.0, 4.0, 4.0, 59547], [59548, 1.0, 1.0, 1.0, 29.0, 0.0, 0.0, 0.0, 1.0, 1.0, 1.0, 0.0, 1.0, 0.0, 2.0, 0.0, 0.0, 0.0, 0.0, 10.0, 4.0, 4.0, 59548]]}}","{""predictions"": [1.0, 1.0, 0.0, 1.0, 1.0, 0.0, 1.0, 1.0, 0.0, 1.0]}",1,"{""model_name"":""labuser70609094f_monitor_demo4f.default.diabetes_model"",""endpoint_name"":""labuser70609094f_endpoint"",""model_version"":""1""}"
null,33a3cbbd-08d5-48b8-9a55-33d3e5682e36,2024-07-08,1720444914011,200,4,"{""dataframe_split"": {""index"": [24020, 24021, 24022, 24023, 24024, 24025, 24026, 24027, 24028, 24029], ""columns"": [""index"", ""HighBP"", ""HighChol"", ""CholCheck"", ""BMI"", ""Smoker"", ""Stroke"", ""HeartDiseaseorAttack"", ""PhysActivity"", ""Fruits"", ""Veggies"", ""HvyAlcoholConsump"", ""AnyHealthcare"", ""NoDocbcCost"", ""GenHlth"", ""MentHlth"", ""PhysHlth"", ""DiffWalk"", ""Sex"", ""Age"", ""Education"", ""Income"", ""id""], ""data"": [[59549, 1.0, 1.0, 1.0, 32.0, 1.0, 0.0, 0.0, 0.0, 0.0, 1.0, 0.0, 1.0, 0.0, 4.0, 0.0, 30.0, 1.0, 0.0, 10.0, 4.0, 3.0, 59549], [59551, 0.0, 1.0, 1.0, 24.0, 1.0, 0.0, 0.0, 1.0, 1.0, 1.0, 0.0, 1.0, 0.0, 3.0, 15.0, 0.0, 0.0, 1.0, 12.0, 6.0, 7.0, 59551], [59552, 1.0, 1.0, 1.0, 38.0, 1.0, 0.0, 1.0, 0.0, 1.0, 1.0, 0.0, 1.0, 0.0, 3.0, 0.0, 2.0, 1.0, 0.0, 12.0, 4.0, 6.0, 59552], [59553, 1.0, 1.0, 1.0, 48.0, 0.0, 0.0, 0.0, 0.0, 0.0, 1.0, 0.0, 1.0, 0.0, 4.0, 0.0, 20.0, 1.0, 0.0, 10.0, 5.0, 6.0, 59553], [59554, 1.0, 1.0, 1.0, 34.0, 0.0, 0.0, 0.0, 0.0, 1.0, 1.0, 0.0, 1.0, 0.0, 2.0, 0.0, 0.0, 0.0, 0.0, 11.0, 4.0, 4.0, 59554], [59555, 1.0, 0.0, 1.0, 37.0, 0.0, 0.0, 0.0, 1.0, 1.0, 1.0, 0.0, 1.0, 0.0, 2.0, 0.0, 0.0, 0.0, 0.0, 10.0, 4.0, 7.0, 59555], [59556, 1.0, 1.0, 1.0, 28.0, 0.0, 1.0, 0.0, 1.0, 1.0, 1.0, 0.0, 1.0, 0.0, 3.0, 0.0, 0.0, 1.0, 1.0, 12.0, 5.0, 8.0, 59556], [59557, 1.0, 0.0, 1.0, 32.0, 0.0, 0.0, 1.0, 0.0, 1.0, 1.0, 0.0, 1.0, 0.0, 2.0, 0.0, 15.0, 1.0, 0.0, 13.0, 4.0, 2.0, 59557], [59558, 1.0, 1.0, 1.0, 32.0, 1.0, 1.0, 1.0, 1.0, 1.0, 1.0, 0.0, 1.0, 0.0, 3.0, 0.0, 0.0, 0.0, 1.0, 13.0, 3.0, 4.0, 59558], [59559, 1.0, 0.0, 1.0, 30.0, 0.0, 1.0, 0.0, 0.0, 1.0, 1.0, 0.0, 1.0, 0.0, 3.0, 10.0, 10.0, 0.0, 0.0, 13.0, 4.0, 4.0, 59559]]}}","{""predictions"": [1.0, 1.0, 0.0, 1.0, 0.0, 1.0, 1.0, 1.0, 1.0, 0.0]}",1,"{""model_name"":""labuser70609094f_monitor_demo4f.default.diabetes_model"",""endpoint_name"":""labuser70609094f_endpoint"",""model_version"":""1""}"
null,3312fe06-5fbc-4460-a66a-8c9cd994adec,2024-07-08,1720444914039,200,4,"{""dataframe_split"": {""index"": [24030, 24031, 24032, 24033, 24034, 24035, 24036, 24037, 24038, 24039], ""columns"": [""index"", ""HighBP"", ""HighChol"", ""CholCheck"", ""BMI"", ""Smoker"", ""Stroke"", ""HeartDiseaseorAttack"", ""PhysActivity"", ""Fruits"", ""Veggies"", ""HvyAlcoholConsump"", ""AnyHealthcare"", ""NoDocbcCost"", ""GenHlth"", ""MentHlth"", ""PhysHlth"", ""DiffWalk"", ""Sex"", ""Age"", ""Education"", ""Income"", ""id""], ""data"": [[59561, 0.0, 1.0, 1.0, 28.0, 1.0, 0.0, 0.0, 1.0, 1.0, 1.0, 0.0, 1.0, 0.0, 1.0, 0.0, 0.0, 0.0, 1.0, 12.0, 5.0, 8.0, 59561], [59562, 1.0, 1.0, 1.0, 35.0, 1.0, 0.0, 0.0, 0.0, 0.0, 1.0, 0.0, 1.0, 0.0, 4.0, 0.0, 30.0, 1.0, 0.0, 13.0, 4.0, 5.0, 59562], [59567, 1.0, 0.0, 1.0, 29.0, 1.0, 0.0, 0.0, 1.0, 1.0, 1.0, 0.0, 1.0, 0.0, 5.0, 0.0, 30.0, 0.0, 1.0, 10.0, 5.0, 8.0, 59567], [59568, 1.0, 1.0, 1.0, 23.0, 0.0, 0.0, 1.0, 0.0, 1.0, 1.0, 0.0, 1.0, 0.0, 4.0, 10.0, 20.0, 1.0, 0.0, 10.0, 5.0, 7.0, 59568], [59572, 1.0, 0.0, 1.0, 27.0, 1.0, 0.0, 0.0, 0.0, 1.0, 0.0, 0.0, 1.0, 0.0, 4.0, 0.0, 25.0, 0.0, 0.0, 13.0, 5.0, 3.0, 59572], [59573, 1.0, 1.0, 1.0, 31.0, 1.0, 0.0, 0.0, 1.0, 1.0, 0.0, 0.0, 1.0, 0.0, 3.0, 5.0, 14.0, 0.0, 0.0, 11.0, 4.0, 3.0, 59573], [59579, 1.0, 0.0, 1.0, 23.0, 1.0, 0.0, 0.0, 0.0, 0.0, 0.0, 0.0, 1.0, 0.0, 4.0, 0.0, 0.0, 0.0, 1.0, 11.0, 2.0, 2.0, 59579], [59581, 1.0, 0.0, 1.0, 28.0, 1.0, 0.0, 0.0, 0.0, 1.0, 0.0, 0.0, 1.0, 0.0, 5.0, 0.0, 30.0, 1.0, 0.0, 11.0, 4.0, 4.0, 59581], [59582, 1.0, 1.0, 1.0, 27.0, 1.0, 0.0, 1.0, 1.0, 0.0, 1.0, 0.0, 1.0, 0.0, 3.0, 0.0, 0.0, 0.0, 1.0, 12.0, 6.0, 8.0, 59582], [59583, 1.0, 0.0, 1.0, 36.0, 1.0, 0.0, 1.0, 1.0, 1.0, 1.0, 0.0, 1.0, 0.0, 4.0, 0.0, 0.0, 0.0, 1.0, 11.0, 6.0, 5.0, 59583]]}}","{""predictions"": [0.0, 1.0, 1.0, 0.0, 1.0, 1.0, 0.0, 0.0, 0.0, 0.0]}",1,"{""model_name"":""labuser70609094f_monitor_demo4f.default.diabetes_model"",""endpoint_name"":""labuser70609094f_endpoint"",""model_version"":""1""}"
null,f23acea1-9e3f-42fd-b270-15c883abb9a6,2024-07-08,1720444914067,200,4,"{""dataframe_split"": {""index"": [24040, 24041, 24042, 24043, 24044, 24045, 24046, 24047, 24048, 24049], ""columns"": [""index"", ""HighBP"", ""HighChol"", ""CholCheck"", ""BMI"", ""Smoker"", ""Stroke"", ""HeartDiseaseorAttack"", ""PhysActivity"", ""Fruits"", ""Veggies"", ""HvyAlcoholConsump"", ""AnyHealthcare"", ""NoDocbcCost"", ""GenHlth"", ""MentHlth"", ""PhysHlth"", ""DiffWalk"", ""Sex"", ""Age"", ""Education"", ""Income"", ""id""], ""data"": [[59587, 1.0, 0.0, 1.0, 26.0, 0.0, 0.0, 0.0, 1.0, 1.0, 1.0, 0.0, 1.0, 0.0, 2.0, 0.0, 0.0, 0.0, 0.0, 11.0, 6.0, 4.0, 59587], [59588, 1.0, 1.0, 1.0, 20.0, 0.0, 0.0, 0.0, 0.0, 0.0, 0.0, 0.0, 1.0, 0.0, 5.0, 0.0, 30.0, 0.0, 1.0, 13.0, 6.0, 4.0, 59588], [59589, 1.0, 1.0, 1.0, 43.0, 0.0, 0.0, 0.0, 0.0, 0.0, 0.0, 0.0, 1.0, 0.0, 3.0, 0.0, 30.0, 1.0, 0.0, 11.0, 4.0, 3.0, 59589], [59591, 1.0, 0.0, 1.0, 32.0, 1.0, 0.0, 0.0, 1.0, 0.0, 1.0, 0.0, 1.0, 0.0, 2.0, 0.0, 0.0, 0.0, 1.0, 12.0, 6.0, 3.0, 59591], [59592, 1.0, 0.0, 1.0, 28.0, 0.0, 0.0, 0.0, 1.0, 1.0, 1.0, 0.0, 1.0, 0.0, 4.0, 0.0, 30.0, 1.0, 0.0, 12.0, 4.0, 5.0, 59592], [59593, 1.0, 1.0, 1.0, 20.0, 0.0, 1.0, 0.0, 1.0, 1.0, 1.0, 0.0, 1.0, 0.0, 4.0, 2.0, 28.0, 1.0, 0.0, 11.0, 6.0, 6.0, 59593], [59596, 1.0, 0.0, 1.0, 43.0, 0.0, 1.0, 1.0, 0.0, 1.0, 1.0, 0.0, 1.0, 0.0, 4.0, 0.0, 30.0, 1.0, 0.0, 12.0, 4.0, 2.0, 59596], [59599, 1.0, 1.0, 1.0, 48.0, 0.0, 0.0, 1.0, 0.0, 0.0, 1.0, 0.0, 1.0, 0.0, 5.0, 0.0, 30.0, 1.0, 0.0, 11.0, 4.0, 3.0, 59599], [59600, 1.0, 0.0, 1.0, 36.0, 1.0, 0.0, 0.0, 1.0, 0.0, 1.0, 0.0, 1.0, 0.0, 4.0, 0.0, 30.0, 1.0, 0.0, 11.0, 5.0, 7.0, 59600], [59603, 1.0, 1.0, 1.0, 43.0, 1.0, 0.0, 1.0, 0.0, 1.0, 0.0, 0.0, 1.0, 0.0, 4.0, 14.0, 30.0, 1.0, 0.0, 10.0, 4.0, 4.0, 59603]]}}","{""predictions"": [1.0, 1.0, 1.0, 1.0, 0.0, 1.0, 1.0, 1.0, 1.0, 1.0]}",1,"{""model_name"":""labuser70609094f_monitor_demo4f.default.diabetes_model"",""endpoint_name"":""labuser70609094f_endpoint"",""model_version"":""1""}"
null,16e93bff-99e2-4b04-9e8e-71c2e53157f2,2024-07-08,1720444914699,200,4,"{""dataframe_split"": {""index"": [24260, 24261, 24262, 24263, 24264, 24265, 24266, 24267, 24268, 24269], ""columns"": [""index"", ""HighBP"", ""HighChol"", ""CholCheck"", ""BMI"", ""Smoker"", ""Stroke"", ""HeartDiseaseorAttack"", ""PhysActivity"", ""Fruits"", ""Veggies"", ""HvyAlcoholConsump"", ""AnyHealthcare"", ""NoDocbcCost"", ""GenHlth"", ""MentHlth"", ""PhysHlth"", ""DiffWalk"", ""Sex"", ""Age"", ""Education"", ""Income"", ""id""], ""data"": [[60045, 1.0, 1.0, 1.0, 36.0, 1.0, 0.0, 0.0, 0.0, 1.0, 1.0, 0.0, 1.0, 0.0, 3.0, 0.0, 3.0, 0.0, 1.0, 10.0, 6.0, 4.0, 60045], [60052, 1.0, 1.0, 1.0, 38.0, 0.0, 0.0, 1.0, 1.0, 0.0, 0.0, 0.0, 1.0, 0.0, 3.0, 0.0, 0.0, 1.0, 1.0, 12.0, 4.0, 4.0, 60052], [60054, 1.0, 0.0, 1.0, 35.0, 1.0, 0.0, 0.0, 0.0, 1.0, 1.0, 0.0, 1.0, 0.0, 2.0, 0.0, 0.0, 1.0, 0.0, 13.0, 5.0, 6.0, 60054], [60055, 0.0, 1.0, 1.0, 34.0, 1.0, 0.0, 1.0, 1.0, 1.0, 1.0, 0.0, 1.0, 0.0, 2.0, 0.0, 0.0, 1.0, 0.0, 10.0, 4.0, 3.0, 60055], [60056, 1.0, 1.0, 1.0, 40.0, 0.0, 0.0, 0.0, 1.0, 1.0, 1.0, 0.0, 1.0, 0.0, 5.0, 30.0, 0.0, 1.0, 0.0, 11.0, 4.0, 2.0, 60056], [60058, 0.0, 0.0, 1.0, 42.0, 1.0, 1.0, 1.0, 1.0, 0.0, 1.0, 0.0, 1.0, 0.0, 5.0, 0.0, 30.0, 1.0, 0.0, 12.0, 5.0, 1.0, 60058], [60060, 1.0, 1.0, 1.0, 26.0, 1.0, 0.0, 0.0, 1.0, 1.0, 1.0, 0.0, 1.0, 0.0, 2.0, 0.0, 0.0, 0.0, 0.0, 12.0, 3.0, 2.0, 60060], [60063, 1.0, 0.0, 1.0, 36.0, 0.0, 1.0, 0.0, 1.0, 0.0, 1.0, 0.0, 1.0, 0.0, 3.0, 0.0, 0.0, 1.0, 1.0, 10.0, 6.0, 6.0, 60063], [60065, 1.0, 1.0, 1.0, 26.0, 0.0, 0.0, 0.0, 1.0, 0.0, 1.0, 0.0, 1.0, 0.0, 3.0, 0.0, 0.0, 0.0, 0.0, 10.0, 6.0, 7.0, 60065], [60070, 1.0, 1.0, 1.0, 26.0, 0.0, 1.0, 0.0, 0.0, 1.0, 1.0, 0.0, 1.0, 0.0, 3.0, 0.0, 7.0, 0.0, 0.0, 13.0, 5.0, 5.0, 60070]]}}","{""predictions"": [1.0, 1.0, 1.0, 0.0, 0.0, 1.0, 1.0, 1.0, 1.0, 0.0]}",1,"{""model_name"":""labuser70609094f_monitor_demo4f.default.diabetes_model"",""endpoint_name"":""labuser70609094f_endpoint"",""model_version"":""1""}"
null,e577be28-e777-4556-9d42-1548d997a219,2024-07-08,1720444914785,200,4,"{""dataframe_split"": {""index"": [24290, 24291, 24292, 24293, 24294, 24295, 24296, 24297, 24298, 24299], ""columns"": [""index"", ""HighBP"", ""HighChol"", ""CholCheck"", ""BMI"", ""Smoker"", ""Stroke"", ""HeartDiseaseorAttack"", ""PhysActivity"", ""Fruits"", ""Veggies"", ""HvyAlcoholConsump"", ""AnyHealthcare"", ""NoDocbcCost"", ""GenHlth"", ""MentHlth"", ""PhysHlth"", ""DiffWalk"", ""Sex"", ""Age"", ""Education"", ""Income"", ""id""], ""data"": [[60106, 1.0, 1.0, 1.0, 36.0, 1.0, 0.0, 0.0, 1.0, 1.0, 1.0, 0.0, 1.0, 0.0, 4.0, 0.0, 0.0, 1.0, 1.0, 10.0, 4.0, 5.0, 60106], [60107, 1.0, 1.0, 1.0, 32.0, 0.0, 0.0, 0.0, 1.0, 1.0, 1.0, 0.0, 1.0, 0.0, 4.0, 0.0, 0.0, 0.0, 0.0, 13.0, 4.0, 5.0, 60107], [60108, 1.0, 0.0, 1.0, 26.0, 0.0, 0.0, 1.0, 0.0, 0.0, 0.0, 0.0, 1.0, 0.0, 4.0, 0.0, 0.0, 1.0, 1.0, 13.0, 6.0, 6.0, 60108], [60111, 0.0, 1.0, 1.0, 25.0, 1.0, 0.0, 0.0, 0.0, 0.0, 1.0, 0.0, 1.0, 0.0, 3.0, 0.0, 0.0, 0.0, 1.0, 11.0, 4.0, 6.0, 60111], [60114, 1.0, 0.0, 1.0, 27.0, 1.0, 0.0, 0.0, 1.0, 1.0, 1.0, 0.0, 1.0, 0.0, 3.0, 0.0, 0.0, 0.0, 0.0, 12.0, 5.0, 8.0, 60114], [60116, 1.0, 1.0, 1.0, 27.0, 0.0, 0.0, 0.0, 1.0, 1.0, 1.0, 0.0, 1.0, 0.0, 4.0, 0.0, 3.0, 1.0, 0.0, 13.0, 4.0, 5.0, 60116], [60117, 1.0, 1.0, 1.0, 39.0, 1.0, 0.0, 1.0, 1.0, 1.0, 1.0, 0.0, 1.0, 0.0, 4.0, 0.0, 8.0, 1.0, 0.0, 10.0, 5.0, 2.0, 60117], [60119, 1.0, 1.0, 1.0, 46.0, 1.0, 0.0, 0.0, 0.0, 0.0, 0.0, 0.0, 1.0, 0.0, 5.0, 3.0, 30.0, 1.0, 1.0, 10.0, 4.0, 4.0, 60119], [60123, 1.0, 1.0, 1.0, 28.0, 1.0, 0.0, 0.0, 1.0, 0.0, 0.0, 0.0, 1.0, 0.0, 3.0, 0.0, 0.0, 0.0, 1.0, 10.0, 5.0, 8.0, 60123], [60124, 1.0, 1.0, 1.0, 27.0, 1.0, 0.0, 0.0, 0.0, 0.0, 1.0, 0.0, 1.0, 0.0, 3.0, 0.0, 0.0, 0.0, 1.0, 10.0, 4.0, 6.0, 60124]]}}","{""predictions"": [1.0, 1.0, 0.0, 1.0, 1.0, 1.0, 1.0, 1.0, 1.0, 1.0]}",1,"{""model_name"":""labuser70609094f_monitor_demo4f.default.diabetes_model"",""endpoint_name"":""labuser70609094f_endpoint"",""model_version"":""1""}"
null,2ad5deda-e7e3-47b7-a0d8-113d8f0165d4,2024-07-08,1720444915523,200,4,"{""dataframe_split"": {""index"": [24550, 24551, 24552, 24553, 24554, 24555, 24556, 24557, 24558, 24559], ""columns"": [""index"", ""HighBP"", ""HighChol"", ""CholCheck"", ""BMI"", ""Smoker"", ""Stroke"", ""HeartDiseaseorAttack"", ""PhysActivity"", ""Fruits"", ""Veggies"", ""HvyAlcoholConsump"", ""AnyHealthcare"", ""NoDocbcCost"", ""GenHlth"", ""MentHlth"", ""PhysHlth"", ""DiffWalk"", ""Sex"", ""Age"", ""Education"", ""Income"", ""id""], ""data"": [[60591, 1.0, 1.0, 1.0, 23.0, 1.0, 0.0, 0.0, 1.0, 0.0, 1.0, 1.0, 1.0, 0.0, 3.0, 0.0, 0.0, 0.0, 1.0, 11.0, 6.0, 8.0, 60591], [60593, 1.0, 1.0, 1.0, 29.0, 1.0, 0.0, 0.0, 1.0, 1.0, 0.0, 0.0, 1.0, 0.0, 2.0, 0.0, 3.0, 0.0, 1.0, 12.0, 6.0, 8.0, 60593], [60594, 0.0, 0.0, 1.0, 31.0, 0.0, 0.0, 0.0, 1.0, 1.0, 1.0, 0.0, 1.0, 0.0, 2.0, 0.0, 0.0, 0.0, 0.0, 11.0, 6.0, 7.0, 60594], [60597, 1.0, 1.0, 1.0, 32.0, 1.0, 0.0, 0.0, 0.0, 1.0, 1.0, 0.0, 1.0, 0.0, 3.0, 30.0, 21.0, 1.0, 1.0, 10.0, 5.0, 7.0, 60597], [60598, 0.0, 0.0, 1.0, 36.0, 0.0, 0.0, 0.0, 1.0, 0.0, 1.0, 0.0, 1.0, 0.0, 3.0, 0.0, 2.0, 1.0, 1.0, 10.0, 4.0, 5.0, 60598], [60602, 1.0, 1.0, 1.0, 29.0, 0.0, 0.0, 1.0, 0.0, 0.0, 0.0, 0.0, 1.0, 0.0, 2.0, 0.0, 7.0, 1.0, 0.0, 13.0, 4.0, 2.0, 60602], [60603, 0.0, 0.0, 1.0, 30.0, 0.0, 0.0, 0.0, 1.0, 1.0, 0.0, 0.0, 1.0, 0.0, 3.0, 0.0, 0.0, 0.0, 0.0, 11.0, 5.0, 2.0, 60603], [60604, 1.0, 1.0, 1.0, 26.0, 1.0, 0.0, 0.0, 0.0, 0.0, 1.0, 0.0, 1.0, 0.0, 4.0, 2.0, 30.0, 1.0, 0.0, 13.0, 4.0, 3.0, 60604], [60605, 1.0, 1.0, 1.0, 36.0, 0.0, 0.0, 0.0, 1.0, 1.0, 1.0, 0.0, 1.0, 0.0, 3.0, 0.0, 0.0, 0.0, 0.0, 10.0, 5.0, 7.0, 60605], [60607, 0.0, 1.0, 1.0, 35.0, 1.0, 0.0, 0.0, 1.0, 0.0, 1.0, 0.0, 1.0, 0.0, 2.0, 0.0, 1.0, 1.0, 0.0, 12.0, 5.0, 2.0, 60607]]}}","{""predictions"": [0.0, 0.0, 1.0, 1.0, 1.0, 1.0, 0.0, 0.0, 1.0, 0.0]}",1,"{""model_name"":""labuser70609094f_monitor_demo4f.default.diabetes_model"",""endpoint_name"":""labuser70609094f_endpoint"",""model_version"":""1""}"
null,dceeae7f-2cfa-4ae7-affd-6d14d88e9855,2024-07-08,1720444915721,200,4,"{""dataframe_split"": {""index"": [24620, 24621, 24622, 24623, 24624, 24625, 24626, 24627, 24628, 24629], ""columns"": [""index"", ""HighBP"", ""HighChol"", ""CholCheck"", ""BMI"", ""Smoker"", ""Stroke"", ""HeartDiseaseorAttack"", ""PhysActivity"", ""Fruits"", ""Veggies"", ""HvyAlcoholConsump"", ""AnyHealthcare"", ""NoDocbcCost"", ""GenHlth"", ""MentHlth"", ""PhysHlth"", ""DiffWalk"", ""Sex"", ""Age"", ""Education"", ""Income"", ""id""], ""data"": [[60700, 0.0, 1.0, 1.0, 26.0, 0.0, 0.0, 0.0, 1.0, 1.0, 0.0, 0.0, 1.0, 0.0, 3.0, 2.0, 2.0, 0.0, 1.0, 11.0, 6.0, 6.0, 60700], [60701, 1.0, 1.0, 1.0, 31.0, 1.0, 0.0, 0.0, 1.0, 0.0, 1.0, 0.0, 1.0, 0.0, 4.0, 5.0, 0.0, 0.0, 1.0, 11.0, 6.0, 8.0, 60701], [60702, 0.0, 1.0, 1.0, 28.0, 1.0, 0.0, 0.0, 1.0, 0.0, 1.0, 0.0, 1.0, 0.0, 3.0, 3.0, 2.0, 0.0, 1.0, 10.0, 5.0, 7.0, 60702], [60703, 1.0, 1.0, 1.0, 21.0, 1.0, 0.0, 1.0, 1.0, 1.0, 1.0, 0.0, 1.0, 0.0, 4.0, 0.0, 14.0, 0.0, 1.0, 13.0, 5.0, 5.0, 60703], [60706, 1.0, 1.0, 1.0, 26.0, 1.0, 0.0, 1.0, 1.0, 1.0, 1.0, 0.0, 1.0, 0.0, 2.0, 1.0, 0.0, 1.0, 0.0, 13.0, 4.0, 4.0, 60706], [60708, 1.0, 1.0, 1.0, 33.0, 0.0, 0.0, 0.0, 1.0, 1.0, 1.0, 0.0, 1.0, 0.0, 2.0, 0.0, 5.0, 1.0, 0.0, 13.0, 6.0, 6.0, 60708], [60713, 1.0, 1.0, 1.0, 32.0, 1.0, 0.0, 0.0, 0.0, 1.0, 1.0, 0.0, 1.0, 0.0, 3.0, 0.0, 0.0, 0.0, 1.0, 11.0, 5.0, 7.0, 60713], [60714, 0.0, 0.0, 1.0, 28.0, 0.0, 0.0, 0.0, 1.0, 1.0, 1.0, 0.0, 1.0, 0.0, 2.0, 0.0, 0.0, 0.0, 1.0, 13.0, 4.0, 8.0, 60714], [60718, 1.0, 1.0, 1.0, 28.0, 0.0, 0.0, 0.0, 1.0, 1.0, 1.0, 0.0, 1.0, 0.0, 2.0, 0.0, 3.0, 0.0, 1.0, 12.0, 6.0, 7.0, 60718], [60719, 0.0, 0.0, 1.0, 30.0, 0.0, 0.0, 0.0, 1.0, 1.0, 1.0, 0.0, 1.0, 1.0, 3.0, 0.0, 0.0, 1.0, 0.0, 10.0, 4.0, 1.0, 60719]]}}","{""predictions"": [0.0, 1.0, 1.0, 0.0, 1.0, 0.0, 1.0, 0.0, 0.0, 0.0]}",1,"{""model_name"":""labuser70609094f_monitor_demo4f.default.diabetes_model"",""endpoint_name"":""labuser70609094f_endpoint"",""model_version"":""1""}"
null,42bf338f-fb95-480a-b4f7-19ac7364f42b,2024-07-08,1720444915748,200,4,"{""dataframe_split"": {""index"": [24630, 24631, 24632, 24633, 24634, 24635, 24636, 24637, 24638, 24639], ""columns"": [""index"", ""HighBP"", ""HighChol"", ""CholCheck"", ""BMI"", ""Smoker"", ""Stroke"", ""HeartDiseaseorAttack"", ""PhysActivity"", ""Fruits"", ""Veggies"", ""HvyAlcoholConsump"", ""AnyHealthcare"", ""NoDocbcCost"", ""GenHlth"", ""MentHlth"", ""PhysHlth"", ""DiffWalk"", ""Sex"", ""Age"", ""Education"", ""Income"", ""id""], ""data"": [[60720, 0.0, 1.0, 1.0, 26.0, 1.0, 0.0, 1.0, 0.0, 1.0, 1.0, 0.0, 1.0, 0.0, 3.0, 0.0, 0.0, 0.0, 0.0, 13.0, 4.0, 5.0, 60720], [60721, 1.0, 1.0, 1.0, 39.0, 0.0, 0.0, 1.0, 0.0, 0.0, 1.0, 0.0, 1.0, 0.0, 4.0, 0.0, 30.0, 1.0, 1.0, 10.0, 5.0, 4.0, 60721], [60724, 1.0, 1.0, 1.0, 27.0, 1.0, 0.0, 1.0, 1.0, 1.0, 1.0, 0.0, 1.0, 0.0, 3.0, 0.0, 0.0, 0.0, 1.0, 12.0, 5.0, 6.0, 60724], [60727, 1.0, 1.0, 1.0, 24.0, 1.0, 0.0, 0.0, 1.0, 1.0, 1.0, 0.0, 1.0, 0.0, 1.0, 5.0, 0.0, 0.0, 0.0, 12.0, 4.0, 4.0, 60727], [60729, 1.0, 1.0, 1.0, 33.0, 1.0, 0.0, 0.0, 0.0, 0.0, 1.0, 0.0, 1.0, 1.0, 4.0, 6.0, 0.0, 1.0, 0.0, 13.0, 6.0, 6.0, 60729], [60730, 1.0, 1.0, 1.0, 32.0, 1.0, 0.0, 0.0, 1.0, 1.0, 1.0, 0.0, 1.0, 0.0, 2.0, 0.0, 0.0, 0.0, 1.0, 13.0, 6.0, 8.0, 60730], [60733, 1.0, 1.0, 1.0, 43.0, 1.0, 1.0, 0.0, 0.0, 0.0, 1.0, 0.0, 1.0, 0.0, 4.0, 0.0, 30.0, 1.0, 0.0, 12.0, 4.0, 2.0, 60733], [60734, 1.0, 1.0, 1.0, 33.0, 1.0, 0.0, 0.0, 1.0, 0.0, 1.0, 0.0, 1.0, 0.0, 3.0, 0.0, 0.0, 1.0, 0.0, 10.0, 5.0, 6.0, 60734], [60735, 1.0, 1.0, 1.0, 35.0, 1.0, 0.0, 0.0, 1.0, 0.0, 0.0, 0.0, 1.0, 0.0, 3.0, 0.0, 5.0, 1.0, 1.0, 12.0, 6.0, 6.0, 60735], [60736, 0.0, 0.0, 1.0, 27.0, 1.0, 0.0, 1.0, 1.0, 1.0, 1.0, 0.0, 1.0, 0.0, 4.0, 0.0, 0.0, 0.0, 1.0, 11.0, 5.0, 5.0, 60736]]}}","{""predictions"": [1.0, 1.0, 0.0, 0.0, 1.0, 1.0, 1.0, 1.0, 1.0, 1.0]}",1,"{""model_name"":""labuser70609094f_monitor_demo4f.default.diabetes_model"",""endpoint_name"":""labuser70609094f_endpoint"",""model_version"":""1""}"
null,c3742d82-bfd1-43f8-9b4f-480d89340863,2024-07-08,1720444915777,200,4,"{""dataframe_split"": {""index"": [24640, 24641, 24642, 24643, 24644, 24645, 24646, 24647, 24648, 24649], ""columns"": [""index"", ""HighBP"", ""HighChol"", ""CholCheck"", ""BMI"", ""Smoker"", ""Stroke"", ""HeartDiseaseorAttack"", ""PhysActivity"", ""Fruits"", ""Veggies"", ""HvyAlcoholConsump"", ""AnyHealthcare"", ""NoDocbcCost"", ""GenHlth"", ""MentHlth"", ""PhysHlth"", ""DiffWalk"", ""Sex"", ""Age"", ""Education"", ""Income"", ""id""], ""data"": [[60738, 1.0, 1.0, 1.0, 24.0, 1.0, 0.0, 0.0, 1.0, 1.0, 1.0, 0.0, 1.0, 0.0, 2.0, 0.0, 0.0, 0.0, 1.0, 13.0, 6.0, 7.0, 60738], [60742, 1.0, 1.0, 1.0, 25.0, 1.0, 0.0, 0.0, 1.0, 1.0, 1.0, 0.0, 1.0, 0.0, 1.0, 0.0, 15.0, 0.0, 0.0, 11.0, 6.0, 8.0, 60742], [60743, 1.0, 1.0, 1.0, 24.0, 1.0, 0.0, 0.0, 0.0, 1.0, 1.0, 0.0, 1.0, 0.0, 3.0, 0.0, 0.0, 0.0, 0.0, 11.0, 6.0, 5.0, 60743], [60744, 1.0, 1.0, 1.0, 28.0, 0.0, 0.0, 0.0, 1.0, 1.0, 1.0, 0.0, 1.0, 0.0, 2.0, 0.0, 0.0, 0.0, 0.0, 12.0, 5.0, 7.0, 60744], [60745, 0.0, 0.0, 1.0, 27.0, 0.0, 0.0, 1.0, 0.0, 1.0, 1.0, 0.0, 1.0, 0.0, 3.0, 0.0, 0.0, 1.0, 0.0, 10.0, 4.0, 4.0, 60745], [60746, 0.0, 1.0, 1.0, 26.0, 1.0, 0.0, 0.0, 1.0, 1.0, 1.0, 0.0, 1.0, 0.0, 2.0, 0.0, 0.0, 0.0, 0.0, 10.0, 5.0, 6.0, 60746], [60747, 1.0, 1.0, 1.0, 30.0, 1.0, 0.0, 0.0, 1.0, 1.0, 1.0, 0.0, 1.0, 0.0, 3.0, 0.0, 0.0, 1.0, 0.0, 11.0, 5.0, 4.0, 60747], [60749, 1.0, 0.0, 1.0, 31.0, 1.0, 0.0, 1.0, 0.0, 1.0, 1.0, 0.0, 1.0, 0.0, 5.0, 20.0, 29.0, 1.0, 0.0, 12.0, 4.0, 8.0, 60749], [60750, 1.0, 1.0, 1.0, 39.0, 0.0, 0.0, 0.0, 1.0, 1.0, 1.0, 0.0, 1.0, 0.0, 3.0, 0.0, 0.0, 0.0, 1.0, 10.0, 4.0, 8.0, 60750], [60751, 1.0, 1.0, 1.0, 30.0, 0.0, 1.0, 1.0, 1.0, 1.0, 0.0, 0.0, 1.0, 0.0, 5.0, 30.0, 30.0, 1.0, 1.0, 12.0, 6.0, 5.0, 60751]]}}","{""predictions"": [1.0, 0.0, 1.0, 0.0, 1.0, 0.0, 1.0, 1.0, 1.0, 1.0]}",1,"{""model_name"":""labuser70609094f_monitor_demo4f.default.diabetes_model"",""endpoint_name"":""labuser70609094f_endpoint"",""model_version"":""1""}"
null,8a4433be-34a4-4de1-a156-622ecc53c63f,2024-07-08,1720444916238,200,6,"{""dataframe_split"": {""index"": [24800, 24801, 24802, 24803, 24804, 24805, 24806, 24807, 24808, 24809], ""columns"": [""index"", ""HighBP"", ""HighChol"", ""CholCheck"", ""BMI"", ""Smoker"", ""Stroke"", ""HeartDiseaseorAttack"", ""PhysActivity"", ""Fruits"", ""Veggies"", ""HvyAlcoholConsump"", ""AnyHealthcare"", ""NoDocbcCost"", ""GenHlth"", ""MentHlth"", ""PhysHlth"", ""DiffWalk"", ""Sex"", ""Age"", ""Education"", ""Income"", ""id""], ""data"": [[61051, 0.0, 0.0, 1.0, 23.0, 0.0, 0.0, 1.0, 0.0, 1.0, 0.0, 0.0, 1.0, 0.0, 4.0, 30.0, 4.0, 1.0, 0.0, 13.0, 4.0, 3.0, 61051], [61052, 1.0, 1.0, 1.0, 24.0, 0.0, 0.0, 1.0, 0.0, 1.0, 1.0, 0.0, 1.0, 0.0, 5.0, 0.0, 25.0, 1.0, 0.0, 13.0, 4.0, 3.0, 61052], [61054, 1.0, 1.0, 1.0, 24.0, 1.0, 0.0, 1.0, 1.0, 1.0, 1.0, 0.0, 1.0, 0.0, 3.0, 0.0, 0.0, 0.0, 1.0, 13.0, 5.0, 2.0, 61054], [61055, 0.0, 1.0, 1.0, 25.0, 1.0, 0.0, 1.0, 0.0, 1.0, 1.0, 0.0, 1.0, 0.0, 3.0, 0.0, 0.0, 0.0, 1.0, 11.0, 6.0, 6.0, 61055], [61057, 1.0, 0.0, 1.0, 28.0, 0.0, 1.0, 1.0, 0.0, 0.0, 0.0, 0.0, 1.0, 0.0, 4.0, 0.0, 30.0, 1.0, 1.0, 10.0, 5.0, 7.0, 61057], [61058, 1.0, 0.0, 1.0, 29.0, 0.0, 0.0, 0.0, 1.0, 1.0, 0.0, 0.0, 1.0, 0.0, 3.0, 0.0, 0.0, 0.0, 0.0, 13.0, 4.0, 3.0, 61058], [61060, 1.0, 1.0, 1.0, 30.0, 0.0, 0.0, 0.0, 1.0, 1.0, 1.0, 0.0, 1.0, 0.0, 3.0, 2.0, 1.0, 0.0, 0.0, 11.0, 4.0, 6.0, 61060], [61061, 1.0, 0.0, 1.0, 27.0, 0.0, 0.0, 0.0, 1.0, 0.0, 1.0, 0.0, 1.0, 1.0, 2.0, 0.0, 1.0, 0.0, 0.0, 10.0, 6.0, 5.0, 61061], [61064, 1.0, 1.0, 1.0, 28.0, 1.0, 0.0, 0.0, 1.0, 1.0, 1.0, 0.0, 1.0, 0.0, 1.0, 0.0, 0.0, 0.0, 1.0, 11.0, 6.0, 8.0, 61064], [61065, 1.0, 0.0, 1.0, 30.0, 1.0, 0.0, 0.0, 1.0, 1.0, 1.0, 0.0, 1.0, 0.0, 3.0, 0.0, 2.0, 0.0, 1.0, 10.0, 6.0, 8.0, 61065]]}}","{""predictions"": [1.0, 0.0, 1.0, 1.0, 1.0, 1.0, 1.0, 1.0, 0.0, 0.0]}",1,"{""model_name"":""labuser70609094f_monitor_demo4f.default.diabetes_model"",""endpoint_name"":""labuser70609094f_endpoint"",""model_version"":""1""}"
null,05ec2e09-c293-471c-b5fa-c599f521472c,2024-07-08,1720444916497,200,4,"{""dataframe_split"": {""index"": [24890, 24891, 24892, 24893, 24894, 24895, 24896, 24897, 24898, 24899], ""columns"": [""index"", ""HighBP"", ""HighChol"", ""CholCheck"", ""BMI"", ""Smoker"", ""Stroke"", ""HeartDiseaseorAttack"", ""PhysActivity"", ""Fruits"", ""Veggies"", ""HvyAlcoholConsump"", ""AnyHealthcare"", ""NoDocbcCost"", ""GenHlth"", ""MentHlth"", ""PhysHlth"", ""DiffWalk"", ""Sex"", ""Age"", ""Education"", ""Income"", ""id""], ""data"": [[61187, 0.0, 0.0, 1.0, 33.0, 1.0, 0.0, 1.0, 1.0, 0.0, 0.0, 0.0, 1.0, 0.0, 3.0, 0.0, 0.0, 0.0, 0.0, 12.0, 4.0, 4.0, 61187], [61193, 0.0, 1.0, 1.0, 42.0, 1.0, 1.0, 1.0, 0.0, 0.0, 1.0, 0.0, 1.0, 0.0, 3.0, 0.0, 0.0, 0.0, 1.0, 12.0, 4.0, 6.0, 61193], [61194, 1.0, 1.0, 1.0, 27.0, 0.0, 0.0, 0.0, 0.0, 0.0, 1.0, 0.0, 1.0, 0.0, 4.0, 0.0, 0.0, 0.0, 0.0, 11.0, 4.0, 4.0, 61194], [61195, 1.0, 1.0, 1.0, 36.0, 0.0, 0.0, 1.0, 1.0, 1.0, 1.0, 0.0, 1.0, 0.0, 4.0, 0.0, 10.0, 0.0, 1.0, 10.0, 6.0, 7.0, 61195], [61199, 1.0, 1.0, 1.0, 24.0, 1.0, 0.0, 0.0, 1.0, 1.0, 1.0, 0.0, 1.0, 0.0, 3.0, 0.0, 0.0, 0.0, 1.0, 12.0, 6.0, 5.0, 61199], [61200, 1.0, 1.0, 1.0, 20.0, 0.0, 1.0, 0.0, 0.0, 1.0, 0.0, 0.0, 1.0, 0.0, 5.0, 0.0, 30.0, 1.0, 1.0, 13.0, 6.0, 8.0, 61200], [61201, 1.0, 1.0, 1.0, 30.0, 1.0, 0.0, 1.0, 1.0, 1.0, 1.0, 0.0, 1.0, 0.0, 3.0, 0.0, 6.0, 1.0, 1.0, 11.0, 6.0, 6.0, 61201], [61203, 1.0, 1.0, 1.0, 31.0, 0.0, 0.0, 1.0, 1.0, 1.0, 1.0, 0.0, 1.0, 0.0, 4.0, 0.0, 0.0, 0.0, 1.0, 11.0, 6.0, 8.0, 61203], [61205, 0.0, 1.0, 1.0, 23.0, 0.0, 0.0, 0.0, 0.0, 1.0, 1.0, 0.0, 1.0, 0.0, 2.0, 0.0, 0.0, 1.0, 0.0, 12.0, 4.0, 5.0, 61205], [61206, 0.0, 0.0, 1.0, 27.0, 1.0, 0.0, 0.0, 0.0, 1.0, 0.0, 0.0, 1.0, 0.0, 3.0, 0.0, 0.0, 0.0, 1.0, 10.0, 4.0, 6.0, 61206]]}}","{""predictions"": [1.0, 0.0, 0.0, 0.0, 1.0, 0.0, 1.0, 1.0, 0.0, 0.0]}",1,"{""model_name"":""labuser70609094f_monitor_demo4f.default.diabetes_model"",""endpoint_name"":""labuser70609094f_endpoint"",""model_version"":""1""}"
null,8370d846-e925-4046-a7fe-e1a81d7d223b,2024-07-08,1720444916527,200,4,"{""dataframe_split"": {""index"": [24900, 24901, 24902, 24903, 24904, 24905, 24906, 24907, 24908, 24909], ""columns"": [""index"", ""HighBP"", ""HighChol"", ""CholCheck"", ""BMI"", ""Smoker"", ""Stroke"", ""HeartDiseaseorAttack"", ""PhysActivity"", ""Fruits"", ""Veggies"", ""HvyAlcoholConsump"", ""AnyHealthcare"", ""NoDocbcCost"", ""GenHlth"", ""MentHlth"", ""PhysHlth"", ""DiffWalk"", ""Sex"", ""Age"", ""Education"", ""Income"", ""id""], ""data"": [[61207, 1.0, 1.0, 1.0, 28.0, 0.0, 0.0, 0.0, 0.0, 0.0, 1.0, 0.0, 1.0, 0.0, 5.0, 20.0, 15.0, 1.0, 1.0, 11.0, 4.0, 4.0, 61207], [61208, 1.0, 0.0, 1.0, 43.0, 0.0, 1.0, 0.0, 0.0, 1.0, 1.0, 0.0, 1.0, 0.0, 2.0, 0.0, 0.0, 1.0, 0.0, 10.0, 6.0, 7.0, 61208], [61209, 1.0, 0.0, 1.0, 30.0, 1.0, 0.0, 1.0, 0.0, 1.0, 1.0, 0.0, 1.0, 0.0, 3.0, 0.0, 0.0, 0.0, 0.0, 11.0, 4.0, 3.0, 61209], [61210, 1.0, 1.0, 1.0, 30.0, 0.0, 0.0, 0.0, 1.0, 1.0, 1.0, 0.0, 1.0, 0.0, 2.0, 0.0, 0.0, 0.0, 0.0, 10.0, 6.0, 7.0, 61210], [61211, 1.0, 1.0, 1.0, 35.0, 0.0, 0.0, 0.0, 0.0, 1.0, 0.0, 0.0, 1.0, 0.0, 3.0, 0.0, 0.0, 0.0, 0.0, 13.0, 3.0, 1.0, 61211], [61215, 0.0, 1.0, 1.0, 34.0, 0.0, 0.0, 1.0, 1.0, 0.0, 1.0, 0.0, 1.0, 0.0, 3.0, 0.0, 30.0, 0.0, 1.0, 10.0, 6.0, 8.0, 61215], [61219, 1.0, 1.0, 1.0, 33.0, 1.0, 1.0, 1.0, 1.0, 1.0, 1.0, 0.0, 1.0, 0.0, 4.0, 0.0, 0.0, 1.0, 1.0, 11.0, 6.0, 6.0, 61219], [61220, 1.0, 0.0, 1.0, 31.0, 0.0, 1.0, 0.0, 1.0, 0.0, 1.0, 0.0, 1.0, 0.0, 2.0, 2.0, 30.0, 1.0, 1.0, 11.0, 3.0, 3.0, 61220], [61221, 1.0, 0.0, 1.0, 39.0, 1.0, 0.0, 0.0, 1.0, 1.0, 0.0, 0.0, 1.0, 0.0, 3.0, 0.0, 3.0, 1.0, 1.0, 11.0, 6.0, 8.0, 61221], [61228, 1.0, 0.0, 1.0, 29.0, 1.0, 0.0, 0.0, 1.0, 1.0, 1.0, 0.0, 1.0, 0.0, 3.0, 0.0, 0.0, 0.0, 0.0, 11.0, 5.0, 4.0, 61228]]}}","{""predictions"": [1.0, 1.0, 0.0, 1.0, 1.0, 0.0, 1.0, 0.0, 0.0, 1.0]}",1,"{""model_name"":""labuser70609094f_monitor_demo4f.default.diabetes_model"",""endpoint_name"":""labuser70609094f_endpoint"",""model_version"":""1""}"
null,073c443e-3034-4aa8-84b2-340603f191d0,2024-07-08,1720444916734,200,6,"{""dataframe_split"": {""index"": [24970, 24971, 24972, 24973, 24974, 24975, 24976, 24977, 24978, 24979], ""columns"": [""index"", ""HighBP"", ""HighChol"", ""CholCheck"", ""BMI"", ""Smoker"", ""Stroke"", ""HeartDiseaseorAttack"", ""PhysActivity"", ""Fruits"", ""Veggies"", ""HvyAlcoholConsump"", ""AnyHealthcare"", ""NoDocbcCost"", ""GenHlth"", ""MentHlth"", ""PhysHlth"", ""DiffWalk"", ""Sex"", ""Age"", ""Education"", ""Income"", ""id""], ""data"": [[61407, 1.0, 1.0, 1.0, 33.0, 1.0, 0.0, 1.0, 0.0, 1.0, 1.0, 0.0, 1.0, 0.0, 5.0, 0.0, 30.0, 1.0, 1.0, 12.0, 6.0, 6.0, 61407], [61408, 1.0, 1.0, 1.0, 42.0, 0.0, 0.0, 0.0, 1.0, 1.0, 1.0, 0.0, 1.0, 0.0, 5.0, 10.0, 15.0, 1.0, 0.0, 11.0, 6.0, 5.0, 61408], [61409, 1.0, 1.0, 1.0, 32.0, 1.0, 1.0, 0.0, 0.0, 0.0, 1.0, 0.0, 1.0, 0.0, 3.0, 0.0, 0.0, 1.0, 0.0, 13.0, 4.0, 3.0, 61409], [61410, 0.0, 1.0, 1.0, 27.0, 1.0, 0.0, 0.0, 1.0, 1.0, 1.0, 0.0, 1.0, 0.0, 3.0, 0.0, 0.0, 0.0, 1.0, 10.0, 6.0, 8.0, 61410], [61411, 0.0, 0.0, 1.0, 30.0, 0.0, 0.0, 0.0, 0.0, 0.0, 1.0, 0.0, 1.0, 0.0, 3.0, 0.0, 0.0, 0.0, 1.0, 10.0, 6.0, 8.0, 61411], [61412, 1.0, 0.0, 1.0, 30.0, 0.0, 0.0, 0.0, 0.0, 1.0, 1.0, 0.0, 1.0, 0.0, 3.0, 0.0, 10.0, 1.0, 0.0, 11.0, 3.0, 6.0, 61412], [61414, 1.0, 1.0, 1.0, 29.0, 0.0, 0.0, 0.0, 0.0, 1.0, 1.0, 0.0, 1.0, 0.0, 3.0, 0.0, 30.0, 1.0, 0.0, 11.0, 6.0, 7.0, 61414], [61415, 0.0, 1.0, 1.0, 32.0, 1.0, 0.0, 0.0, 0.0, 1.0, 0.0, 0.0, 1.0, 0.0, 2.0, 0.0, 0.0, 0.0, 1.0, 12.0, 4.0, 5.0, 61415], [61416, 0.0, 0.0, 1.0, 32.0, 0.0, 1.0, 0.0, 1.0, 1.0, 1.0, 0.0, 1.0, 0.0, 2.0, 0.0, 5.0, 0.0, 1.0, 13.0, 6.0, 5.0, 61416], [61417, 1.0, 1.0, 1.0, 26.0, 1.0, 0.0, 0.0, 0.0, 1.0, 1.0, 0.0, 1.0, 0.0, 2.0, 0.0, 4.0, 0.0, 1.0, 10.0, 6.0, 8.0, 61417]]}}","{""predictions"": [0.0, 1.0, 0.0, 0.0, 1.0, 0.0, 1.0, 0.0, 1.0, 1.0]}",1,"{""model_name"":""labuser70609094f_monitor_demo4f.default.diabetes_model"",""endpoint_name"":""labuser70609094f_endpoint"",""model_version"":""1""}"
null,fcde281c-fe66-4c25-9ddb-8abc22a51c86,2024-07-08,1720444916762,200,4,"{""dataframe_split"": {""index"": [24980, 24981, 24982, 24983, 24984, 24985, 24986, 24987, 24988, 24989], ""columns"": [""index"", ""HighBP"", ""HighChol"", ""CholCheck"", ""BMI"", ""Smoker"", ""Stroke"", ""HeartDiseaseorAttack"", ""PhysActivity"", ""Fruits"", ""Veggies"", ""HvyAlcoholConsump"", ""AnyHealthcare"", ""NoDocbcCost"", ""GenHlth"", ""MentHlth"", ""PhysHlth"", ""DiffWalk"", ""Sex"", ""Age"", ""Education"", ""Income"", ""id""], ""data"": [[61420, 1.0, 1.0, 1.0, 28.0, 1.0, 1.0, 1.0, 1.0, 1.0, 1.0, 0.0, 1.0, 0.0, 3.0, 0.0, 2.0, 1.0, 1.0, 13.0, 4.0, 6.0, 61420], [61422, 1.0, 1.0, 1.0, 50.0, 1.0, 0.0, 0.0, 0.0, 1.0, 1.0, 0.0, 1.0, 0.0, 5.0, 0.0, 30.0, 1.0, 0.0, 11.0, 4.0, 4.0, 61422], [61424, 1.0, 1.0, 0.0, 43.0, 0.0, 0.0, 1.0, 0.0, 1.0, 1.0, 0.0, 1.0, 0.0, 5.0, 15.0, 30.0, 1.0, 1.0, 11.0, 5.0, 2.0, 61424], [61426, 1.0, 1.0, 1.0, 31.0, 1.0, 0.0, 0.0, 0.0, 0.0, 1.0, 0.0, 1.0, 0.0, 4.0, 20.0, 30.0, 1.0, 0.0, 11.0, 4.0, 4.0, 61426], [61427, 0.0, 1.0, 1.0, 26.0, 0.0, 0.0, 0.0, 1.0, 1.0, 0.0, 0.0, 1.0, 0.0, 3.0, 30.0, 10.0, 0.0, 1.0, 12.0, 3.0, 6.0, 61427], [61428, 1.0, 1.0, 1.0, 34.0, 1.0, 1.0, 1.0, 1.0, 1.0, 1.0, 0.0, 1.0, 1.0, 4.0, 0.0, 5.0, 1.0, 0.0, 10.0, 4.0, 2.0, 61428], [61429, 1.0, 1.0, 1.0, 25.0, 0.0, 0.0, 0.0, 0.0, 1.0, 1.0, 0.0, 1.0, 0.0, 2.0, 0.0, 14.0, 0.0, 0.0, 13.0, 4.0, 7.0, 61429], [61430, 1.0, 1.0, 1.0, 33.0, 1.0, 0.0, 1.0, 0.0, 0.0, 0.0, 0.0, 1.0, 0.0, 3.0, 0.0, 2.0, 1.0, 0.0, 11.0, 5.0, 3.0, 61430], [61432, 0.0, 1.0, 1.0, 30.0, 0.0, 0.0, 0.0, 0.0, 1.0, 0.0, 0.0, 1.0, 0.0, 3.0, 0.0, 0.0, 0.0, 1.0, 10.0, 6.0, 6.0, 61432], [61433, 1.0, 1.0, 1.0, 33.0, 1.0, 0.0, 1.0, 1.0, 1.0, 1.0, 0.0, 1.0, 0.0, 4.0, 0.0, 10.0, 1.0, 1.0, 13.0, 3.0, 6.0, 61433]]}}","{""predictions"": [1.0, 1.0, 1.0, 1.0, 0.0, 1.0, 0.0, 1.0, 0.0, 0.0]}",1,"{""model_name"":""labuser70609094f_monitor_demo4f.default.diabetes_model"",""endpoint_name"":""labuser70609094f_endpoint"",""model_version"":""1""}"
null,5c24f791-8aad-483a-ab3b-f3bd79705149,2024-07-08,1720444916820,200,4,"{""dataframe_split"": {""index"": [25000, 25001, 25002, 25003, 25004, 25005, 25006, 25007, 25008, 25009], ""columns"": [""index"", ""HighBP"", ""HighChol"", ""CholCheck"", ""BMI"", ""Smoker"", ""Stroke"", ""HeartDiseaseorAttack"", ""PhysActivity"", ""Fruits"", ""Veggies"", ""HvyAlcoholConsump"", ""AnyHealthcare"", ""NoDocbcCost"", ""GenHlth"", ""MentHlth"", ""PhysHlth"", ""DiffWalk"", ""Sex"", ""Age"", ""Education"", ""Income"", ""id""], ""data"": [[61448, 1.0, 1.0, 1.0, 38.0, 1.0, 0.0, 0.0, 1.0, 1.0, 1.0, 0.0, 1.0, 0.0, 2.0, 0.0, 14.0, 0.0, 0.0, 10.0, 5.0, 5.0, 61448], [61450, 1.0, 1.0, 1.0, 30.0, 0.0, 0.0, 1.0, 1.0, 1.0, 1.0, 0.0, 1.0, 0.0, 4.0, 0.0, 30.0, 0.0, 1.0, 10.0, 5.0, 8.0, 61450], [61451, 0.0, 0.0, 1.0, 26.0, 0.0, 0.0, 0.0, 1.0, 1.0, 1.0, 0.0, 1.0, 0.0, 3.0, 0.0, 2.0, 0.0, 0.0, 10.0, 6.0, 7.0, 61451], [61452, 1.0, 1.0, 1.0, 33.0, 0.0, 0.0, 1.0, 1.0, 1.0, 1.0, 0.0, 1.0, 0.0, 3.0, 0.0, 0.0, 0.0, 0.0, 12.0, 4.0, 2.0, 61452], [61455, 1.0, 0.0, 1.0, 24.0, 1.0, 0.0, 1.0, 1.0, 0.0, 1.0, 0.0, 1.0, 0.0, 2.0, 0.0, 0.0, 0.0, 1.0, 11.0, 5.0, 7.0, 61455], [61457, 1.0, 1.0, 1.0, 56.0, 0.0, 0.0, 0.0, 0.0, 1.0, 1.0, 0.0, 1.0, 0.0, 4.0, 0.0, 20.0, 1.0, 0.0, 10.0, 6.0, 7.0, 61457], [61458, 1.0, 0.0, 1.0, 34.0, 1.0, 0.0, 0.0, 0.0, 0.0, 0.0, 1.0, 1.0, 0.0, 3.0, 2.0, 0.0, 0.0, 1.0, 10.0, 6.0, 6.0, 61458], [61459, 1.0, 0.0, 1.0, 42.0, 0.0, 0.0, 0.0, 0.0, 1.0, 0.0, 0.0, 1.0, 0.0, 3.0, 0.0, 0.0, 1.0, 1.0, 12.0, 5.0, 6.0, 61459], [61462, 1.0, 1.0, 1.0, 27.0, 1.0, 0.0, 0.0, 1.0, 0.0, 1.0, 0.0, 1.0, 0.0, 3.0, 0.0, 0.0, 0.0, 0.0, 13.0, 3.0, 4.0, 61462], [61464, 1.0, 1.0, 1.0, 43.0, 1.0, 0.0, 1.0, 0.0, 1.0, 1.0, 0.0, 1.0, 0.0, 1.0, 0.0, 0.0, 1.0, 1.0, 10.0, 4.0, 6.0, 61464]]}}","{""predictions"": [1.0, 1.0, 1.0, 1.0, 0.0, 1.0, 0.0, 1.0, 1.0, 1.0]}",1,"{""model_name"":""labuser70609094f_monitor_demo4f.default.diabetes_model"",""endpoint_name"":""labuser70609094f_endpoint"",""model_version"":""1""}"
null,9763f832-5e63-421d-9013-20a84edb28ae,2024-07-08,1720444916846,200,4,"{""dataframe_split"": {""index"": [25010, 25011, 25012, 25013, 25014, 25015, 25016, 25017, 25018, 25019], ""columns"": [""index"", ""HighBP"", ""HighChol"", ""CholCheck"", ""BMI"", ""Smoker"", ""Stroke"", ""HeartDiseaseorAttack"", ""PhysActivity"", ""Fruits"", ""Veggies"", ""HvyAlcoholConsump"", ""AnyHealthcare"", ""NoDocbcCost"", ""GenHlth"", ""MentHlth"", ""PhysHlth"", ""DiffWalk"", ""Sex"", ""Age"", ""Education"", ""Income"", ""id""], ""data"": [[61465, 0.0, 0.0, 1.0, 27.0, 1.0, 0.0, 1.0, 0.0, 1.0, 0.0, 0.0, 1.0, 0.0, 3.0, 0.0, 0.0, 0.0, 1.0, 11.0, 6.0, 8.0, 61465], [61468, 1.0, 1.0, 1.0, 31.0, 1.0, 0.0, 1.0, 0.0, 0.0, 0.0, 0.0, 1.0, 0.0, 2.0, 0.0, 0.0, 0.0, 1.0, 11.0, 4.0, 4.0, 61468], [61469, 1.0, 0.0, 1.0, 31.0, 1.0, 0.0, 1.0, 0.0, 1.0, 1.0, 0.0, 1.0, 0.0, 5.0, 0.0, 15.0, 1.0, 0.0, 11.0, 5.0, 5.0, 61469], [61471, 1.0, 0.0, 1.0, 29.0, 1.0, 0.0, 0.0, 1.0, 1.0, 1.0, 0.0, 1.0, 0.0, 2.0, 0.0, 0.0, 0.0, 0.0, 10.0, 5.0, 8.0, 61471], [61473, 1.0, 0.0, 1.0, 34.0, 1.0, 0.0, 0.0, 1.0, 1.0, 1.0, 0.0, 1.0, 0.0, 3.0, 0.0, 0.0, 0.0, 0.0, 12.0, 6.0, 7.0, 61473], [61474, 0.0, 1.0, 1.0, 24.0, 0.0, 0.0, 0.0, 1.0, 0.0, 1.0, 0.0, 1.0, 0.0, 1.0, 0.0, 0.0, 0.0, 1.0, 13.0, 6.0, 8.0, 61474], [61475, 1.0, 0.0, 1.0, 41.0, 0.0, 0.0, 1.0, 1.0, 1.0, 1.0, 0.0, 1.0, 0.0, 3.0, 0.0, 9.0, 0.0, 1.0, 10.0, 6.0, 8.0, 61475], [61477, 1.0, 1.0, 1.0, 30.0, 1.0, 0.0, 0.0, 1.0, 1.0, 1.0, 0.0, 1.0, 0.0, 4.0, 0.0, 0.0, 0.0, 1.0, 11.0, 5.0, 5.0, 61477], [61478, 1.0, 0.0, 1.0, 28.0, 0.0, 0.0, 0.0, 1.0, 1.0, 1.0, 0.0, 1.0, 0.0, 2.0, 0.0, 0.0, 0.0, 0.0, 10.0, 5.0, 7.0, 61478], [61480, 1.0, 0.0, 1.0, 21.0, 1.0, 0.0, 0.0, 1.0, 1.0, 1.0, 0.0, 1.0, 0.0, 3.0, 0.0, 0.0, 0.0, 1.0, 11.0, 6.0, 6.0, 61480]]}}","{""predictions"": [1.0, 1.0, 0.0, 0.0, 1.0, 0.0, 1.0, 1.0, 0.0, 0.0]}",1,"{""model_name"":""labuser70609094f_monitor_demo4f.default.diabetes_model"",""endpoint_name"":""labuser70609094f_endpoint"",""model_version"":""1""}"
null,c800e6de-c11a-4602-a0df-4e20a199ad98,2024-07-08,1720444917066,200,4,"{""dataframe_split"": {""index"": [25090, 25091, 25092, 25093, 25094, 25095, 25096, 25097, 25098, 25099], ""columns"": [""index"", ""HighBP"", ""HighChol"", ""CholCheck"", ""BMI"", ""Smoker"", ""Stroke"", ""HeartDiseaseorAttack"", ""PhysActivity"", ""Fruits"", ""Veggies"", ""HvyAlcoholConsump"", ""AnyHealthcare"", ""NoDocbcCost"", ""GenHlth"", ""MentHlth"", ""PhysHlth"", ""DiffWalk"", ""Sex"", ""Age"", ""Education"", ""Income"", ""id""], ""data"": [[61591, 1.0, 0.0, 1.0, 30.0, 0.0, 0.0, 1.0, 0.0, 1.0, 1.0, 0.0, 1.0, 0.0, 4.0, 0.0, 30.0, 1.0, 1.0, 11.0, 4.0, 4.0, 61591], [61594, 1.0, 0.0, 1.0, 25.0, 0.0, 0.0, 0.0, 1.0, 1.0, 0.0, 0.0, 1.0, 0.0, 5.0, 10.0, 15.0, 1.0, 0.0, 13.0, 3.0, 3.0, 61594], [61596, 1.0, 0.0, 1.0, 34.0, 1.0, 0.0, 0.0, 0.0, 1.0, 1.0, 1.0, 1.0, 0.0, 3.0, 0.0, 0.0, 0.0, 1.0, 11.0, 6.0, 8.0, 61596], [61597, 1.0, 1.0, 1.0, 32.0, 1.0, 0.0, 1.0, 0.0, 1.0, 1.0, 0.0, 1.0, 0.0, 4.0, 0.0, 1.0, 0.0, 1.0, 10.0, 6.0, 8.0, 61597], [61600, 1.0, 0.0, 1.0, 30.0, 1.0, 1.0, 1.0, 0.0, 0.0, 0.0, 0.0, 1.0, 1.0, 5.0, 0.0, 30.0, 1.0, 0.0, 12.0, 3.0, 2.0, 61600], [61601, 1.0, 1.0, 1.0, 23.0, 0.0, 0.0, 1.0, 1.0, 1.0, 1.0, 0.0, 1.0, 0.0, 3.0, 0.0, 0.0, 0.0, 0.0, 12.0, 5.0, 4.0, 61601], [61604, 1.0, 1.0, 1.0, 38.0, 0.0, 0.0, 0.0, 0.0, 1.0, 1.0, 0.0, 1.0, 0.0, 3.0, 0.0, 4.0, 1.0, 0.0, 11.0, 4.0, 4.0, 61604], [61605, 1.0, 0.0, 1.0, 39.0, 1.0, 0.0, 1.0, 1.0, 0.0, 0.0, 1.0, 1.0, 0.0, 2.0, 0.0, 0.0, 0.0, 1.0, 11.0, 4.0, 5.0, 61605], [61606, 1.0, 1.0, 1.0, 31.0, 1.0, 0.0, 1.0, 1.0, 1.0, 1.0, 0.0, 1.0, 0.0, 3.0, 30.0, 10.0, 1.0, 0.0, 10.0, 5.0, 2.0, 61606], [61609, 1.0, 1.0, 1.0, 20.0, 1.0, 1.0, 0.0, 0.0, 1.0, 1.0, 0.0, 1.0, 0.0, 4.0, 2.0, 30.0, 1.0, 0.0, 12.0, 4.0, 3.0, 61609]]}}","{""predictions"": [1.0, 1.0, 1.0, 1.0, 1.0, 1.0, 1.0, 0.0, 1.0, 1.0]}",1,"{""model_name"":""labuser70609094f_monitor_demo4f.default.diabetes_model"",""endpoint_name"":""labuser70609094f_endpoint"",""model_version"":""1""}"
null,7879456c-a791-47e5-905b-7efb7ff14c84,2024-07-08,1720444917094,200,4,"{""dataframe_split"": {""index"": [25100, 25101, 25102, 25103, 25104, 25105, 25106, 25107, 25108, 25109], ""columns"": [""index"", ""HighBP"", ""HighChol"", ""CholCheck"", ""BMI"", ""Smoker"", ""Stroke"", ""HeartDiseaseorAttack"", ""PhysActivity"", ""Fruits"", ""Veggies"", ""HvyAlcoholConsump"", ""AnyHealthcare"", ""NoDocbcCost"", ""GenHlth"", ""MentHlth"", ""PhysHlth"", ""DiffWalk"", ""Sex"", ""Age"", ""Education"", ""Income"", ""id""], ""data"": [[61610, 1.0, 0.0, 1.0, 62.0, 1.0, 0.0, 0.0, 0.0, 1.0, 0.0, 0.0, 1.0, 0.0, 4.0, 1.0, 2.0, 1.0, 0.0, 11.0, 4.0, 4.0, 61610], [61611, 1.0, 1.0, 1.0, 38.0, 1.0, 0.0, 0.0, 1.0, 1.0, 1.0, 0.0, 1.0, 0.0, 4.0, 0.0, 5.0, 1.0, 0.0, 11.0, 4.0, 1.0, 61611], [61613, 1.0, 1.0, 1.0, 27.0, 1.0, 0.0, 0.0, 1.0, 1.0, 1.0, 0.0, 1.0, 0.0, 4.0, 0.0, 28.0, 0.0, 0.0, 10.0, 4.0, 8.0, 61613], [61614, 1.0, 1.0, 1.0, 29.0, 0.0, 0.0, 0.0, 1.0, 1.0, 1.0, 0.0, 1.0, 0.0, 3.0, 0.0, 30.0, 0.0, 1.0, 12.0, 5.0, 6.0, 61614], [61615, 0.0, 1.0, 1.0, 25.0, 1.0, 0.0, 0.0, 1.0, 1.0, 0.0, 0.0, 1.0, 0.0, 3.0, 0.0, 0.0, 0.0, 1.0, 11.0, 5.0, 6.0, 61615], [61617, 1.0, 0.0, 1.0, 33.0, 0.0, 0.0, 0.0, 1.0, 0.0, 1.0, 0.0, 1.0, 0.0, 3.0, 0.0, 0.0, 0.0, 1.0, 12.0, 6.0, 7.0, 61617], [61618, 1.0, 0.0, 1.0, 40.0, 1.0, 0.0, 0.0, 0.0, 1.0, 1.0, 0.0, 1.0, 0.0, 3.0, 0.0, 5.0, 0.0, 1.0, 10.0, 5.0, 7.0, 61618], [61619, 1.0, 1.0, 1.0, 33.0, 0.0, 0.0, 0.0, 0.0, 1.0, 1.0, 0.0, 1.0, 0.0, 3.0, 2.0, 30.0, 1.0, 0.0, 13.0, 4.0, 5.0, 61619], [61623, 0.0, 0.0, 1.0, 28.0, 1.0, 0.0, 0.0, 1.0, 1.0, 1.0, 0.0, 1.0, 0.0, 3.0, 0.0, 30.0, 0.0, 1.0, 12.0, 6.0, 8.0, 61623], [61624, 0.0, 1.0, 1.0, 24.0, 0.0, 0.0, 0.0, 1.0, 1.0, 1.0, 0.0, 1.0, 0.0, 3.0, 0.0, 0.0, 0.0, 0.0, 12.0, 5.0, 8.0, 61624]]}}","{""predictions"": [1.0, 0.0, 1.0, 1.0, 1.0, 1.0, 1.0, 0.0, 0.0, 1.0]}",1,"{""model_name"":""labuser70609094f_monitor_demo4f.default.diabetes_model"",""endpoint_name"":""labuser70609094f_endpoint"",""model_version"":""1""}"
null,8c2ad33f-3548-47a3-beb7-79b0dfde6174,2024-07-08,1720444917148,200,4,"{""dataframe_split"": {""index"": [25120, 25121, 25122, 25123, 25124, 25125, 25126, 25127, 25128, 25129], ""columns"": [""index"", ""HighBP"", ""HighChol"", ""CholCheck"", ""BMI"", ""Smoker"", ""Stroke"", ""HeartDiseaseorAttack"", ""PhysActivity"", ""Fruits"", ""Veggies"", ""HvyAlcoholConsump"", ""AnyHealthcare"", ""NoDocbcCost"", ""GenHlth"", ""MentHlth"", ""PhysHlth"", ""DiffWalk"", ""Sex"", ""Age"", ""Education"", ""Income"", ""id""], ""data"": [[61638, 1.0, 1.0, 1.0, 33.0, 1.0, 0.0, 1.0, 0.0, 0.0, 0.0, 0.0, 1.0, 0.0, 4.0, 0.0, 2.0, 0.0, 0.0, 11.0, 4.0, 6.0, 61638], [61641, 0.0, 1.0, 1.0, 29.0, 1.0, 0.0, 0.0, 1.0, 1.0, 1.0, 0.0, 1.0, 0.0, 2.0, 0.0, 0.0, 0.0, 0.0, 11.0, 6.0, 6.0, 61641], [61644, 1.0, 1.0, 1.0, 25.0, 1.0, 0.0, 0.0, 0.0, 0.0, 0.0, 0.0, 1.0, 0.0, 4.0, 3.0, 25.0, 1.0, 0.0, 13.0, 4.0, 4.0, 61644], [61647, 0.0, 1.0, 1.0, 29.0, 0.0, 0.0, 0.0, 0.0, 0.0, 0.0, 0.0, 1.0, 0.0, 3.0, 0.0, 30.0, 1.0, 1.0, 12.0, 4.0, 6.0, 61647], [61649, 1.0, 1.0, 1.0, 29.0, 0.0, 0.0, 0.0, 1.0, 1.0, 1.0, 0.0, 1.0, 0.0, 2.0, 0.0, 2.0, 0.0, 1.0, 11.0, 6.0, 8.0, 61649], [61650, 1.0, 1.0, 1.0, 29.0, 1.0, 0.0, 0.0, 1.0, 1.0, 1.0, 0.0, 1.0, 0.0, 2.0, 0.0, 10.0, 0.0, 1.0, 11.0, 5.0, 7.0, 61650], [61654, 1.0, 1.0, 1.0, 29.0, 1.0, 1.0, 1.0, 1.0, 1.0, 1.0, 0.0, 1.0, 1.0, 5.0, 30.0, 30.0, 0.0, 1.0, 12.0, 4.0, 5.0, 61654], [61655, 1.0, 1.0, 1.0, 31.0, 0.0, 0.0, 0.0, 1.0, 1.0, 1.0, 0.0, 1.0, 0.0, 4.0, 20.0, 5.0, 0.0, 0.0, 10.0, 4.0, 5.0, 61655], [61656, 1.0, 1.0, 1.0, 30.0, 0.0, 0.0, 0.0, 1.0, 1.0, 1.0, 0.0, 1.0, 0.0, 3.0, 0.0, 1.0, 0.0, 0.0, 11.0, 5.0, 8.0, 61656], [61657, 1.0, 1.0, 1.0, 26.0, 1.0, 0.0, 0.0, 0.0, 1.0, 1.0, 0.0, 1.0, 0.0, 3.0, 0.0, 0.0, 0.0, 0.0, 13.0, 3.0, 2.0, 61657]]}}","{""predictions"": [1.0, 0.0, 1.0, 1.0, 0.0, 1.0, 1.0, 1.0, 1.0, 1.0]}",1,"{""model_name"":""labuser70609094f_monitor_demo4f.default.diabetes_model"",""endpoint_name"":""labuser70609094f_endpoint"",""model_version"":""1""}"
null,34be3312-2c11-4520-9f3d-080e8cb0943b,2024-07-08,1720444917582,200,4,"{""dataframe_split"": {""index"": [25270, 25271, 25272, 25273, 25274, 25275, 25276, 25277, 25278, 25279], ""columns"": [""index"", ""HighBP"", ""HighChol"", ""CholCheck"", ""BMI"", ""Smoker"", ""Stroke"", ""HeartDiseaseorAttack"", ""PhysActivity"", ""Fruits"", ""Veggies"", ""HvyAlcoholConsump"", ""AnyHealthcare"", ""NoDocbcCost"", ""GenHlth"", ""MentHlth"", ""PhysHlth"", ""DiffWalk"", ""Sex"", ""Age"", ""Education"", ""Income"", ""id""], ""data"": [[61958, 1.0, 1.0, 1.0, 29.0, 0.0, 0.0, 0.0, 1.0, 1.0, 1.0, 0.0, 1.0, 0.0, 2.0, 0.0, 0.0, 0.0, 1.0, 10.0, 5.0, 2.0, 61958], [61959, 0.0, 0.0, 1.0, 24.0, 0.0, 0.0, 0.0, 1.0, 0.0, 1.0, 0.0, 1.0, 0.0, 2.0, 0.0, 15.0, 0.0, 1.0, 13.0, 4.0, 4.0, 61959], [61961, 1.0, 0.0, 1.0, 26.0, 1.0, 0.0, 0.0, 1.0, 1.0, 1.0, 0.0, 1.0, 0.0, 4.0, 3.0, 0.0, 1.0, 0.0, 12.0, 6.0, 2.0, 61961], [61964, 1.0, 1.0, 1.0, 54.0, 0.0, 0.0, 1.0, 0.0, 0.0, 1.0, 0.0, 1.0, 0.0, 5.0, 25.0, 20.0, 1.0, 0.0, 10.0, 4.0, 2.0, 61964], [61965, 1.0, 0.0, 1.0, 28.0, 0.0, 0.0, 0.0, 1.0, 1.0, 1.0, 0.0, 1.0, 0.0, 3.0, 0.0, 0.0, 0.0, 0.0, 11.0, 5.0, 1.0, 61965], [61966, 0.0, 0.0, 1.0, 27.0, 0.0, 1.0, 1.0, 0.0, 1.0, 1.0, 0.0, 1.0, 0.0, 3.0, 0.0, 0.0, 1.0, 0.0, 13.0, 4.0, 2.0, 61966], [61967, 1.0, 1.0, 1.0, 22.0, 0.0, 0.0, 0.0, 1.0, 1.0, 1.0, 0.0, 1.0, 0.0, 4.0, 0.0, 30.0, 1.0, 1.0, 12.0, 4.0, 2.0, 61967], [61969, 1.0, 1.0, 1.0, 36.0, 0.0, 0.0, 1.0, 1.0, 0.0, 0.0, 0.0, 1.0, 1.0, 3.0, 0.0, 0.0, 1.0, 1.0, 10.0, 4.0, 4.0, 61969], [61970, 1.0, 1.0, 1.0, 28.0, 1.0, 0.0, 0.0, 1.0, 0.0, 1.0, 0.0, 1.0, 0.0, 3.0, 0.0, 0.0, 0.0, 1.0, 10.0, 6.0, 8.0, 61970], [61971, 1.0, 1.0, 1.0, 34.0, 1.0, 0.0, 1.0, 1.0, 1.0, 1.0, 0.0, 1.0, 0.0, 3.0, 0.0, 0.0, 0.0, 0.0, 11.0, 4.0, 2.0, 61971]]}}","{""predictions"": [0.0, 0.0, 0.0, 1.0, 0.0, 1.0, 0.0, 1.0, 0.0, 1.0]}",1,"{""model_name"":""labuser70609094f_monitor_demo4f.default.diabetes_model"",""endpoint_name"":""labuser70609094f_endpoint"",""model_version"":""1""}"
null,cc7c95a6-e3ba-407a-ba31-49a6b14ca5d5,2024-07-08,1720444917809,200,4,"{""dataframe_split"": {""index"": [25350, 25351, 25352, 25353, 25354, 25355, 25356, 25357, 25358, 25359], ""columns"": [""index"", ""HighBP"", ""HighChol"", ""CholCheck"", ""BMI"", ""Smoker"", ""Stroke"", ""HeartDiseaseorAttack"", ""PhysActivity"", ""Fruits"", ""Veggies"", ""HvyAlcoholConsump"", ""AnyHealthcare"", ""NoDocbcCost"", ""GenHlth"", ""MentHlth"", ""PhysHlth"", ""DiffWalk"", ""Sex"", ""Age"", ""Education"", ""Income"", ""id""], ""data"": [[62076, 1.0, 1.0, 1.0, 35.0, 0.0, 0.0, 1.0, 1.0, 1.0, 1.0, 0.0, 1.0, 1.0, 3.0, 15.0, 15.0, 1.0, 0.0, 11.0, 5.0, 3.0, 62076], [62079, 1.0, 1.0, 1.0, 34.0, 1.0, 0.0, 1.0, 0.0, 0.0, 0.0, 0.0, 1.0, 1.0, 5.0, 29.0, 30.0, 1.0, 1.0, 10.0, 5.0, 4.0, 62079], [62080, 1.0, 1.0, 1.0, 24.0, 1.0, 1.0, 0.0, 0.0, 0.0, 1.0, 0.0, 1.0, 0.0, 5.0, 20.0, 30.0, 1.0, 1.0, 10.0, 2.0, 1.0, 62080], [62081, 1.0, 1.0, 1.0, 27.0, 0.0, 1.0, 0.0, 0.0, 1.0, 1.0, 0.0, 1.0, 0.0, 2.0, 0.0, 0.0, 0.0, 0.0, 13.0, 4.0, 3.0, 62081], [62082, 1.0, 1.0, 1.0, 34.0, 0.0, 0.0, 0.0, 1.0, 1.0, 0.0, 0.0, 1.0, 0.0, 3.0, 3.0, 0.0, 0.0, 0.0, 11.0, 3.0, 2.0, 62082], [62083, 1.0, 0.0, 1.0, 25.0, 1.0, 0.0, 0.0, 1.0, 1.0, 1.0, 0.0, 1.0, 0.0, 3.0, 0.0, 0.0, 0.0, 1.0, 13.0, 6.0, 6.0, 62083], [62084, 1.0, 1.0, 1.0, 37.0, 1.0, 1.0, 0.0, 1.0, 0.0, 1.0, 0.0, 1.0, 0.0, 3.0, 0.0, 0.0, 1.0, 1.0, 10.0, 6.0, 8.0, 62084], [62087, 0.0, 1.0, 1.0, 26.0, 0.0, 0.0, 0.0, 1.0, 1.0, 1.0, 0.0, 1.0, 0.0, 3.0, 5.0, 0.0, 0.0, 1.0, 11.0, 1.0, 7.0, 62087], [62088, 1.0, 1.0, 1.0, 33.0, 1.0, 0.0, 1.0, 0.0, 1.0, 1.0, 0.0, 1.0, 0.0, 5.0, 0.0, 30.0, 1.0, 0.0, 11.0, 4.0, 2.0, 62088], [62089, 1.0, 1.0, 1.0, 39.0, 1.0, 0.0, 0.0, 1.0, 0.0, 1.0, 0.0, 1.0, 0.0, 3.0, 5.0, 0.0, 1.0, 1.0, 10.0, 5.0, 6.0, 62089]]}}","{""predictions"": [1.0, 0.0, 0.0, 1.0, 0.0, 0.0, 1.0, 1.0, 1.0, 1.0]}",1,"{""model_name"":""labuser70609094f_monitor_demo4f.default.diabetes_model"",""endpoint_name"":""labuser70609094f_endpoint"",""model_version"":""1""}"
null,e0bd2b41-33aa-4da6-a60f-70c04f63c953,2024-07-08,1720444917838,200,4,"{""dataframe_split"": {""index"": [25360, 25361, 25362, 25363, 25364, 25365, 25366, 25367, 25368, 25369], ""columns"": [""index"", ""HighBP"", ""HighChol"", ""CholCheck"", ""BMI"", ""Smoker"", ""Stroke"", ""HeartDiseaseorAttack"", ""PhysActivity"", ""Fruits"", ""Veggies"", ""HvyAlcoholConsump"", ""AnyHealthcare"", ""NoDocbcCost"", ""GenHlth"", ""MentHlth"", ""PhysHlth"", ""DiffWalk"", ""Sex"", ""Age"", ""Education"", ""Income"", ""id""], ""data"": [[62091, 1.0, 1.0, 1.0, 26.0, 0.0, 0.0, 0.0, 1.0, 1.0, 1.0, 0.0, 1.0, 0.0, 2.0, 0.0, 0.0, 0.0, 0.0, 11.0, 3.0, 4.0, 62091], [62092, 1.0, 1.0, 1.0, 25.0, 0.0, 0.0, 0.0, 0.0, 0.0, 1.0, 0.0, 1.0, 0.0, 2.0, 0.0, 0.0, 0.0, 0.0, 10.0, 4.0, 6.0, 62092], [62094, 0.0, 0.0, 1.0, 32.0, 1.0, 0.0, 0.0, 0.0, 0.0, 1.0, 0.0, 1.0, 0.0, 3.0, 0.0, 0.0, 1.0, 1.0, 13.0, 6.0, 8.0, 62094], [62095, 1.0, 1.0, 1.0, 27.0, 1.0, 1.0, 0.0, 1.0, 1.0, 1.0, 0.0, 1.0, 0.0, 4.0, 3.0, 5.0, 1.0, 0.0, 10.0, 6.0, 5.0, 62095], [62096, 1.0, 1.0, 1.0, 34.0, 0.0, 1.0, 1.0, 0.0, 0.0, 0.0, 0.0, 1.0, 0.0, 5.0, 0.0, 2.0, 1.0, 0.0, 13.0, 2.0, 4.0, 62096], [62099, 1.0, 1.0, 1.0, 40.0, 0.0, 0.0, 1.0, 1.0, 0.0, 1.0, 0.0, 1.0, 1.0, 4.0, 10.0, 0.0, 1.0, 0.0, 11.0, 4.0, 1.0, 62099], [62100, 1.0, 0.0, 1.0, 45.0, 0.0, 0.0, 0.0, 1.0, 1.0, 1.0, 0.0, 1.0, 0.0, 3.0, 0.0, 28.0, 1.0, 1.0, 10.0, 4.0, 3.0, 62100], [62101, 1.0, 1.0, 1.0, 38.0, 1.0, 0.0, 0.0, 1.0, 1.0, 1.0, 0.0, 1.0, 0.0, 4.0, 0.0, 6.0, 1.0, 0.0, 10.0, 3.0, 2.0, 62101], [62103, 0.0, 0.0, 0.0, 22.0, 1.0, 0.0, 0.0, 1.0, 0.0, 0.0, 1.0, 1.0, 0.0, 2.0, 6.0, 2.0, 0.0, 0.0, 10.0, 5.0, 7.0, 62103], [62104, 1.0, 1.0, 1.0, 47.0, 1.0, 0.0, 0.0, 1.0, 1.0, 1.0, 0.0, 1.0, 0.0, 3.0, 0.0, 0.0, 1.0, 0.0, 12.0, 5.0, 8.0, 62104]]}}","{""predictions"": [1.0, 0.0, 0.0, 1.0, 1.0, 1.0, 1.0, 1.0, 0.0, 1.0]}",1,"{""model_name"":""labuser70609094f_monitor_demo4f.default.diabetes_model"",""endpoint_name"":""labuser70609094f_endpoint"",""model_version"":""1""}"
null,e9e89c7f-cdca-4d36-84e2-a1c358c2e222,2024-07-08,1720444917864,200,4,"{""dataframe_split"": {""index"": [25370, 25371, 25372, 25373, 25374, 25375, 25376, 25377, 25378, 25379], ""columns"": [""index"", ""HighBP"", ""HighChol"", ""CholCheck"", ""BMI"", ""Smoker"", ""Stroke"", ""HeartDiseaseorAttack"", ""PhysActivity"", ""Fruits"", ""Veggies"", ""HvyAlcoholConsump"", ""AnyHealthcare"", ""NoDocbcCost"", ""GenHlth"", ""MentHlth"", ""PhysHlth"", ""DiffWalk"", ""Sex"", ""Age"", ""Education"", ""Income"", ""id""], ""data"": [[62107, 0.0, 1.0, 1.0, 26.0, 0.0, 0.0, 0.0, 1.0, 0.0, 0.0, 0.0, 1.0, 0.0, 3.0, 0.0, 0.0, 0.0, 0.0, 13.0, 4.0, 3.0, 62107], [62114, 1.0, 1.0, 1.0, 48.0, 0.0, 0.0, 1.0, 1.0, 1.0, 1.0, 0.0, 1.0, 0.0, 5.0, 0.0, 30.0, 1.0, 0.0, 10.0, 3.0, 1.0, 62114], [62117, 1.0, 0.0, 1.0, 28.0, 1.0, 0.0, 0.0, 0.0, 0.0, 0.0, 0.0, 1.0, 0.0, 3.0, 0.0, 0.0, 0.0, 1.0, 13.0, 2.0, 3.0, 62117], [62118, 1.0, 1.0, 1.0, 36.0, 1.0, 1.0, 0.0, 1.0, 0.0, 1.0, 0.0, 1.0, 0.0, 5.0, 0.0, 30.0, 0.0, 1.0, 12.0, 6.0, 5.0, 62118], [62119, 0.0, 0.0, 1.0, 22.0, 1.0, 0.0, 0.0, 1.0, 0.0, 1.0, 0.0, 1.0, 0.0, 3.0, 10.0, 0.0, 0.0, 1.0, 12.0, 6.0, 6.0, 62119], [62120, 1.0, 1.0, 1.0, 34.0, 1.0, 0.0, 1.0, 0.0, 0.0, 1.0, 0.0, 1.0, 0.0, 5.0, 0.0, 7.0, 1.0, 0.0, 12.0, 3.0, 3.0, 62120], [62122, 1.0, 1.0, 1.0, 34.0, 0.0, 0.0, 1.0, 0.0, 0.0, 0.0, 0.0, 1.0, 0.0, 1.0, 0.0, 4.0, 0.0, 1.0, 13.0, 2.0, 3.0, 62122], [62123, 1.0, 1.0, 1.0, 37.0, 1.0, 0.0, 1.0, 1.0, 0.0, 0.0, 0.0, 1.0, 0.0, 5.0, 0.0, 14.0, 1.0, 0.0, 10.0, 2.0, 3.0, 62123], [62126, 1.0, 1.0, 1.0, 27.0, 0.0, 0.0, 0.0, 1.0, 1.0, 1.0, 0.0, 1.0, 1.0, 4.0, 0.0, 4.0, 0.0, 0.0, 10.0, 4.0, 4.0, 62126], [62127, 1.0, 1.0, 1.0, 29.0, 1.0, 0.0, 0.0, 1.0, 1.0, 1.0, 0.0, 1.0, 0.0, 3.0, 0.0, 0.0, 0.0, 1.0, 11.0, 6.0, 7.0, 62127]]}}","{""predictions"": [0.0, 1.0, 0.0, 1.0, 0.0, 1.0, 0.0, 1.0, 0.0, 1.0]}",1,"{""model_name"":""labuser70609094f_monitor_demo4f.default.diabetes_model"",""endpoint_name"":""labuser70609094f_endpoint"",""model_version"":""1""}"
null,d509891e-949b-4c96-a39c-97a41d04887d,2024-07-08,1720444917892,200,4,"{""dataframe_split"": {""index"": [25380, 25381, 25382, 25383, 25384, 25385, 25386, 25387, 25388, 25389], ""columns"": [""index"", ""HighBP"", ""HighChol"", ""CholCheck"", ""BMI"", ""Smoker"", ""Stroke"", ""HeartDiseaseorAttack"", ""PhysActivity"", ""Fruits"", ""Veggies"", ""HvyAlcoholConsump"", ""AnyHealthcare"", ""NoDocbcCost"", ""GenHlth"", ""MentHlth"", ""PhysHlth"", ""DiffWalk"", ""Sex"", ""Age"", ""Education"", ""Income"", ""id""], ""data"": [[62128, 1.0, 0.0, 1.0, 29.0, 0.0, 0.0, 0.0, 1.0, 1.0, 1.0, 0.0, 1.0, 0.0, 3.0, 0.0, 0.0, 0.0, 0.0, 10.0, 5.0, 5.0, 62128], [62129, 1.0, 0.0, 1.0, 33.0, 0.0, 0.0, 0.0, 1.0, 1.0, 1.0, 0.0, 1.0, 0.0, 3.0, 0.0, 2.0, 0.0, 1.0, 10.0, 6.0, 5.0, 62129], [62130, 1.0, 1.0, 1.0, 24.0, 1.0, 1.0, 0.0, 0.0, 1.0, 1.0, 0.0, 1.0, 0.0, 3.0, 0.0, 0.0, 0.0, 0.0, 12.0, 5.0, 5.0, 62130], [62133, 1.0, 1.0, 1.0, 42.0, 0.0, 0.0, 0.0, 0.0, 1.0, 1.0, 0.0, 1.0, 0.0, 3.0, 0.0, 0.0, 1.0, 0.0, 11.0, 6.0, 5.0, 62133], [62138, 1.0, 1.0, 1.0, 23.0, 1.0, 1.0, 0.0, 1.0, 1.0, 1.0, 0.0, 1.0, 0.0, 2.0, 0.0, 1.0, 0.0, 0.0, 13.0, 6.0, 5.0, 62138], [62139, 0.0, 1.0, 1.0, 27.0, 1.0, 0.0, 0.0, 0.0, 1.0, 1.0, 0.0, 1.0, 0.0, 3.0, 0.0, 0.0, 0.0, 1.0, 11.0, 6.0, 5.0, 62139], [62141, 1.0, 1.0, 1.0, 36.0, 1.0, 1.0, 1.0, 0.0, 0.0, 1.0, 0.0, 1.0, 0.0, 5.0, 30.0, 30.0, 0.0, 1.0, 13.0, 4.0, 4.0, 62141], [62142, 0.0, 1.0, 1.0, 27.0, 1.0, 1.0, 1.0, 1.0, 0.0, 0.0, 0.0, 1.0, 0.0, 4.0, 15.0, 0.0, 0.0, 1.0, 12.0, 4.0, 3.0, 62142], [62145, 1.0, 1.0, 1.0, 35.0, 1.0, 1.0, 0.0, 1.0, 1.0, 1.0, 0.0, 1.0, 0.0, 2.0, 0.0, 6.0, 0.0, 1.0, 11.0, 4.0, 2.0, 62145], [62148, 1.0, 1.0, 1.0, 24.0, 1.0, 0.0, 0.0, 0.0, 0.0, 1.0, 0.0, 1.0, 0.0, 3.0, 0.0, 4.0, 0.0, 1.0, 12.0, 3.0, 4.0, 62148]]}}","{""predictions"": [1.0, 1.0, 1.0, 1.0, 1.0, 1.0, 1.0, 0.0, 1.0, 1.0]}",1,"{""model_name"":""labuser70609094f_monitor_demo4f.default.diabetes_model"",""endpoint_name"":""labuser70609094f_endpoint"",""model_version"":""1""}"
null,eed0e3e0-21b4-4c28-af18-bed335367826,2024-07-08,1720444917919,200,4,"{""dataframe_split"": {""index"": [25390, 25391, 25392, 25393, 25394, 25395, 25396, 25397, 25398, 25399], ""columns"": [""index"", ""HighBP"", ""HighChol"", ""CholCheck"", ""BMI"", ""Smoker"", ""Stroke"", ""HeartDiseaseorAttack"", ""PhysActivity"", ""Fruits"", ""Veggies"", ""HvyAlcoholConsump"", ""AnyHealthcare"", ""NoDocbcCost"", ""GenHlth"", ""MentHlth"", ""PhysHlth"", ""DiffWalk"", ""Sex"", ""Age"", ""Education"", ""Income"", ""id""], ""data"": [[62149, 1.0, 1.0, 1.0, 33.0, 1.0, 0.0, 1.0, 1.0, 0.0, 1.0, 0.0, 1.0, 0.0, 4.0, 0.0, 15.0, 1.0, 0.0, 11.0, 4.0, 2.0, 62149], [62151, 1.0, 1.0, 1.0, 27.0, 0.0, 0.0, 1.0, 1.0, 1.0, 0.0, 0.0, 1.0, 0.0, 2.0, 0.0, 0.0, 0.0, 0.0, 13.0, 5.0, 3.0, 62151], [62155, 1.0, 1.0, 1.0, 32.0, 1.0, 0.0, 0.0, 1.0, 1.0, 1.0, 0.0, 1.0, 0.0, 3.0, 0.0, 0.0, 0.0, 1.0, 12.0, 6.0, 8.0, 62155], [62156, 1.0, 1.0, 1.0, 27.0, 1.0, 0.0, 0.0, 0.0, 0.0, 1.0, 0.0, 1.0, 0.0, 3.0, 0.0, 0.0, 1.0, 1.0, 11.0, 4.0, 4.0, 62156], [62157, 1.0, 1.0, 1.0, 32.0, 0.0, 0.0, 1.0, 1.0, 1.0, 1.0, 0.0, 1.0, 0.0, 3.0, 0.0, 0.0, 0.0, 1.0, 13.0, 6.0, 8.0, 62157], [62158, 1.0, 1.0, 1.0, 23.0, 0.0, 0.0, 0.0, 1.0, 0.0, 1.0, 0.0, 1.0, 0.0, 2.0, 0.0, 1.0, 0.0, 0.0, 13.0, 4.0, 4.0, 62158], [62160, 1.0, 0.0, 1.0, 22.0, 0.0, 0.0, 0.0, 0.0, 1.0, 1.0, 0.0, 1.0, 0.0, 2.0, 0.0, 0.0, 0.0, 0.0, 11.0, 6.0, 7.0, 62160], [62162, 1.0, 0.0, 1.0, 27.0, 1.0, 0.0, 1.0, 1.0, 1.0, 0.0, 0.0, 1.0, 0.0, 5.0, 0.0, 30.0, 1.0, 1.0, 11.0, 4.0, 2.0, 62162], [62163, 1.0, 0.0, 1.0, 30.0, 0.0, 0.0, 0.0, 0.0, 0.0, 0.0, 0.0, 1.0, 0.0, 2.0, 30.0, 0.0, 0.0, 0.0, 11.0, 4.0, 5.0, 62163], [62167, 0.0, 1.0, 1.0, 28.0, 0.0, 0.0, 1.0, 0.0, 1.0, 1.0, 0.0, 1.0, 0.0, 3.0, 0.0, 0.0, 0.0, 0.0, 12.0, 5.0, 5.0, 62167]]}}","{""predictions"": [1.0, 1.0, 0.0, 0.0, 1.0, 1.0, 0.0, 0.0, 1.0, 1.0]}",1,"{""model_name"":""labuser70609094f_monitor_demo4f.default.diabetes_model"",""endpoint_name"":""labuser70609094f_endpoint"",""model_version"":""1""}"
null,693a9be9-f1af-4e8d-8fd1-130e5d3c320e,2024-07-08,1720444917947,200,4,"{""dataframe_split"": {""index"": [25400, 25401, 25402, 25403, 25404, 25405, 25406, 25407, 25408, 25409], ""columns"": [""index"", ""HighBP"", ""HighChol"", ""CholCheck"", ""BMI"", ""Smoker"", ""Stroke"", ""HeartDiseaseorAttack"", ""PhysActivity"", ""Fruits"", ""Veggies"", ""HvyAlcoholConsump"", ""AnyHealthcare"", ""NoDocbcCost"", ""GenHlth"", ""MentHlth"", ""PhysHlth"", ""DiffWalk"", ""Sex"", ""Age"", ""Education"", ""Income"", ""id""], ""data"": [[62169, 1.0, 1.0, 1.0, 35.0, 0.0, 0.0, 1.0, 0.0, 1.0, 1.0, 0.0, 1.0, 0.0, 4.0, 30.0, 30.0, 1.0, 0.0, 13.0, 4.0, 5.0, 62169], [62171, 1.0, 1.0, 1.0, 34.0, 0.0, 1.0, 0.0, 0.0, 0.0, 1.0, 1.0, 1.0, 0.0, 4.0, 0.0, 30.0, 1.0, 1.0, 12.0, 4.0, 5.0, 62171], [62172, 0.0, 0.0, 1.0, 24.0, 1.0, 0.0, 1.0, 0.0, 1.0, 1.0, 0.0, 1.0, 0.0, 4.0, 0.0, 30.0, 1.0, 1.0, 11.0, 5.0, 5.0, 62172], [62174, 1.0, 1.0, 1.0, 34.0, 1.0, 1.0, 0.0, 1.0, 0.0, 1.0, 0.0, 1.0, 0.0, 3.0, 0.0, 0.0, 0.0, 0.0, 11.0, 3.0, 6.0, 62174], [62175, 1.0, 1.0, 1.0, 32.0, 1.0, 1.0, 0.0, 1.0, 1.0, 0.0, 0.0, 1.0, 0.0, 4.0, 0.0, 30.0, 1.0, 1.0, 11.0, 4.0, 3.0, 62175], [62176, 0.0, 0.0, 1.0, 34.0, 1.0, 0.0, 0.0, 0.0, 0.0, 1.0, 0.0, 1.0, 0.0, 4.0, 5.0, 15.0, 0.0, 0.0, 10.0, 4.0, 6.0, 62176], [62177, 1.0, 0.0, 1.0, 29.0, 1.0, 0.0, 0.0, 1.0, 1.0, 0.0, 0.0, 1.0, 0.0, 3.0, 0.0, 0.0, 0.0, 1.0, 10.0, 4.0, 6.0, 62177], [62178, 0.0, 1.0, 1.0, 33.0, 1.0, 0.0, 1.0, 1.0, 1.0, 1.0, 0.0, 1.0, 0.0, 4.0, 0.0, 30.0, 1.0, 0.0, 13.0, 5.0, 3.0, 62178], [62183, 1.0, 1.0, 1.0, 28.0, 1.0, 0.0, 1.0, 0.0, 0.0, 0.0, 0.0, 1.0, 0.0, 5.0, 30.0, 30.0, 1.0, 0.0, 12.0, 3.0, 3.0, 62183], [62184, 0.0, 1.0, 1.0, 28.0, 1.0, 0.0, 0.0, 1.0, 1.0, 0.0, 0.0, 1.0, 0.0, 2.0, 0.0, 0.0, 0.0, 0.0, 12.0, 4.0, 4.0, 62184]]}}","{""predictions"": [1.0, 0.0, 1.0, 1.0, 1.0, 1.0, 1.0, 1.0, 1.0, 0.0]}",1,"{""model_name"":""labuser70609094f_monitor_demo4f.default.diabetes_model"",""endpoint_name"":""labuser70609094f_endpoint"",""model_version"":""1""}"
null,78dcbc94-377a-4df0-9295-3897c4e7ec57,2024-07-08,1720444917975,200,4,"{""dataframe_split"": {""index"": [25410, 25411, 25412, 25413, 25414, 25415, 25416, 25417, 25418, 25419], ""columns"": [""index"", ""HighBP"", ""HighChol"", ""CholCheck"", ""BMI"", ""Smoker"", ""Stroke"", ""HeartDiseaseorAttack"", ""PhysActivity"", ""Fruits"", ""Veggies"", ""HvyAlcoholConsump"", ""AnyHealthcare"", ""NoDocbcCost"", ""GenHlth"", ""MentHlth"", ""PhysHlth"", ""DiffWalk"", ""Sex"", ""Age"", ""Education"", ""Income"", ""id""], ""data"": [[62185, 1.0, 1.0, 1.0, 34.0, 1.0, 0.0, 0.0, 0.0, 0.0, 0.0, 0.0, 1.0, 0.0, 4.0, 15.0, 30.0, 1.0, 0.0, 10.0, 4.0, 3.0, 62185], [62186, 1.0, 1.0, 1.0, 28.0, 1.0, 0.0, 0.0, 1.0, 0.0, 1.0, 0.0, 1.0, 0.0, 3.0, 2.0, 2.0, 0.0, 0.0, 10.0, 5.0, 3.0, 62186], [62187, 1.0, 1.0, 1.0, 26.0, 1.0, 0.0, 1.0, 1.0, 1.0, 1.0, 0.0, 1.0, 0.0, 4.0, 10.0, 10.0, 1.0, 0.0, 10.0, 5.0, 8.0, 62187], [62188, 1.0, 0.0, 1.0, 27.0, 1.0, 0.0, 0.0, 1.0, 1.0, 1.0, 0.0, 1.0, 0.0, 2.0, 2.0, 0.0, 0.0, 0.0, 11.0, 4.0, 7.0, 62188], [62189, 0.0, 0.0, 1.0, 29.0, 0.0, 0.0, 0.0, 1.0, 1.0, 1.0, 0.0, 1.0, 0.0, 2.0, 0.0, 0.0, 0.0, 0.0, 12.0, 4.0, 6.0, 62189], [62191, 0.0, 0.0, 1.0, 29.0, 0.0, 0.0, 0.0, 1.0, 1.0, 1.0, 0.0, 1.0, 0.0, 3.0, 2.0, 3.0, 0.0, 1.0, 13.0, 4.0, 5.0, 62191], [62192, 1.0, 1.0, 1.0, 27.0, 1.0, 1.0, 1.0, 1.0, 0.0, 1.0, 0.0, 1.0, 0.0, 3.0, 0.0, 0.0, 0.0, 1.0, 13.0, 6.0, 8.0, 62192], [62193, 0.0, 0.0, 1.0, 40.0, 0.0, 0.0, 0.0, 1.0, 0.0, 0.0, 0.0, 1.0, 0.0, 2.0, 15.0, 0.0, 0.0, 0.0, 10.0, 6.0, 7.0, 62193], [62194, 1.0, 1.0, 1.0, 34.0, 1.0, 0.0, 0.0, 1.0, 1.0, 1.0, 0.0, 1.0, 0.0, 4.0, 0.0, 8.0, 1.0, 0.0, 10.0, 6.0, 8.0, 62194], [62196, 1.0, 1.0, 1.0, 29.0, 0.0, 0.0, 0.0, 0.0, 0.0, 1.0, 0.0, 1.0, 0.0, 4.0, 0.0, 30.0, 0.0, 0.0, 10.0, 6.0, 8.0, 62196]]}}","{""predictions"": [1.0, 1.0, 1.0, 1.0, 1.0, 1.0, 1.0, 1.0, 1.0, 1.0]}",1,"{""model_name"":""labuser70609094f_monitor_demo4f.default.diabetes_model"",""endpoint_name"":""labuser70609094f_endpoint"",""model_version"":""1""}"
null,10ef4dd9-7531-49ba-a0b7-70496e74f8a6,2024-07-08,1720444918002,200,5,"{""dataframe_split"": {""index"": [25420, 25421, 25422, 25423, 25424, 25425, 25426, 25427, 25428, 25429], ""columns"": [""index"", ""HighBP"", ""HighChol"", ""CholCheck"", ""BMI"", ""Smoker"", ""Stroke"", ""HeartDiseaseorAttack"", ""PhysActivity"", ""Fruits"", ""Veggies"", ""HvyAlcoholConsump"", ""AnyHealthcare"", ""NoDocbcCost"", ""GenHlth"", ""MentHlth"", ""PhysHlth"", ""DiffWalk"", ""Sex"", ""Age"", ""Education"", ""Income"", ""id""], ""data"": [[62198, 1.0, 1.0, 1.0, 22.0, 1.0, 0.0, 0.0, 1.0, 1.0, 1.0, 0.0, 1.0, 0.0, 1.0, 15.0, 0.0, 0.0, 0.0, 13.0, 5.0, 8.0, 62198], [62199, 0.0, 1.0, 1.0, 28.0, 1.0, 0.0, 0.0, 1.0, 0.0, 0.0, 0.0, 1.0, 0.0, 4.0, 0.0, 0.0, 0.0, 1.0, 10.0, 6.0, 7.0, 62199], [62200, 1.0, 1.0, 1.0, 28.0, 1.0, 0.0, 1.0, 0.0, 0.0, 0.0, 0.0, 1.0, 0.0, 5.0, 0.0, 25.0, 1.0, 1.0, 11.0, 4.0, 7.0, 62200], [62202, 0.0, 1.0, 1.0, 24.0, 1.0, 0.0, 0.0, 1.0, 0.0, 0.0, 0.0, 1.0, 0.0, 2.0, 0.0, 0.0, 1.0, 0.0, 11.0, 3.0, 2.0, 62202], [62206, 1.0, 1.0, 1.0, 37.0, 0.0, 0.0, 0.0, 1.0, 0.0, 0.0, 0.0, 1.0, 1.0, 3.0, 0.0, 10.0, 1.0, 0.0, 12.0, 5.0, 2.0, 62206], [62207, 1.0, 1.0, 1.0, 40.0, 1.0, 1.0, 1.0, 0.0, 0.0, 0.0, 0.0, 1.0, 0.0, 5.0, 0.0, 30.0, 1.0, 1.0, 13.0, 5.0, 5.0, 62207], [62208, 1.0, 1.0, 1.0, 22.0, 0.0, 0.0, 0.0, 1.0, 1.0, 1.0, 0.0, 1.0, 0.0, 4.0, 6.0, 5.0, 1.0, 1.0, 11.0, 4.0, 3.0, 62208], [62209, 1.0, 0.0, 1.0, 36.0, 1.0, 0.0, 0.0, 0.0, 1.0, 1.0, 0.0, 1.0, 0.0, 1.0, 0.0, 0.0, 1.0, 1.0, 13.0, 5.0, 5.0, 62209], [62210, 1.0, 1.0, 1.0, 34.0, 1.0, 0.0, 0.0, 1.0, 1.0, 1.0, 0.0, 1.0, 0.0, 2.0, 0.0, 0.0, 1.0, 1.0, 10.0, 6.0, 6.0, 62210], [62211, 1.0, 1.0, 1.0, 27.0, 0.0, 0.0, 0.0, 1.0, 1.0, 1.0, 0.0, 1.0, 0.0, 3.0, 5.0, 3.0, 0.0, 0.0, 10.0, 5.0, 4.0, 62211]]}}","{""predictions"": [0.0, 0.0, 1.0, 1.0, 0.0, 1.0, 0.0, 1.0, 1.0, 1.0]}",1,"{""model_name"":""labuser70609094f_monitor_demo4f.default.diabetes_model"",""endpoint_name"":""labuser70609094f_endpoint"",""model_version"":""1""}"
null,8f2c9e45-5390-4a6a-a5b7-1deac721c288,2024-07-08,1720444919193,200,4,"{""dataframe_split"": {""index"": [25830, 25831, 25832, 25833, 25834, 25835, 25836, 25837, 25838, 25839], ""columns"": [""index"", ""HighBP"", ""HighChol"", ""CholCheck"", ""BMI"", ""Smoker"", ""Stroke"", ""HeartDiseaseorAttack"", ""PhysActivity"", ""Fruits"", ""Veggies"", ""HvyAlcoholConsump"", ""AnyHealthcare"", ""NoDocbcCost"", ""GenHlth"", ""MentHlth"", ""PhysHlth"", ""DiffWalk"", ""Sex"", ""Age"", ""Education"", ""Income"", ""id""], ""data"": [[63025, 1.0, 0.0, 1.0, 48.0, 1.0, 0.0, 0.0, 0.0, 1.0, 1.0, 0.0, 1.0, 0.0, 2.0, 0.0, 20.0, 1.0, 1.0, 11.0, 6.0, 5.0, 63025], [63026, 1.0, 1.0, 1.0, 33.0, 1.0, 0.0, 0.0, 1.0, 1.0, 1.0, 0.0, 1.0, 0.0, 2.0, 0.0, 0.0, 0.0, 1.0, 13.0, 4.0, 8.0, 63026], [63028, 1.0, 1.0, 1.0, 60.0, 0.0, 0.0, 0.0, 0.0, 0.0, 1.0, 0.0, 1.0, 0.0, 4.0, 1.0, 3.0, 1.0, 0.0, 13.0, 4.0, 3.0, 63028], [63034, 0.0, 1.0, 1.0, 28.0, 0.0, 0.0, 0.0, 0.0, 0.0, 1.0, 0.0, 1.0, 0.0, 3.0, 0.0, 0.0, 0.0, 0.0, 13.0, 5.0, 2.0, 63034], [63038, 0.0, 0.0, 1.0, 33.0, 0.0, 1.0, 0.0, 0.0, 1.0, 1.0, 0.0, 1.0, 0.0, 4.0, 0.0, 30.0, 0.0, 0.0, 10.0, 4.0, 5.0, 63038], [63041, 0.0, 0.0, 1.0, 31.0, 0.0, 0.0, 0.0, 1.0, 1.0, 1.0, 0.0, 1.0, 1.0, 3.0, 0.0, 0.0, 1.0, 1.0, 13.0, 4.0, 1.0, 63041], [63050, 1.0, 1.0, 1.0, 27.0, 1.0, 1.0, 1.0, 0.0, 0.0, 1.0, 0.0, 1.0, 0.0, 5.0, 0.0, 30.0, 1.0, 1.0, 11.0, 5.0, 4.0, 63050], [63051, 1.0, 1.0, 1.0, 27.0, 0.0, 0.0, 0.0, 0.0, 1.0, 1.0, 0.0, 1.0, 0.0, 3.0, 0.0, 0.0, 0.0, 0.0, 13.0, 4.0, 4.0, 63051], [63053, 1.0, 1.0, 1.0, 37.0, 1.0, 0.0, 1.0, 0.0, 1.0, 1.0, 0.0, 1.0, 0.0, 5.0, 30.0, 30.0, 1.0, 0.0, 12.0, 5.0, 5.0, 63053], [63054, 0.0, 0.0, 1.0, 22.0, 1.0, 0.0, 0.0, 1.0, 1.0, 0.0, 0.0, 1.0, 0.0, 3.0, 0.0, 0.0, 0.0, 1.0, 12.0, 5.0, 7.0, 63054]]}}","{""predictions"": [1.0, 1.0, 1.0, 1.0, 1.0, 0.0, 1.0, 0.0, 1.0, 0.0]}",1,"{""model_name"":""labuser70609094f_monitor_demo4f.default.diabetes_model"",""endpoint_name"":""labuser70609094f_endpoint"",""model_version"":""1""}"
null,e67c7377-ec0a-4e63-a573-ef0af5024748,2024-07-08,1720444919223,200,5,"{""dataframe_split"": {""index"": [25840, 25841, 25842, 25843, 25844, 25845, 25846, 25847, 25848, 25849], ""columns"": [""index"", ""HighBP"", ""HighChol"", ""CholCheck"", ""BMI"", ""Smoker"", ""Stroke"", ""HeartDiseaseorAttack"", ""PhysActivity"", ""Fruits"", ""Veggies"", ""HvyAlcoholConsump"", ""AnyHealthcare"", ""NoDocbcCost"", ""GenHlth"", ""MentHlth"", ""PhysHlth"", ""DiffWalk"", ""Sex"", ""Age"", ""Education"", ""Income"", ""id""], ""data"": [[63057, 1.0, 0.0, 1.0, 32.0, 1.0, 0.0, 0.0, 1.0, 0.0, 1.0, 0.0, 1.0, 0.0, 3.0, 0.0, 0.0, 0.0, 1.0, 12.0, 5.0, 8.0, 63057], [63058, 1.0, 0.0, 1.0, 36.0, 1.0, 0.0, 0.0, 1.0, 0.0, 0.0, 0.0, 1.0, 0.0, 2.0, 0.0, 0.0, 0.0, 0.0, 10.0, 5.0, 5.0, 63058], [63060, 1.0, 1.0, 1.0, 53.0, 1.0, 0.0, 0.0, 0.0, 0.0, 0.0, 0.0, 1.0, 0.0, 2.0, 10.0, 30.0, 1.0, 1.0, 10.0, 4.0, 4.0, 63060], [63061, 1.0, 0.0, 1.0, 28.0, 0.0, 0.0, 1.0, 1.0, 0.0, 1.0, 0.0, 1.0, 0.0, 4.0, 0.0, 0.0, 0.0, 0.0, 10.0, 5.0, 5.0, 63061], [63063, 1.0, 1.0, 1.0, 29.0, 1.0, 1.0, 0.0, 0.0, 1.0, 1.0, 0.0, 1.0, 0.0, 4.0, 0.0, 3.0, 0.0, 1.0, 11.0, 6.0, 7.0, 63063], [63067, 1.0, 1.0, 1.0, 21.0, 0.0, 0.0, 0.0, 1.0, 0.0, 0.0, 0.0, 1.0, 0.0, 3.0, 0.0, 2.0, 0.0, 0.0, 13.0, 4.0, 4.0, 63067], [63069, 1.0, 0.0, 1.0, 27.0, 0.0, 0.0, 0.0, 1.0, 1.0, 1.0, 0.0, 1.0, 0.0, 1.0, 0.0, 0.0, 0.0, 1.0, 12.0, 6.0, 8.0, 63069], [63073, 1.0, 1.0, 1.0, 25.0, 1.0, 0.0, 0.0, 1.0, 1.0, 1.0, 0.0, 1.0, 0.0, 4.0, 6.0, 0.0, 1.0, 1.0, 12.0, 5.0, 6.0, 63073], [63074, 1.0, 1.0, 1.0, 42.0, 0.0, 0.0, 0.0, 1.0, 1.0, 1.0, 0.0, 1.0, 0.0, 2.0, 0.0, 0.0, 0.0, 0.0, 10.0, 5.0, 7.0, 63074], [63075, 1.0, 0.0, 1.0, 47.0, 1.0, 0.0, 1.0, 1.0, 1.0, 1.0, 0.0, 1.0, 0.0, 3.0, 0.0, 0.0, 1.0, 1.0, 10.0, 5.0, 3.0, 63075]]}}","{""predictions"": [1.0, 1.0, 1.0, 1.0, 1.0, 1.0, 0.0, 0.0, 1.0, 1.0]}",1,"{""model_name"":""labuser70609094f_monitor_demo4f.default.diabetes_model"",""endpoint_name"":""labuser70609094f_endpoint"",""model_version"":""1""}"
null,c426e49a-3dd5-4e71-9e17-7430ecfc8a12,2024-07-08,1720444919252,200,4,"{""dataframe_split"": {""index"": [25850, 25851, 25852, 25853, 25854, 25855, 25856, 25857, 25858, 25859], ""columns"": [""index"", ""HighBP"", ""HighChol"", ""CholCheck"", ""BMI"", ""Smoker"", ""Stroke"", ""HeartDiseaseorAttack"", ""PhysActivity"", ""Fruits"", ""Veggies"", ""HvyAlcoholConsump"", ""AnyHealthcare"", ""NoDocbcCost"", ""GenHlth"", ""MentHlth"", ""PhysHlth"", ""DiffWalk"", ""Sex"", ""Age"", ""Education"", ""Income"", ""id""], ""data"": [[63076, 1.0, 0.0, 1.0, 46.0, 0.0, 0.0, 0.0, 0.0, 1.0, 1.0, 0.0, 1.0, 0.0, 3.0, 0.0, 15.0, 1.0, 0.0, 10.0, 4.0, 5.0, 63076], [63080, 1.0, 1.0, 1.0, 27.0, 1.0, 0.0, 0.0, 1.0, 0.0, 1.0, 0.0, 1.0, 0.0, 4.0, 2.0, 30.0, 0.0, 1.0, 12.0, 4.0, 2.0, 63080], [63082, 1.0, 1.0, 1.0, 31.0, 0.0, 0.0, 0.0, 1.0, 1.0, 1.0, 0.0, 1.0, 0.0, 2.0, 0.0, 0.0, 1.0, 0.0, 13.0, 6.0, 8.0, 63082], [63085, 0.0, 1.0, 1.0, 32.0, 0.0, 0.0, 1.0, 1.0, 1.0, 1.0, 0.0, 1.0, 0.0, 4.0, 15.0, 0.0, 0.0, 1.0, 11.0, 4.0, 5.0, 63085], [63086, 1.0, 0.0, 1.0, 37.0, 0.0, 0.0, 0.0, 0.0, 0.0, 0.0, 0.0, 1.0, 0.0, 2.0, 0.0, 5.0, 1.0, 0.0, 11.0, 4.0, 2.0, 63086], [63090, 1.0, 1.0, 1.0, 24.0, 1.0, 0.0, 1.0, 1.0, 1.0, 0.0, 0.0, 1.0, 0.0, 3.0, 0.0, 0.0, 1.0, 1.0, 12.0, 4.0, 4.0, 63090], [63092, 1.0, 1.0, 1.0, 31.0, 0.0, 0.0, 0.0, 0.0, 1.0, 1.0, 0.0, 1.0, 0.0, 3.0, 0.0, 0.0, 0.0, 0.0, 12.0, 4.0, 3.0, 63092], [63093, 1.0, 0.0, 1.0, 32.0, 0.0, 0.0, 0.0, 1.0, 0.0, 1.0, 0.0, 1.0, 0.0, 4.0, 30.0, 5.0, 0.0, 0.0, 10.0, 6.0, 6.0, 63093], [63095, 1.0, 1.0, 1.0, 30.0, 1.0, 0.0, 0.0, 0.0, 1.0, 0.0, 0.0, 1.0, 0.0, 3.0, 0.0, 0.0, 1.0, 1.0, 11.0, 4.0, 6.0, 63095], [63096, 0.0, 0.0, 1.0, 38.0, 1.0, 0.0, 0.0, 0.0, 1.0, 1.0, 0.0, 1.0, 0.0, 3.0, 0.0, 5.0, 1.0, 0.0, 11.0, 4.0, 6.0, 63096]]}}","{""predictions"": [1.0, 1.0, 1.0, 0.0, 1.0, 1.0, 1.0, 0.0, 1.0, 1.0]}",1,"{""model_name"":""labuser70609094f_monitor_demo4f.default.diabetes_model"",""endpoint_name"":""labuser70609094f_endpoint"",""model_version"":""1""}"
null,d967c31c-b990-41df-966b-450fa89a6c2e,2024-07-08,1720444919449,200,4,"{""dataframe_split"": {""index"": [25920, 25921, 25922, 25923, 25924, 25925, 25926, 25927, 25928, 25929], ""columns"": [""index"", ""HighBP"", ""HighChol"", ""CholCheck"", ""BMI"", ""Smoker"", ""Stroke"", ""HeartDiseaseorAttack"", ""PhysActivity"", ""Fruits"", ""Veggies"", ""HvyAlcoholConsump"", ""AnyHealthcare"", ""NoDocbcCost"", ""GenHlth"", ""MentHlth"", ""PhysHlth"", ""DiffWalk"", ""Sex"", ""Age"", ""Education"", ""Income"", ""id""], ""data"": [[63202, 0.0, 1.0, 1.0, 24.0, 0.0, 0.0, 0.0, 1.0, 1.0, 1.0, 0.0, 1.0, 0.0, 3.0, 0.0, 0.0, 0.0, 0.0, 12.0, 5.0, 7.0, 63202], [63203, 1.0, 1.0, 1.0, 23.0, 1.0, 0.0, 0.0, 1.0, 1.0, 1.0, 0.0, 1.0, 0.0, 5.0, 0.0, 15.0, 1.0, 0.0, 13.0, 5.0, 3.0, 63203], [63204, 1.0, 0.0, 1.0, 22.0, 1.0, 0.0, 0.0, 1.0, 1.0, 0.0, 0.0, 1.0, 0.0, 3.0, 30.0, 0.0, 0.0, 1.0, 13.0, 6.0, 7.0, 63204], [63205, 0.0, 1.0, 1.0, 28.0, 1.0, 0.0, 0.0, 1.0, 1.0, 1.0, 0.0, 1.0, 0.0, 3.0, 0.0, 0.0, 0.0, 1.0, 11.0, 4.0, 6.0, 63205], [63208, 1.0, 0.0, 1.0, 30.0, 1.0, 0.0, 0.0, 1.0, 1.0, 1.0, 0.0, 1.0, 0.0, 2.0, 0.0, 0.0, 1.0, 1.0, 11.0, 6.0, 8.0, 63208], [63209, 0.0, 1.0, 1.0, 34.0, 1.0, 0.0, 1.0, 0.0, 1.0, 1.0, 0.0, 1.0, 0.0, 4.0, 0.0, 0.0, 0.0, 0.0, 12.0, 4.0, 5.0, 63209], [63210, 0.0, 0.0, 1.0, 24.0, 1.0, 0.0, 0.0, 1.0, 0.0, 1.0, 0.0, 1.0, 0.0, 2.0, 0.0, 0.0, 0.0, 1.0, 10.0, 6.0, 7.0, 63210], [63211, 1.0, 0.0, 1.0, 34.0, 0.0, 0.0, 0.0, 0.0, 0.0, 1.0, 0.0, 1.0, 0.0, 4.0, 0.0, 15.0, 1.0, 0.0, 10.0, 5.0, 5.0, 63211], [63212, 1.0, 0.0, 1.0, 38.0, 1.0, 0.0, 1.0, 1.0, 0.0, 1.0, 0.0, 1.0, 0.0, 5.0, 0.0, 30.0, 0.0, 1.0, 11.0, 5.0, 5.0, 63212], [63213, 1.0, 1.0, 1.0, 27.0, 0.0, 0.0, 0.0, 1.0, 0.0, 1.0, 0.0, 1.0, 0.0, 2.0, 0.0, 0.0, 0.0, 1.0, 12.0, 6.0, 8.0, 63213]]}}","{""predictions"": [1.0, 1.0, 1.0, 1.0, 1.0, 1.0, 0.0, 1.0, 1.0, 1.0]}",1,"{""model_name"":""labuser70609094f_monitor_demo4f.default.diabetes_model"",""endpoint_name"":""labuser70609094f_endpoint"",""model_version"":""1""}"
null,9317afce-965d-4662-85d7-f9eda9cc5171,2024-07-08,1720444920378,200,4,"{""dataframe_split"": {""index"": [26240, 26241, 26242, 26243, 26244, 26245, 26246, 26247, 26248, 26249], ""columns"": [""index"", ""HighBP"", ""HighChol"", ""CholCheck"", ""BMI"", ""Smoker"", ""Stroke"", ""HeartDiseaseorAttack"", ""PhysActivity"", ""Fruits"", ""Veggies"", ""HvyAlcoholConsump"", ""AnyHealthcare"", ""NoDocbcCost"", ""GenHlth"", ""MentHlth"", ""PhysHlth"", ""DiffWalk"", ""Sex"", ""Age"", ""Education"", ""Income"", ""id""], ""data"": [[63861, 1.0, 1.0, 1.0, 24.0, 0.0, 0.0, 0.0, 1.0, 1.0, 1.0, 0.0, 1.0, 0.0, 1.0, 0.0, 0.0, 0.0, 0.0, 11.0, 6.0, 6.0, 63861], [63862, 0.0, 1.0, 1.0, 23.0, 0.0, 0.0, 1.0, 1.0, 1.0, 1.0, 0.0, 1.0, 0.0, 1.0, 0.0, 30.0, 0.0, 1.0, 13.0, 6.0, 8.0, 63862], [63863, 1.0, 0.0, 1.0, 26.0, 1.0, 1.0, 0.0, 1.0, 0.0, 1.0, 0.0, 1.0, 0.0, 3.0, 0.0, 0.0, 0.0, 1.0, 12.0, 4.0, 5.0, 63863], [63864, 1.0, 1.0, 1.0, 30.0, 1.0, 0.0, 0.0, 1.0, 1.0, 1.0, 0.0, 1.0, 0.0, 3.0, 0.0, 1.0, 0.0, 1.0, 10.0, 4.0, 8.0, 63864], [63865, 0.0, 0.0, 1.0, 33.0, 1.0, 0.0, 1.0, 1.0, 1.0, 1.0, 0.0, 1.0, 0.0, 3.0, 0.0, 0.0, 0.0, 1.0, 11.0, 6.0, 5.0, 63865], [63867, 1.0, 0.0, 1.0, 27.0, 1.0, 0.0, 0.0, 1.0, 0.0, 0.0, 0.0, 1.0, 0.0, 3.0, 0.0, 0.0, 0.0, 1.0, 10.0, 6.0, 8.0, 63867], [63869, 1.0, 1.0, 1.0, 29.0, 0.0, 0.0, 0.0, 1.0, 1.0, 1.0, 0.0, 1.0, 0.0, 2.0, 0.0, 0.0, 0.0, 1.0, 10.0, 6.0, 8.0, 63869], [63870, 1.0, 1.0, 1.0, 29.0, 1.0, 1.0, 0.0, 0.0, 1.0, 0.0, 0.0, 1.0, 0.0, 4.0, 0.0, 2.0, 1.0, 1.0, 13.0, 4.0, 4.0, 63870], [63871, 1.0, 1.0, 1.0, 24.0, 0.0, 1.0, 1.0, 0.0, 0.0, 0.0, 0.0, 1.0, 0.0, 5.0, 0.0, 30.0, 1.0, 0.0, 13.0, 5.0, 2.0, 63871], [63872, 1.0, 1.0, 1.0, 32.0, 0.0, 0.0, 1.0, 0.0, 1.0, 1.0, 0.0, 1.0, 0.0, 4.0, 0.0, 15.0, 1.0, 0.0, 13.0, 5.0, 3.0, 63872]]}}","{""predictions"": [0.0, 1.0, 1.0, 0.0, 1.0, 0.0, 0.0, 1.0, 0.0, 1.0]}",1,"{""model_name"":""labuser70609094f_monitor_demo4f.default.diabetes_model"",""endpoint_name"":""labuser70609094f_endpoint"",""model_version"":""1""}"
null,4e502460-eb7b-422f-b507-861be97a9f50,2024-07-08,1720444920440,200,4,"{""dataframe_split"": {""index"": [26260, 26261, 26262, 26263, 26264, 26265, 26266, 26267, 26268, 26269], ""columns"": [""index"", ""HighBP"", ""HighChol"", ""CholCheck"", ""BMI"", ""Smoker"", ""Stroke"", ""HeartDiseaseorAttack"", ""PhysActivity"", ""Fruits"", ""Veggies"", ""HvyAlcoholConsump"", ""AnyHealthcare"", ""NoDocbcCost"", ""GenHlth"", ""MentHlth"", ""PhysHlth"", ""DiffWalk"", ""Sex"", ""Age"", ""Education"", ""Income"", ""id""], ""data"": [[63887, 1.0, 1.0, 1.0, 38.0, 1.0, 0.0, 0.0, 0.0, 1.0, 0.0, 0.0, 1.0, 0.0, 3.0, 10.0, 5.0, 1.0, 0.0, 10.0, 4.0, 3.0, 63887], [63889, 1.0, 1.0, 1.0, 21.0, 1.0, 0.0, 0.0, 1.0, 0.0, 0.0, 0.0, 1.0, 0.0, 4.0, 0.0, 0.0, 1.0, 0.0, 11.0, 4.0, 4.0, 63889], [63890, 1.0, 0.0, 1.0, 27.0, 1.0, 0.0, 0.0, 1.0, 1.0, 1.0, 0.0, 1.0, 0.0, 5.0, 20.0, 0.0, 0.0, 1.0, 10.0, 3.0, 2.0, 63890], [63891, 0.0, 1.0, 1.0, 28.0, 1.0, 0.0, 1.0, 1.0, 0.0, 0.0, 0.0, 1.0, 0.0, 3.0, 0.0, 0.0, 0.0, 1.0, 11.0, 5.0, 6.0, 63891], [63893, 1.0, 0.0, 1.0, 27.0, 1.0, 1.0, 0.0, 1.0, 1.0, 1.0, 0.0, 1.0, 0.0, 4.0, 0.0, 0.0, 0.0, 1.0, 13.0, 5.0, 5.0, 63893], [63894, 1.0, 1.0, 1.0, 27.0, 0.0, 0.0, 0.0, 1.0, 0.0, 1.0, 0.0, 1.0, 0.0, 3.0, 0.0, 10.0, 0.0, 1.0, 10.0, 4.0, 7.0, 63894], [63895, 1.0, 1.0, 1.0, 21.0, 0.0, 0.0, 0.0, 1.0, 0.0, 1.0, 0.0, 1.0, 0.0, 2.0, 0.0, 0.0, 0.0, 1.0, 12.0, 6.0, 8.0, 63895], [63896, 1.0, 1.0, 1.0, 30.0, 1.0, 0.0, 1.0, 0.0, 1.0, 1.0, 0.0, 1.0, 0.0, 4.0, 0.0, 30.0, 1.0, 0.0, 10.0, 2.0, 2.0, 63896], [63897, 1.0, 1.0, 1.0, 34.0, 1.0, 0.0, 0.0, 1.0, 1.0, 0.0, 0.0, 1.0, 0.0, 4.0, 0.0, 0.0, 0.0, 0.0, 10.0, 5.0, 4.0, 63897], [63898, 0.0, 1.0, 1.0, 30.0, 1.0, 0.0, 0.0, 0.0, 1.0, 1.0, 0.0, 1.0, 0.0, 3.0, 0.0, 2.0, 0.0, 1.0, 10.0, 5.0, 4.0, 63898]]}}","{""predictions"": [0.0, 0.0, 1.0, 1.0, 0.0, 1.0, 0.0, 1.0, 1.0, 0.0]}",1,"{""model_name"":""labuser70609094f_monitor_demo4f.default.diabetes_model"",""endpoint_name"":""labuser70609094f_endpoint"",""model_version"":""1""}"
null,6f723490-3e7d-453b-a5d1-483c9a5b0b34,2024-07-08,1720444920468,200,4,"{""dataframe_split"": {""index"": [26270, 26271, 26272, 26273, 26274, 26275, 26276, 26277, 26278, 26279], ""columns"": [""index"", ""HighBP"", ""HighChol"", ""CholCheck"", ""BMI"", ""Smoker"", ""Stroke"", ""HeartDiseaseorAttack"", ""PhysActivity"", ""Fruits"", ""Veggies"", ""HvyAlcoholConsump"", ""AnyHealthcare"", ""NoDocbcCost"", ""GenHlth"", ""MentHlth"", ""PhysHlth"", ""DiffWalk"", ""Sex"", ""Age"", ""Education"", ""Income"", ""id""], ""data"": [[63899, 1.0, 0.0, 1.0, 41.0, 1.0, 0.0, 0.0, 1.0, 1.0, 1.0, 0.0, 1.0, 0.0, 3.0, 0.0, 0.0, 0.0, 1.0, 11.0, 4.0, 3.0, 63899], [63900, 0.0, 1.0, 1.0, 23.0, 1.0, 0.0, 1.0, 1.0, 1.0, 1.0, 0.0, 1.0, 0.0, 3.0, 0.0, 0.0, 0.0, 1.0, 11.0, 6.0, 8.0, 63900], [63901, 1.0, 1.0, 1.0, 29.0, 0.0, 0.0, 1.0, 0.0, 0.0, 1.0, 0.0, 1.0, 0.0, 3.0, 30.0, 0.0, 1.0, 1.0, 13.0, 3.0, 4.0, 63901], [63902, 1.0, 0.0, 1.0, 26.0, 1.0, 0.0, 0.0, 1.0, 1.0, 0.0, 0.0, 1.0, 0.0, 3.0, 0.0, 0.0, 0.0, 1.0, 13.0, 2.0, 1.0, 63902], [63903, 1.0, 0.0, 1.0, 31.0, 0.0, 0.0, 1.0, 1.0, 0.0, 1.0, 0.0, 1.0, 0.0, 5.0, 0.0, 2.0, 0.0, 0.0, 11.0, 2.0, 2.0, 63903], [63904, 1.0, 1.0, 1.0, 33.0, 1.0, 0.0, 1.0, 0.0, 1.0, 1.0, 0.0, 1.0, 0.0, 3.0, 0.0, 10.0, 1.0, 0.0, 13.0, 4.0, 5.0, 63904], [63907, 1.0, 1.0, 1.0, 31.0, 1.0, 0.0, 0.0, 1.0, 0.0, 1.0, 0.0, 1.0, 0.0, 2.0, 0.0, 0.0, 0.0, 0.0, 11.0, 5.0, 2.0, 63907], [63909, 1.0, 1.0, 1.0, 32.0, 1.0, 0.0, 0.0, 1.0, 1.0, 1.0, 0.0, 1.0, 0.0, 4.0, 0.0, 0.0, 1.0, 0.0, 12.0, 4.0, 2.0, 63909], [63910, 1.0, 1.0, 1.0, 35.0, 0.0, 0.0, 0.0, 1.0, 1.0, 0.0, 0.0, 1.0, 0.0, 3.0, 0.0, 7.0, 0.0, 0.0, 10.0, 3.0, 4.0, 63910], [63911, 1.0, 1.0, 1.0, 38.0, 1.0, 0.0, 0.0, 0.0, 1.0, 1.0, 0.0, 1.0, 1.0, 4.0, 1.0, 28.0, 1.0, 1.0, 10.0, 6.0, 5.0, 63911]]}}","{""predictions"": [1.0, 1.0, 1.0, 0.0, 1.0, 1.0, 1.0, 1.0, 1.0, 0.0]}",1,"{""model_name"":""labuser70609094f_monitor_demo4f.default.diabetes_model"",""endpoint_name"":""labuser70609094f_endpoint"",""model_version"":""1""}"
null,c51ee36e-cd7e-441f-a5db-fee92a268508,2024-07-08,1720444920494,200,4,"{""dataframe_split"": {""index"": [26280, 26281, 26282, 26283, 26284, 26285, 26286, 26287, 26288, 26289], ""columns"": [""index"", ""HighBP"", ""HighChol"", ""CholCheck"", ""BMI"", ""Smoker"", ""Stroke"", ""HeartDiseaseorAttack"", ""PhysActivity"", ""Fruits"", ""Veggies"", ""HvyAlcoholConsump"", ""AnyHealthcare"", ""NoDocbcCost"", ""GenHlth"", ""MentHlth"", ""PhysHlth"", ""DiffWalk"", ""Sex"", ""Age"", ""Education"", ""Income"", ""id""], ""data"": [[63912, 1.0, 0.0, 1.0, 30.0, 1.0, 1.0, 0.0, 0.0, 1.0, 0.0, 0.0, 1.0, 0.0, 4.0, 0.0, 30.0, 1.0, 0.0, 11.0, 4.0, 6.0, 63912], [63914, 1.0, 0.0, 1.0, 27.0, 0.0, 1.0, 0.0, 1.0, 1.0, 0.0, 0.0, 1.0, 0.0, 2.0, 0.0, 0.0, 0.0, 0.0, 13.0, 4.0, 2.0, 63914], [63915, 1.0, 1.0, 1.0, 38.0, 1.0, 0.0, 0.0, 0.0, 1.0, 1.0, 0.0, 1.0, 0.0, 3.0, 0.0, 0.0, 0.0, 0.0, 11.0, 4.0, 4.0, 63915], [63917, 1.0, 0.0, 1.0, 29.0, 0.0, 0.0, 0.0, 1.0, 1.0, 1.0, 0.0, 1.0, 0.0, 3.0, 0.0, 0.0, 0.0, 1.0, 12.0, 6.0, 5.0, 63917], [63925, 1.0, 0.0, 1.0, 31.0, 0.0, 0.0, 0.0, 1.0, 1.0, 1.0, 0.0, 1.0, 0.0, 3.0, 0.0, 0.0, 0.0, 0.0, 11.0, 5.0, 5.0, 63925], [63927, 1.0, 1.0, 1.0, 29.0, 1.0, 0.0, 0.0, 1.0, 1.0, 1.0, 0.0, 1.0, 0.0, 3.0, 0.0, 0.0, 0.0, 0.0, 11.0, 5.0, 5.0, 63927], [63928, 1.0, 1.0, 1.0, 24.0, 1.0, 0.0, 0.0, 1.0, 1.0, 1.0, 0.0, 1.0, 0.0, 2.0, 0.0, 0.0, 0.0, 0.0, 12.0, 6.0, 6.0, 63928], [63930, 1.0, 1.0, 1.0, 26.0, 0.0, 0.0, 0.0, 1.0, 0.0, 0.0, 0.0, 1.0, 0.0, 4.0, 0.0, 7.0, 0.0, 0.0, 13.0, 3.0, 2.0, 63930], [63933, 0.0, 0.0, 1.0, 26.0, 1.0, 0.0, 1.0, 0.0, 0.0, 1.0, 0.0, 1.0, 0.0, 3.0, 3.0, 0.0, 0.0, 1.0, 11.0, 5.0, 3.0, 63933], [63934, 0.0, 0.0, 1.0, 29.0, 1.0, 0.0, 0.0, 1.0, 0.0, 1.0, 0.0, 1.0, 0.0, 3.0, 4.0, 4.0, 1.0, 1.0, 11.0, 4.0, 5.0, 63934]]}}","{""predictions"": [0.0, 1.0, 1.0, 0.0, 1.0, 1.0, 0.0, 1.0, 1.0, 1.0]}",1,"{""model_name"":""labuser70609094f_monitor_demo4f.default.diabetes_model"",""endpoint_name"":""labuser70609094f_endpoint"",""model_version"":""1""}"
null,6da1f9cd-23d8-4d46-8c59-ec1faf7f4dd0,2024-07-08,1720444920761,200,4,"{""dataframe_split"": {""index"": [26370, 26371, 26372, 26373, 26374, 26375, 26376, 26377, 26378, 26379], ""columns"": [""index"", ""HighBP"", ""HighChol"", ""CholCheck"", ""BMI"", ""Smoker"", ""Stroke"", ""HeartDiseaseorAttack"", ""PhysActivity"", ""Fruits"", ""Veggies"", ""HvyAlcoholConsump"", ""AnyHealthcare"", ""NoDocbcCost"", ""GenHlth"", ""MentHlth"", ""PhysHlth"", ""DiffWalk"", ""Sex"", ""Age"", ""Education"", ""Income"", ""id""], ""data"": [[64158, 1.0, 1.0, 1.0, 36.0, 1.0, 0.0, 0.0, 0.0, 0.0, 1.0, 0.0, 1.0, 0.0, 3.0, 0.0, 0.0, 0.0, 1.0, 10.0, 5.0, 6.0, 64158], [64159, 1.0, 0.0, 1.0, 27.0, 0.0, 0.0, 0.0, 0.0, 0.0, 1.0, 0.0, 1.0, 0.0, 2.0, 0.0, 0.0, 1.0, 0.0, 13.0, 3.0, 4.0, 64159], [64161, 0.0, 1.0, 1.0, 25.0, 0.0, 0.0, 1.0, 0.0, 1.0, 1.0, 0.0, 1.0, 0.0, 4.0, 0.0, 30.0, 1.0, 0.0, 11.0, 5.0, 8.0, 64161], [64162, 1.0, 1.0, 1.0, 28.0, 1.0, 0.0, 1.0, 1.0, 1.0, 0.0, 0.0, 1.0, 0.0, 5.0, 30.0, 30.0, 1.0, 1.0, 12.0, 3.0, 1.0, 64162], [64163, 1.0, 1.0, 1.0, 23.0, 1.0, 0.0, 0.0, 0.0, 0.0, 0.0, 0.0, 1.0, 0.0, 5.0, 20.0, 30.0, 1.0, 1.0, 10.0, 5.0, 4.0, 64163], [64164, 0.0, 0.0, 1.0, 32.0, 0.0, 0.0, 0.0, 1.0, 0.0, 1.0, 0.0, 1.0, 0.0, 4.0, 0.0, 7.0, 0.0, 1.0, 11.0, 5.0, 8.0, 64164], [64165, 0.0, 0.0, 1.0, 21.0, 0.0, 0.0, 0.0, 1.0, 1.0, 1.0, 0.0, 1.0, 0.0, 3.0, 0.0, 0.0, 0.0, 1.0, 11.0, 6.0, 8.0, 64165], [64174, 1.0, 1.0, 1.0, 26.0, 1.0, 1.0, 1.0, 1.0, 0.0, 0.0, 0.0, 1.0, 0.0, 4.0, 1.0, 0.0, 1.0, 0.0, 11.0, 4.0, 4.0, 64174], [64175, 1.0, 1.0, 1.0, 34.0, 0.0, 0.0, 0.0, 0.0, 0.0, 1.0, 0.0, 1.0, 0.0, 3.0, 0.0, 0.0, 1.0, 0.0, 12.0, 2.0, 1.0, 64175], [64176, 1.0, 1.0, 1.0, 39.0, 1.0, 1.0, 0.0, 0.0, 1.0, 1.0, 0.0, 1.0, 0.0, 4.0, 20.0, 30.0, 1.0, 0.0, 11.0, 6.0, 4.0, 64176]]}}","{""predictions"": [0.0, 1.0, 1.0, 1.0, 1.0, 1.0, 1.0, 1.0, 1.0, 1.0]}",1,"{""model_name"":""labuser70609094f_monitor_demo4f.default.diabetes_model"",""endpoint_name"":""labuser70609094f_endpoint"",""model_version"":""1""}"
null,1a418ce5-b7e0-4037-b23f-2ab01433cd04,2024-07-08,1720444921517,200,6,"{""dataframe_split"": {""index"": [26620, 26621, 26622, 26623, 26624, 26625, 26626, 26627, 26628, 26629], ""columns"": [""index"", ""HighBP"", ""HighChol"", ""CholCheck"", ""BMI"", ""Smoker"", ""Stroke"", ""HeartDiseaseorAttack"", ""PhysActivity"", ""Fruits"", ""Veggies"", ""HvyAlcoholConsump"", ""AnyHealthcare"", ""NoDocbcCost"", ""GenHlth"", ""MentHlth"", ""PhysHlth"", ""DiffWalk"", ""Sex"", ""Age"", ""Education"", ""Income"", ""id""], ""data"": [[64585, 0.0, 1.0, 1.0, 28.0, 0.0, 0.0, 0.0, 0.0, 0.0, 0.0, 0.0, 1.0, 0.0, 5.0, 5.0, 30.0, 1.0, 0.0, 11.0, 4.0, 5.0, 64585], [64587, 1.0, 1.0, 1.0, 44.0, 1.0, 0.0, 1.0, 0.0, 0.0, 1.0, 0.0, 1.0, 0.0, 4.0, 30.0, 30.0, 1.0, 0.0, 13.0, 6.0, 4.0, 64587], [64588, 1.0, 1.0, 1.0, 50.0, 0.0, 0.0, 0.0, 0.0, 1.0, 1.0, 0.0, 1.0, 0.0, 4.0, 30.0, 4.0, 1.0, 0.0, 10.0, 4.0, 3.0, 64588], [64591, 0.0, 0.0, 1.0, 36.0, 0.0, 0.0, 0.0, 0.0, 0.0, 1.0, 0.0, 1.0, 1.0, 4.0, 0.0, 7.0, 1.0, 0.0, 13.0, 4.0, 3.0, 64591], [64592, 1.0, 1.0, 1.0, 29.0, 0.0, 0.0, 0.0, 1.0, 0.0, 1.0, 0.0, 1.0, 0.0, 4.0, 0.0, 0.0, 1.0, 0.0, 12.0, 3.0, 1.0, 64592], [64595, 1.0, 0.0, 1.0, 21.0, 1.0, 0.0, 0.0, 1.0, 1.0, 1.0, 0.0, 1.0, 0.0, 4.0, 0.0, 2.0, 1.0, 1.0, 11.0, 5.0, 6.0, 64595], [64599, 1.0, 1.0, 1.0, 37.0, 0.0, 0.0, 0.0, 1.0, 1.0, 1.0, 0.0, 1.0, 0.0, 3.0, 0.0, 4.0, 1.0, 0.0, 12.0, 6.0, 8.0, 64599], [64600, 1.0, 1.0, 1.0, 26.0, 1.0, 0.0, 0.0, 0.0, 1.0, 1.0, 0.0, 1.0, 0.0, 3.0, 0.0, 21.0, 1.0, 0.0, 11.0, 4.0, 8.0, 64600], [64602, 0.0, 0.0, 1.0, 32.0, 1.0, 0.0, 1.0, 0.0, 0.0, 1.0, 0.0, 1.0, 0.0, 4.0, 0.0, 30.0, 1.0, 1.0, 11.0, 5.0, 6.0, 64602], [64603, 1.0, 0.0, 1.0, 33.0, 1.0, 0.0, 1.0, 0.0, 0.0, 1.0, 0.0, 1.0, 0.0, 2.0, 0.0, 0.0, 0.0, 1.0, 10.0, 4.0, 7.0, 64603]]}}","{""predictions"": [1.0, 1.0, 1.0, 0.0, 1.0, 0.0, 1.0, 1.0, 1.0, 1.0]}",1,"{""model_name"":""labuser70609094f_monitor_demo4f.default.diabetes_model"",""endpoint_name"":""labuser70609094f_endpoint"",""model_version"":""1""}"
null,ebb7e629-9e6c-47c6-8cb4-3883fd4ebd7d,2024-07-08,1720444921545,200,4,"{""dataframe_split"": {""index"": [26630, 26631, 26632, 26633, 26634, 26635, 26636, 26637, 26638, 26639], ""columns"": [""index"", ""HighBP"", ""HighChol"", ""CholCheck"", ""BMI"", ""Smoker"", ""Stroke"", ""HeartDiseaseorAttack"", ""PhysActivity"", ""Fruits"", ""Veggies"", ""HvyAlcoholConsump"", ""AnyHealthcare"", ""NoDocbcCost"", ""GenHlth"", ""MentHlth"", ""PhysHlth"", ""DiffWalk"", ""Sex"", ""Age"", ""Education"", ""Income"", ""id""], ""data"": [[64604, 1.0, 0.0, 1.0, 28.0, 0.0, 0.0, 1.0, 0.0, 0.0, 0.0, 0.0, 1.0, 0.0, 4.0, 0.0, 0.0, 0.0, 1.0, 12.0, 2.0, 3.0, 64604], [64605, 1.0, 1.0, 1.0, 39.0, 1.0, 0.0, 0.0, 0.0, 1.0, 1.0, 0.0, 1.0, 0.0, 5.0, 3.0, 25.0, 1.0, 0.0, 10.0, 4.0, 2.0, 64605], [64607, 0.0, 0.0, 1.0, 22.0, 0.0, 0.0, 0.0, 1.0, 1.0, 1.0, 0.0, 1.0, 0.0, 2.0, 0.0, 0.0, 0.0, 1.0, 12.0, 6.0, 7.0, 64607], [64608, 0.0, 1.0, 1.0, 25.0, 0.0, 0.0, 1.0, 1.0, 1.0, 0.0, 0.0, 1.0, 0.0, 3.0, 0.0, 0.0, 0.0, 0.0, 13.0, 6.0, 6.0, 64608], [64610, 1.0, 0.0, 1.0, 21.0, 0.0, 0.0, 0.0, 1.0, 0.0, 0.0, 0.0, 1.0, 0.0, 3.0, 0.0, 0.0, 1.0, 0.0, 11.0, 4.0, 4.0, 64610], [64612, 1.0, 1.0, 1.0, 48.0, 1.0, 0.0, 0.0, 0.0, 0.0, 1.0, 0.0, 1.0, 0.0, 3.0, 5.0, 5.0, 1.0, 0.0, 11.0, 4.0, 4.0, 64612], [64613, 1.0, 1.0, 1.0, 33.0, 0.0, 0.0, 0.0, 0.0, 0.0, 0.0, 1.0, 1.0, 0.0, 4.0, 0.0, 0.0, 0.0, 0.0, 13.0, 3.0, 2.0, 64613], [64614, 1.0, 0.0, 1.0, 34.0, 1.0, 0.0, 1.0, 1.0, 1.0, 1.0, 0.0, 1.0, 0.0, 3.0, 0.0, 6.0, 1.0, 1.0, 12.0, 5.0, 6.0, 64614], [64615, 1.0, 1.0, 1.0, 23.0, 1.0, 0.0, 0.0, 1.0, 1.0, 0.0, 0.0, 1.0, 0.0, 3.0, 0.0, 0.0, 0.0, 1.0, 13.0, 6.0, 6.0, 64615], [64616, 1.0, 1.0, 1.0, 27.0, 1.0, 0.0, 0.0, 1.0, 1.0, 1.0, 0.0, 1.0, 0.0, 2.0, 0.0, 0.0, 0.0, 1.0, 11.0, 6.0, 8.0, 64616]]}}","{""predictions"": [1.0, 1.0, 0.0, 0.0, 0.0, 1.0, 1.0, 1.0, 1.0, 0.0]}",1,"{""model_name"":""labuser70609094f_monitor_demo4f.default.diabetes_model"",""endpoint_name"":""labuser70609094f_endpoint"",""model_version"":""1""}"
null,47779d0b-abb6-49fe-baad-edb5cf1accb6,2024-07-08,1720444921574,200,4,"{""dataframe_split"": {""index"": [26640, 26641, 26642, 26643, 26644, 26645, 26646, 26647, 26648, 26649], ""columns"": [""index"", ""HighBP"", ""HighChol"", ""CholCheck"", ""BMI"", ""Smoker"", ""Stroke"", ""HeartDiseaseorAttack"", ""PhysActivity"", ""Fruits"", ""Veggies"", ""HvyAlcoholConsump"", ""AnyHealthcare"", ""NoDocbcCost"", ""GenHlth"", ""MentHlth"", ""PhysHlth"", ""DiffWalk"", ""Sex"", ""Age"", ""Education"", ""Income"", ""id""], ""data"": [[64617, 1.0, 1.0, 1.0, 27.0, 1.0, 0.0, 0.0, 0.0, 1.0, 1.0, 0.0, 1.0, 0.0, 4.0, 0.0, 30.0, 1.0, 0.0, 13.0, 6.0, 3.0, 64617], [64618, 1.0, 0.0, 1.0, 33.0, 1.0, 1.0, 0.0, 1.0, 0.0, 0.0, 0.0, 1.0, 0.0, 1.0, 0.0, 0.0, 0.0, 1.0, 12.0, 5.0, 6.0, 64618], [64619, 1.0, 1.0, 1.0, 32.0, 1.0, 0.0, 0.0, 1.0, 0.0, 1.0, 0.0, 1.0, 0.0, 3.0, 0.0, 0.0, 0.0, 0.0, 11.0, 3.0, 5.0, 64619], [64620, 0.0, 1.0, 1.0, 38.0, 1.0, 0.0, 0.0, 1.0, 0.0, 1.0, 0.0, 1.0, 0.0, 3.0, 0.0, 0.0, 0.0, 1.0, 10.0, 6.0, 8.0, 64620], [64622, 1.0, 1.0, 1.0, 28.0, 0.0, 0.0, 1.0, 1.0, 1.0, 1.0, 0.0, 1.0, 0.0, 2.0, 0.0, 0.0, 0.0, 1.0, 12.0, 6.0, 8.0, 64622], [64625, 1.0, 1.0, 1.0, 24.0, 1.0, 0.0, 0.0, 1.0, 1.0, 1.0, 0.0, 1.0, 0.0, 3.0, 0.0, 0.0, 1.0, 0.0, 13.0, 4.0, 5.0, 64625], [64626, 1.0, 1.0, 1.0, 28.0, 1.0, 0.0, 0.0, 1.0, 0.0, 1.0, 0.0, 1.0, 0.0, 2.0, 0.0, 0.0, 0.0, 1.0, 12.0, 6.0, 8.0, 64626], [64628, 0.0, 1.0, 1.0, 28.0, 0.0, 0.0, 1.0, 1.0, 0.0, 0.0, 0.0, 1.0, 0.0, 3.0, 1.0, 7.0, 1.0, 1.0, 13.0, 6.0, 8.0, 64628], [64633, 1.0, 1.0, 1.0, 26.0, 1.0, 0.0, 1.0, 1.0, 0.0, 1.0, 0.0, 1.0, 0.0, 5.0, 0.0, 5.0, 1.0, 1.0, 11.0, 5.0, 8.0, 64633], [64634, 1.0, 1.0, 1.0, 37.0, 0.0, 0.0, 1.0, 0.0, 1.0, 1.0, 0.0, 1.0, 1.0, 5.0, 7.0, 7.0, 1.0, 0.0, 10.0, 4.0, 2.0, 64634]]}}","{""predictions"": [0.0, 0.0, 1.0, 1.0, 1.0, 1.0, 0.0, 0.0, 1.0, 1.0]}",1,"{""model_name"":""labuser70609094f_monitor_demo4f.default.diabetes_model"",""endpoint_name"":""labuser70609094f_endpoint"",""model_version"":""1""}"
null,a78c4522-37cb-43d5-a2de-915befb66beb,2024-07-08,1720444921606,200,4,"{""dataframe_split"": {""index"": [26650, 26651, 26652, 26653, 26654, 26655, 26656, 26657, 26658, 26659], ""columns"": [""index"", ""HighBP"", ""HighChol"", ""CholCheck"", ""BMI"", ""Smoker"", ""Stroke"", ""HeartDiseaseorAttack"", ""PhysActivity"", ""Fruits"", ""Veggies"", ""HvyAlcoholConsump"", ""AnyHealthcare"", ""NoDocbcCost"", ""GenHlth"", ""MentHlth"", ""PhysHlth"", ""DiffWalk"", ""Sex"", ""Age"", ""Education"", ""Income"", ""id""], ""data"": [[64635, 0.0, 1.0, 1.0, 27.0, 0.0, 1.0, 0.0, 1.0, 0.0, 1.0, 0.0, 1.0, 0.0, 2.0, 0.0, 25.0, 0.0, 0.0, 10.0, 4.0, 1.0, 64635], [64638, 1.0, 1.0, 1.0, 27.0, 1.0, 0.0, 0.0, 1.0, 1.0, 1.0, 0.0, 1.0, 0.0, 2.0, 0.0, 0.0, 0.0, 1.0, 12.0, 6.0, 8.0, 64638], [64639, 0.0, 1.0, 1.0, 44.0, 0.0, 0.0, 0.0, 1.0, 0.0, 1.0, 0.0, 1.0, 0.0, 5.0, 12.0, 28.0, 1.0, 0.0, 10.0, 2.0, 1.0, 64639], [64640, 1.0, 0.0, 1.0, 40.0, 0.0, 0.0, 0.0, 1.0, 1.0, 1.0, 0.0, 1.0, 0.0, 2.0, 0.0, 0.0, 0.0, 0.0, 10.0, 2.0, 5.0, 64640], [64641, 1.0, 0.0, 1.0, 30.0, 0.0, 0.0, 0.0, 1.0, 0.0, 1.0, 0.0, 1.0, 0.0, 2.0, 0.0, 0.0, 0.0, 1.0, 11.0, 6.0, 8.0, 64641], [64647, 1.0, 1.0, 1.0, 33.0, 0.0, 0.0, 0.0, 1.0, 0.0, 1.0, 0.0, 1.0, 0.0, 2.0, 0.0, 0.0, 0.0, 1.0, 10.0, 6.0, 8.0, 64647], [64650, 1.0, 1.0, 1.0, 29.0, 0.0, 0.0, 0.0, 1.0, 1.0, 1.0, 0.0, 1.0, 0.0, 4.0, 0.0, 19.0, 0.0, 0.0, 10.0, 5.0, 5.0, 64650], [64652, 0.0, 1.0, 1.0, 29.0, 1.0, 0.0, 0.0, 1.0, 1.0, 1.0, 0.0, 1.0, 0.0, 4.0, 0.0, 2.0, 1.0, 0.0, 11.0, 5.0, 4.0, 64652], [64653, 1.0, 1.0, 1.0, 31.0, 0.0, 0.0, 0.0, 0.0, 1.0, 1.0, 0.0, 1.0, 0.0, 4.0, 0.0, 15.0, 1.0, 0.0, 10.0, 4.0, 2.0, 64653], [64654, 1.0, 1.0, 1.0, 28.0, 0.0, 0.0, 0.0, 1.0, 0.0, 1.0, 0.0, 1.0, 0.0, 3.0, 0.0, 0.0, 0.0, 1.0, 11.0, 6.0, 6.0, 64654]]}}","{""predictions"": [0.0, 0.0, 1.0, 1.0, 0.0, 0.0, 1.0, 1.0, 1.0, 1.0]}",1,"{""model_name"":""labuser70609094f_monitor_demo4f.default.diabetes_model"",""endpoint_name"":""labuser70609094f_endpoint"",""model_version"":""1""}"
null,245ed3ed-5e0d-4d84-9a14-82c86500ca6e,2024-07-08,1720444921637,200,4,"{""dataframe_split"": {""index"": [26660, 26661, 26662, 26663, 26664, 26665, 26666, 26667, 26668, 26669], ""columns"": [""index"", ""HighBP"", ""HighChol"", ""CholCheck"", ""BMI"", ""Smoker"", ""Stroke"", ""HeartDiseaseorAttack"", ""PhysActivity"", ""Fruits"", ""Veggies"", ""HvyAlcoholConsump"", ""AnyHealthcare"", ""NoDocbcCost"", ""GenHlth"", ""MentHlth"", ""PhysHlth"", ""DiffWalk"", ""Sex"", ""Age"", ""Education"", ""Income"", ""id""], ""data"": [[64655, 1.0, 1.0, 1.0, 28.0, 0.0, 0.0, 0.0, 1.0, 1.0, 0.0, 0.0, 1.0, 0.0, 2.0, 0.0, 0.0, 0.0, 1.0, 10.0, 4.0, 5.0, 64655], [64658, 1.0, 1.0, 1.0, 28.0, 1.0, 0.0, 0.0, 1.0, 1.0, 1.0, 0.0, 1.0, 0.0, 4.0, 0.0, 4.0, 1.0, 0.0, 10.0, 5.0, 6.0, 64658], [64659, 1.0, 1.0, 1.0, 27.0, 0.0, 0.0, 0.0, 1.0, 0.0, 0.0, 0.0, 1.0, 0.0, 3.0, 0.0, 0.0, 1.0, 0.0, 13.0, 6.0, 7.0, 64659], [64660, 1.0, 1.0, 1.0, 31.0, 1.0, 0.0, 0.0, 1.0, 1.0, 0.0, 0.0, 1.0, 0.0, 2.0, 0.0, 0.0, 0.0, 1.0, 12.0, 6.0, 8.0, 64660], [64662, 1.0, 1.0, 1.0, 32.0, 1.0, 1.0, 0.0, 0.0, 0.0, 0.0, 0.0, 1.0, 1.0, 4.0, 10.0, 24.0, 1.0, 0.0, 10.0, 5.0, 2.0, 64662], [64663, 1.0, 1.0, 1.0, 33.0, 0.0, 0.0, 0.0, 1.0, 1.0, 1.0, 0.0, 1.0, 0.0, 3.0, 0.0, 0.0, 0.0, 1.0, 12.0, 6.0, 7.0, 64663], [64666, 1.0, 1.0, 1.0, 39.0, 0.0, 1.0, 1.0, 0.0, 0.0, 1.0, 0.0, 1.0, 0.0, 4.0, 0.0, 6.0, 1.0, 1.0, 10.0, 4.0, 3.0, 64666], [64667, 1.0, 1.0, 1.0, 29.0, 1.0, 0.0, 1.0, 1.0, 0.0, 1.0, 0.0, 1.0, 1.0, 3.0, 0.0, 0.0, 0.0, 1.0, 10.0, 4.0, 4.0, 64667], [64670, 0.0, 0.0, 1.0, 27.0, 0.0, 0.0, 0.0, 1.0, 1.0, 1.0, 0.0, 1.0, 0.0, 1.0, 0.0, 0.0, 0.0, 1.0, 10.0, 6.0, 5.0, 64670], [64672, 0.0, 0.0, 1.0, 26.0, 0.0, 0.0, 0.0, 0.0, 0.0, 1.0, 0.0, 1.0, 0.0, 2.0, 0.0, 0.0, 0.0, 0.0, 13.0, 5.0, 8.0, 64672]]}}","{""predictions"": [1.0, 1.0, 0.0, 0.0, 1.0, 1.0, 1.0, 1.0, 0.0, 0.0]}",1,"{""model_name"":""labuser70609094f_monitor_demo4f.default.diabetes_model"",""endpoint_name"":""labuser70609094f_endpoint"",""model_version"":""1""}"
null,102ef527-def6-4e6f-b338-88bec14009ba,2024-07-08,1720444921665,200,4,"{""dataframe_split"": {""index"": [26670, 26671, 26672, 26673, 26674, 26675, 26676, 26677, 26678, 26679], ""columns"": [""index"", ""HighBP"", ""HighChol"", ""CholCheck"", ""BMI"", ""Smoker"", ""Stroke"", ""HeartDiseaseorAttack"", ""PhysActivity"", ""Fruits"", ""Veggies"", ""HvyAlcoholConsump"", ""AnyHealthcare"", ""NoDocbcCost"", ""GenHlth"", ""MentHlth"", ""PhysHlth"", ""DiffWalk"", ""Sex"", ""Age"", ""Education"", ""Income"", ""id""], ""data"": [[64673, 1.0, 0.0, 1.0, 35.0, 0.0, 0.0, 0.0, 1.0, 0.0, 1.0, 0.0, 1.0, 0.0, 1.0, 0.0, 0.0, 0.0, 1.0, 11.0, 3.0, 7.0, 64673], [64676, 1.0, 1.0, 1.0, 40.0, 0.0, 0.0, 1.0, 0.0, 1.0, 1.0, 0.0, 1.0, 0.0, 3.0, 0.0, 0.0, 0.0, 1.0, 12.0, 6.0, 7.0, 64676], [64677, 1.0, 0.0, 1.0, 32.0, 1.0, 0.0, 0.0, 0.0, 1.0, 1.0, 0.0, 1.0, 1.0, 3.0, 0.0, 0.0, 0.0, 1.0, 12.0, 6.0, 3.0, 64677], [64678, 1.0, 1.0, 1.0, 35.0, 0.0, 0.0, 1.0, 1.0, 0.0, 0.0, 0.0, 1.0, 0.0, 2.0, 0.0, 4.0, 1.0, 1.0, 10.0, 6.0, 5.0, 64678], [64680, 1.0, 0.0, 1.0, 30.0, 0.0, 0.0, 0.0, 1.0, 0.0, 1.0, 0.0, 1.0, 0.0, 3.0, 0.0, 0.0, 0.0, 1.0, 10.0, 5.0, 5.0, 64680], [64681, 1.0, 1.0, 1.0, 23.0, 0.0, 0.0, 1.0, 1.0, 1.0, 1.0, 0.0, 1.0, 0.0, 2.0, 0.0, 0.0, 0.0, 1.0, 10.0, 6.0, 8.0, 64681], [64683, 1.0, 1.0, 1.0, 33.0, 0.0, 0.0, 1.0, 1.0, 1.0, 1.0, 0.0, 1.0, 0.0, 2.0, 0.0, 2.0, 0.0, 1.0, 11.0, 6.0, 8.0, 64683], [64685, 1.0, 0.0, 1.0, 29.0, 0.0, 0.0, 1.0, 0.0, 1.0, 0.0, 0.0, 1.0, 0.0, 5.0, 0.0, 0.0, 1.0, 0.0, 13.0, 5.0, 8.0, 64685], [64686, 1.0, 1.0, 1.0, 31.0, 1.0, 0.0, 0.0, 1.0, 1.0, 1.0, 0.0, 1.0, 0.0, 3.0, 0.0, 0.0, 0.0, 1.0, 10.0, 6.0, 8.0, 64686], [64687, 1.0, 0.0, 1.0, 28.0, 1.0, 0.0, 0.0, 1.0, 1.0, 1.0, 0.0, 1.0, 0.0, 2.0, 0.0, 0.0, 0.0, 1.0, 11.0, 6.0, 8.0, 64687]]}}","{""predictions"": [1.0, 1.0, 0.0, 1.0, 0.0, 1.0, 0.0, 1.0, 0.0, 0.0]}",1,"{""model_name"":""labuser70609094f_monitor_demo4f.default.diabetes_model"",""endpoint_name"":""labuser70609094f_endpoint"",""model_version"":""1""}"
null,9947c691-ad46-40cc-b00c-e325b0bd5e08,2024-07-08,1720444921812,200,5,"{""dataframe_split"": {""index"": [26720, 26721, 26722, 26723, 26724, 26725, 26726, 26727, 26728, 26729], ""columns"": [""index"", ""HighBP"", ""HighChol"", ""CholCheck"", ""BMI"", ""Smoker"", ""Stroke"", ""HeartDiseaseorAttack"", ""PhysActivity"", ""Fruits"", ""Veggies"", ""HvyAlcoholConsump"", ""AnyHealthcare"", ""NoDocbcCost"", ""GenHlth"", ""MentHlth"", ""PhysHlth"", ""DiffWalk"", ""Sex"", ""Age"", ""Education"", ""Income"", ""id""], ""data"": [[64756, 0.0, 1.0, 1.0, 34.0, 1.0, 0.0, 0.0, 1.0, 1.0, 0.0, 0.0, 1.0, 0.0, 5.0, 20.0, 30.0, 1.0, 0.0, 12.0, 6.0, 7.0, 64756], [64757, 0.0, 1.0, 1.0, 34.0, 0.0, 0.0, 1.0, 0.0, 0.0, 0.0, 0.0, 1.0, 0.0, 3.0, 0.0, 10.0, 1.0, 1.0, 11.0, 5.0, 1.0, 64757], [64759, 1.0, 1.0, 1.0, 46.0, 0.0, 0.0, 1.0, 0.0, 1.0, 0.0, 0.0, 1.0, 0.0, 5.0, 0.0, 30.0, 1.0, 0.0, 11.0, 6.0, 7.0, 64759], [64760, 0.0, 1.0, 1.0, 21.0, 1.0, 0.0, 1.0, 1.0, 0.0, 1.0, 0.0, 1.0, 0.0, 5.0, 30.0, 30.0, 1.0, 0.0, 10.0, 6.0, 2.0, 64760], [64761, 1.0, 1.0, 1.0, 36.0, 1.0, 0.0, 0.0, 1.0, 0.0, 0.0, 0.0, 1.0, 0.0, 5.0, 30.0, 30.0, 1.0, 0.0, 11.0, 4.0, 6.0, 64761], [64762, 1.0, 1.0, 1.0, 33.0, 1.0, 0.0, 1.0, 0.0, 1.0, 1.0, 0.0, 1.0, 0.0, 4.0, 0.0, 10.0, 1.0, 1.0, 13.0, 4.0, 6.0, 64762], [64763, 1.0, 1.0, 1.0, 31.0, 0.0, 0.0, 0.0, 1.0, 1.0, 1.0, 0.0, 1.0, 0.0, 2.0, 0.0, 0.0, 0.0, 0.0, 11.0, 4.0, 4.0, 64763], [64764, 1.0, 1.0, 1.0, 38.0, 0.0, 0.0, 1.0, 0.0, 1.0, 1.0, 0.0, 1.0, 0.0, 5.0, 0.0, 30.0, 1.0, 0.0, 13.0, 3.0, 2.0, 64764], [64765, 1.0, 1.0, 1.0, 24.0, 1.0, 0.0, 1.0, 1.0, 1.0, 0.0, 0.0, 1.0, 0.0, 3.0, 0.0, 15.0, 1.0, 1.0, 11.0, 6.0, 7.0, 64765], [64766, 1.0, 1.0, 1.0, 35.0, 0.0, 1.0, 0.0, 1.0, 1.0, 1.0, 0.0, 1.0, 0.0, 4.0, 0.0, 30.0, 1.0, 0.0, 12.0, 6.0, 5.0, 64766]]}}","{""predictions"": [0.0, 1.0, 1.0, 1.0, 1.0, 1.0, 1.0, 1.0, 1.0, 1.0]}",1,"{""model_name"":""labuser70609094f_monitor_demo4f.default.diabetes_model"",""endpoint_name"":""labuser70609094f_endpoint"",""model_version"":""1""}"
null,9658c00a-6b8e-4bee-8477-dc7a387016e7,2024-07-08,1720444921844,200,6,"{""dataframe_split"": {""index"": [26730, 26731, 26732, 26733, 26734, 26735, 26736, 26737, 26738, 26739], ""columns"": [""index"", ""HighBP"", ""HighChol"", ""CholCheck"", ""BMI"", ""Smoker"", ""Stroke"", ""HeartDiseaseorAttack"", ""PhysActivity"", ""Fruits"", ""Veggies"", ""HvyAlcoholConsump"", ""AnyHealthcare"", ""NoDocbcCost"", ""GenHlth"", ""MentHlth"", ""PhysHlth"", ""DiffWalk"", ""Sex"", ""Age"", ""Education"", ""Income"", ""id""], ""data"": [[64767, 1.0, 1.0, 1.0, 26.0, 1.0, 0.0, 1.0, 1.0, 1.0, 1.0, 0.0, 1.0, 0.0, 3.0, 7.0, 0.0, 0.0, 1.0, 10.0, 4.0, 6.0, 64767], [64768, 0.0, 0.0, 1.0, 32.0, 1.0, 0.0, 0.0, 1.0, 1.0, 1.0, 0.0, 1.0, 0.0, 2.0, 15.0, 0.0, 1.0, 0.0, 10.0, 5.0, 7.0, 64768], [64770, 0.0, 0.0, 1.0, 34.0, 0.0, 0.0, 0.0, 0.0, 1.0, 1.0, 0.0, 1.0, 0.0, 3.0, 0.0, 0.0, 0.0, 0.0, 10.0, 5.0, 6.0, 64770], [64772, 1.0, 1.0, 1.0, 25.0, 1.0, 0.0, 1.0, 0.0, 0.0, 0.0, 0.0, 1.0, 0.0, 1.0, 0.0, 1.0, 1.0, 1.0, 11.0, 4.0, 2.0, 64772], [64778, 1.0, 1.0, 1.0, 28.0, 0.0, 0.0, 0.0, 1.0, 1.0, 1.0, 0.0, 1.0, 0.0, 3.0, 0.0, 0.0, 0.0, 0.0, 10.0, 3.0, 5.0, 64778], [64779, 1.0, 1.0, 1.0, 25.0, 1.0, 0.0, 1.0, 0.0, 0.0, 1.0, 0.0, 1.0, 0.0, 5.0, 2.0, 4.0, 1.0, 0.0, 11.0, 5.0, 6.0, 64779], [64781, 1.0, 1.0, 1.0, 32.0, 1.0, 1.0, 0.0, 1.0, 0.0, 1.0, 0.0, 1.0, 0.0, 3.0, 0.0, 0.0, 1.0, 1.0, 11.0, 4.0, 4.0, 64781], [64782, 1.0, 1.0, 1.0, 28.0, 0.0, 0.0, 1.0, 1.0, 0.0, 1.0, 0.0, 1.0, 0.0, 2.0, 0.0, 0.0, 0.0, 1.0, 11.0, 6.0, 8.0, 64782], [64784, 1.0, 1.0, 1.0, 27.0, 1.0, 0.0, 0.0, 1.0, 0.0, 1.0, 0.0, 1.0, 0.0, 3.0, 30.0, 2.0, 0.0, 0.0, 10.0, 5.0, 5.0, 64784], [64786, 1.0, 1.0, 1.0, 20.0, 1.0, 0.0, 0.0, 1.0, 1.0, 1.0, 0.0, 1.0, 0.0, 5.0, 4.0, 6.0, 1.0, 0.0, 13.0, 3.0, 5.0, 64786]]}}","{""predictions"": [1.0, 0.0, 1.0, 1.0, 1.0, 1.0, 0.0, 1.0, 1.0, 1.0]}",1,"{""model_name"":""labuser70609094f_monitor_demo4f.default.diabetes_model"",""endpoint_name"":""labuser70609094f_endpoint"",""model_version"":""1""}"
null,f8cf2413-19a5-427e-b534-cabfddb7ab6c,2024-07-08,1720444921872,200,4,"{""dataframe_split"": {""index"": [26740, 26741, 26742, 26743, 26744, 26745, 26746, 26747, 26748, 26749], ""columns"": [""index"", ""HighBP"", ""HighChol"", ""CholCheck"", ""BMI"", ""Smoker"", ""Stroke"", ""HeartDiseaseorAttack"", ""PhysActivity"", ""Fruits"", ""Veggies"", ""HvyAlcoholConsump"", ""AnyHealthcare"", ""NoDocbcCost"", ""GenHlth"", ""MentHlth"", ""PhysHlth"", ""DiffWalk"", ""Sex"", ""Age"", ""Education"", ""Income"", ""id""], ""data"": [[64789, 1.0, 1.0, 1.0, 31.0, 0.0, 1.0, 1.0, 0.0, 1.0, 1.0, 0.0, 1.0, 0.0, 5.0, 20.0, 0.0, 1.0, 0.0, 12.0, 4.0, 2.0, 64789], [64790, 1.0, 1.0, 1.0, 28.0, 1.0, 0.0, 0.0, 1.0, 0.0, 1.0, 0.0, 1.0, 0.0, 1.0, 0.0, 0.0, 0.0, 1.0, 12.0, 6.0, 7.0, 64790], [64792, 1.0, 0.0, 1.0, 32.0, 1.0, 0.0, 0.0, 0.0, 0.0, 1.0, 0.0, 1.0, 0.0, 5.0, 0.0, 28.0, 1.0, 0.0, 11.0, 6.0, 5.0, 64792], [64794, 1.0, 1.0, 1.0, 21.0, 0.0, 0.0, 1.0, 1.0, 1.0, 1.0, 0.0, 1.0, 0.0, 2.0, 0.0, 0.0, 1.0, 0.0, 12.0, 6.0, 5.0, 64794], [64799, 1.0, 1.0, 1.0, 38.0, 1.0, 0.0, 0.0, 1.0, 1.0, 1.0, 0.0, 1.0, 0.0, 3.0, 0.0, 0.0, 0.0, 0.0, 11.0, 4.0, 6.0, 64799], [64801, 1.0, 1.0, 1.0, 27.0, 0.0, 0.0, 0.0, 1.0, 1.0, 0.0, 0.0, 1.0, 0.0, 3.0, 0.0, 0.0, 0.0, 1.0, 13.0, 3.0, 3.0, 64801], [64802, 1.0, 1.0, 1.0, 48.0, 1.0, 1.0, 1.0, 0.0, 1.0, 1.0, 0.0, 1.0, 0.0, 5.0, 4.0, 20.0, 1.0, 1.0, 10.0, 6.0, 5.0, 64802], [64804, 0.0, 0.0, 1.0, 32.0, 0.0, 0.0, 0.0, 1.0, 1.0, 1.0, 0.0, 1.0, 0.0, 3.0, 0.0, 0.0, 1.0, 0.0, 10.0, 5.0, 8.0, 64804], [64805, 1.0, 0.0, 1.0, 50.0, 0.0, 0.0, 0.0, 1.0, 0.0, 1.0, 0.0, 1.0, 0.0, 3.0, 0.0, 30.0, 1.0, 1.0, 10.0, 4.0, 5.0, 64805], [64806, 1.0, 0.0, 1.0, 23.0, 0.0, 0.0, 0.0, 1.0, 1.0, 1.0, 0.0, 1.0, 0.0, 3.0, 0.0, 1.0, 0.0, 0.0, 12.0, 5.0, 6.0, 64806]]}}","{""predictions"": [1.0, 1.0, 0.0, 0.0, 1.0, 1.0, 1.0, 1.0, 1.0, 1.0]}",1,"{""model_name"":""labuser70609094f_monitor_demo4f.default.diabetes_model"",""endpoint_name"":""labuser70609094f_endpoint"",""model_version"":""1""}"
null,6f95dca8-4246-4618-9067-792b54cf6777,2024-07-08,1720444921989,200,4,"{""dataframe_split"": {""index"": [26780, 26781, 26782, 26783, 26784, 26785, 26786, 26787, 26788, 26789], ""columns"": [""index"", ""HighBP"", ""HighChol"", ""CholCheck"", ""BMI"", ""Smoker"", ""Stroke"", ""HeartDiseaseorAttack"", ""PhysActivity"", ""Fruits"", ""Veggies"", ""HvyAlcoholConsump"", ""AnyHealthcare"", ""NoDocbcCost"", ""GenHlth"", ""MentHlth"", ""PhysHlth"", ""DiffWalk"", ""Sex"", ""Age"", ""Education"", ""Income"", ""id""], ""data"": [[64855, 0.0, 0.0, 1.0, 24.0, 1.0, 1.0, 1.0, 1.0, 1.0, 1.0, 0.0, 1.0, 0.0, 4.0, 0.0, 0.0, 0.0, 1.0, 12.0, 4.0, 5.0, 64855], [64856, 0.0, 1.0, 1.0, 36.0, 1.0, 0.0, 0.0, 0.0, 1.0, 1.0, 0.0, 1.0, 0.0, 4.0, 0.0, 30.0, 0.0, 0.0, 10.0, 2.0, 2.0, 64856], [64861, 0.0, 1.0, 1.0, 26.0, 1.0, 0.0, 0.0, 1.0, 1.0, 1.0, 0.0, 1.0, 0.0, 4.0, 0.0, 0.0, 0.0, 0.0, 12.0, 4.0, 6.0, 64861], [64862, 1.0, 1.0, 1.0, 34.0, 0.0, 0.0, 0.0, 1.0, 1.0, 1.0, 0.0, 1.0, 0.0, 3.0, 0.0, 3.0, 1.0, 0.0, 10.0, 5.0, 7.0, 64862], [64863, 1.0, 0.0, 1.0, 35.0, 0.0, 0.0, 0.0, 0.0, 1.0, 1.0, 0.0, 1.0, 0.0, 5.0, 15.0, 30.0, 1.0, 0.0, 11.0, 4.0, 2.0, 64863], [64864, 1.0, 1.0, 1.0, 29.0, 1.0, 0.0, 1.0, 0.0, 0.0, 1.0, 0.0, 1.0, 0.0, 3.0, 0.0, 30.0, 1.0, 0.0, 10.0, 5.0, 7.0, 64864], [64865, 1.0, 1.0, 1.0, 27.0, 1.0, 0.0, 1.0, 1.0, 1.0, 1.0, 0.0, 1.0, 0.0, 3.0, 0.0, 7.0, 0.0, 1.0, 11.0, 5.0, 6.0, 64865], [64866, 1.0, 1.0, 1.0, 29.0, 0.0, 1.0, 1.0, 0.0, 0.0, 1.0, 0.0, 1.0, 0.0, 5.0, 30.0, 30.0, 1.0, 1.0, 11.0, 5.0, 2.0, 64866], [64867, 0.0, 0.0, 1.0, 27.0, 0.0, 0.0, 0.0, 1.0, 1.0, 0.0, 0.0, 1.0, 0.0, 3.0, 0.0, 0.0, 0.0, 1.0, 10.0, 4.0, 2.0, 64867], [64868, 1.0, 1.0, 1.0, 32.0, 0.0, 0.0, 0.0, 1.0, 1.0, 1.0, 0.0, 1.0, 0.0, 4.0, 0.0, 5.0, 0.0, 0.0, 13.0, 2.0, 2.0, 64868]]}}","{""predictions"": [1.0, 0.0, 1.0, 0.0, 1.0, 0.0, 1.0, 0.0, 0.0, 1.0]}",1,"{""model_name"":""labuser70609094f_monitor_demo4f.default.diabetes_model"",""endpoint_name"":""labuser70609094f_endpoint"",""model_version"":""1""}"
null,5d7bcca3-df56-4337-9b69-c2fc09b5b965,2024-07-08,1720444922282,200,4,"{""dataframe_split"": {""index"": [26880, 26881, 26882, 26883, 26884, 26885, 26886, 26887, 26888, 26889], ""columns"": [""index"", ""HighBP"", ""HighChol"", ""CholCheck"", ""BMI"", ""Smoker"", ""Stroke"", ""HeartDiseaseorAttack"", ""PhysActivity"", ""Fruits"", ""Veggies"", ""HvyAlcoholConsump"", ""AnyHealthcare"", ""NoDocbcCost"", ""GenHlth"", ""MentHlth"", ""PhysHlth"", ""DiffWalk"", ""Sex"", ""Age"", ""Education"", ""Income"", ""id""], ""data"": [[65014, 0.0, 1.0, 1.0, 25.0, 0.0, 0.0, 0.0, 1.0, 0.0, 1.0, 0.0, 1.0, 0.0, 2.0, 0.0, 0.0, 0.0, 0.0, 13.0, 5.0, 4.0, 65014], [65015, 0.0, 1.0, 1.0, 37.0, 1.0, 0.0, 0.0, 0.0, 1.0, 1.0, 0.0, 1.0, 0.0, 4.0, 0.0, 4.0, 0.0, 1.0, 11.0, 4.0, 6.0, 65015], [65016, 1.0, 1.0, 1.0, 27.0, 0.0, 0.0, 0.0, 1.0, 0.0, 1.0, 0.0, 1.0, 0.0, 1.0, 0.0, 0.0, 0.0, 0.0, 11.0, 4.0, 4.0, 65016], [65018, 0.0, 0.0, 1.0, 27.0, 1.0, 0.0, 0.0, 1.0, 0.0, 1.0, 0.0, 1.0, 0.0, 3.0, 0.0, 0.0, 0.0, 1.0, 11.0, 3.0, 7.0, 65018], [65019, 1.0, 1.0, 1.0, 33.0, 0.0, 0.0, 0.0, 1.0, 1.0, 1.0, 0.0, 1.0, 0.0, 3.0, 0.0, 0.0, 0.0, 1.0, 10.0, 6.0, 8.0, 65019], [65021, 0.0, 0.0, 1.0, 28.0, 0.0, 0.0, 0.0, 1.0, 1.0, 1.0, 0.0, 1.0, 0.0, 2.0, 0.0, 1.0, 0.0, 0.0, 11.0, 5.0, 5.0, 65021], [65022, 1.0, 1.0, 1.0, 35.0, 0.0, 0.0, 0.0, 0.0, 1.0, 1.0, 0.0, 1.0, 0.0, 3.0, 0.0, 0.0, 0.0, 1.0, 11.0, 6.0, 8.0, 65022], [65026, 1.0, 0.0, 1.0, 25.0, 1.0, 0.0, 0.0, 1.0, 1.0, 1.0, 1.0, 1.0, 0.0, 4.0, 0.0, 0.0, 1.0, 1.0, 13.0, 6.0, 6.0, 65026], [65027, 1.0, 1.0, 1.0, 27.0, 0.0, 0.0, 0.0, 1.0, 1.0, 1.0, 0.0, 1.0, 0.0, 3.0, 0.0, 2.0, 1.0, 0.0, 13.0, 3.0, 6.0, 65027], [65028, 1.0, 0.0, 1.0, 27.0, 0.0, 0.0, 0.0, 1.0, 0.0, 1.0, 0.0, 1.0, 0.0, 2.0, 0.0, 10.0, 0.0, 0.0, 11.0, 6.0, 4.0, 65028]]}}","{""predictions"": [0.0, 1.0, 1.0, 0.0, 1.0, 0.0, 1.0, 1.0, 1.0, 1.0]}",1,"{""model_name"":""labuser70609094f_monitor_demo4f.default.diabetes_model"",""endpoint_name"":""labuser70609094f_endpoint"",""model_version"":""1""}"
null,97d5d4bb-b341-41d5-80f5-dc1902de0d45,2024-07-08,1720444922599,200,4,"{""dataframe_split"": {""index"": [26990, 26991, 26992, 26993, 26994, 26995, 26996, 26997, 26998, 26999], ""columns"": [""index"", ""HighBP"", ""HighChol"", ""CholCheck"", ""BMI"", ""Smoker"", ""Stroke"", ""HeartDiseaseorAttack"", ""PhysActivity"", ""Fruits"", ""Veggies"", ""HvyAlcoholConsump"", ""AnyHealthcare"", ""NoDocbcCost"", ""GenHlth"", ""MentHlth"", ""PhysHlth"", ""DiffWalk"", ""Sex"", ""Age"", ""Education"", ""Income"", ""id""], ""data"": [[65204, 0.0, 1.0, 1.0, 27.0, 0.0, 0.0, 1.0, 1.0, 0.0, 1.0, 0.0, 1.0, 0.0, 2.0, 0.0, 0.0, 0.0, 1.0, 11.0, 4.0, 7.0, 65204], [65206, 1.0, 1.0, 1.0, 34.0, 1.0, 0.0, 0.0, 1.0, 0.0, 1.0, 0.0, 1.0, 0.0, 4.0, 0.0, 0.0, 0.0, 1.0, 10.0, 5.0, 4.0, 65206], [65209, 1.0, 1.0, 1.0, 22.0, 0.0, 0.0, 1.0, 1.0, 1.0, 1.0, 0.0, 1.0, 1.0, 4.0, 0.0, 21.0, 0.0, 0.0, 13.0, 5.0, 4.0, 65209], [65212, 1.0, 1.0, 1.0, 34.0, 1.0, 0.0, 0.0, 1.0, 1.0, 1.0, 0.0, 1.0, 0.0, 5.0, 10.0, 15.0, 1.0, 0.0, 11.0, 4.0, 1.0, 65212], [65216, 0.0, 0.0, 1.0, 39.0, 1.0, 0.0, 0.0, 0.0, 0.0, 1.0, 0.0, 1.0, 0.0, 4.0, 0.0, 0.0, 1.0, 0.0, 10.0, 4.0, 8.0, 65216], [65217, 1.0, 1.0, 1.0, 39.0, 0.0, 0.0, 0.0, 1.0, 1.0, 0.0, 0.0, 1.0, 0.0, 4.0, 15.0, 15.0, 1.0, 0.0, 10.0, 4.0, 6.0, 65217], [65218, 1.0, 0.0, 1.0, 30.0, 0.0, 0.0, 1.0, 1.0, 1.0, 1.0, 0.0, 1.0, 0.0, 2.0, 0.0, 2.0, 0.0, 1.0, 10.0, 6.0, 7.0, 65218], [65219, 1.0, 0.0, 1.0, 24.0, 1.0, 1.0, 0.0, 0.0, 0.0, 1.0, 0.0, 1.0, 0.0, 3.0, 0.0, 0.0, 1.0, 1.0, 13.0, 6.0, 3.0, 65219], [65220, 1.0, 1.0, 1.0, 35.0, 0.0, 0.0, 0.0, 0.0, 0.0, 1.0, 0.0, 1.0, 0.0, 1.0, 10.0, 10.0, 1.0, 0.0, 10.0, 3.0, 2.0, 65220], [65225, 0.0, 1.0, 1.0, 24.0, 0.0, 0.0, 0.0, 1.0, 0.0, 1.0, 0.0, 1.0, 0.0, 1.0, 30.0, 0.0, 0.0, 1.0, 10.0, 4.0, 7.0, 65225]]}}","{""predictions"": [1.0, 1.0, 0.0, 1.0, 1.0, 0.0, 0.0, 1.0, 0.0, 0.0]}",1,"{""model_name"":""labuser70609094f_monitor_demo4f.default.diabetes_model"",""endpoint_name"":""labuser70609094f_endpoint"",""model_version"":""1""}"
null,1cb93cf8-856a-49d8-9212-6182b2c37dc7,2024-07-08,1720444922857,200,4,"{""dataframe_split"": {""index"": [27080, 27081, 27082, 27083, 27084, 27085, 27086, 27087, 27088, 27089], ""columns"": [""index"", ""HighBP"", ""HighChol"", ""CholCheck"", ""BMI"", ""Smoker"", ""Stroke"", ""HeartDiseaseorAttack"", ""PhysActivity"", ""Fruits"", ""Veggies"", ""HvyAlcoholConsump"", ""AnyHealthcare"", ""NoDocbcCost"", ""GenHlth"", ""MentHlth"", ""PhysHlth"", ""DiffWalk"", ""Sex"", ""Age"", ""Education"", ""Income"", ""id""], ""data"": [[65478, 0.0, 1.0, 1.0, 24.0, 0.0, 0.0, 0.0, 1.0, 1.0, 1.0, 0.0, 1.0, 0.0, 2.0, 0.0, 2.0, 0.0, 1.0, 10.0, 6.0, 7.0, 65478], [65479, 1.0, 0.0, 1.0, 29.0, 0.0, 0.0, 0.0, 1.0, 0.0, 0.0, 0.0, 1.0, 0.0, 3.0, 0.0, 2.0, 0.0, 1.0, 10.0, 6.0, 6.0, 65479], [65481, 1.0, 0.0, 1.0, 30.0, 1.0, 0.0, 1.0, 1.0, 1.0, 1.0, 0.0, 1.0, 0.0, 5.0, 5.0, 5.0, 0.0, 1.0, 10.0, 6.0, 8.0, 65481], [65482, 1.0, 1.0, 1.0, 28.0, 0.0, 0.0, 0.0, 1.0, 1.0, 1.0, 0.0, 1.0, 1.0, 4.0, 30.0, 30.0, 1.0, 1.0, 10.0, 6.0, 5.0, 65482], [65483, 1.0, 1.0, 1.0, 31.0, 0.0, 0.0, 0.0, 1.0, 1.0, 1.0, 0.0, 1.0, 0.0, 2.0, 0.0, 0.0, 0.0, 0.0, 10.0, 5.0, 4.0, 65483], [65484, 0.0, 0.0, 1.0, 28.0, 1.0, 0.0, 1.0, 1.0, 0.0, 1.0, 0.0, 1.0, 0.0, 3.0, 0.0, 1.0, 0.0, 1.0, 12.0, 4.0, 8.0, 65484], [65485, 1.0, 1.0, 1.0, 31.0, 0.0, 0.0, 0.0, 0.0, 0.0, 0.0, 0.0, 1.0, 0.0, 3.0, 0.0, 30.0, 0.0, 1.0, 13.0, 6.0, 8.0, 65485], [65488, 1.0, 1.0, 0.0, 23.0, 0.0, 0.0, 0.0, 1.0, 0.0, 1.0, 0.0, 1.0, 0.0, 2.0, 0.0, 0.0, 0.0, 0.0, 13.0, 4.0, 2.0, 65488], [65489, 0.0, 0.0, 1.0, 43.0, 0.0, 0.0, 0.0, 1.0, 0.0, 1.0, 0.0, 1.0, 0.0, 4.0, 10.0, 2.0, 1.0, 0.0, 10.0, 4.0, 6.0, 65489], [65492, 0.0, 1.0, 1.0, 34.0, 1.0, 0.0, 0.0, 1.0, 1.0, 0.0, 0.0, 1.0, 0.0, 4.0, 0.0, 0.0, 0.0, 1.0, 11.0, 4.0, 2.0, 65492]]}}","{""predictions"": [1.0, 1.0, 0.0, 1.0, 1.0, 0.0, 1.0, 0.0, 1.0, 0.0]}",1,"{""model_name"":""labuser70609094f_monitor_demo4f.default.diabetes_model"",""endpoint_name"":""labuser70609094f_endpoint"",""model_version"":""1""}"
null,a9295591-99c3-439f-969f-f111fd76c488,2024-07-08,1720444922913,200,4,"{""dataframe_split"": {""index"": [27100, 27101, 27102, 27103, 27104, 27105, 27106, 27107, 27108, 27109], ""columns"": [""index"", ""HighBP"", ""HighChol"", ""CholCheck"", ""BMI"", ""Smoker"", ""Stroke"", ""HeartDiseaseorAttack"", ""PhysActivity"", ""Fruits"", ""Veggies"", ""HvyAlcoholConsump"", ""AnyHealthcare"", ""NoDocbcCost"", ""GenHlth"", ""MentHlth"", ""PhysHlth"", ""DiffWalk"", ""Sex"", ""Age"", ""Education"", ""Income"", ""id""], ""data"": [[65504, 1.0, 1.0, 1.0, 27.0, 0.0, 0.0, 0.0, 1.0, 1.0, 0.0, 0.0, 1.0, 0.0, 4.0, 0.0, 0.0, 1.0, 0.0, 13.0, 4.0, 5.0, 65504], [65507, 1.0, 1.0, 1.0, 31.0, 0.0, 0.0, 1.0, 1.0, 0.0, 1.0, 0.0, 1.0, 0.0, 3.0, 0.0, 0.0, 1.0, 0.0, 12.0, 4.0, 3.0, 65507], [65508, 1.0, 1.0, 1.0, 28.0, 0.0, 0.0, 0.0, 1.0, 1.0, 0.0, 0.0, 1.0, 0.0, 3.0, 2.0, 0.0, 0.0, 0.0, 10.0, 4.0, 6.0, 65508], [65509, 1.0, 1.0, 1.0, 23.0, 1.0, 0.0, 0.0, 1.0, 0.0, 0.0, 0.0, 1.0, 1.0, 3.0, 12.0, 15.0, 0.0, 1.0, 10.0, 5.0, 7.0, 65509], [65512, 1.0, 1.0, 1.0, 28.0, 0.0, 0.0, 0.0, 1.0, 0.0, 1.0, 0.0, 1.0, 0.0, 4.0, 0.0, 0.0, 1.0, 0.0, 12.0, 4.0, 4.0, 65512], [65514, 1.0, 1.0, 1.0, 49.0, 0.0, 0.0, 0.0, 0.0, 1.0, 1.0, 0.0, 1.0, 0.0, 3.0, 0.0, 0.0, 0.0, 0.0, 10.0, 5.0, 7.0, 65514], [65518, 1.0, 1.0, 1.0, 29.0, 0.0, 0.0, 0.0, 1.0, 0.0, 1.0, 0.0, 1.0, 0.0, 3.0, 0.0, 3.0, 1.0, 1.0, 10.0, 5.0, 6.0, 65518], [65519, 1.0, 1.0, 1.0, 38.0, 0.0, 0.0, 0.0, 1.0, 1.0, 1.0, 0.0, 1.0, 0.0, 5.0, 0.0, 30.0, 0.0, 1.0, 10.0, 6.0, 3.0, 65519], [65520, 0.0, 0.0, 1.0, 26.0, 0.0, 0.0, 0.0, 0.0, 1.0, 1.0, 0.0, 1.0, 0.0, 3.0, 1.0, 1.0, 1.0, 0.0, 13.0, 5.0, 3.0, 65520], [65521, 1.0, 0.0, 1.0, 29.0, 0.0, 0.0, 0.0, 1.0, 1.0, 1.0, 0.0, 1.0, 0.0, 3.0, 0.0, 0.0, 0.0, 1.0, 13.0, 6.0, 6.0, 65521]]}}","{""predictions"": [1.0, 1.0, 1.0, 1.0, 1.0, 1.0, 0.0, 1.0, 0.0, 1.0]}",1,"{""model_name"":""labuser70609094f_monitor_demo4f.default.diabetes_model"",""endpoint_name"":""labuser70609094f_endpoint"",""model_version"":""1""}"
null,4ed3d102-abf3-41fe-b7b9-2a90916e9eff,2024-07-08,1720444922940,200,4,"{""dataframe_split"": {""index"": [27110, 27111, 27112, 27113, 27114, 27115, 27116, 27117, 27118, 27119], ""columns"": [""index"", ""HighBP"", ""HighChol"", ""CholCheck"", ""BMI"", ""Smoker"", ""Stroke"", ""HeartDiseaseorAttack"", ""PhysActivity"", ""Fruits"", ""Veggies"", ""HvyAlcoholConsump"", ""AnyHealthcare"", ""NoDocbcCost"", ""GenHlth"", ""MentHlth"", ""PhysHlth"", ""DiffWalk"", ""Sex"", ""Age"", ""Education"", ""Income"", ""id""], ""data"": [[65522, 1.0, 1.0, 1.0, 34.0, 0.0, 0.0, 1.0, 1.0, 0.0, 0.0, 0.0, 1.0, 0.0, 5.0, 0.0, 30.0, 1.0, 1.0, 10.0, 4.0, 3.0, 65522], [65523, 1.0, 1.0, 1.0, 27.0, 0.0, 0.0, 0.0, 0.0, 1.0, 0.0, 0.0, 1.0, 1.0, 4.0, 0.0, 0.0, 1.0, 0.0, 10.0, 5.0, 2.0, 65523], [65527, 0.0, 1.0, 1.0, 30.0, 0.0, 0.0, 0.0, 1.0, 1.0, 1.0, 0.0, 1.0, 0.0, 4.0, 5.0, 15.0, 0.0, 1.0, 11.0, 6.0, 6.0, 65527], [65528, 1.0, 0.0, 1.0, 24.0, 0.0, 0.0, 0.0, 0.0, 0.0, 0.0, 0.0, 1.0, 0.0, 5.0, 0.0, 30.0, 1.0, 0.0, 11.0, 6.0, 7.0, 65528], [65529, 1.0, 1.0, 1.0, 32.0, 1.0, 0.0, 0.0, 0.0, 0.0, 1.0, 0.0, 1.0, 0.0, 2.0, 7.0, 1.0, 0.0, 1.0, 10.0, 4.0, 6.0, 65529], [65530, 1.0, 1.0, 1.0, 33.0, 0.0, 0.0, 0.0, 1.0, 1.0, 1.0, 0.0, 1.0, 0.0, 2.0, 5.0, 0.0, 0.0, 0.0, 12.0, 4.0, 5.0, 65530], [65535, 1.0, 1.0, 1.0, 27.0, 0.0, 0.0, 1.0, 1.0, 1.0, 1.0, 0.0, 1.0, 0.0, 4.0, 0.0, 1.0, 0.0, 0.0, 11.0, 6.0, 7.0, 65535], [65536, 1.0, 1.0, 1.0, 27.0, 0.0, 0.0, 1.0, 1.0, 1.0, 1.0, 0.0, 1.0, 0.0, 4.0, 0.0, 1.0, 0.0, 0.0, 12.0, 4.0, 6.0, 65536], [65537, 1.0, 1.0, 1.0, 35.0, 1.0, 0.0, 0.0, 1.0, 0.0, 0.0, 0.0, 1.0, 0.0, 3.0, 0.0, 0.0, 0.0, 1.0, 10.0, 4.0, 6.0, 65537], [65538, 1.0, 0.0, 1.0, 25.0, 0.0, 0.0, 0.0, 1.0, 1.0, 1.0, 0.0, 1.0, 0.0, 3.0, 0.0, 0.0, 1.0, 0.0, 13.0, 4.0, 2.0, 65538]]}}","{""predictions"": [0.0, 1.0, 0.0, 0.0, 1.0, 1.0, 1.0, 0.0, 1.0, 1.0]}",1,"{""model_name"":""labuser70609094f_monitor_demo4f.default.diabetes_model"",""endpoint_name"":""labuser70609094f_endpoint"",""model_version"":""1""}"
null,1960569c-5a02-496e-b370-638b490c13af,2024-07-08,1720444922966,200,4,"{""dataframe_split"": {""index"": [27120, 27121, 27122, 27123, 27124, 27125, 27126, 27127, 27128, 27129], ""columns"": [""index"", ""HighBP"", ""HighChol"", ""CholCheck"", ""BMI"", ""Smoker"", ""Stroke"", ""HeartDiseaseorAttack"", ""PhysActivity"", ""Fruits"", ""Veggies"", ""HvyAlcoholConsump"", ""AnyHealthcare"", ""NoDocbcCost"", ""GenHlth"", ""MentHlth"", ""PhysHlth"", ""DiffWalk"", ""Sex"", ""Age"", ""Education"", ""Income"", ""id""], ""data"": [[65539, 1.0, 1.0, 1.0, 31.0, 1.0, 0.0, 0.0, 0.0, 1.0, 0.0, 0.0, 1.0, 0.0, 3.0, 0.0, 0.0, 0.0, 1.0, 10.0, 4.0, 8.0, 65539], [65540, 1.0, 1.0, 1.0, 26.0, 1.0, 0.0, 0.0, 1.0, 1.0, 1.0, 0.0, 1.0, 0.0, 3.0, 0.0, 0.0, 0.0, 1.0, 13.0, 4.0, 4.0, 65540], [65541, 1.0, 1.0, 1.0, 39.0, 0.0, 1.0, 0.0, 0.0, 0.0, 0.0, 0.0, 1.0, 0.0, 5.0, 0.0, 30.0, 1.0, 0.0, 11.0, 4.0, 5.0, 65541], [65544, 1.0, 0.0, 1.0, 25.0, 1.0, 0.0, 0.0, 1.0, 1.0, 0.0, 0.0, 1.0, 0.0, 3.0, 0.0, 0.0, 0.0, 1.0, 11.0, 4.0, 5.0, 65544], [65546, 1.0, 1.0, 1.0, 27.0, 1.0, 0.0, 0.0, 1.0, 0.0, 0.0, 0.0, 1.0, 0.0, 1.0, 0.0, 0.0, 1.0, 1.0, 12.0, 4.0, 6.0, 65546], [65547, 1.0, 1.0, 1.0, 32.0, 0.0, 0.0, 1.0, 0.0, 1.0, 0.0, 0.0, 1.0, 0.0, 4.0, 5.0, 0.0, 1.0, 0.0, 13.0, 4.0, 5.0, 65547], [65549, 1.0, 0.0, 1.0, 27.0, 0.0, 0.0, 0.0, 1.0, 1.0, 1.0, 0.0, 1.0, 0.0, 2.0, 0.0, 0.0, 0.0, 0.0, 12.0, 4.0, 4.0, 65549], [65551, 0.0, 0.0, 1.0, 35.0, 0.0, 0.0, 0.0, 0.0, 0.0, 1.0, 0.0, 1.0, 0.0, 3.0, 0.0, 3.0, 0.0, 1.0, 10.0, 6.0, 7.0, 65551], [65553, 0.0, 1.0, 1.0, 23.0, 1.0, 0.0, 0.0, 1.0, 1.0, 1.0, 0.0, 1.0, 0.0, 2.0, 10.0, 0.0, 0.0, 0.0, 11.0, 6.0, 6.0, 65553], [65554, 0.0, 0.0, 1.0, 27.0, 0.0, 0.0, 0.0, 1.0, 1.0, 1.0, 0.0, 1.0, 0.0, 1.0, 0.0, 0.0, 1.0, 0.0, 11.0, 6.0, 6.0, 65554]]}}","{""predictions"": [1.0, 0.0, 1.0, 0.0, 1.0, 0.0, 1.0, 1.0, 1.0, 0.0]}",1,"{""model_name"":""labuser70609094f_monitor_demo4f.default.diabetes_model"",""endpoint_name"":""labuser70609094f_endpoint"",""model_version"":""1""}"
null,72c2ea82-d5cc-4edb-93f7-110726b441a3,2024-07-08,1720444922994,200,4,"{""dataframe_split"": {""index"": [27130, 27131, 27132, 27133, 27134, 27135, 27136, 27137, 27138, 27139], ""columns"": [""index"", ""HighBP"", ""HighChol"", ""CholCheck"", ""BMI"", ""Smoker"", ""Stroke"", ""HeartDiseaseorAttack"", ""PhysActivity"", ""Fruits"", ""Veggies"", ""HvyAlcoholConsump"", ""AnyHealthcare"", ""NoDocbcCost"", ""GenHlth"", ""MentHlth"", ""PhysHlth"", ""DiffWalk"", ""Sex"", ""Age"", ""Education"", ""Income"", ""id""], ""data"": [[65555, 1.0, 1.0, 1.0, 35.0, 0.0, 0.0, 0.0, 1.0, 0.0, 1.0, 1.0, 1.0, 0.0, 3.0, 0.0, 0.0, 0.0, 0.0, 11.0, 4.0, 5.0, 65555], [65557, 0.0, 0.0, 1.0, 53.0, 0.0, 0.0, 0.0, 0.0, 0.0, 1.0, 0.0, 1.0, 0.0, 4.0, 0.0, 30.0, 1.0, 1.0, 10.0, 5.0, 7.0, 65557], [65558, 1.0, 1.0, 1.0, 33.0, 0.0, 0.0, 1.0, 1.0, 1.0, 1.0, 0.0, 1.0, 0.0, 4.0, 5.0, 10.0, 1.0, 0.0, 12.0, 4.0, 6.0, 65558], [65564, 1.0, 1.0, 1.0, 33.0, 0.0, 0.0, 0.0, 0.0, 0.0, 1.0, 0.0, 1.0, 0.0, 3.0, 4.0, 2.0, 1.0, 0.0, 11.0, 4.0, 4.0, 65564], [65565, 1.0, 1.0, 1.0, 34.0, 1.0, 0.0, 1.0, 0.0, 1.0, 0.0, 0.0, 1.0, 0.0, 4.0, 0.0, 30.0, 1.0, 1.0, 11.0, 6.0, 5.0, 65565], [65568, 0.0, 0.0, 0.0, 24.0, 1.0, 0.0, 0.0, 1.0, 0.0, 0.0, 1.0, 1.0, 0.0, 2.0, 3.0, 0.0, 0.0, 1.0, 12.0, 4.0, 5.0, 65568], [65570, 1.0, 1.0, 1.0, 25.0, 0.0, 1.0, 0.0, 1.0, 1.0, 0.0, 0.0, 1.0, 0.0, 3.0, 3.0, 10.0, 0.0, 1.0, 12.0, 5.0, 5.0, 65570], [65573, 0.0, 0.0, 1.0, 20.0, 0.0, 0.0, 1.0, 1.0, 1.0, 1.0, 0.0, 1.0, 0.0, 2.0, 0.0, 0.0, 0.0, 0.0, 10.0, 6.0, 6.0, 65573], [65574, 1.0, 0.0, 1.0, 29.0, 1.0, 0.0, 1.0, 1.0, 1.0, 1.0, 0.0, 1.0, 0.0, 3.0, 0.0, 0.0, 0.0, 0.0, 10.0, 4.0, 3.0, 65574], [65575, 0.0, 1.0, 1.0, 33.0, 0.0, 0.0, 0.0, 1.0, 1.0, 1.0, 0.0, 1.0, 0.0, 2.0, 3.0, 0.0, 0.0, 0.0, 10.0, 5.0, 5.0, 65575]]}}","{""predictions"": [0.0, 1.0, 1.0, 1.0, 0.0, 0.0, 1.0, 0.0, 0.0, 0.0]}",1,"{""model_name"":""labuser70609094f_monitor_demo4f.default.diabetes_model"",""endpoint_name"":""labuser70609094f_endpoint"",""model_version"":""1""}"
null,fdb499c2-2a27-40c2-82ad-f57201ad4385,2024-07-08,1720444923024,200,6,"{""dataframe_split"": {""index"": [27140, 27141, 27142, 27143, 27144, 27145, 27146, 27147, 27148, 27149], ""columns"": [""index"", ""HighBP"", ""HighChol"", ""CholCheck"", ""BMI"", ""Smoker"", ""Stroke"", ""HeartDiseaseorAttack"", ""PhysActivity"", ""Fruits"", ""Veggies"", ""HvyAlcoholConsump"", ""AnyHealthcare"", ""NoDocbcCost"", ""GenHlth"", ""MentHlth"", ""PhysHlth"", ""DiffWalk"", ""Sex"", ""Age"", ""Education"", ""Income"", ""id""], ""data"": [[65576, 0.0, 1.0, 1.0, 27.0, 0.0, 0.0, 1.0, 1.0, 1.0, 1.0, 0.0, 1.0, 0.0, 2.0, 5.0, 0.0, 0.0, 1.0, 13.0, 5.0, 6.0, 65576], [65581, 1.0, 1.0, 1.0, 27.0, 0.0, 0.0, 0.0, 1.0, 1.0, 1.0, 0.0, 1.0, 0.0, 2.0, 0.0, 0.0, 0.0, 1.0, 11.0, 6.0, 7.0, 65581], [65583, 1.0, 1.0, 1.0, 38.0, 1.0, 0.0, 1.0, 0.0, 1.0, 0.0, 0.0, 1.0, 0.0, 3.0, 0.0, 0.0, 0.0, 1.0, 13.0, 6.0, 6.0, 65583], [65584, 1.0, 1.0, 1.0, 28.0, 1.0, 0.0, 1.0, 1.0, 1.0, 1.0, 0.0, 1.0, 0.0, 4.0, 0.0, 4.0, 0.0, 1.0, 10.0, 5.0, 6.0, 65584], [65586, 1.0, 1.0, 1.0, 26.0, 0.0, 1.0, 1.0, 1.0, 0.0, 1.0, 0.0, 1.0, 0.0, 4.0, 0.0, 0.0, 0.0, 1.0, 11.0, 5.0, 8.0, 65586], [65590, 1.0, 1.0, 1.0, 29.0, 0.0, 0.0, 1.0, 1.0, 1.0, 1.0, 0.0, 1.0, 0.0, 4.0, 7.0, 10.0, 0.0, 1.0, 11.0, 6.0, 6.0, 65590], [65591, 1.0, 1.0, 1.0, 24.0, 0.0, 1.0, 0.0, 1.0, 1.0, 1.0, 0.0, 1.0, 0.0, 2.0, 0.0, 0.0, 0.0, 1.0, 10.0, 5.0, 7.0, 65591], [65592, 0.0, 0.0, 1.0, 28.0, 0.0, 0.0, 0.0, 1.0, 1.0, 1.0, 0.0, 1.0, 0.0, 2.0, 10.0, 30.0, 1.0, 1.0, 11.0, 6.0, 6.0, 65592], [65594, 1.0, 1.0, 1.0, 25.0, 1.0, 0.0, 1.0, 0.0, 1.0, 1.0, 0.0, 1.0, 0.0, 4.0, 0.0, 15.0, 1.0, 1.0, 12.0, 4.0, 4.0, 65594], [65595, 1.0, 1.0, 1.0, 28.0, 1.0, 0.0, 1.0, 1.0, 0.0, 0.0, 0.0, 1.0, 0.0, 4.0, 5.0, 15.0, 1.0, 1.0, 10.0, 3.0, 5.0, 65595]]}}","{""predictions"": [1.0, 1.0, 1.0, 1.0, 1.0, 1.0, 0.0, 0.0, 1.0, 1.0]}",1,"{""model_name"":""labuser70609094f_monitor_demo4f.default.diabetes_model"",""endpoint_name"":""labuser70609094f_endpoint"",""model_version"":""1""}"
null,daf840da-e339-45be-bd31-29b1fb6cbeb4,2024-07-08,1720444923201,200,4,"{""dataframe_split"": {""index"": [27200, 27201, 27202, 27203, 27204, 27205, 27206, 27207, 27208, 27209], ""columns"": [""index"", ""HighBP"", ""HighChol"", ""CholCheck"", ""BMI"", ""Smoker"", ""Stroke"", ""HeartDiseaseorAttack"", ""PhysActivity"", ""Fruits"", ""Veggies"", ""HvyAlcoholConsump"", ""AnyHealthcare"", ""NoDocbcCost"", ""GenHlth"", ""MentHlth"", ""PhysHlth"", ""DiffWalk"", ""Sex"", ""Age"", ""Education"", ""Income"", ""id""], ""data"": [[65677, 1.0, 1.0, 1.0, 41.0, 1.0, 0.0, 0.0, 1.0, 1.0, 1.0, 0.0, 1.0, 0.0, 3.0, 0.0, 0.0, 0.0, 0.0, 11.0, 4.0, 6.0, 65677], [65678, 1.0, 0.0, 1.0, 23.0, 1.0, 0.0, 0.0, 1.0, 0.0, 0.0, 0.0, 1.0, 0.0, 3.0, 0.0, 0.0, 0.0, 1.0, 11.0, 4.0, 5.0, 65678], [65679, 1.0, 1.0, 1.0, 24.0, 0.0, 0.0, 0.0, 1.0, 1.0, 1.0, 0.0, 1.0, 0.0, 2.0, 0.0, 0.0, 0.0, 0.0, 10.0, 5.0, 7.0, 65679], [65680, 0.0, 1.0, 1.0, 25.0, 0.0, 0.0, 0.0, 0.0, 1.0, 1.0, 0.0, 1.0, 0.0, 3.0, 4.0, 0.0, 1.0, 0.0, 13.0, 4.0, 7.0, 65680], [65681, 0.0, 0.0, 1.0, 26.0, 0.0, 0.0, 0.0, 1.0, 1.0, 1.0, 0.0, 1.0, 0.0, 5.0, 25.0, 30.0, 0.0, 0.0, 11.0, 6.0, 2.0, 65681], [65685, 1.0, 1.0, 1.0, 22.0, 0.0, 0.0, 1.0, 0.0, 0.0, 0.0, 0.0, 1.0, 0.0, 5.0, 25.0, 20.0, 1.0, 1.0, 12.0, 5.0, 3.0, 65685], [65687, 1.0, 0.0, 1.0, 27.0, 0.0, 0.0, 0.0, 0.0, 1.0, 1.0, 0.0, 1.0, 0.0, 4.0, 0.0, 0.0, 0.0, 0.0, 12.0, 5.0, 6.0, 65687], [65688, 1.0, 1.0, 1.0, 27.0, 0.0, 0.0, 0.0, 1.0, 1.0, 1.0, 0.0, 1.0, 0.0, 4.0, 7.0, 30.0, 1.0, 0.0, 11.0, 4.0, 3.0, 65688], [65689, 1.0, 1.0, 1.0, 35.0, 0.0, 0.0, 0.0, 1.0, 1.0, 1.0, 0.0, 1.0, 0.0, 3.0, 0.0, 5.0, 0.0, 1.0, 12.0, 5.0, 8.0, 65689], [65692, 1.0, 1.0, 1.0, 24.0, 1.0, 0.0, 0.0, 1.0, 1.0, 1.0, 0.0, 1.0, 0.0, 3.0, 0.0, 0.0, 0.0, 1.0, 10.0, 6.0, 4.0, 65692]]}}","{""predictions"": [1.0, 1.0, 1.0, 0.0, 0.0, 1.0, 0.0, 1.0, 1.0, 1.0]}",1,"{""model_name"":""labuser70609094f_monitor_demo4f.default.diabetes_model"",""endpoint_name"":""labuser70609094f_endpoint"",""model_version"":""1""}"
null,1c7ae176-b8c2-4967-885f-55e8510de43d,2024-07-08,1720444923340,200,4,"{""dataframe_split"": {""index"": [27250, 27251, 27252, 27253, 27254, 27255, 27256, 27257, 27258, 27259], ""columns"": [""index"", ""HighBP"", ""HighChol"", ""CholCheck"", ""BMI"", ""Smoker"", ""Stroke"", ""HeartDiseaseorAttack"", ""PhysActivity"", ""Fruits"", ""Veggies"", ""HvyAlcoholConsump"", ""AnyHealthcare"", ""NoDocbcCost"", ""GenHlth"", ""MentHlth"", ""PhysHlth"", ""DiffWalk"", ""Sex"", ""Age"", ""Education"", ""Income"", ""id""], ""data"": [[65755, 1.0, 0.0, 1.0, 30.0, 0.0, 0.0, 0.0, 1.0, 1.0, 1.0, 0.0, 1.0, 0.0, 2.0, 0.0, 0.0, 0.0, 1.0, 12.0, 6.0, 7.0, 65755], [65757, 1.0, 1.0, 1.0, 32.0, 0.0, 0.0, 0.0, 1.0, 0.0, 1.0, 0.0, 1.0, 0.0, 2.0, 0.0, 0.0, 0.0, 0.0, 10.0, 4.0, 5.0, 65757], [65758, 0.0, 1.0, 1.0, 40.0, 0.0, 0.0, 0.0, 0.0, 1.0, 1.0, 0.0, 1.0, 0.0, 3.0, 0.0, 0.0, 0.0, 1.0, 10.0, 6.0, 7.0, 65758], [65759, 1.0, 1.0, 1.0, 32.0, 0.0, 0.0, 0.0, 1.0, 1.0, 1.0, 0.0, 1.0, 0.0, 2.0, 0.0, 0.0, 0.0, 1.0, 10.0, 6.0, 6.0, 65759], [65762, 1.0, 1.0, 1.0, 29.0, 0.0, 1.0, 1.0, 0.0, 0.0, 1.0, 0.0, 1.0, 1.0, 5.0, 2.0, 30.0, 1.0, 1.0, 11.0, 4.0, 3.0, 65762], [65764, 1.0, 1.0, 1.0, 35.0, 1.0, 0.0, 1.0, 1.0, 1.0, 1.0, 0.0, 1.0, 0.0, 3.0, 7.0, 0.0, 0.0, 1.0, 10.0, 5.0, 4.0, 65764], [65768, 1.0, 1.0, 1.0, 25.0, 1.0, 0.0, 1.0, 1.0, 1.0, 1.0, 0.0, 1.0, 0.0, 2.0, 0.0, 0.0, 0.0, 1.0, 10.0, 5.0, 7.0, 65768], [65771, 0.0, 1.0, 1.0, 29.0, 0.0, 0.0, 0.0, 1.0, 1.0, 0.0, 0.0, 1.0, 0.0, 2.0, 0.0, 0.0, 0.0, 1.0, 10.0, 6.0, 8.0, 65771], [65777, 1.0, 0.0, 1.0, 25.0, 1.0, 0.0, 0.0, 1.0, 0.0, 1.0, 0.0, 1.0, 0.0, 2.0, 0.0, 0.0, 0.0, 1.0, 10.0, 6.0, 8.0, 65777], [65778, 1.0, 1.0, 1.0, 33.0, 1.0, 0.0, 0.0, 1.0, 1.0, 1.0, 0.0, 1.0, 0.0, 4.0, 0.0, 3.0, 1.0, 1.0, 10.0, 4.0, 7.0, 65778]]}}","{""predictions"": [0.0, 1.0, 1.0, 0.0, 1.0, 1.0, 1.0, 1.0, 0.0, 1.0]}",1,"{""model_name"":""labuser70609094f_monitor_demo4f.default.diabetes_model"",""endpoint_name"":""labuser70609094f_endpoint"",""model_version"":""1""}"
null,0c4f7f39-7bf9-490b-af22-b881d173c208,2024-07-08,1720444923368,200,4,"{""dataframe_split"": {""index"": [27260, 27261, 27262, 27263, 27264, 27265, 27266, 27267, 27268, 27269], ""columns"": [""index"", ""HighBP"", ""HighChol"", ""CholCheck"", ""BMI"", ""Smoker"", ""Stroke"", ""HeartDiseaseorAttack"", ""PhysActivity"", ""Fruits"", ""Veggies"", ""HvyAlcoholConsump"", ""AnyHealthcare"", ""NoDocbcCost"", ""GenHlth"", ""MentHlth"", ""PhysHlth"", ""DiffWalk"", ""Sex"", ""Age"", ""Education"", ""Income"", ""id""], ""data"": [[65779, 1.0, 1.0, 1.0, 31.0, 0.0, 0.0, 0.0, 0.0, 0.0, 1.0, 0.0, 1.0, 0.0, 3.0, 30.0, 0.0, 0.0, 1.0, 10.0, 4.0, 7.0, 65779], [65780, 1.0, 1.0, 1.0, 27.0, 0.0, 0.0, 0.0, 1.0, 1.0, 1.0, 0.0, 1.0, 0.0, 2.0, 0.0, 5.0, 1.0, 1.0, 12.0, 6.0, 4.0, 65780], [65783, 0.0, 0.0, 1.0, 23.0, 0.0, 0.0, 0.0, 1.0, 1.0, 1.0, 0.0, 1.0, 0.0, 3.0, 0.0, 0.0, 0.0, 0.0, 12.0, 4.0, 2.0, 65783], [65788, 1.0, 1.0, 1.0, 32.0, 0.0, 0.0, 0.0, 1.0, 1.0, 0.0, 0.0, 1.0, 0.0, 3.0, 0.0, 3.0, 0.0, 1.0, 12.0, 5.0, 6.0, 65788], [65791, 1.0, 1.0, 1.0, 33.0, 1.0, 0.0, 0.0, 1.0, 1.0, 1.0, 0.0, 1.0, 0.0, 3.0, 0.0, 0.0, 0.0, 1.0, 11.0, 5.0, 8.0, 65791], [65792, 0.0, 0.0, 1.0, 34.0, 0.0, 0.0, 0.0, 1.0, 1.0, 1.0, 0.0, 1.0, 0.0, 3.0, 0.0, 2.0, 0.0, 1.0, 10.0, 5.0, 7.0, 65792], [65794, 1.0, 0.0, 1.0, 34.0, 0.0, 0.0, 1.0, 1.0, 0.0, 0.0, 0.0, 1.0, 0.0, 5.0, 15.0, 30.0, 1.0, 1.0, 11.0, 5.0, 4.0, 65794], [65798, 1.0, 1.0, 1.0, 32.0, 1.0, 0.0, 0.0, 1.0, 0.0, 1.0, 0.0, 1.0, 0.0, 3.0, 0.0, 5.0, 1.0, 0.0, 11.0, 5.0, 4.0, 65798], [65803, 0.0, 0.0, 1.0, 23.0, 0.0, 0.0, 0.0, 1.0, 1.0, 1.0, 0.0, 1.0, 0.0, 2.0, 0.0, 0.0, 0.0, 1.0, 13.0, 6.0, 8.0, 65803], [65804, 1.0, 0.0, 1.0, 26.0, 1.0, 0.0, 1.0, 0.0, 1.0, 0.0, 0.0, 1.0, 0.0, 4.0, 0.0, 25.0, 1.0, 1.0, 10.0, 4.0, 6.0, 65804]]}}","{""predictions"": [1.0, 1.0, 1.0, 1.0, 1.0, 1.0, 1.0, 1.0, 0.0, 0.0]}",1,"{""model_name"":""labuser70609094f_monitor_demo4f.default.diabetes_model"",""endpoint_name"":""labuser70609094f_endpoint"",""model_version"":""1""}"
null,df5d63de-49d0-4f45-9adb-a004ec16a581,2024-07-08,1720444923396,200,4,"{""dataframe_split"": {""index"": [27270, 27271, 27272, 27273, 27274, 27275, 27276, 27277, 27278, 27279], ""columns"": [""index"", ""HighBP"", ""HighChol"", ""CholCheck"", ""BMI"", ""Smoker"", ""Stroke"", ""HeartDiseaseorAttack"", ""PhysActivity"", ""Fruits"", ""Veggies"", ""HvyAlcoholConsump"", ""AnyHealthcare"", ""NoDocbcCost"", ""GenHlth"", ""MentHlth"", ""PhysHlth"", ""DiffWalk"", ""Sex"", ""Age"", ""Education"", ""Income"", ""id""], ""data"": [[65805, 0.0, 1.0, 1.0, 41.0, 0.0, 0.0, 0.0, 0.0, 1.0, 1.0, 0.0, 1.0, 0.0, 2.0, 0.0, 0.0, 1.0, 0.0, 10.0, 6.0, 7.0, 65805], [65809, 0.0, 1.0, 1.0, 25.0, 1.0, 0.0, 0.0, 0.0, 0.0, 1.0, 0.0, 1.0, 0.0, 2.0, 30.0, 10.0, 0.0, 0.0, 10.0, 5.0, 2.0, 65809], [65810, 1.0, 0.0, 1.0, 33.0, 0.0, 0.0, 0.0, 1.0, 1.0, 1.0, 0.0, 1.0, 0.0, 3.0, 0.0, 0.0, 0.0, 0.0, 12.0, 5.0, 7.0, 65810], [65812, 1.0, 1.0, 1.0, 21.0, 0.0, 0.0, 0.0, 1.0, 0.0, 1.0, 0.0, 1.0, 0.0, 2.0, 15.0, 0.0, 0.0, 0.0, 11.0, 6.0, 7.0, 65812], [65818, 1.0, 1.0, 0.0, 27.0, 0.0, 0.0, 0.0, 1.0, 0.0, 1.0, 0.0, 1.0, 0.0, 5.0, 0.0, 30.0, 1.0, 0.0, 13.0, 3.0, 3.0, 65818], [65821, 0.0, 0.0, 1.0, 39.0, 1.0, 0.0, 0.0, 1.0, 1.0, 1.0, 0.0, 0.0, 0.0, 1.0, 2.0, 10.0, 1.0, 0.0, 11.0, 6.0, 3.0, 65821], [65824, 0.0, 0.0, 1.0, 27.0, 0.0, 0.0, 0.0, 1.0, 1.0, 1.0, 0.0, 1.0, 0.0, 4.0, 30.0, 20.0, 0.0, 0.0, 10.0, 5.0, 6.0, 65824], [65825, 1.0, 1.0, 1.0, 28.0, 1.0, 0.0, 0.0, 1.0, 0.0, 1.0, 0.0, 1.0, 0.0, 5.0, 0.0, 4.0, 0.0, 0.0, 10.0, 4.0, 6.0, 65825], [65829, 1.0, 1.0, 1.0, 33.0, 0.0, 0.0, 1.0, 1.0, 1.0, 1.0, 0.0, 1.0, 0.0, 5.0, 3.0, 0.0, 1.0, 0.0, 11.0, 5.0, 7.0, 65829], [65830, 1.0, 0.0, 1.0, 30.0, 1.0, 0.0, 0.0, 1.0, 1.0, 1.0, 0.0, 1.0, 0.0, 3.0, 0.0, 1.0, 1.0, 1.0, 13.0, 6.0, 6.0, 65830]]}}","{""predictions"": [0.0, 0.0, 1.0, 0.0, 1.0, 0.0, 0.0, 1.0, 1.0, 0.0]}",1,"{""model_name"":""labuser70609094f_monitor_demo4f.default.diabetes_model"",""endpoint_name"":""labuser70609094f_endpoint"",""model_version"":""1""}"
null,04b578dc-19e9-4449-b263-4159710402dd,2024-07-08,1720444923780,200,4,"{""dataframe_split"": {""index"": [27400, 27401, 27402, 27403, 27404, 27405, 27406, 27407, 27408, 27409], ""columns"": [""index"", ""HighBP"", ""HighChol"", ""CholCheck"", ""BMI"", ""Smoker"", ""Stroke"", ""HeartDiseaseorAttack"", ""PhysActivity"", ""Fruits"", ""Veggies"", ""HvyAlcoholConsump"", ""AnyHealthcare"", ""NoDocbcCost"", ""GenHlth"", ""MentHlth"", ""PhysHlth"", ""DiffWalk"", ""Sex"", ""Age"", ""Education"", ""Income"", ""id""], ""data"": [[66110, 0.0, 1.0, 1.0, 22.0, 1.0, 0.0, 0.0, 0.0, 1.0, 1.0, 0.0, 1.0, 0.0, 3.0, 2.0, 3.0, 0.0, 1.0, 10.0, 5.0, 5.0, 66110], [66112, 1.0, 0.0, 1.0, 24.0, 1.0, 0.0, 0.0, 1.0, 1.0, 1.0, 0.0, 1.0, 0.0, 4.0, 0.0, 1.0, 0.0, 1.0, 10.0, 5.0, 6.0, 66112], [66113, 1.0, 0.0, 1.0, 42.0, 0.0, 0.0, 0.0, 0.0, 1.0, 1.0, 0.0, 1.0, 0.0, 2.0, 0.0, 0.0, 0.0, 0.0, 10.0, 4.0, 5.0, 66113], [66116, 1.0, 1.0, 1.0, 42.0, 1.0, 0.0, 0.0, 1.0, 1.0, 1.0, 0.0, 1.0, 0.0, 3.0, 0.0, 1.0, 0.0, 1.0, 11.0, 6.0, 8.0, 66116], [66117, 1.0, 0.0, 1.0, 32.0, 0.0, 0.0, 1.0, 1.0, 1.0, 0.0, 0.0, 1.0, 0.0, 2.0, 0.0, 0.0, 0.0, 1.0, 10.0, 4.0, 6.0, 66117], [66119, 1.0, 1.0, 1.0, 35.0, 0.0, 1.0, 1.0, 1.0, 0.0, 1.0, 0.0, 1.0, 0.0, 4.0, 0.0, 6.0, 1.0, 0.0, 10.0, 3.0, 2.0, 66119], [66120, 0.0, 1.0, 1.0, 17.0, 1.0, 0.0, 0.0, 1.0, 1.0, 1.0, 0.0, 1.0, 0.0, 3.0, 0.0, 0.0, 0.0, 0.0, 13.0, 6.0, 7.0, 66120], [66121, 1.0, 1.0, 1.0, 35.0, 1.0, 0.0, 1.0, 1.0, 0.0, 0.0, 0.0, 1.0, 0.0, 2.0, 0.0, 0.0, 0.0, 1.0, 10.0, 5.0, 7.0, 66121], [66125, 1.0, 1.0, 1.0, 27.0, 0.0, 0.0, 1.0, 1.0, 1.0, 1.0, 0.0, 1.0, 0.0, 4.0, 0.0, 5.0, 1.0, 0.0, 12.0, 6.0, 6.0, 66125], [66126, 1.0, 1.0, 1.0, 23.0, 1.0, 0.0, 1.0, 1.0, 1.0, 1.0, 0.0, 1.0, 0.0, 2.0, 0.0, 1.0, 0.0, 0.0, 12.0, 4.0, 3.0, 66126]]}}","{""predictions"": [0.0, 0.0, 1.0, 1.0, 0.0, 1.0, 0.0, 0.0, 0.0, 0.0]}",1,"{""model_name"":""labuser70609094f_monitor_demo4f.default.diabetes_model"",""endpoint_name"":""labuser70609094f_endpoint"",""model_version"":""1""}"
null,78307dcc-fc6b-471d-b975-40126812467e,2024-07-08,1720444923811,200,4,"{""dataframe_split"": {""index"": [27410, 27411, 27412, 27413, 27414, 27415, 27416, 27417, 27418, 27419], ""columns"": [""index"", ""HighBP"", ""HighChol"", ""CholCheck"", ""BMI"", ""Smoker"", ""Stroke"", ""HeartDiseaseorAttack"", ""PhysActivity"", ""Fruits"", ""Veggies"", ""HvyAlcoholConsump"", ""AnyHealthcare"", ""NoDocbcCost"", ""GenHlth"", ""MentHlth"", ""PhysHlth"", ""DiffWalk"", ""Sex"", ""Age"", ""Education"", ""Income"", ""id""], ""data"": [[66127, 1.0, 1.0, 1.0, 38.0, 1.0, 0.0, 0.0, 1.0, 0.0, 0.0, 0.0, 1.0, 0.0, 3.0, 0.0, 0.0, 0.0, 1.0, 12.0, 3.0, 4.0, 66127], [66128, 1.0, 1.0, 1.0, 23.0, 1.0, 0.0, 1.0, 1.0, 1.0, 0.0, 0.0, 1.0, 0.0, 3.0, 2.0, 4.0, 1.0, 0.0, 10.0, 5.0, 1.0, 66128], [66129, 0.0, 0.0, 1.0, 18.0, 1.0, 1.0, 0.0, 1.0, 1.0, 1.0, 0.0, 1.0, 0.0, 2.0, 1.0, 1.0, 0.0, 0.0, 10.0, 6.0, 7.0, 66129], [66131, 1.0, 1.0, 1.0, 21.0, 0.0, 0.0, 0.0, 1.0, 0.0, 1.0, 0.0, 0.0, 0.0, 2.0, 2.0, 0.0, 0.0, 0.0, 13.0, 6.0, 6.0, 66131], [66132, 1.0, 0.0, 1.0, 21.0, 0.0, 0.0, 1.0, 1.0, 0.0, 1.0, 0.0, 1.0, 0.0, 4.0, 5.0, 5.0, 0.0, 1.0, 12.0, 4.0, 6.0, 66132], [66134, 1.0, 1.0, 1.0, 25.0, 1.0, 1.0, 1.0, 0.0, 0.0, 1.0, 0.0, 1.0, 0.0, 4.0, 10.0, 0.0, 0.0, 0.0, 10.0, 5.0, 5.0, 66134], [66135, 1.0, 1.0, 1.0, 31.0, 1.0, 0.0, 0.0, 1.0, 1.0, 1.0, 0.0, 1.0, 0.0, 3.0, 0.0, 0.0, 0.0, 1.0, 10.0, 4.0, 7.0, 66135], [66138, 1.0, 0.0, 1.0, 40.0, 0.0, 0.0, 0.0, 1.0, 1.0, 1.0, 0.0, 1.0, 0.0, 3.0, 0.0, 0.0, 1.0, 0.0, 10.0, 6.0, 7.0, 66138], [66141, 1.0, 1.0, 1.0, 26.0, 0.0, 0.0, 0.0, 0.0, 0.0, 0.0, 0.0, 1.0, 0.0, 3.0, 0.0, 5.0, 0.0, 0.0, 12.0, 5.0, 2.0, 66141], [66142, 1.0, 1.0, 1.0, 36.0, 1.0, 1.0, 1.0, 0.0, 0.0, 1.0, 0.0, 1.0, 1.0, 3.0, 0.0, 3.0, 1.0, 0.0, 10.0, 4.0, 3.0, 66142]]}}","{""predictions"": [1.0, 0.0, 0.0, 1.0, 0.0, 1.0, 0.0, 1.0, 0.0, 1.0]}",1,"{""model_name"":""labuser70609094f_monitor_demo4f.default.diabetes_model"",""endpoint_name"":""labuser70609094f_endpoint"",""model_version"":""1""}"
null,26ea8014-5e33-482d-9d0b-ff8f2f27800b,2024-07-08,1720444923838,200,4,"{""dataframe_split"": {""index"": [27420, 27421, 27422, 27423, 27424, 27425, 27426, 27427, 27428, 27429], ""columns"": [""index"", ""HighBP"", ""HighChol"", ""CholCheck"", ""BMI"", ""Smoker"", ""Stroke"", ""HeartDiseaseorAttack"", ""PhysActivity"", ""Fruits"", ""Veggies"", ""HvyAlcoholConsump"", ""AnyHealthcare"", ""NoDocbcCost"", ""GenHlth"", ""MentHlth"", ""PhysHlth"", ""DiffWalk"", ""Sex"", ""Age"", ""Education"", ""Income"", ""id""], ""data"": [[66144, 1.0, 0.0, 1.0, 39.0, 0.0, 0.0, 0.0, 0.0, 1.0, 1.0, 0.0, 1.0, 0.0, 3.0, 10.0, 2.0, 1.0, 1.0, 11.0, 6.0, 6.0, 66144], [66145, 1.0, 0.0, 1.0, 23.0, 0.0, 0.0, 1.0, 1.0, 1.0, 1.0, 0.0, 1.0, 0.0, 2.0, 0.0, 0.0, 0.0, 0.0, 10.0, 4.0, 6.0, 66145], [66146, 1.0, 1.0, 1.0, 30.0, 1.0, 1.0, 1.0, 1.0, 0.0, 1.0, 0.0, 1.0, 0.0, 4.0, 0.0, 10.0, 1.0, 0.0, 10.0, 5.0, 8.0, 66146], [66149, 1.0, 1.0, 1.0, 30.0, 0.0, 0.0, 1.0, 0.0, 0.0, 1.0, 0.0, 1.0, 0.0, 4.0, 5.0, 2.0, 0.0, 0.0, 13.0, 4.0, 2.0, 66149], [66150, 0.0, 1.0, 1.0, 27.0, 0.0, 0.0, 0.0, 1.0, 0.0, 1.0, 0.0, 1.0, 0.0, 2.0, 0.0, 0.0, 0.0, 1.0, 11.0, 6.0, 6.0, 66150], [66152, 1.0, 1.0, 1.0, 40.0, 1.0, 0.0, 0.0, 0.0, 0.0, 1.0, 1.0, 1.0, 0.0, 4.0, 0.0, 30.0, 0.0, 1.0, 10.0, 4.0, 6.0, 66152], [66153, 0.0, 1.0, 1.0, 25.0, 1.0, 0.0, 0.0, 1.0, 0.0, 1.0, 0.0, 1.0, 0.0, 4.0, 0.0, 0.0, 0.0, 1.0, 12.0, 4.0, 5.0, 66153], [66154, 1.0, 1.0, 1.0, 38.0, 1.0, 0.0, 1.0, 1.0, 1.0, 1.0, 0.0, 1.0, 0.0, 4.0, 0.0, 20.0, 1.0, 1.0, 12.0, 3.0, 3.0, 66154], [66155, 1.0, 1.0, 1.0, 26.0, 1.0, 0.0, 0.0, 0.0, 1.0, 1.0, 0.0, 1.0, 0.0, 3.0, 0.0, 0.0, 0.0, 0.0, 12.0, 4.0, 2.0, 66155], [66156, 1.0, 1.0, 1.0, 56.0, 0.0, 0.0, 1.0, 0.0, 1.0, 1.0, 0.0, 1.0, 0.0, 4.0, 0.0, 10.0, 1.0, 1.0, 10.0, 5.0, 4.0, 66156]]}}","{""predictions"": [1.0, 0.0, 1.0, 1.0, 0.0, 0.0, 1.0, 1.0, 1.0, 1.0]}",1,"{""model_name"":""labuser70609094f_monitor_demo4f.default.diabetes_model"",""endpoint_name"":""labuser70609094f_endpoint"",""model_version"":""1""}"
null,9d7ce614-7af6-47cf-aa8d-6fc99a8b3522,2024-07-08,1720444923868,200,4,"{""dataframe_split"": {""index"": [27430, 27431, 27432, 27433, 27434, 27435, 27436, 27437, 27438, 27439], ""columns"": [""index"", ""HighBP"", ""HighChol"", ""CholCheck"", ""BMI"", ""Smoker"", ""Stroke"", ""HeartDiseaseorAttack"", ""PhysActivity"", ""Fruits"", ""Veggies"", ""HvyAlcoholConsump"", ""AnyHealthcare"", ""NoDocbcCost"", ""GenHlth"", ""MentHlth"", ""PhysHlth"", ""DiffWalk"", ""Sex"", ""Age"", ""Education"", ""Income"", ""id""], ""data"": [[66159, 1.0, 1.0, 1.0, 29.0, 1.0, 0.0, 0.0, 1.0, 1.0, 1.0, 0.0, 1.0, 0.0, 2.0, 0.0, 0.0, 0.0, 1.0, 10.0, 6.0, 8.0, 66159], [66160, 1.0, 1.0, 1.0, 33.0, 0.0, 0.0, 0.0, 1.0, 1.0, 1.0, 0.0, 1.0, 0.0, 4.0, 0.0, 0.0, 0.0, 0.0, 11.0, 6.0, 7.0, 66160], [66161, 0.0, 1.0, 1.0, 28.0, 0.0, 0.0, 0.0, 1.0, 1.0, 1.0, 0.0, 1.0, 0.0, 3.0, 1.0, 1.0, 0.0, 0.0, 10.0, 4.0, 4.0, 66161], [66168, 0.0, 1.0, 1.0, 24.0, 1.0, 1.0, 1.0, 1.0, 1.0, 1.0, 0.0, 1.0, 0.0, 4.0, 0.0, 15.0, 0.0, 0.0, 13.0, 5.0, 2.0, 66168], [66169, 1.0, 1.0, 1.0, 30.0, 1.0, 0.0, 1.0, 1.0, 0.0, 0.0, 0.0, 1.0, 0.0, 2.0, 0.0, 5.0, 0.0, 0.0, 11.0, 2.0, 5.0, 66169], [66174, 1.0, 1.0, 1.0, 31.0, 1.0, 1.0, 1.0, 0.0, 0.0, 1.0, 0.0, 1.0, 0.0, 4.0, 1.0, 0.0, 1.0, 1.0, 12.0, 2.0, 2.0, 66174], [66176, 1.0, 1.0, 1.0, 29.0, 0.0, 0.0, 1.0, 1.0, 1.0, 1.0, 0.0, 1.0, 0.0, 4.0, 0.0, 2.0, 1.0, 1.0, 12.0, 5.0, 5.0, 66176], [66178, 0.0, 0.0, 1.0, 38.0, 1.0, 0.0, 0.0, 1.0, 1.0, 1.0, 0.0, 1.0, 0.0, 2.0, 0.0, 0.0, 0.0, 0.0, 11.0, 5.0, 8.0, 66178], [66180, 1.0, 0.0, 1.0, 35.0, 0.0, 0.0, 0.0, 1.0, 1.0, 0.0, 0.0, 1.0, 1.0, 4.0, 3.0, 7.0, 1.0, 0.0, 12.0, 2.0, 2.0, 66180], [66181, 1.0, 0.0, 1.0, 38.0, 1.0, 0.0, 0.0, 1.0, 1.0, 0.0, 0.0, 1.0, 0.0, 3.0, 0.0, 0.0, 0.0, 1.0, 10.0, 4.0, 5.0, 66181]]}}","{""predictions"": [0.0, 1.0, 0.0, 1.0, 0.0, 1.0, 1.0, 1.0, 0.0, 0.0]}",1,"{""model_name"":""labuser70609094f_monitor_demo4f.default.diabetes_model"",""endpoint_name"":""labuser70609094f_endpoint"",""model_version"":""1""}"
null,591778d5-9836-4589-94b7-5d9e4ba7212c,2024-07-08,1720444923956,200,4,"{""dataframe_split"": {""index"": [27460, 27461, 27462, 27463, 27464, 27465, 27466, 27467, 27468, 27469], ""columns"": [""index"", ""HighBP"", ""HighChol"", ""CholCheck"", ""BMI"", ""Smoker"", ""Stroke"", ""HeartDiseaseorAttack"", ""PhysActivity"", ""Fruits"", ""Veggies"", ""HvyAlcoholConsump"", ""AnyHealthcare"", ""NoDocbcCost"", ""GenHlth"", ""MentHlth"", ""PhysHlth"", ""DiffWalk"", ""Sex"", ""Age"", ""Education"", ""Income"", ""id""], ""data"": [[66217, 1.0, 1.0, 1.0, 33.0, 1.0, 0.0, 0.0, 1.0, 0.0, 1.0, 0.0, 1.0, 0.0, 2.0, 1.0, 2.0, 1.0, 1.0, 11.0, 5.0, 7.0, 66217], [66218, 1.0, 0.0, 1.0, 28.0, 1.0, 0.0, 0.0, 1.0, 1.0, 1.0, 0.0, 1.0, 0.0, 4.0, 0.0, 30.0, 1.0, 1.0, 12.0, 6.0, 4.0, 66218], [66220, 0.0, 0.0, 1.0, 25.0, 1.0, 0.0, 0.0, 0.0, 0.0, 1.0, 0.0, 1.0, 0.0, 2.0, 0.0, 0.0, 1.0, 1.0, 10.0, 4.0, 3.0, 66220], [66221, 0.0, 1.0, 1.0, 32.0, 1.0, 0.0, 0.0, 1.0, 1.0, 0.0, 0.0, 1.0, 0.0, 5.0, 30.0, 30.0, 1.0, 0.0, 10.0, 4.0, 1.0, 66221], [66222, 0.0, 0.0, 1.0, 26.0, 0.0, 0.0, 0.0, 1.0, 0.0, 1.0, 0.0, 1.0, 1.0, 2.0, 0.0, 0.0, 0.0, 1.0, 10.0, 4.0, 5.0, 66222], [66223, 1.0, 0.0, 1.0, 32.0, 1.0, 0.0, 1.0, 0.0, 0.0, 0.0, 0.0, 1.0, 0.0, 5.0, 30.0, 30.0, 1.0, 0.0, 10.0, 5.0, 5.0, 66223], [66224, 1.0, 1.0, 1.0, 35.0, 1.0, 0.0, 1.0, 1.0, 1.0, 0.0, 0.0, 1.0, 0.0, 4.0, 30.0, 25.0, 1.0, 1.0, 13.0, 3.0, 4.0, 66224], [66226, 1.0, 1.0, 1.0, 27.0, 1.0, 0.0, 1.0, 1.0, 1.0, 1.0, 0.0, 1.0, 0.0, 3.0, 3.0, 5.0, 0.0, 1.0, 11.0, 6.0, 6.0, 66226], [66228, 1.0, 1.0, 1.0, 22.0, 0.0, 1.0, 1.0, 0.0, 1.0, 1.0, 0.0, 1.0, 0.0, 4.0, 0.0, 0.0, 1.0, 0.0, 11.0, 4.0, 5.0, 66228], [66229, 1.0, 0.0, 1.0, 35.0, 1.0, 0.0, 0.0, 1.0, 1.0, 1.0, 0.0, 1.0, 0.0, 3.0, 0.0, 0.0, 0.0, 0.0, 10.0, 4.0, 7.0, 66229]]}}","{""predictions"": [1.0, 1.0, 0.0, 1.0, 0.0, 0.0, 0.0, 1.0, 1.0, 1.0]}",1,"{""model_name"":""labuser70609094f_monitor_demo4f.default.diabetes_model"",""endpoint_name"":""labuser70609094f_endpoint"",""model_version"":""1""}"
null,d3a47dc6-2cd8-42da-894a-fcc87845356f,2024-07-08,1720444924241,200,4,"{""dataframe_split"": {""index"": [27560, 27561, 27562, 27563, 27564, 27565, 27566, 27567, 27568, 27569], ""columns"": [""index"", ""HighBP"", ""HighChol"", ""CholCheck"", ""BMI"", ""Smoker"", ""Stroke"", ""HeartDiseaseorAttack"", ""PhysActivity"", ""Fruits"", ""Veggies"", ""HvyAlcoholConsump"", ""AnyHealthcare"", ""NoDocbcCost"", ""GenHlth"", ""MentHlth"", ""PhysHlth"", ""DiffWalk"", ""Sex"", ""Age"", ""Education"", ""Income"", ""id""], ""data"": [[66442, 1.0, 1.0, 1.0, 32.0, 1.0, 0.0, 0.0, 1.0, 1.0, 1.0, 0.0, 1.0, 0.0, 3.0, 0.0, 0.0, 0.0, 0.0, 10.0, 5.0, 7.0, 66442], [66444, 1.0, 0.0, 1.0, 30.0, 0.0, 0.0, 1.0, 1.0, 0.0, 1.0, 0.0, 1.0, 0.0, 3.0, 0.0, 0.0, 0.0, 1.0, 10.0, 4.0, 6.0, 66444], [66447, 1.0, 1.0, 1.0, 32.0, 0.0, 0.0, 0.0, 1.0, 1.0, 1.0, 0.0, 1.0, 0.0, 3.0, 0.0, 0.0, 0.0, 0.0, 10.0, 4.0, 8.0, 66447], [66453, 0.0, 1.0, 1.0, 34.0, 1.0, 0.0, 0.0, 1.0, 1.0, 1.0, 0.0, 1.0, 0.0, 4.0, 0.0, 0.0, 0.0, 0.0, 10.0, 4.0, 8.0, 66453], [66454, 1.0, 1.0, 1.0, 46.0, 0.0, 0.0, 0.0, 1.0, 0.0, 1.0, 0.0, 1.0, 0.0, 4.0, 0.0, 3.0, 1.0, 0.0, 11.0, 4.0, 7.0, 66454], [66455, 1.0, 1.0, 1.0, 33.0, 0.0, 0.0, 0.0, 1.0, 1.0, 1.0, 0.0, 1.0, 0.0, 3.0, 0.0, 0.0, 0.0, 0.0, 13.0, 5.0, 6.0, 66455], [66456, 0.0, 1.0, 1.0, 19.0, 0.0, 0.0, 0.0, 1.0, 1.0, 0.0, 0.0, 1.0, 0.0, 2.0, 0.0, 0.0, 0.0, 0.0, 11.0, 5.0, 6.0, 66456], [66457, 1.0, 0.0, 1.0, 50.0, 0.0, 0.0, 0.0, 0.0, 1.0, 1.0, 0.0, 1.0, 0.0, 4.0, 0.0, 0.0, 1.0, 0.0, 10.0, 6.0, 8.0, 66457], [66460, 1.0, 0.0, 1.0, 21.0, 1.0, 0.0, 0.0, 1.0, 0.0, 1.0, 0.0, 1.0, 0.0, 3.0, 20.0, 20.0, 1.0, 0.0, 10.0, 4.0, 4.0, 66460], [66462, 0.0, 1.0, 1.0, 37.0, 1.0, 0.0, 0.0, 1.0, 1.0, 1.0, 0.0, 1.0, 0.0, 2.0, 0.0, 0.0, 0.0, 1.0, 10.0, 3.0, 8.0, 66462]]}}","{""predictions"": [1.0, 0.0, 0.0, 0.0, 1.0, 1.0, 0.0, 1.0, 1.0, 1.0]}",1,"{""model_name"":""labuser70609094f_monitor_demo4f.default.diabetes_model"",""endpoint_name"":""labuser70609094f_endpoint"",""model_version"":""1""}"
null,1af49364-d829-4112-88fb-3559ea8c355e,2024-07-08,1720444924270,200,4,"{""dataframe_split"": {""index"": [27570, 27571, 27572, 27573, 27574, 27575, 27576, 27577, 27578, 27579], ""columns"": [""index"", ""HighBP"", ""HighChol"", ""CholCheck"", ""BMI"", ""Smoker"", ""Stroke"", ""HeartDiseaseorAttack"", ""PhysActivity"", ""Fruits"", ""Veggies"", ""HvyAlcoholConsump"", ""AnyHealthcare"", ""NoDocbcCost"", ""GenHlth"", ""MentHlth"", ""PhysHlth"", ""DiffWalk"", ""Sex"", ""Age"", ""Education"", ""Income"", ""id""], ""data"": [[66463, 0.0, 0.0, 1.0, 22.0, 1.0, 0.0, 0.0, 1.0, 0.0, 1.0, 0.0, 1.0, 0.0, 3.0, 0.0, 7.0, 0.0, 0.0, 10.0, 5.0, 6.0, 66463], [66465, 1.0, 1.0, 1.0, 34.0, 1.0, 0.0, 1.0, 0.0, 0.0, 1.0, 0.0, 1.0, 0.0, 4.0, 0.0, 5.0, 1.0, 0.0, 10.0, 5.0, 3.0, 66465], [66467, 1.0, 1.0, 1.0, 28.0, 1.0, 1.0, 0.0, 1.0, 0.0, 1.0, 0.0, 1.0, 0.0, 3.0, 0.0, 7.0, 0.0, 1.0, 10.0, 4.0, 5.0, 66467], [66469, 1.0, 1.0, 1.0, 38.0, 1.0, 0.0, 1.0, 1.0, 1.0, 1.0, 0.0, 1.0, 0.0, 5.0, 30.0, 30.0, 1.0, 1.0, 11.0, 4.0, 5.0, 66469], [66471, 1.0, 0.0, 1.0, 36.0, 0.0, 0.0, 1.0, 1.0, 0.0, 1.0, 0.0, 1.0, 0.0, 3.0, 0.0, 7.0, 0.0, 0.0, 11.0, 5.0, 8.0, 66471], [66474, 1.0, 1.0, 1.0, 31.0, 0.0, 0.0, 0.0, 1.0, 1.0, 1.0, 0.0, 1.0, 0.0, 3.0, 0.0, 0.0, 0.0, 1.0, 11.0, 5.0, 6.0, 66474], [66475, 1.0, 1.0, 1.0, 39.0, 1.0, 0.0, 0.0, 1.0, 1.0, 1.0, 0.0, 1.0, 0.0, 2.0, 0.0, 0.0, 1.0, 0.0, 12.0, 4.0, 2.0, 66475], [66476, 1.0, 1.0, 1.0, 33.0, 0.0, 0.0, 0.0, 0.0, 0.0, 0.0, 0.0, 1.0, 0.0, 3.0, 0.0, 0.0, 0.0, 1.0, 10.0, 6.0, 7.0, 66476], [66477, 1.0, 1.0, 1.0, 44.0, 0.0, 0.0, 0.0, 0.0, 0.0, 0.0, 0.0, 1.0, 0.0, 2.0, 0.0, 20.0, 0.0, 0.0, 10.0, 5.0, 8.0, 66477], [66478, 1.0, 1.0, 1.0, 21.0, 0.0, 0.0, 0.0, 1.0, 0.0, 0.0, 0.0, 1.0, 1.0, 2.0, 1.0, 0.0, 0.0, 0.0, 12.0, 6.0, 4.0, 66478]]}}","{""predictions"": [1.0, 1.0, 0.0, 1.0, 1.0, 1.0, 1.0, 1.0, 0.0, 1.0]}",1,"{""model_name"":""labuser70609094f_monitor_demo4f.default.diabetes_model"",""endpoint_name"":""labuser70609094f_endpoint"",""model_version"":""1""}"
null,99b662c1-203b-401b-9441-0f9312068d87,2024-07-08,1720444924298,200,4,"{""dataframe_split"": {""index"": [27580, 27581, 27582, 27583, 27584, 27585, 27586, 27587, 27588, 27589], ""columns"": [""index"", ""HighBP"", ""HighChol"", ""CholCheck"", ""BMI"", ""Smoker"", ""Stroke"", ""HeartDiseaseorAttack"", ""PhysActivity"", ""Fruits"", ""Veggies"", ""HvyAlcoholConsump"", ""AnyHealthcare"", ""NoDocbcCost"", ""GenHlth"", ""MentHlth"", ""PhysHlth"", ""DiffWalk"", ""Sex"", ""Age"", ""Education"", ""Income"", ""id""], ""data"": [[66480, 1.0, 1.0, 1.0, 35.0, 1.0, 0.0, 0.0, 0.0, 0.0, 1.0, 0.0, 1.0, 0.0, 4.0, 0.0, 30.0, 0.0, 0.0, 11.0, 5.0, 8.0, 66480], [66482, 0.0, 0.0, 1.0, 24.0, 0.0, 0.0, 0.0, 1.0, 1.0, 1.0, 0.0, 1.0, 0.0, 1.0, 0.0, 0.0, 0.0, 1.0, 10.0, 6.0, 8.0, 66482], [66485, 1.0, 1.0, 1.0, 33.0, 1.0, 0.0, 0.0, 0.0, 1.0, 1.0, 0.0, 1.0, 0.0, 3.0, 0.0, 15.0, 1.0, 1.0, 11.0, 5.0, 8.0, 66485], [66486, 0.0, 1.0, 1.0, 37.0, 1.0, 0.0, 0.0, 1.0, 0.0, 0.0, 0.0, 1.0, 0.0, 3.0, 7.0, 0.0, 0.0, 0.0, 10.0, 3.0, 5.0, 66486], [66489, 1.0, 1.0, 1.0, 36.0, 0.0, 0.0, 0.0, 1.0, 1.0, 1.0, 0.0, 1.0, 0.0, 3.0, 3.0, 0.0, 0.0, 0.0, 10.0, 6.0, 8.0, 66489], [66491, 0.0, 1.0, 1.0, 36.0, 1.0, 0.0, 0.0, 0.0, 0.0, 0.0, 0.0, 0.0, 0.0, 4.0, 0.0, 0.0, 1.0, 1.0, 10.0, 4.0, 5.0, 66491], [66493, 1.0, 0.0, 1.0, 26.0, 1.0, 0.0, 0.0, 1.0, 1.0, 1.0, 0.0, 1.0, 0.0, 2.0, 0.0, 0.0, 0.0, 0.0, 12.0, 5.0, 3.0, 66493], [66494, 1.0, 1.0, 1.0, 33.0, 1.0, 0.0, 0.0, 0.0, 1.0, 1.0, 0.0, 1.0, 0.0, 1.0, 0.0, 0.0, 0.0, 1.0, 10.0, 6.0, 5.0, 66494], [66495, 1.0, 0.0, 1.0, 34.0, 1.0, 0.0, 1.0, 0.0, 1.0, 1.0, 0.0, 1.0, 0.0, 1.0, 0.0, 10.0, 1.0, 1.0, 12.0, 4.0, 6.0, 66495], [66500, 1.0, 1.0, 1.0, 29.0, 0.0, 0.0, 0.0, 1.0, 1.0, 1.0, 0.0, 1.0, 0.0, 3.0, 0.0, 30.0, 0.0, 0.0, 12.0, 4.0, 4.0, 66500]]}}","{""predictions"": [1.0, 0.0, 0.0, 1.0, 1.0, 1.0, 1.0, 1.0, 0.0, 1.0]}",1,"{""model_name"":""labuser70609094f_monitor_demo4f.default.diabetes_model"",""endpoint_name"":""labuser70609094f_endpoint"",""model_version"":""1""}"
null,98cf6805-cba8-4f16-801b-0e5204e17cbd,2024-07-08,1720444924574,200,4,"{""dataframe_split"": {""index"": [27670, 27671, 27672, 27673, 27674, 27675, 27676, 27677, 27678, 27679], ""columns"": [""index"", ""HighBP"", ""HighChol"", ""CholCheck"", ""BMI"", ""Smoker"", ""Stroke"", ""HeartDiseaseorAttack"", ""PhysActivity"", ""Fruits"", ""Veggies"", ""HvyAlcoholConsump"", ""AnyHealthcare"", ""NoDocbcCost"", ""GenHlth"", ""MentHlth"", ""PhysHlth"", ""DiffWalk"", ""Sex"", ""Age"", ""Education"", ""Income"", ""id""], ""data"": [[66637, 1.0, 1.0, 1.0, 39.0, 1.0, 0.0, 0.0, 1.0, 1.0, 0.0, 0.0, 1.0, 0.0, 4.0, 0.0, 0.0, 0.0, 1.0, 11.0, 4.0, 5.0, 66637], [66641, 1.0, 0.0, 1.0, 35.0, 1.0, 0.0, 0.0, 0.0, 1.0, 1.0, 0.0, 1.0, 0.0, 5.0, 0.0, 30.0, 0.0, 0.0, 10.0, 5.0, 4.0, 66641], [66643, 0.0, 0.0, 1.0, 31.0, 0.0, 0.0, 0.0, 0.0, 1.0, 1.0, 0.0, 1.0, 0.0, 3.0, 0.0, 0.0, 0.0, 0.0, 13.0, 4.0, 7.0, 66643], [66644, 1.0, 1.0, 1.0, 26.0, 0.0, 0.0, 0.0, 1.0, 1.0, 0.0, 0.0, 1.0, 0.0, 3.0, 0.0, 3.0, 0.0, 1.0, 13.0, 4.0, 4.0, 66644], [66645, 1.0, 0.0, 1.0, 26.0, 1.0, 0.0, 1.0, 0.0, 0.0, 1.0, 0.0, 1.0, 0.0, 3.0, 0.0, 0.0, 0.0, 1.0, 10.0, 4.0, 7.0, 66645], [66646, 1.0, 0.0, 1.0, 34.0, 0.0, 0.0, 1.0, 0.0, 0.0, 0.0, 0.0, 1.0, 0.0, 3.0, 0.0, 0.0, 0.0, 0.0, 12.0, 4.0, 4.0, 66646], [66647, 1.0, 0.0, 1.0, 43.0, 0.0, 0.0, 0.0, 1.0, 0.0, 0.0, 0.0, 1.0, 0.0, 4.0, 0.0, 2.0, 0.0, 0.0, 11.0, 4.0, 6.0, 66647], [66650, 1.0, 1.0, 1.0, 30.0, 1.0, 0.0, 1.0, 0.0, 1.0, 1.0, 0.0, 1.0, 0.0, 2.0, 0.0, 0.0, 0.0, 1.0, 10.0, 4.0, 8.0, 66650], [66651, 1.0, 1.0, 1.0, 32.0, 1.0, 0.0, 0.0, 1.0, 1.0, 1.0, 0.0, 1.0, 0.0, 4.0, 0.0, 0.0, 0.0, 1.0, 11.0, 4.0, 5.0, 66651], [66653, 1.0, 1.0, 1.0, 30.0, 1.0, 0.0, 0.0, 1.0, 1.0, 1.0, 0.0, 1.0, 0.0, 4.0, 0.0, 10.0, 0.0, 0.0, 11.0, 4.0, 6.0, 66653]]}}","{""predictions"": [1.0, 1.0, 1.0, 1.0, 1.0, 1.0, 1.0, 0.0, 1.0, 1.0]}",1,"{""model_name"":""labuser70609094f_monitor_demo4f.default.diabetes_model"",""endpoint_name"":""labuser70609094f_endpoint"",""model_version"":""1""}"
null,425ebef6-829e-4325-b37c-83dff1e6b2a0,2024-07-08,1720444924602,200,4,"{""dataframe_split"": {""index"": [27680, 27681, 27682, 27683, 27684, 27685, 27686, 27687, 27688, 27689], ""columns"": [""index"", ""HighBP"", ""HighChol"", ""CholCheck"", ""BMI"", ""Smoker"", ""Stroke"", ""HeartDiseaseorAttack"", ""PhysActivity"", ""Fruits"", ""Veggies"", ""HvyAlcoholConsump"", ""AnyHealthcare"", ""NoDocbcCost"", ""GenHlth"", ""MentHlth"", ""PhysHlth"", ""DiffWalk"", ""Sex"", ""Age"", ""Education"", ""Income"", ""id""], ""data"": [[66654, 1.0, 0.0, 1.0, 38.0, 0.0, 0.0, 0.0, 1.0, 1.0, 1.0, 0.0, 1.0, 0.0, 2.0, 0.0, 0.0, 0.0, 0.0, 10.0, 4.0, 3.0, 66654], [66655, 1.0, 0.0, 1.0, 22.0, 0.0, 0.0, 0.0, 0.0, 1.0, 0.0, 0.0, 1.0, 0.0, 3.0, 2.0, 0.0, 0.0, 0.0, 11.0, 5.0, 5.0, 66655], [66656, 1.0, 1.0, 1.0, 32.0, 1.0, 0.0, 1.0, 0.0, 1.0, 1.0, 0.0, 1.0, 0.0, 4.0, 0.0, 20.0, 1.0, 1.0, 11.0, 5.0, 5.0, 66656], [66657, 1.0, 0.0, 1.0, 29.0, 0.0, 1.0, 0.0, 1.0, 0.0, 1.0, 0.0, 1.0, 0.0, 3.0, 0.0, 2.0, 0.0, 1.0, 12.0, 6.0, 8.0, 66657], [66658, 1.0, 0.0, 1.0, 32.0, 1.0, 0.0, 1.0, 0.0, 1.0, 1.0, 0.0, 1.0, 0.0, 3.0, 2.0, 0.0, 1.0, 0.0, 11.0, 5.0, 7.0, 66658], [66661, 1.0, 1.0, 1.0, 34.0, 1.0, 0.0, 1.0, 1.0, 1.0, 1.0, 0.0, 1.0, 0.0, 4.0, 0.0, 0.0, 1.0, 1.0, 10.0, 5.0, 6.0, 66661], [66663, 1.0, 1.0, 1.0, 27.0, 1.0, 0.0, 0.0, 1.0, 1.0, 1.0, 0.0, 1.0, 0.0, 2.0, 4.0, 0.0, 0.0, 0.0, 13.0, 5.0, 5.0, 66663], [66664, 0.0, 1.0, 1.0, 27.0, 0.0, 0.0, 1.0, 0.0, 1.0, 1.0, 0.0, 1.0, 0.0, 4.0, 0.0, 15.0, 1.0, 0.0, 13.0, 4.0, 2.0, 66664], [66667, 1.0, 0.0, 1.0, 27.0, 1.0, 1.0, 0.0, 1.0, 1.0, 1.0, 0.0, 1.0, 0.0, 4.0, 0.0, 0.0, 0.0, 1.0, 10.0, 5.0, 4.0, 66667], [66673, 1.0, 1.0, 1.0, 46.0, 1.0, 0.0, 0.0, 1.0, 1.0, 1.0, 0.0, 1.0, 0.0, 5.0, 2.0, 30.0, 1.0, 1.0, 10.0, 5.0, 2.0, 66673]]}}","{""predictions"": [1.0, 0.0, 1.0, 1.0, 1.0, 1.0, 1.0, 1.0, 0.0, 1.0]}",1,"{""model_name"":""labuser70609094f_monitor_demo4f.default.diabetes_model"",""endpoint_name"":""labuser70609094f_endpoint"",""model_version"":""1""}"
null,a9384ecf-84de-4041-a9dd-4361f55f7161,2024-07-08,1720444924829,200,4,"{""dataframe_split"": {""index"": [27760, 27761, 27762, 27763, 27764, 27765, 27766, 27767, 27768, 27769], ""columns"": [""index"", ""HighBP"", ""HighChol"", ""CholCheck"", ""BMI"", ""Smoker"", ""Stroke"", ""HeartDiseaseorAttack"", ""PhysActivity"", ""Fruits"", ""Veggies"", ""HvyAlcoholConsump"", ""AnyHealthcare"", ""NoDocbcCost"", ""GenHlth"", ""MentHlth"", ""PhysHlth"", ""DiffWalk"", ""Sex"", ""Age"", ""Education"", ""Income"", ""id""], ""data"": [[66806, 1.0, 1.0, 1.0, 24.0, 0.0, 0.0, 0.0, 0.0, 1.0, 0.0, 0.0, 1.0, 1.0, 4.0, 0.0, 30.0, 1.0, 0.0, 11.0, 3.0, 5.0, 66806], [66807, 1.0, 0.0, 0.0, 38.0, 0.0, 0.0, 0.0, 0.0, 0.0, 1.0, 0.0, 1.0, 0.0, 5.0, 0.0, 20.0, 1.0, 1.0, 10.0, 4.0, 7.0, 66807], [66808, 1.0, 0.0, 1.0, 29.0, 0.0, 0.0, 0.0, 0.0, 1.0, 1.0, 0.0, 1.0, 0.0, 1.0, 0.0, 0.0, 0.0, 0.0, 13.0, 4.0, 4.0, 66808], [66809, 1.0, 1.0, 1.0, 22.0, 0.0, 1.0, 0.0, 1.0, 1.0, 0.0, 0.0, 1.0, 1.0, 4.0, 0.0, 0.0, 0.0, 1.0, 13.0, 4.0, 5.0, 66809], [66810, 1.0, 1.0, 1.0, 24.0, 0.0, 0.0, 0.0, 0.0, 0.0, 1.0, 0.0, 1.0, 0.0, 3.0, 0.0, 30.0, 1.0, 0.0, 10.0, 4.0, 3.0, 66810], [66814, 0.0, 1.0, 1.0, 34.0, 1.0, 0.0, 1.0, 0.0, 0.0, 1.0, 0.0, 1.0, 0.0, 3.0, 14.0, 0.0, 0.0, 1.0, 10.0, 4.0, 6.0, 66814], [66815, 1.0, 0.0, 1.0, 33.0, 1.0, 0.0, 1.0, 0.0, 0.0, 1.0, 0.0, 1.0, 0.0, 5.0, 15.0, 15.0, 1.0, 1.0, 12.0, 4.0, 7.0, 66815], [66816, 1.0, 1.0, 1.0, 32.0, 1.0, 0.0, 0.0, 1.0, 1.0, 0.0, 0.0, 1.0, 0.0, 3.0, 1.0, 2.0, 0.0, 0.0, 10.0, 2.0, 5.0, 66816], [66817, 1.0, 0.0, 1.0, 26.0, 1.0, 0.0, 0.0, 0.0, 1.0, 1.0, 0.0, 1.0, 0.0, 2.0, 0.0, 0.0, 0.0, 1.0, 13.0, 4.0, 8.0, 66817], [66818, 1.0, 1.0, 1.0, 35.0, 1.0, 0.0, 0.0, 0.0, 1.0, 1.0, 0.0, 1.0, 1.0, 5.0, 30.0, 30.0, 1.0, 0.0, 11.0, 4.0, 1.0, 66818]]}}","{""predictions"": [0.0, 1.0, 0.0, 0.0, 1.0, 0.0, 1.0, 1.0, 1.0, 1.0]}",1,"{""model_name"":""labuser70609094f_monitor_demo4f.default.diabetes_model"",""endpoint_name"":""labuser70609094f_endpoint"",""model_version"":""1""}"
null,b0f1c289-7ae9-4b4a-9856-237328c5a294,2024-07-08,1720444925001,200,4,"{""dataframe_split"": {""index"": [27820, 27821, 27822, 27823, 27824, 27825, 27826, 27827, 27828, 27829], ""columns"": [""index"", ""HighBP"", ""HighChol"", ""CholCheck"", ""BMI"", ""Smoker"", ""Stroke"", ""HeartDiseaseorAttack"", ""PhysActivity"", ""Fruits"", ""Veggies"", ""HvyAlcoholConsump"", ""AnyHealthcare"", ""NoDocbcCost"", ""GenHlth"", ""MentHlth"", ""PhysHlth"", ""DiffWalk"", ""Sex"", ""Age"", ""Education"", ""Income"", ""id""], ""data"": [[66932, 1.0, 1.0, 1.0, 33.0, 1.0, 0.0, 0.0, 0.0, 0.0, 1.0, 0.0, 1.0, 0.0, 3.0, 0.0, 0.0, 1.0, 1.0, 13.0, 5.0, 8.0, 66932], [66933, 1.0, 0.0, 1.0, 33.0, 1.0, 0.0, 0.0, 1.0, 1.0, 1.0, 0.0, 1.0, 0.0, 3.0, 0.0, 0.0, 0.0, 0.0, 10.0, 5.0, 7.0, 66933], [66936, 1.0, 0.0, 1.0, 34.0, 1.0, 0.0, 0.0, 0.0, 0.0, 1.0, 0.0, 1.0, 0.0, 4.0, 0.0, 2.0, 0.0, 1.0, 10.0, 5.0, 6.0, 66936], [66938, 0.0, 1.0, 1.0, 32.0, 1.0, 1.0, 1.0, 1.0, 1.0, 1.0, 0.0, 1.0, 0.0, 3.0, 0.0, 0.0, 0.0, 1.0, 12.0, 4.0, 6.0, 66938], [66941, 1.0, 1.0, 1.0, 24.0, 0.0, 1.0, 0.0, 0.0, 0.0, 1.0, 0.0, 1.0, 0.0, 2.0, 0.0, 0.0, 0.0, 1.0, 11.0, 4.0, 6.0, 66941], [66942, 1.0, 1.0, 1.0, 35.0, 1.0, 0.0, 1.0, 1.0, 1.0, 1.0, 0.0, 1.0, 0.0, 4.0, 0.0, 0.0, 1.0, 0.0, 13.0, 6.0, 3.0, 66942], [66943, 1.0, 0.0, 1.0, 25.0, 1.0, 0.0, 0.0, 1.0, 1.0, 0.0, 0.0, 1.0, 0.0, 3.0, 0.0, 0.0, 0.0, 0.0, 10.0, 6.0, 6.0, 66943], [66944, 1.0, 0.0, 1.0, 39.0, 0.0, 0.0, 0.0, 0.0, 1.0, 1.0, 0.0, 1.0, 0.0, 2.0, 0.0, 0.0, 0.0, 0.0, 12.0, 5.0, 6.0, 66944], [66945, 1.0, 1.0, 1.0, 28.0, 1.0, 1.0, 0.0, 0.0, 1.0, 1.0, 0.0, 1.0, 0.0, 4.0, 30.0, 15.0, 1.0, 0.0, 13.0, 6.0, 2.0, 66945], [66950, 1.0, 1.0, 1.0, 20.0, 0.0, 0.0, 0.0, 1.0, 1.0, 1.0, 0.0, 1.0, 0.0, 2.0, 0.0, 0.0, 0.0, 0.0, 11.0, 6.0, 8.0, 66950]]}}","{""predictions"": [1.0, 1.0, 1.0, 1.0, 1.0, 0.0, 0.0, 1.0, 0.0, 0.0]}",1,"{""model_name"":""labuser70609094f_monitor_demo4f.default.diabetes_model"",""endpoint_name"":""labuser70609094f_endpoint"",""model_version"":""1""}"
null,9e866669-44f4-414b-ab75-e25366f2d0b2,2024-07-08,1720444925248,200,4,"{""dataframe_split"": {""index"": [27910, 27911, 27912, 27913, 27914, 27915, 27916, 27917, 27918, 27919], ""columns"": [""index"", ""HighBP"", ""HighChol"", ""CholCheck"", ""BMI"", ""Smoker"", ""Stroke"", ""HeartDiseaseorAttack"", ""PhysActivity"", ""Fruits"", ""Veggies"", ""HvyAlcoholConsump"", ""AnyHealthcare"", ""NoDocbcCost"", ""GenHlth"", ""MentHlth"", ""PhysHlth"", ""DiffWalk"", ""Sex"", ""Age"", ""Education"", ""Income"", ""id""], ""data"": [[67204, 1.0, 1.0, 1.0, 26.0, 1.0, 0.0, 1.0, 1.0, 0.0, 1.0, 0.0, 1.0, 0.0, 4.0, 0.0, 10.0, 1.0, 1.0, 10.0, 6.0, 7.0, 67204], [67206, 1.0, 1.0, 1.0, 31.0, 1.0, 0.0, 0.0, 0.0, 1.0, 1.0, 0.0, 1.0, 0.0, 3.0, 0.0, 0.0, 0.0, 1.0, 11.0, 4.0, 6.0, 67206], [67207, 1.0, 1.0, 1.0, 24.0, 1.0, 0.0, 1.0, 1.0, 0.0, 1.0, 0.0, 1.0, 0.0, 5.0, 0.0, 30.0, 0.0, 0.0, 11.0, 6.0, 1.0, 67207], [67208, 1.0, 1.0, 1.0, 28.0, 1.0, 0.0, 1.0, 1.0, 0.0, 1.0, 0.0, 1.0, 0.0, 2.0, 0.0, 0.0, 0.0, 0.0, 11.0, 6.0, 2.0, 67208], [67210, 0.0, 1.0, 1.0, 26.0, 0.0, 0.0, 1.0, 1.0, 1.0, 1.0, 0.0, 1.0, 0.0, 2.0, 1.0, 0.0, 0.0, 0.0, 10.0, 6.0, 8.0, 67210], [67211, 1.0, 1.0, 1.0, 28.0, 0.0, 0.0, 0.0, 1.0, 0.0, 1.0, 0.0, 1.0, 0.0, 3.0, 0.0, 7.0, 0.0, 0.0, 11.0, 4.0, 3.0, 67211], [67212, 0.0, 1.0, 1.0, 38.0, 0.0, 0.0, 0.0, 0.0, 0.0, 1.0, 0.0, 1.0, 0.0, 4.0, 0.0, 30.0, 1.0, 0.0, 13.0, 3.0, 3.0, 67212], [67213, 1.0, 0.0, 1.0, 27.0, 0.0, 1.0, 0.0, 1.0, 1.0, 0.0, 0.0, 1.0, 0.0, 2.0, 0.0, 0.0, 1.0, 0.0, 13.0, 5.0, 3.0, 67213], [67214, 1.0, 1.0, 1.0, 26.0, 1.0, 0.0, 0.0, 1.0, 1.0, 1.0, 0.0, 1.0, 0.0, 1.0, 0.0, 0.0, 0.0, 1.0, 10.0, 6.0, 8.0, 67214], [67216, 1.0, 1.0, 1.0, 27.0, 1.0, 0.0, 0.0, 1.0, 0.0, 1.0, 0.0, 1.0, 1.0, 4.0, 0.0, 12.0, 0.0, 0.0, 12.0, 4.0, 2.0, 67216]]}}","{""predictions"": [1.0, 1.0, 0.0, 0.0, 0.0, 1.0, 1.0, 1.0, 0.0, 1.0]}",1,"{""model_name"":""labuser70609094f_monitor_demo4f.default.diabetes_model"",""endpoint_name"":""labuser70609094f_endpoint"",""model_version"":""1""}"
null,fa743464-ad13-4b9a-81ce-a9553e0684c1,2024-07-08,1720444925364,200,4,"{""dataframe_split"": {""index"": [27950, 27951, 27952, 27953, 27954, 27955, 27956, 27957, 27958, 27959], ""columns"": [""index"", ""HighBP"", ""HighChol"", ""CholCheck"", ""BMI"", ""Smoker"", ""Stroke"", ""HeartDiseaseorAttack"", ""PhysActivity"", ""Fruits"", ""Veggies"", ""HvyAlcoholConsump"", ""AnyHealthcare"", ""NoDocbcCost"", ""GenHlth"", ""MentHlth"", ""PhysHlth"", ""DiffWalk"", ""Sex"", ""Age"", ""Education"", ""Income"", ""id""], ""data"": [[67269, 1.0, 1.0, 1.0, 25.0, 0.0, 1.0, 0.0, 0.0, 1.0, 1.0, 0.0, 1.0, 0.0, 2.0, 0.0, 0.0, 0.0, 0.0, 13.0, 5.0, 6.0, 67269], [67271, 1.0, 1.0, 1.0, 27.0, 1.0, 0.0, 0.0, 1.0, 1.0, 1.0, 0.0, 1.0, 0.0, 3.0, 30.0, 0.0, 1.0, 1.0, 11.0, 5.0, 6.0, 67271], [67272, 1.0, 0.0, 0.0, 29.0, 1.0, 0.0, 1.0, 0.0, 1.0, 1.0, 0.0, 1.0, 0.0, 3.0, 0.0, 0.0, 1.0, 1.0, 10.0, 5.0, 3.0, 67272], [67273, 1.0, 1.0, 1.0, 33.0, 1.0, 0.0, 0.0, 1.0, 1.0, 1.0, 0.0, 1.0, 0.0, 5.0, 15.0, 30.0, 1.0, 1.0, 11.0, 6.0, 8.0, 67273], [67274, 0.0, 1.0, 1.0, 27.0, 0.0, 0.0, 1.0, 1.0, 1.0, 1.0, 0.0, 1.0, 0.0, 3.0, 0.0, 0.0, 0.0, 1.0, 12.0, 5.0, 8.0, 67274], [67275, 1.0, 1.0, 1.0, 22.0, 1.0, 0.0, 0.0, 1.0, 0.0, 1.0, 0.0, 1.0, 0.0, 3.0, 0.0, 0.0, 0.0, 1.0, 13.0, 6.0, 7.0, 67275], [67277, 1.0, 1.0, 1.0, 39.0, 1.0, 0.0, 0.0, 1.0, 1.0, 1.0, 0.0, 1.0, 0.0, 3.0, 0.0, 0.0, 0.0, 1.0, 10.0, 6.0, 8.0, 67277], [67278, 0.0, 0.0, 1.0, 32.0, 1.0, 0.0, 0.0, 1.0, 0.0, 1.0, 0.0, 1.0, 0.0, 3.0, 0.0, 5.0, 0.0, 0.0, 11.0, 6.0, 7.0, 67278], [67279, 0.0, 1.0, 1.0, 25.0, 1.0, 1.0, 0.0, 1.0, 1.0, 1.0, 0.0, 1.0, 0.0, 5.0, 0.0, 7.0, 0.0, 0.0, 13.0, 5.0, 7.0, 67279], [67280, 1.0, 1.0, 1.0, 26.0, 1.0, 0.0, 1.0, 0.0, 1.0, 1.0, 0.0, 1.0, 0.0, 3.0, 0.0, 0.0, 0.0, 1.0, 11.0, 4.0, 5.0, 67280]]}}","{""predictions"": [1.0, 1.0, 0.0, 1.0, 0.0, 0.0, 0.0, 1.0, 1.0, 1.0]}",1,"{""model_name"":""labuser70609094f_monitor_demo4f.default.diabetes_model"",""endpoint_name"":""labuser70609094f_endpoint"",""model_version"":""1""}"
null,fa257a22-f1e1-981f-a14f-1e12968ed814,2024-07-08,1720444925394,200,4,"{""dataframe_split"": {""index"": [27960, 27961, 27962, 27963, 27964, 27965, 27966, 27967, 27968, 27969], ""columns"": [""index"", ""HighBP"", ""HighChol"", ""CholCheck"", ""BMI"", ""Smoker"", ""Stroke"", ""HeartDiseaseorAttack"", ""PhysActivity"", ""Fruits"", ""Veggies"", ""HvyAlcoholConsump"", ""AnyHealthcare"", ""NoDocbcCost"", ""GenHlth"", ""MentHlth"", ""PhysHlth"", ""DiffWalk"", ""Sex"", ""Age"", ""Education"", ""Income"", ""id""], ""data"": [[67284, 0.0, 0.0, 1.0, 29.0, 1.0, 0.0, 0.0, 0.0, 1.0, 1.0, 0.0, 1.0, 0.0, 3.0, 0.0, 2.0, 0.0, 1.0, 13.0, 6.0, 7.0, 67284], [67288, 1.0, 1.0, 1.0, 37.0, 1.0, 0.0, 1.0, 1.0, 1.0, 1.0, 0.0, 1.0, 0.0, 2.0, 0.0, 7.0, 1.0, 1.0, 13.0, 5.0, 7.0, 67288], [67289, 1.0, 1.0, 1.0, 28.0, 0.0, 0.0, 1.0, 1.0, 1.0, 1.0, 0.0, 0.0, 0.0, 4.0, 5.0, 0.0, 1.0, 0.0, 13.0, 5.0, 3.0, 67289], [67290, 1.0, 1.0, 1.0, 28.0, 1.0, 0.0, 1.0, 1.0, 1.0, 1.0, 0.0, 1.0, 0.0, 2.0, 0.0, 0.0, 1.0, 0.0, 13.0, 5.0, 3.0, 67290], [67293, 1.0, 0.0, 1.0, 27.0, 1.0, 0.0, 0.0, 1.0, 1.0, 1.0, 0.0, 1.0, 0.0, 4.0, 0.0, 14.0, 0.0, 0.0, 12.0, 6.0, 6.0, 67293], [67294, 1.0, 1.0, 1.0, 28.0, 1.0, 0.0, 1.0, 1.0, 0.0, 1.0, 0.0, 1.0, 1.0, 4.0, 0.0, 25.0, 1.0, 1.0, 13.0, 5.0, 4.0, 67294], [67295, 1.0, 1.0, 1.0, 34.0, 1.0, 0.0, 0.0, 0.0, 0.0, 1.0, 0.0, 1.0, 0.0, 2.0, 30.0, 0.0, 0.0, 1.0, 11.0, 4.0, 7.0, 67295], [67296, 1.0, 1.0, 1.0, 23.0, 0.0, 0.0, 0.0, 1.0, 1.0, 1.0, 0.0, 1.0, 0.0, 3.0, 0.0, 7.0, 0.0, 1.0, 13.0, 6.0, 8.0, 67296], [67297, 1.0, 0.0, 1.0, 45.0, 1.0, 0.0, 0.0, 1.0, 1.0, 1.0, 0.0, 1.0, 0.0, 3.0, 0.0, 0.0, 1.0, 0.0, 11.0, 4.0, 5.0, 67297], [67303, 1.0, 1.0, 1.0, 30.0, 0.0, 0.0, 0.0, 1.0, 1.0, 1.0, 0.0, 1.0, 0.0, 2.0, 6.0, 2.0, 0.0, 1.0, 10.0, 6.0, 8.0, 67303]]}}","{""predictions"": [0.0, 1.0, 1.0, 0.0, 1.0, 0.0, 1.0, 0.0, 1.0, 0.0]}",1,"{""model_name"":""labuser70609094f_monitor_demo4f.default.diabetes_model"",""endpoint_name"":""labuser70609094f_endpoint"",""model_version"":""1""}"
null,c57b6e89-adfa-413d-b35e-195208a3d645,2024-07-08,1720444925423,200,4,"{""dataframe_split"": {""index"": [27970, 27971, 27972, 27973, 27974, 27975, 27976, 27977, 27978, 27979], ""columns"": [""index"", ""HighBP"", ""HighChol"", ""CholCheck"", ""BMI"", ""Smoker"", ""Stroke"", ""HeartDiseaseorAttack"", ""PhysActivity"", ""Fruits"", ""Veggies"", ""HvyAlcoholConsump"", ""AnyHealthcare"", ""NoDocbcCost"", ""GenHlth"", ""MentHlth"", ""PhysHlth"", ""DiffWalk"", ""Sex"", ""Age"", ""Education"", ""Income"", ""id""], ""data"": [[67304, 1.0, 1.0, 1.0, 25.0, 1.0, 0.0, 1.0, 1.0, 1.0, 1.0, 0.0, 1.0, 0.0, 5.0, 4.0, 30.0, 0.0, 1.0, 13.0, 6.0, 2.0, 67304], [67305, 1.0, 1.0, 1.0, 33.0, 1.0, 0.0, 1.0, 1.0, 1.0, 1.0, 0.0, 1.0, 0.0, 2.0, 0.0, 4.0, 0.0, 0.0, 11.0, 3.0, 3.0, 67305], [67306, 1.0, 1.0, 0.0, 35.0, 1.0, 0.0, 0.0, 1.0, 1.0, 1.0, 0.0, 1.0, 0.0, 5.0, 12.0, 25.0, 1.0, 1.0, 10.0, 5.0, 2.0, 67306], [67308, 1.0, 0.0, 1.0, 38.0, 1.0, 0.0, 0.0, 1.0, 1.0, 1.0, 0.0, 1.0, 0.0, 3.0, 0.0, 0.0, 1.0, 1.0, 13.0, 6.0, 7.0, 67308], [67313, 1.0, 1.0, 1.0, 31.0, 0.0, 1.0, 1.0, 1.0, 1.0, 1.0, 0.0, 1.0, 0.0, 4.0, 10.0, 15.0, 0.0, 0.0, 12.0, 5.0, 7.0, 67313], [67315, 1.0, 1.0, 1.0, 39.0, 1.0, 0.0, 0.0, 0.0, 0.0, 1.0, 0.0, 1.0, 1.0, 3.0, 0.0, 21.0, 1.0, 0.0, 10.0, 3.0, 1.0, 67315], [67316, 1.0, 1.0, 1.0, 27.0, 1.0, 0.0, 0.0, 1.0, 1.0, 1.0, 0.0, 1.0, 0.0, 3.0, 0.0, 1.0, 0.0, 0.0, 11.0, 5.0, 4.0, 67316], [67317, 1.0, 1.0, 1.0, 35.0, 1.0, 0.0, 0.0, 0.0, 1.0, 1.0, 0.0, 1.0, 0.0, 3.0, 4.0, 0.0, 0.0, 0.0, 11.0, 6.0, 5.0, 67317], [67318, 1.0, 1.0, 1.0, 30.0, 0.0, 0.0, 0.0, 0.0, 1.0, 1.0, 0.0, 1.0, 0.0, 4.0, 2.0, 25.0, 1.0, 0.0, 13.0, 4.0, 5.0, 67318], [67321, 1.0, 0.0, 1.0, 24.0, 0.0, 0.0, 0.0, 1.0, 1.0, 1.0, 0.0, 1.0, 0.0, 2.0, 0.0, 0.0, 0.0, 0.0, 11.0, 4.0, 6.0, 67321]]}}","{""predictions"": [1.0, 1.0, 1.0, 1.0, 1.0, 1.0, 0.0, 1.0, 0.0, 0.0]}",1,"{""model_name"":""labuser70609094f_monitor_demo4f.default.diabetes_model"",""endpoint_name"":""labuser70609094f_endpoint"",""model_version"":""1""}"
null,6f367b46-1b85-43f8-b05c-c2c019fa29b3,2024-07-08,1720444925452,200,4,"{""dataframe_split"": {""index"": [27980, 27981, 27982, 27983, 27984, 27985, 27986, 27987, 27988, 27989], ""columns"": [""index"", ""HighBP"", ""HighChol"", ""CholCheck"", ""BMI"", ""Smoker"", ""Stroke"", ""HeartDiseaseorAttack"", ""PhysActivity"", ""Fruits"", ""Veggies"", ""HvyAlcoholConsump"", ""AnyHealthcare"", ""NoDocbcCost"", ""GenHlth"", ""MentHlth"", ""PhysHlth"", ""DiffWalk"", ""Sex"", ""Age"", ""Education"", ""Income"", ""id""], ""data"": [[67322, 1.0, 1.0, 1.0, 27.0, 0.0, 0.0, 0.0, 1.0, 1.0, 1.0, 0.0, 1.0, 0.0, 2.0, 0.0, 20.0, 0.0, 0.0, 13.0, 4.0, 5.0, 67322], [67323, 1.0, 1.0, 1.0, 41.0, 1.0, 0.0, 1.0, 0.0, 0.0, 1.0, 0.0, 1.0, 0.0, 4.0, 0.0, 0.0, 1.0, 1.0, 10.0, 6.0, 7.0, 67323], [67325, 1.0, 1.0, 1.0, 32.0, 1.0, 0.0, 1.0, 1.0, 0.0, 1.0, 0.0, 1.0, 0.0, 3.0, 0.0, 0.0, 0.0, 1.0, 12.0, 6.0, 7.0, 67325], [67326, 0.0, 0.0, 1.0, 30.0, 1.0, 0.0, 0.0, 1.0, 1.0, 0.0, 0.0, 1.0, 0.0, 2.0, 29.0, 0.0, 0.0, 0.0, 13.0, 5.0, 5.0, 67326], [67329, 1.0, 0.0, 1.0, 41.0, 0.0, 0.0, 0.0, 0.0, 1.0, 0.0, 0.0, 1.0, 0.0, 2.0, 5.0, 0.0, 1.0, 0.0, 10.0, 4.0, 6.0, 67329], [67330, 1.0, 1.0, 1.0, 30.0, 1.0, 0.0, 0.0, 1.0, 1.0, 1.0, 0.0, 1.0, 0.0, 2.0, 2.0, 30.0, 1.0, 0.0, 13.0, 6.0, 6.0, 67330], [67333, 0.0, 0.0, 1.0, 33.0, 1.0, 0.0, 0.0, 0.0, 0.0, 1.0, 0.0, 1.0, 0.0, 3.0, 0.0, 5.0, 0.0, 1.0, 10.0, 5.0, 8.0, 67333], [67334, 1.0, 1.0, 1.0, 40.0, 0.0, 0.0, 0.0, 1.0, 1.0, 0.0, 0.0, 1.0, 0.0, 3.0, 0.0, 0.0, 0.0, 0.0, 11.0, 5.0, 6.0, 67334], [67335, 1.0, 1.0, 1.0, 28.0, 0.0, 0.0, 1.0, 0.0, 1.0, 1.0, 0.0, 1.0, 0.0, 4.0, 0.0, 0.0, 1.0, 0.0, 12.0, 3.0, 3.0, 67335], [67336, 1.0, 1.0, 1.0, 35.0, 0.0, 0.0, 1.0, 1.0, 1.0, 1.0, 0.0, 1.0, 0.0, 3.0, 4.0, 5.0, 0.0, 1.0, 12.0, 6.0, 5.0, 67336]]}}","{""predictions"": [1.0, 1.0, 1.0, 0.0, 1.0, 1.0, 1.0, 1.0, 1.0, 1.0]}",1,"{""model_name"":""labuser70609094f_monitor_demo4f.default.diabetes_model"",""endpoint_name"":""labuser70609094f_endpoint"",""model_version"":""1""}"
null,77fa50aa-43f1-448d-bfb0-6ee18961443d,2024-07-08,1720444925478,200,4,"{""dataframe_split"": {""index"": [27990, 27991, 27992, 27993, 27994, 27995, 27996, 27997, 27998, 27999], ""columns"": [""index"", ""HighBP"", ""HighChol"", ""CholCheck"", ""BMI"", ""Smoker"", ""Stroke"", ""HeartDiseaseorAttack"", ""PhysActivity"", ""Fruits"", ""Veggies"", ""HvyAlcoholConsump"", ""AnyHealthcare"", ""NoDocbcCost"", ""GenHlth"", ""MentHlth"", ""PhysHlth"", ""DiffWalk"", ""Sex"", ""Age"", ""Education"", ""Income"", ""id""], ""data"": [[67341, 1.0, 1.0, 1.0, 29.0, 1.0, 0.0, 0.0, 1.0, 0.0, 1.0, 0.0, 1.0, 0.0, 3.0, 0.0, 0.0, 0.0, 1.0, 10.0, 3.0, 5.0, 67341], [67342, 1.0, 1.0, 1.0, 38.0, 1.0, 1.0, 1.0, 0.0, 1.0, 0.0, 0.0, 1.0, 0.0, 5.0, 0.0, 30.0, 1.0, 1.0, 13.0, 5.0, 6.0, 67342], [67343, 1.0, 1.0, 1.0, 31.0, 1.0, 0.0, 0.0, 1.0, 1.0, 1.0, 0.0, 1.0, 0.0, 1.0, 0.0, 0.0, 0.0, 0.0, 12.0, 4.0, 3.0, 67343], [67346, 0.0, 0.0, 1.0, 39.0, 1.0, 0.0, 0.0, 1.0, 1.0, 1.0, 0.0, 1.0, 0.0, 5.0, 30.0, 10.0, 0.0, 1.0, 12.0, 4.0, 5.0, 67346], [67348, 1.0, 1.0, 1.0, 30.0, 1.0, 0.0, 0.0, 1.0, 1.0, 1.0, 0.0, 1.0, 0.0, 4.0, 15.0, 30.0, 0.0, 0.0, 11.0, 4.0, 3.0, 67348], [67350, 0.0, 0.0, 1.0, 28.0, 0.0, 0.0, 0.0, 0.0, 1.0, 1.0, 0.0, 1.0, 0.0, 3.0, 0.0, 4.0, 0.0, 0.0, 12.0, 4.0, 4.0, 67350], [67351, 1.0, 1.0, 1.0, 26.0, 1.0, 0.0, 0.0, 0.0, 1.0, 1.0, 0.0, 1.0, 0.0, 3.0, 0.0, 15.0, 0.0, 0.0, 13.0, 6.0, 8.0, 67351], [67353, 1.0, 1.0, 1.0, 41.0, 1.0, 0.0, 0.0, 1.0, 0.0, 1.0, 0.0, 1.0, 0.0, 4.0, 20.0, 0.0, 1.0, 1.0, 10.0, 4.0, 7.0, 67353], [67354, 1.0, 1.0, 1.0, 45.0, 0.0, 0.0, 1.0, 1.0, 0.0, 1.0, 0.0, 1.0, 0.0, 4.0, 10.0, 8.0, 0.0, 0.0, 10.0, 5.0, 5.0, 67354], [67355, 1.0, 0.0, 1.0, 34.0, 0.0, 0.0, 0.0, 1.0, 1.0, 1.0, 0.0, 1.0, 0.0, 2.0, 0.0, 0.0, 0.0, 1.0, 10.0, 6.0, 8.0, 67355]]}}","{""predictions"": [1.0, 1.0, 1.0, 0.0, 0.0, 0.0, 1.0, 0.0, 1.0, 0.0]}",1,"{""model_name"":""labuser70609094f_monitor_demo4f.default.diabetes_model"",""endpoint_name"":""labuser70609094f_endpoint"",""model_version"":""1""}"
null,bd59c3fb-7f1e-4356-accf-19a8e988c5a3,2024-07-08,1720444925536,200,4,"{""dataframe_split"": {""index"": [28010, 28011, 28012, 28013, 28014, 28015, 28016, 28017, 28018, 28019], ""columns"": [""index"", ""HighBP"", ""HighChol"", ""CholCheck"", ""BMI"", ""Smoker"", ""Stroke"", ""HeartDiseaseorAttack"", ""PhysActivity"", ""Fruits"", ""Veggies"", ""HvyAlcoholConsump"", ""AnyHealthcare"", ""NoDocbcCost"", ""GenHlth"", ""MentHlth"", ""PhysHlth"", ""DiffWalk"", ""Sex"", ""Age"", ""Education"", ""Income"", ""id""], ""data"": [[67368, 1.0, 1.0, 1.0, 29.0, 1.0, 0.0, 0.0, 1.0, 1.0, 1.0, 0.0, 1.0, 0.0, 3.0, 20.0, 20.0, 0.0, 0.0, 11.0, 5.0, 5.0, 67368], [67370, 0.0, 0.0, 1.0, 29.0, 1.0, 1.0, 0.0, 1.0, 0.0, 1.0, 0.0, 1.0, 0.0, 4.0, 3.0, 2.0, 1.0, 1.0, 13.0, 5.0, 8.0, 67370], [67371, 1.0, 0.0, 1.0, 28.0, 0.0, 0.0, 1.0, 1.0, 1.0, 1.0, 0.0, 1.0, 0.0, 3.0, 0.0, 0.0, 0.0, 0.0, 10.0, 5.0, 7.0, 67371], [67372, 0.0, 1.0, 1.0, 26.0, 0.0, 0.0, 0.0, 1.0, 1.0, 1.0, 0.0, 1.0, 0.0, 2.0, 0.0, 0.0, 0.0, 0.0, 12.0, 6.0, 5.0, 67372], [67373, 1.0, 1.0, 1.0, 25.0, 0.0, 0.0, 0.0, 1.0, 1.0, 0.0, 0.0, 1.0, 0.0, 2.0, 0.0, 0.0, 0.0, 1.0, 13.0, 6.0, 7.0, 67373], [67374, 1.0, 1.0, 1.0, 33.0, 1.0, 0.0, 1.0, 1.0, 1.0, 1.0, 0.0, 1.0, 0.0, 3.0, 0.0, 0.0, 0.0, 1.0, 11.0, 5.0, 7.0, 67374], [67377, 1.0, 1.0, 1.0, 38.0, 0.0, 0.0, 0.0, 0.0, 0.0, 1.0, 0.0, 1.0, 0.0, 4.0, 0.0, 15.0, 1.0, 0.0, 12.0, 4.0, 7.0, 67377], [67378, 1.0, 1.0, 1.0, 26.0, 1.0, 0.0, 1.0, 0.0, 0.0, 0.0, 0.0, 1.0, 0.0, 5.0, 0.0, 0.0, 0.0, 1.0, 11.0, 3.0, 3.0, 67378], [67379, 1.0, 1.0, 1.0, 42.0, 1.0, 1.0, 1.0, 0.0, 1.0, 1.0, 0.0, 1.0, 0.0, 5.0, 0.0, 30.0, 1.0, 1.0, 10.0, 6.0, 4.0, 67379], [67380, 0.0, 1.0, 0.0, 26.0, 0.0, 0.0, 0.0, 1.0, 1.0, 1.0, 0.0, 1.0, 0.0, 4.0, 0.0, 15.0, 0.0, 1.0, 10.0, 4.0, 2.0, 67380]]}}","{""predictions"": [1.0, 0.0, 0.0, 1.0, 1.0, 0.0, 1.0, 1.0, 1.0, 0.0]}",1,"{""model_name"":""labuser70609094f_monitor_demo4f.default.diabetes_model"",""endpoint_name"":""labuser70609094f_endpoint"",""model_version"":""1""}"
null,5dcd7170-650c-475d-94ea-f67ee6ca3355,2024-07-08,1720444925824,200,4,"{""dataframe_split"": {""index"": [28110, 28111, 28112, 28113, 28114, 28115, 28116, 28117, 28118, 28119], ""columns"": [""index"", ""HighBP"", ""HighChol"", ""CholCheck"", ""BMI"", ""Smoker"", ""Stroke"", ""HeartDiseaseorAttack"", ""PhysActivity"", ""Fruits"", ""Veggies"", ""HvyAlcoholConsump"", ""AnyHealthcare"", ""NoDocbcCost"", ""GenHlth"", ""MentHlth"", ""PhysHlth"", ""DiffWalk"", ""Sex"", ""Age"", ""Education"", ""Income"", ""id""], ""data"": [[67528, 1.0, 1.0, 1.0, 27.0, 0.0, 0.0, 0.0, 1.0, 1.0, 1.0, 0.0, 1.0, 0.0, 3.0, 0.0, 0.0, 1.0, 0.0, 10.0, 4.0, 6.0, 67528], [67530, 0.0, 0.0, 1.0, 30.0, 0.0, 0.0, 0.0, 1.0, 1.0, 1.0, 0.0, 1.0, 0.0, 2.0, 0.0, 0.0, 0.0, 1.0, 12.0, 6.0, 8.0, 67530], [67532, 1.0, 1.0, 1.0, 28.0, 0.0, 0.0, 0.0, 1.0, 1.0, 1.0, 0.0, 1.0, 0.0, 2.0, 0.0, 0.0, 0.0, 0.0, 10.0, 6.0, 6.0, 67532], [67533, 1.0, 1.0, 1.0, 26.0, 1.0, 0.0, 0.0, 0.0, 0.0, 1.0, 0.0, 1.0, 0.0, 2.0, 0.0, 10.0, 1.0, 1.0, 11.0, 6.0, 8.0, 67533], [67535, 1.0, 1.0, 1.0, 37.0, 0.0, 0.0, 0.0, 0.0, 1.0, 1.0, 0.0, 1.0, 0.0, 4.0, 2.0, 30.0, 1.0, 0.0, 12.0, 6.0, 6.0, 67535], [67536, 1.0, 1.0, 1.0, 27.0, 1.0, 0.0, 0.0, 0.0, 0.0, 0.0, 1.0, 1.0, 0.0, 5.0, 30.0, 30.0, 1.0, 1.0, 10.0, 5.0, 7.0, 67536], [67542, 1.0, 1.0, 1.0, 25.0, 0.0, 0.0, 0.0, 1.0, 0.0, 1.0, 0.0, 1.0, 0.0, 1.0, 0.0, 0.0, 0.0, 1.0, 11.0, 5.0, 7.0, 67542], [67545, 1.0, 1.0, 1.0, 42.0, 0.0, 0.0, 0.0, 1.0, 1.0, 1.0, 0.0, 1.0, 0.0, 4.0, 0.0, 20.0, 0.0, 0.0, 10.0, 5.0, 4.0, 67545], [67546, 1.0, 0.0, 1.0, 30.0, 0.0, 0.0, 0.0, 0.0, 0.0, 1.0, 0.0, 1.0, 0.0, 3.0, 10.0, 3.0, 1.0, 0.0, 13.0, 5.0, 3.0, 67546], [67547, 1.0, 1.0, 1.0, 42.0, 0.0, 0.0, 0.0, 1.0, 0.0, 1.0, 0.0, 1.0, 0.0, 3.0, 0.0, 0.0, 1.0, 1.0, 10.0, 5.0, 7.0, 67547]]}}","{""predictions"": [1.0, 1.0, 0.0, 1.0, 1.0, 1.0, 0.0, 1.0, 1.0, 1.0]}",1,"{""model_name"":""labuser70609094f_monitor_demo4f.default.diabetes_model"",""endpoint_name"":""labuser70609094f_endpoint"",""model_version"":""1""}"
null,e429676e-c93d-469a-87fb-3b8317923b39,2024-07-08,1720444925851,200,4,"{""dataframe_split"": {""index"": [28120, 28121, 28122, 28123, 28124, 28125, 28126, 28127, 28128, 28129], ""columns"": [""index"", ""HighBP"", ""HighChol"", ""CholCheck"", ""BMI"", ""Smoker"", ""Stroke"", ""HeartDiseaseorAttack"", ""PhysActivity"", ""Fruits"", ""Veggies"", ""HvyAlcoholConsump"", ""AnyHealthcare"", ""NoDocbcCost"", ""GenHlth"", ""MentHlth"", ""PhysHlth"", ""DiffWalk"", ""Sex"", ""Age"", ""Education"", ""Income"", ""id""], ""data"": [[67548, 1.0, 1.0, 1.0, 31.0, 1.0, 0.0, 0.0, 1.0, 1.0, 1.0, 0.0, 1.0, 0.0, 1.0, 0.0, 0.0, 0.0, 1.0, 13.0, 6.0, 7.0, 67548], [67550, 1.0, 1.0, 1.0, 30.0, 0.0, 0.0, 1.0, 1.0, 1.0, 1.0, 0.0, 1.0, 0.0, 4.0, 3.0, 3.0, 1.0, 0.0, 12.0, 6.0, 5.0, 67550], [67553, 0.0, 1.0, 1.0, 27.0, 1.0, 0.0, 0.0, 1.0, 1.0, 1.0, 0.0, 1.0, 0.0, 2.0, 30.0, 15.0, 0.0, 0.0, 13.0, 4.0, 5.0, 67553], [67554, 0.0, 1.0, 1.0, 36.0, 1.0, 0.0, 0.0, 0.0, 1.0, 0.0, 0.0, 1.0, 0.0, 4.0, 5.0, 20.0, 1.0, 1.0, 11.0, 3.0, 6.0, 67554], [67555, 1.0, 1.0, 1.0, 22.0, 0.0, 0.0, 0.0, 1.0, 0.0, 1.0, 0.0, 1.0, 0.0, 4.0, 0.0, 0.0, 0.0, 1.0, 12.0, 4.0, 4.0, 67555], [67557, 1.0, 1.0, 1.0, 28.0, 0.0, 1.0, 0.0, 1.0, 1.0, 1.0, 0.0, 1.0, 0.0, 3.0, 0.0, 5.0, 1.0, 0.0, 13.0, 4.0, 6.0, 67557], [67558, 0.0, 1.0, 1.0, 32.0, 0.0, 0.0, 0.0, 1.0, 1.0, 0.0, 0.0, 1.0, 0.0, 2.0, 0.0, 0.0, 0.0, 1.0, 13.0, 6.0, 7.0, 67558], [67559, 0.0, 1.0, 1.0, 26.0, 1.0, 1.0, 1.0, 1.0, 0.0, 0.0, 0.0, 1.0, 0.0, 3.0, 0.0, 15.0, 1.0, 0.0, 10.0, 5.0, 4.0, 67559], [67560, 1.0, 1.0, 1.0, 33.0, 1.0, 0.0, 0.0, 1.0, 1.0, 1.0, 0.0, 1.0, 0.0, 3.0, 0.0, 0.0, 0.0, 1.0, 10.0, 6.0, 8.0, 67560], [67561, 1.0, 1.0, 1.0, 27.0, 1.0, 1.0, 0.0, 1.0, 1.0, 1.0, 0.0, 1.0, 0.0, 2.0, 2.0, 3.0, 0.0, 0.0, 10.0, 5.0, 7.0, 67561]]}}","{""predictions"": [0.0, 1.0, 0.0, 0.0, 1.0, 1.0, 0.0, 1.0, 1.0, 1.0]}",1,"{""model_name"":""labuser70609094f_monitor_demo4f.default.diabetes_model"",""endpoint_name"":""labuser70609094f_endpoint"",""model_version"":""1""}"
null,7a54828a-d68b-449b-9ee4-dfc7133491bf,2024-07-08,1720444925879,200,4,"{""dataframe_split"": {""index"": [28130, 28131, 28132, 28133, 28134, 28135, 28136, 28137, 28138, 28139], ""columns"": [""index"", ""HighBP"", ""HighChol"", ""CholCheck"", ""BMI"", ""Smoker"", ""Stroke"", ""HeartDiseaseorAttack"", ""PhysActivity"", ""Fruits"", ""Veggies"", ""HvyAlcoholConsump"", ""AnyHealthcare"", ""NoDocbcCost"", ""GenHlth"", ""MentHlth"", ""PhysHlth"", ""DiffWalk"", ""Sex"", ""Age"", ""Education"", ""Income"", ""id""], ""data"": [[67564, 1.0, 1.0, 1.0, 44.0, 1.0, 0.0, 0.0, 1.0, 1.0, 1.0, 0.0, 1.0, 0.0, 3.0, 0.0, 0.0, 0.0, 0.0, 11.0, 5.0, 4.0, 67564], [67565, 1.0, 0.0, 1.0, 29.0, 0.0, 0.0, 0.0, 1.0, 1.0, 1.0, 0.0, 1.0, 0.0, 3.0, 0.0, 0.0, 0.0, 1.0, 13.0, 4.0, 3.0, 67565], [67566, 1.0, 1.0, 1.0, 29.0, 0.0, 0.0, 0.0, 1.0, 1.0, 0.0, 0.0, 1.0, 0.0, 3.0, 0.0, 2.0, 0.0, 0.0, 12.0, 4.0, 5.0, 67566], [67568, 1.0, 1.0, 1.0, 28.0, 1.0, 0.0, 1.0, 1.0, 0.0, 0.0, 0.0, 1.0, 0.0, 4.0, 0.0, 0.0, 0.0, 1.0, 13.0, 3.0, 4.0, 67568], [67569, 1.0, 1.0, 1.0, 23.0, 1.0, 0.0, 1.0, 1.0, 1.0, 1.0, 0.0, 1.0, 0.0, 4.0, 4.0, 10.0, 0.0, 1.0, 13.0, 4.0, 6.0, 67569], [67570, 1.0, 1.0, 1.0, 27.0, 0.0, 0.0, 0.0, 1.0, 1.0, 1.0, 0.0, 1.0, 0.0, 2.0, 0.0, 0.0, 0.0, 1.0, 13.0, 6.0, 6.0, 67570], [67571, 1.0, 1.0, 1.0, 28.0, 1.0, 0.0, 1.0, 1.0, 1.0, 1.0, 0.0, 1.0, 0.0, 4.0, 0.0, 30.0, 0.0, 1.0, 12.0, 5.0, 6.0, 67571], [67572, 1.0, 1.0, 1.0, 22.0, 0.0, 0.0, 0.0, 0.0, 1.0, 1.0, 0.0, 1.0, 0.0, 3.0, 0.0, 2.0, 0.0, 0.0, 12.0, 4.0, 1.0, 67572], [67573, 1.0, 0.0, 1.0, 28.0, 1.0, 0.0, 0.0, 1.0, 0.0, 1.0, 0.0, 1.0, 0.0, 2.0, 0.0, 0.0, 0.0, 0.0, 11.0, 5.0, 6.0, 67573], [67574, 0.0, 1.0, 1.0, 26.0, 1.0, 1.0, 1.0, 1.0, 0.0, 0.0, 0.0, 1.0, 0.0, 5.0, 6.0, 30.0, 0.0, 1.0, 13.0, 5.0, 7.0, 67574]]}}","{""predictions"": [1.0, 0.0, 1.0, 1.0, 1.0, 0.0, 1.0, 0.0, 1.0, 1.0]}",1,"{""model_name"":""labuser70609094f_monitor_demo4f.default.diabetes_model"",""endpoint_name"":""labuser70609094f_endpoint"",""model_version"":""1""}"
null,154437e1-9591-45da-b7ec-33888b4940f1,2024-07-08,1720444925908,200,4,"{""dataframe_split"": {""index"": [28140, 28141, 28142, 28143, 28144, 28145, 28146, 28147, 28148, 28149], ""columns"": [""index"", ""HighBP"", ""HighChol"", ""CholCheck"", ""BMI"", ""Smoker"", ""Stroke"", ""HeartDiseaseorAttack"", ""PhysActivity"", ""Fruits"", ""Veggies"", ""HvyAlcoholConsump"", ""AnyHealthcare"", ""NoDocbcCost"", ""GenHlth"", ""MentHlth"", ""PhysHlth"", ""DiffWalk"", ""Sex"", ""Age"", ""Education"", ""Income"", ""id""], ""data"": [[67576, 1.0, 0.0, 1.0, 39.0, 1.0, 0.0, 0.0, 0.0, 0.0, 1.0, 0.0, 1.0, 0.0, 2.0, 0.0, 0.0, 0.0, 1.0, 10.0, 6.0, 7.0, 67576], [67577, 1.0, 1.0, 1.0, 33.0, 0.0, 0.0, 0.0, 1.0, 1.0, 1.0, 0.0, 1.0, 0.0, 3.0, 30.0, 0.0, 0.0, 1.0, 11.0, 4.0, 7.0, 67577], [67578, 1.0, 0.0, 1.0, 24.0, 1.0, 0.0, 0.0, 1.0, 0.0, 1.0, 0.0, 1.0, 0.0, 2.0, 0.0, 0.0, 0.0, 1.0, 10.0, 5.0, 5.0, 67578], [67581, 1.0, 1.0, 1.0, 40.0, 0.0, 0.0, 0.0, 0.0, 1.0, 1.0, 0.0, 1.0, 0.0, 5.0, 0.0, 4.0, 1.0, 0.0, 10.0, 5.0, 6.0, 67581], [67582, 1.0, 1.0, 1.0, 33.0, 0.0, 0.0, 0.0, 1.0, 1.0, 1.0, 0.0, 1.0, 0.0, 3.0, 0.0, 0.0, 0.0, 1.0, 10.0, 6.0, 8.0, 67582], [67584, 1.0, 1.0, 1.0, 28.0, 0.0, 0.0, 1.0, 1.0, 1.0, 1.0, 0.0, 1.0, 0.0, 3.0, 0.0, 7.0, 0.0, 1.0, 11.0, 6.0, 8.0, 67584], [67587, 1.0, 1.0, 1.0, 36.0, 0.0, 0.0, 0.0, 1.0, 1.0, 1.0, 0.0, 1.0, 0.0, 3.0, 4.0, 5.0, 0.0, 0.0, 10.0, 5.0, 8.0, 67587], [67588, 1.0, 0.0, 1.0, 21.0, 1.0, 0.0, 0.0, 0.0, 0.0, 0.0, 0.0, 0.0, 0.0, 4.0, 0.0, 1.0, 0.0, 1.0, 10.0, 6.0, 5.0, 67588], [67589, 1.0, 1.0, 1.0, 39.0, 0.0, 1.0, 1.0, 0.0, 1.0, 1.0, 0.0, 1.0, 0.0, 5.0, 30.0, 30.0, 1.0, 1.0, 10.0, 6.0, 2.0, 67589], [67590, 1.0, 1.0, 1.0, 28.0, 1.0, 1.0, 1.0, 0.0, 1.0, 1.0, 0.0, 1.0, 0.0, 4.0, 0.0, 30.0, 1.0, 1.0, 11.0, 5.0, 2.0, 67590]]}}","{""predictions"": [1.0, 1.0, 1.0, 1.0, 1.0, 1.0, 0.0, 0.0, 1.0, 1.0]}",1,"{""model_name"":""labuser70609094f_monitor_demo4f.default.diabetes_model"",""endpoint_name"":""labuser70609094f_endpoint"",""model_version"":""1""}"
null,6bc4be4c-8661-431a-954c-b2c728ed3355,2024-07-08,1720444926320,200,4,"{""dataframe_split"": {""index"": [28280, 28281, 28282, 28283, 28284, 28285, 28286, 28287, 28288, 28289], ""columns"": [""index"", ""HighBP"", ""HighChol"", ""CholCheck"", ""BMI"", ""Smoker"", ""Stroke"", ""HeartDiseaseorAttack"", ""PhysActivity"", ""Fruits"", ""Veggies"", ""HvyAlcoholConsump"", ""AnyHealthcare"", ""NoDocbcCost"", ""GenHlth"", ""MentHlth"", ""PhysHlth"", ""DiffWalk"", ""Sex"", ""Age"", ""Education"", ""Income"", ""id""], ""data"": [[67810, 1.0, 0.0, 1.0, 25.0, 0.0, 0.0, 1.0, 1.0, 0.0, 1.0, 0.0, 1.0, 0.0, 3.0, 0.0, 2.0, 0.0, 1.0, 12.0, 4.0, 5.0, 67810], [67811, 1.0, 0.0, 1.0, 30.0, 1.0, 0.0, 0.0, 0.0, 1.0, 1.0, 0.0, 1.0, 0.0, 5.0, 30.0, 30.0, 0.0, 0.0, 11.0, 4.0, 4.0, 67811], [67814, 1.0, 1.0, 1.0, 35.0, 1.0, 1.0, 0.0, 0.0, 0.0, 1.0, 0.0, 1.0, 0.0, 5.0, 28.0, 30.0, 1.0, 0.0, 10.0, 5.0, 2.0, 67814], [67815, 1.0, 1.0, 1.0, 30.0, 0.0, 0.0, 0.0, 1.0, 0.0, 1.0, 0.0, 1.0, 0.0, 3.0, 0.0, 0.0, 0.0, 0.0, 12.0, 4.0, 2.0, 67815], [67816, 0.0, 0.0, 1.0, 27.0, 1.0, 0.0, 0.0, 1.0, 1.0, 1.0, 0.0, 1.0, 0.0, 3.0, 2.0, 3.0, 0.0, 0.0, 13.0, 5.0, 2.0, 67816], [67818, 1.0, 1.0, 1.0, 23.0, 1.0, 0.0, 0.0, 1.0, 1.0, 1.0, 0.0, 1.0, 0.0, 2.0, 0.0, 17.0, 0.0, 0.0, 13.0, 6.0, 7.0, 67818], [67819, 1.0, 1.0, 1.0, 35.0, 1.0, 0.0, 0.0, 1.0, 1.0, 1.0, 0.0, 1.0, 0.0, 4.0, 0.0, 0.0, 0.0, 0.0, 11.0, 5.0, 4.0, 67819], [67820, 1.0, 1.0, 1.0, 35.0, 1.0, 0.0, 0.0, 1.0, 1.0, 1.0, 0.0, 1.0, 0.0, 3.0, 0.0, 2.0, 0.0, 1.0, 13.0, 6.0, 4.0, 67820], [67822, 1.0, 1.0, 1.0, 30.0, 1.0, 0.0, 0.0, 1.0, 1.0, 1.0, 0.0, 1.0, 0.0, 2.0, 0.0, 1.0, 0.0, 1.0, 13.0, 4.0, 6.0, 67822], [67824, 1.0, 0.0, 1.0, 29.0, 0.0, 0.0, 0.0, 1.0, 1.0, 1.0, 0.0, 1.0, 0.0, 2.0, 0.0, 0.0, 0.0, 0.0, 10.0, 6.0, 5.0, 67824]]}}","{""predictions"": [0.0, 1.0, 1.0, 1.0, 0.0, 0.0, 1.0, 1.0, 1.0, 1.0]}",1,"{""model_name"":""labuser70609094f_monitor_demo4f.default.diabetes_model"",""endpoint_name"":""labuser70609094f_endpoint"",""model_version"":""1""}"
null,1f064a20-40df-4fdd-8d4b-aa22f954ebd3,2024-07-08,1720444926350,200,6,"{""dataframe_split"": {""index"": [28290, 28291, 28292, 28293, 28294, 28295, 28296, 28297, 28298, 28299], ""columns"": [""index"", ""HighBP"", ""HighChol"", ""CholCheck"", ""BMI"", ""Smoker"", ""Stroke"", ""HeartDiseaseorAttack"", ""PhysActivity"", ""Fruits"", ""Veggies"", ""HvyAlcoholConsump"", ""AnyHealthcare"", ""NoDocbcCost"", ""GenHlth"", ""MentHlth"", ""PhysHlth"", ""DiffWalk"", ""Sex"", ""Age"", ""Education"", ""Income"", ""id""], ""data"": [[67825, 0.0, 1.0, 1.0, 22.0, 1.0, 0.0, 0.0, 1.0, 1.0, 1.0, 0.0, 1.0, 0.0, 1.0, 0.0, 0.0, 0.0, 1.0, 11.0, 6.0, 8.0, 67825], [67826, 1.0, 0.0, 1.0, 29.0, 0.0, 0.0, 0.0, 0.0, 1.0, 1.0, 0.0, 1.0, 0.0, 3.0, 0.0, 2.0, 0.0, 1.0, 10.0, 6.0, 6.0, 67826], [67827, 0.0, 0.0, 1.0, 26.0, 0.0, 0.0, 0.0, 1.0, 1.0, 1.0, 0.0, 1.0, 0.0, 2.0, 0.0, 0.0, 0.0, 1.0, 11.0, 6.0, 8.0, 67827], [67829, 1.0, 1.0, 1.0, 32.0, 0.0, 0.0, 1.0, 0.0, 0.0, 1.0, 0.0, 1.0, 0.0, 3.0, 3.0, 25.0, 1.0, 1.0, 12.0, 5.0, 4.0, 67829], [67830, 1.0, 1.0, 1.0, 27.0, 1.0, 0.0, 0.0, 1.0, 1.0, 1.0, 0.0, 1.0, 0.0, 3.0, 0.0, 0.0, 0.0, 1.0, 10.0, 5.0, 6.0, 67830], [67831, 1.0, 1.0, 1.0, 30.0, 0.0, 0.0, 0.0, 1.0, 0.0, 1.0, 0.0, 1.0, 0.0, 3.0, 1.0, 3.0, 0.0, 0.0, 11.0, 6.0, 6.0, 67831], [67833, 1.0, 1.0, 1.0, 37.0, 1.0, 0.0, 0.0, 1.0, 0.0, 1.0, 0.0, 1.0, 0.0, 4.0, 20.0, 20.0, 1.0, 0.0, 11.0, 6.0, 5.0, 67833], [67834, 1.0, 1.0, 1.0, 39.0, 1.0, 0.0, 1.0, 0.0, 1.0, 0.0, 0.0, 1.0, 0.0, 3.0, 0.0, 0.0, 0.0, 0.0, 10.0, 4.0, 6.0, 67834], [67835, 0.0, 0.0, 1.0, 28.0, 1.0, 0.0, 0.0, 1.0, 1.0, 1.0, 0.0, 1.0, 0.0, 2.0, 0.0, 0.0, 0.0, 0.0, 11.0, 6.0, 8.0, 67835], [67836, 1.0, 1.0, 1.0, 44.0, 0.0, 1.0, 0.0, 0.0, 1.0, 1.0, 0.0, 1.0, 0.0, 4.0, 0.0, 5.0, 1.0, 1.0, 12.0, 6.0, 7.0, 67836]]}}","{""predictions"": [0.0, 1.0, 0.0, 1.0, 1.0, 0.0, 1.0, 1.0, 1.0, 1.0]}",1,"{""model_name"":""labuser70609094f_monitor_demo4f.default.diabetes_model"",""endpoint_name"":""labuser70609094f_endpoint"",""model_version"":""1""}"
null,c5967082-fb08-4271-bced-f51fb48a9d62,2024-07-08,1720444926465,200,4,"{""dataframe_split"": {""index"": [28330, 28331, 28332, 28333, 28334, 28335, 28336, 28337, 28338, 28339], ""columns"": [""index"", ""HighBP"", ""HighChol"", ""CholCheck"", ""BMI"", ""Smoker"", ""Stroke"", ""HeartDiseaseorAttack"", ""PhysActivity"", ""Fruits"", ""Veggies"", ""HvyAlcoholConsump"", ""AnyHealthcare"", ""NoDocbcCost"", ""GenHlth"", ""MentHlth"", ""PhysHlth"", ""DiffWalk"", ""Sex"", ""Age"", ""Education"", ""Income"", ""id""], ""data"": [[67887, 1.0, 0.0, 1.0, 43.0, 0.0, 0.0, 0.0, 1.0, 1.0, 1.0, 0.0, 1.0, 0.0, 2.0, 0.0, 0.0, 0.0, 0.0, 12.0, 5.0, 6.0, 67887], [67888, 1.0, 1.0, 1.0, 26.0, 0.0, 0.0, 1.0, 1.0, 1.0, 1.0, 0.0, 1.0, 0.0, 3.0, 0.0, 0.0, 0.0, 1.0, 11.0, 5.0, 8.0, 67888], [67889, 1.0, 1.0, 1.0, 27.0, 0.0, 0.0, 0.0, 1.0, 1.0, 1.0, 0.0, 1.0, 0.0, 3.0, 0.0, 30.0, 0.0, 1.0, 10.0, 4.0, 6.0, 67889], [67893, 0.0, 1.0, 1.0, 21.0, 1.0, 0.0, 0.0, 1.0, 0.0, 0.0, 0.0, 1.0, 0.0, 3.0, 30.0, 15.0, 1.0, 1.0, 10.0, 2.0, 5.0, 67893], [67894, 1.0, 1.0, 1.0, 24.0, 1.0, 0.0, 0.0, 1.0, 0.0, 1.0, 0.0, 1.0, 0.0, 4.0, 0.0, 0.0, 0.0, 1.0, 13.0, 4.0, 7.0, 67894], [67895, 0.0, 1.0, 1.0, 30.0, 1.0, 0.0, 0.0, 1.0, 1.0, 1.0, 0.0, 1.0, 0.0, 4.0, 0.0, 0.0, 1.0, 1.0, 11.0, 6.0, 7.0, 67895], [67896, 0.0, 0.0, 1.0, 25.0, 1.0, 0.0, 0.0, 1.0, 1.0, 1.0, 0.0, 1.0, 0.0, 1.0, 0.0, 0.0, 0.0, 1.0, 11.0, 6.0, 8.0, 67896], [67897, 1.0, 1.0, 1.0, 28.0, 0.0, 0.0, 0.0, 1.0, 1.0, 1.0, 0.0, 1.0, 0.0, 3.0, 0.0, 30.0, 0.0, 1.0, 10.0, 5.0, 8.0, 67897], [67898, 0.0, 0.0, 1.0, 25.0, 0.0, 0.0, 0.0, 1.0, 1.0, 1.0, 0.0, 1.0, 0.0, 2.0, 0.0, 0.0, 0.0, 0.0, 10.0, 5.0, 4.0, 67898], [67899, 0.0, 0.0, 1.0, 23.0, 1.0, 0.0, 0.0, 1.0, 0.0, 0.0, 0.0, 1.0, 0.0, 3.0, 0.0, 0.0, 0.0, 1.0, 13.0, 6.0, 6.0, 67899]]}}","{""predictions"": [1.0, 0.0, 0.0, 0.0, 1.0, 0.0, 0.0, 0.0, 0.0, 0.0]}",1,"{""model_name"":""labuser70609094f_monitor_demo4f.default.diabetes_model"",""endpoint_name"":""labuser70609094f_endpoint"",""model_version"":""1""}"
null,1f22470b-7d16-41a0-a883-ed87ab93da4c,2024-07-08,1720444926579,200,4,"{""dataframe_split"": {""index"": [28370, 28371, 28372, 28373, 28374, 28375, 28376, 28377, 28378, 28379], ""columns"": [""index"", ""HighBP"", ""HighChol"", ""CholCheck"", ""BMI"", ""Smoker"", ""Stroke"", ""HeartDiseaseorAttack"", ""PhysActivity"", ""Fruits"", ""Veggies"", ""HvyAlcoholConsump"", ""AnyHealthcare"", ""NoDocbcCost"", ""GenHlth"", ""MentHlth"", ""PhysHlth"", ""DiffWalk"", ""Sex"", ""Age"", ""Education"", ""Income"", ""id""], ""data"": [[67945, 1.0, 1.0, 1.0, 34.0, 0.0, 0.0, 0.0, 1.0, 1.0, 1.0, 0.0, 1.0, 0.0, 4.0, 0.0, 30.0, 1.0, 0.0, 11.0, 6.0, 5.0, 67945], [67947, 1.0, 1.0, 1.0, 44.0, 0.0, 0.0, 0.0, 1.0, 1.0, 1.0, 0.0, 1.0, 0.0, 3.0, 0.0, 0.0, 0.0, 0.0, 10.0, 6.0, 7.0, 67947], [67949, 1.0, 1.0, 1.0, 22.0, 1.0, 0.0, 1.0, 0.0, 1.0, 1.0, 0.0, 1.0, 0.0, 4.0, 0.0, 1.0, 1.0, 1.0, 11.0, 4.0, 8.0, 67949], [67951, 1.0, 1.0, 1.0, 24.0, 1.0, 1.0, 0.0, 0.0, 0.0, 0.0, 0.0, 1.0, 0.0, 3.0, 0.0, 0.0, 1.0, 1.0, 12.0, 5.0, 7.0, 67951], [67956, 1.0, 0.0, 1.0, 24.0, 1.0, 0.0, 0.0, 0.0, 1.0, 1.0, 0.0, 1.0, 0.0, 4.0, 0.0, 0.0, 1.0, 0.0, 13.0, 6.0, 7.0, 67956], [67957, 1.0, 1.0, 1.0, 30.0, 1.0, 0.0, 0.0, 1.0, 0.0, 1.0, 0.0, 1.0, 0.0, 3.0, 0.0, 4.0, 0.0, 1.0, 12.0, 4.0, 7.0, 67957], [67959, 1.0, 1.0, 1.0, 33.0, 1.0, 0.0, 1.0, 1.0, 0.0, 1.0, 0.0, 1.0, 0.0, 3.0, 0.0, 0.0, 1.0, 1.0, 12.0, 5.0, 5.0, 67959], [67961, 1.0, 1.0, 1.0, 30.0, 1.0, 1.0, 1.0, 0.0, 1.0, 0.0, 0.0, 1.0, 0.0, 5.0, 0.0, 30.0, 1.0, 0.0, 13.0, 6.0, 7.0, 67961], [67962, 0.0, 0.0, 1.0, 24.0, 0.0, 0.0, 0.0, 0.0, 0.0, 1.0, 0.0, 1.0, 0.0, 2.0, 0.0, 0.0, 0.0, 0.0, 13.0, 5.0, 3.0, 67962], [67965, 1.0, 1.0, 1.0, 28.0, 0.0, 0.0, 1.0, 1.0, 0.0, 1.0, 0.0, 1.0, 0.0, 5.0, 2.0, 30.0, 1.0, 1.0, 13.0, 6.0, 7.0, 67965]]}}","{""predictions"": [0.0, 0.0, 1.0, 1.0, 0.0, 1.0, 0.0, 1.0, 1.0, 1.0]}",1,"{""model_name"":""labuser70609094f_monitor_demo4f.default.diabetes_model"",""endpoint_name"":""labuser70609094f_endpoint"",""model_version"":""1""}"
null,a09b9600-9e8b-4c03-9756-d5a45d0e9339,2024-07-08,1720444926610,200,4,"{""dataframe_split"": {""index"": [28380, 28381, 28382, 28383, 28384, 28385, 28386, 28387, 28388, 28389], ""columns"": [""index"", ""HighBP"", ""HighChol"", ""CholCheck"", ""BMI"", ""Smoker"", ""Stroke"", ""HeartDiseaseorAttack"", ""PhysActivity"", ""Fruits"", ""Veggies"", ""HvyAlcoholConsump"", ""AnyHealthcare"", ""NoDocbcCost"", ""GenHlth"", ""MentHlth"", ""PhysHlth"", ""DiffWalk"", ""Sex"", ""Age"", ""Education"", ""Income"", ""id""], ""data"": [[67966, 1.0, 0.0, 1.0, 33.0, 1.0, 0.0, 1.0, 0.0, 1.0, 1.0, 0.0, 1.0, 0.0, 3.0, 0.0, 0.0, 1.0, 1.0, 13.0, 4.0, 5.0, 67966], [67968, 0.0, 0.0, 1.0, 23.0, 1.0, 1.0, 0.0, 0.0, 0.0, 1.0, 0.0, 1.0, 0.0, 1.0, 0.0, 0.0, 0.0, 1.0, 12.0, 6.0, 5.0, 67968], [67971, 1.0, 1.0, 1.0, 35.0, 0.0, 0.0, 0.0, 1.0, 1.0, 1.0, 0.0, 1.0, 0.0, 3.0, 20.0, 15.0, 1.0, 0.0, 10.0, 6.0, 8.0, 67971], [67972, 1.0, 1.0, 1.0, 26.0, 1.0, 0.0, 0.0, 0.0, 1.0, 1.0, 0.0, 1.0, 0.0, 3.0, 2.0, 0.0, 0.0, 1.0, 10.0, 6.0, 8.0, 67972], [67974, 1.0, 1.0, 1.0, 29.0, 1.0, 0.0, 0.0, 1.0, 1.0, 1.0, 0.0, 1.0, 0.0, 4.0, 0.0, 30.0, 0.0, 1.0, 12.0, 6.0, 8.0, 67974], [67975, 1.0, 1.0, 1.0, 29.0, 1.0, 0.0, 1.0, 1.0, 1.0, 1.0, 0.0, 1.0, 0.0, 4.0, 0.0, 15.0, 1.0, 0.0, 13.0, 5.0, 3.0, 67975], [67977, 1.0, 1.0, 1.0, 27.0, 1.0, 0.0, 1.0, 1.0, 0.0, 1.0, 0.0, 1.0, 0.0, 3.0, 0.0, 30.0, 0.0, 1.0, 13.0, 3.0, 4.0, 67977], [67979, 1.0, 1.0, 1.0, 27.0, 0.0, 0.0, 0.0, 1.0, 0.0, 1.0, 0.0, 1.0, 0.0, 2.0, 15.0, 15.0, 0.0, 0.0, 10.0, 5.0, 7.0, 67979], [67980, 1.0, 1.0, 1.0, 31.0, 1.0, 0.0, 1.0, 1.0, 0.0, 1.0, 0.0, 1.0, 0.0, 4.0, 0.0, 10.0, 1.0, 1.0, 10.0, 6.0, 8.0, 67980], [67981, 1.0, 1.0, 1.0, 32.0, 1.0, 0.0, 0.0, 1.0, 0.0, 1.0, 0.0, 1.0, 0.0, 2.0, 15.0, 3.0, 0.0, 0.0, 12.0, 4.0, 3.0, 67981]]}}","{""predictions"": [0.0, 0.0, 1.0, 1.0, 1.0, 1.0, 0.0, 0.0, 1.0, 1.0]}",1,"{""model_name"":""labuser70609094f_monitor_demo4f.default.diabetes_model"",""endpoint_name"":""labuser70609094f_endpoint"",""model_version"":""1""}"
null,b5d0f6b5-e9fc-4c01-a0f1-f2846e50108f,2024-07-08,1720444926638,200,4,"{""dataframe_split"": {""index"": [28390, 28391, 28392, 28393, 28394, 28395, 28396, 28397, 28398, 28399], ""columns"": [""index"", ""HighBP"", ""HighChol"", ""CholCheck"", ""BMI"", ""Smoker"", ""Stroke"", ""HeartDiseaseorAttack"", ""PhysActivity"", ""Fruits"", ""Veggies"", ""HvyAlcoholConsump"", ""AnyHealthcare"", ""NoDocbcCost"", ""GenHlth"", ""MentHlth"", ""PhysHlth"", ""DiffWalk"", ""Sex"", ""Age"", ""Education"", ""Income"", ""id""], ""data"": [[67983, 1.0, 1.0, 1.0, 45.0, 0.0, 0.0, 0.0, 1.0, 1.0, 1.0, 0.0, 1.0, 0.0, 5.0, 0.0, 0.0, 0.0, 1.0, 10.0, 6.0, 8.0, 67983], [67984, 1.0, 1.0, 1.0, 20.0, 0.0, 0.0, 0.0, 1.0, 1.0, 1.0, 0.0, 1.0, 0.0, 3.0, 1.0, 0.0, 0.0, 0.0, 12.0, 5.0, 5.0, 67984], [67987, 1.0, 1.0, 1.0, 23.0, 1.0, 0.0, 0.0, 1.0, 1.0, 1.0, 0.0, 1.0, 0.0, 3.0, 0.0, 0.0, 0.0, 1.0, 13.0, 6.0, 6.0, 67987], [67988, 0.0, 1.0, 1.0, 39.0, 0.0, 0.0, 0.0, 0.0, 0.0, 0.0, 1.0, 1.0, 0.0, 2.0, 0.0, 0.0, 0.0, 0.0, 11.0, 3.0, 7.0, 67988], [67990, 0.0, 0.0, 1.0, 30.0, 0.0, 0.0, 0.0, 1.0, 1.0, 1.0, 0.0, 1.0, 0.0, 3.0, 0.0, 0.0, 0.0, 1.0, 10.0, 5.0, 7.0, 67990], [67991, 0.0, 1.0, 1.0, 25.0, 1.0, 0.0, 0.0, 1.0, 1.0, 1.0, 0.0, 0.0, 0.0, 2.0, 10.0, 4.0, 1.0, 1.0, 13.0, 4.0, 5.0, 67991], [67994, 1.0, 1.0, 1.0, 27.0, 1.0, 1.0, 0.0, 0.0, 1.0, 0.0, 0.0, 1.0, 0.0, 5.0, 5.0, 30.0, 1.0, 0.0, 10.0, 4.0, 4.0, 67994], [67995, 1.0, 0.0, 1.0, 30.0, 0.0, 0.0, 0.0, 1.0, 1.0, 1.0, 0.0, 1.0, 0.0, 3.0, 0.0, 0.0, 0.0, 1.0, 11.0, 6.0, 8.0, 67995], [67998, 1.0, 1.0, 1.0, 31.0, 0.0, 0.0, 0.0, 1.0, 0.0, 1.0, 0.0, 1.0, 0.0, 2.0, 0.0, 0.0, 0.0, 1.0, 12.0, 5.0, 7.0, 67998], [67999, 1.0, 0.0, 1.0, 52.0, 1.0, 0.0, 0.0, 0.0, 1.0, 1.0, 0.0, 1.0, 0.0, 4.0, 0.0, 30.0, 1.0, 1.0, 10.0, 5.0, 6.0, 67999]]}}","{""predictions"": [1.0, 1.0, 1.0, 0.0, 0.0, 1.0, 1.0, 1.0, 1.0, 1.0]}",1,"{""model_name"":""labuser70609094f_monitor_demo4f.default.diabetes_model"",""endpoint_name"":""labuser70609094f_endpoint"",""model_version"":""1""}"
null,e4d4cf1e-dfb0-4deb-9ad3-f34dd88de4b9,2024-07-08,1720444926665,200,4,"{""dataframe_split"": {""index"": [28400, 28401, 28402, 28403, 28404, 28405, 28406, 28407, 28408, 28409], ""columns"": [""index"", ""HighBP"", ""HighChol"", ""CholCheck"", ""BMI"", ""Smoker"", ""Stroke"", ""HeartDiseaseorAttack"", ""PhysActivity"", ""Fruits"", ""Veggies"", ""HvyAlcoholConsump"", ""AnyHealthcare"", ""NoDocbcCost"", ""GenHlth"", ""MentHlth"", ""PhysHlth"", ""DiffWalk"", ""Sex"", ""Age"", ""Education"", ""Income"", ""id""], ""data"": [[68000, 0.0, 1.0, 1.0, 32.0, 1.0, 0.0, 0.0, 1.0, 1.0, 1.0, 0.0, 1.0, 0.0, 3.0, 30.0, 5.0, 0.0, 0.0, 11.0, 6.0, 7.0, 68000], [68001, 0.0, 0.0, 1.0, 37.0, 0.0, 1.0, 1.0, 0.0, 1.0, 1.0, 0.0, 1.0, 0.0, 5.0, 30.0, 30.0, 1.0, 0.0, 10.0, 5.0, 2.0, 68001], [68003, 0.0, 0.0, 1.0, 24.0, 1.0, 1.0, 1.0, 1.0, 1.0, 1.0, 0.0, 1.0, 0.0, 3.0, 2.0, 0.0, 0.0, 1.0, 13.0, 4.0, 7.0, 68003], [68004, 1.0, 1.0, 1.0, 45.0, 0.0, 0.0, 0.0, 0.0, 1.0, 1.0, 0.0, 1.0, 0.0, 2.0, 30.0, 0.0, 1.0, 0.0, 11.0, 5.0, 4.0, 68004], [68005, 1.0, 1.0, 1.0, 29.0, 0.0, 0.0, 1.0, 1.0, 0.0, 1.0, 0.0, 1.0, 0.0, 3.0, 0.0, 30.0, 0.0, 1.0, 10.0, 4.0, 3.0, 68005], [68006, 1.0, 1.0, 1.0, 27.0, 0.0, 0.0, 0.0, 0.0, 1.0, 1.0, 0.0, 1.0, 0.0, 2.0, 0.0, 0.0, 1.0, 0.0, 11.0, 5.0, 7.0, 68006], [68008, 1.0, 1.0, 1.0, 25.0, 0.0, 0.0, 0.0, 1.0, 0.0, 0.0, 0.0, 1.0, 0.0, 1.0, 0.0, 0.0, 0.0, 0.0, 11.0, 6.0, 6.0, 68008], [68009, 1.0, 0.0, 1.0, 43.0, 1.0, 0.0, 0.0, 1.0, 1.0, 1.0, 0.0, 1.0, 0.0, 4.0, 0.0, 5.0, 1.0, 0.0, 10.0, 4.0, 6.0, 68009], [68011, 1.0, 1.0, 1.0, 28.0, 0.0, 0.0, 1.0, 0.0, 1.0, 1.0, 0.0, 1.0, 0.0, 4.0, 0.0, 30.0, 1.0, 1.0, 13.0, 6.0, 5.0, 68011], [68013, 1.0, 1.0, 1.0, 32.0, 1.0, 0.0, 0.0, 1.0, 1.0, 1.0, 0.0, 1.0, 0.0, 3.0, 0.0, 0.0, 0.0, 1.0, 11.0, 5.0, 5.0, 68013]]}}","{""predictions"": [1.0, 1.0, 1.0, 1.0, 0.0, 0.0, 0.0, 1.0, 0.0, 1.0]}",1,"{""model_name"":""labuser70609094f_monitor_demo4f.default.diabetes_model"",""endpoint_name"":""labuser70609094f_endpoint"",""model_version"":""1""}"
null,084422cc-19b1-43f5-9a0d-1114ca150471,2024-07-08,1720444926694,200,4,"{""dataframe_split"": {""index"": [28410, 28411, 28412, 28413, 28414, 28415, 28416, 28417, 28418, 28419], ""columns"": [""index"", ""HighBP"", ""HighChol"", ""CholCheck"", ""BMI"", ""Smoker"", ""Stroke"", ""HeartDiseaseorAttack"", ""PhysActivity"", ""Fruits"", ""Veggies"", ""HvyAlcoholConsump"", ""AnyHealthcare"", ""NoDocbcCost"", ""GenHlth"", ""MentHlth"", ""PhysHlth"", ""DiffWalk"", ""Sex"", ""Age"", ""Education"", ""Income"", ""id""], ""data"": [[68014, 1.0, 1.0, 1.0, 36.0, 0.0, 0.0, 1.0, 1.0, 0.0, 0.0, 0.0, 1.0, 1.0, 5.0, 30.0, 12.0, 1.0, 1.0, 12.0, 6.0, 5.0, 68014], [68016, 0.0, 0.0, 1.0, 35.0, 1.0, 0.0, 0.0, 0.0, 1.0, 1.0, 0.0, 1.0, 0.0, 4.0, 5.0, 15.0, 1.0, 0.0, 10.0, 5.0, 8.0, 68016], [68017, 1.0, 0.0, 1.0, 32.0, 0.0, 0.0, 0.0, 1.0, 1.0, 1.0, 0.0, 1.0, 0.0, 3.0, 2.0, 10.0, 1.0, 1.0, 10.0, 5.0, 8.0, 68017], [68018, 0.0, 0.0, 1.0, 23.0, 0.0, 1.0, 0.0, 1.0, 1.0, 1.0, 0.0, 1.0, 0.0, 3.0, 3.0, 0.0, 0.0, 0.0, 11.0, 6.0, 8.0, 68018], [68019, 1.0, 1.0, 1.0, 35.0, 1.0, 0.0, 0.0, 0.0, 1.0, 0.0, 0.0, 1.0, 0.0, 4.0, 4.0, 30.0, 1.0, 0.0, 11.0, 5.0, 6.0, 68019], [68020, 0.0, 1.0, 1.0, 32.0, 1.0, 0.0, 0.0, 0.0, 0.0, 1.0, 0.0, 1.0, 0.0, 4.0, 0.0, 15.0, 1.0, 1.0, 10.0, 4.0, 6.0, 68020], [68021, 1.0, 1.0, 1.0, 33.0, 0.0, 0.0, 1.0, 0.0, 1.0, 0.0, 0.0, 1.0, 0.0, 3.0, 0.0, 30.0, 0.0, 0.0, 11.0, 4.0, 7.0, 68021], [68022, 0.0, 1.0, 1.0, 29.0, 1.0, 0.0, 0.0, 1.0, 1.0, 1.0, 0.0, 1.0, 0.0, 3.0, 3.0, 4.0, 0.0, 1.0, 10.0, 4.0, 4.0, 68022], [68023, 1.0, 1.0, 1.0, 44.0, 1.0, 0.0, 1.0, 0.0, 1.0, 1.0, 0.0, 1.0, 0.0, 5.0, 0.0, 30.0, 1.0, 1.0, 13.0, 5.0, 5.0, 68023], [68024, 1.0, 1.0, 1.0, 29.0, 1.0, 0.0, 0.0, 1.0, 1.0, 1.0, 0.0, 1.0, 0.0, 3.0, 0.0, 30.0, 0.0, 1.0, 12.0, 5.0, 6.0, 68024]]}}","{""predictions"": [1.0, 1.0, 0.0, 0.0, 1.0, 0.0, 1.0, 1.0, 1.0, 1.0]}",1,"{""model_name"":""labuser70609094f_monitor_demo4f.default.diabetes_model"",""endpoint_name"":""labuser70609094f_endpoint"",""model_version"":""1""}"
null,2e839108-a357-4200-bf74-fc8d8a4000a6,2024-07-08,1720444926748,200,5,"{""dataframe_split"": {""index"": [28430, 28431, 28432, 28433, 28434, 28435, 28436, 28437, 28438, 28439], ""columns"": [""index"", ""HighBP"", ""HighChol"", ""CholCheck"", ""BMI"", ""Smoker"", ""Stroke"", ""HeartDiseaseorAttack"", ""PhysActivity"", ""Fruits"", ""Veggies"", ""HvyAlcoholConsump"", ""AnyHealthcare"", ""NoDocbcCost"", ""GenHlth"", ""MentHlth"", ""PhysHlth"", ""DiffWalk"", ""Sex"", ""Age"", ""Education"", ""Income"", ""id""], ""data"": [[68038, 0.0, 1.0, 1.0, 23.0, 0.0, 0.0, 0.0, 1.0, 1.0, 1.0, 0.0, 1.0, 0.0, 2.0, 0.0, 0.0, 0.0, 0.0, 11.0, 5.0, 6.0, 68038], [68039, 1.0, 1.0, 1.0, 27.0, 0.0, 0.0, 0.0, 1.0, 1.0, 1.0, 0.0, 1.0, 0.0, 2.0, 1.0, 0.0, 0.0, 1.0, 11.0, 3.0, 4.0, 68039], [68040, 1.0, 1.0, 1.0, 24.0, 1.0, 0.0, 1.0, 1.0, 1.0, 1.0, 0.0, 1.0, 0.0, 3.0, 0.0, 0.0, 0.0, 1.0, 12.0, 6.0, 8.0, 68040], [68041, 1.0, 1.0, 1.0, 33.0, 1.0, 0.0, 1.0, 1.0, 1.0, 0.0, 0.0, 1.0, 0.0, 3.0, 0.0, 0.0, 0.0, 1.0, 11.0, 4.0, 6.0, 68041], [68043, 1.0, 1.0, 1.0, 26.0, 1.0, 0.0, 1.0, 0.0, 0.0, 0.0, 0.0, 1.0, 0.0, 4.0, 0.0, 5.0, 1.0, 0.0, 13.0, 4.0, 6.0, 68043], [68044, 1.0, 1.0, 1.0, 31.0, 0.0, 0.0, 0.0, 0.0, 1.0, 0.0, 0.0, 1.0, 0.0, 4.0, 0.0, 0.0, 1.0, 0.0, 11.0, 6.0, 6.0, 68044], [68046, 1.0, 0.0, 1.0, 30.0, 0.0, 0.0, 0.0, 1.0, 1.0, 0.0, 0.0, 1.0, 0.0, 2.0, 0.0, 0.0, 0.0, 0.0, 13.0, 4.0, 2.0, 68046], [68048, 0.0, 1.0, 1.0, 20.0, 0.0, 0.0, 1.0, 1.0, 1.0, 1.0, 0.0, 1.0, 0.0, 3.0, 0.0, 3.0, 0.0, 0.0, 12.0, 4.0, 4.0, 68048], [68051, 1.0, 0.0, 1.0, 32.0, 1.0, 0.0, 0.0, 0.0, 0.0, 1.0, 0.0, 1.0, 0.0, 4.0, 0.0, 3.0, 1.0, 1.0, 13.0, 5.0, 4.0, 68051], [68053, 1.0, 1.0, 1.0, 27.0, 0.0, 1.0, 0.0, 1.0, 1.0, 1.0, 0.0, 1.0, 0.0, 4.0, 28.0, 1.0, 1.0, 0.0, 10.0, 6.0, 7.0, 68053]]}}","{""predictions"": [0.0, 1.0, 0.0, 1.0, 1.0, 1.0, 1.0, 0.0, 1.0, 0.0]}",1,"{""model_name"":""labuser70609094f_monitor_demo4f.default.diabetes_model"",""endpoint_name"":""labuser70609094f_endpoint"",""model_version"":""1""}"
null,71e8aea4-051c-448b-b13f-e706d624df8d,2024-07-08,1720444926893,200,4,"{""dataframe_split"": {""index"": [28480, 28481, 28482, 28483, 28484, 28485, 28486, 28487, 28488, 28489], ""columns"": [""index"", ""HighBP"", ""HighChol"", ""CholCheck"", ""BMI"", ""Smoker"", ""Stroke"", ""HeartDiseaseorAttack"", ""PhysActivity"", ""Fruits"", ""Veggies"", ""HvyAlcoholConsump"", ""AnyHealthcare"", ""NoDocbcCost"", ""GenHlth"", ""MentHlth"", ""PhysHlth"", ""DiffWalk"", ""Sex"", ""Age"", ""Education"", ""Income"", ""id""], ""data"": [[68150, 1.0, 1.0, 1.0, 28.0, 1.0, 0.0, 0.0, 1.0, 1.0, 1.0, 0.0, 1.0, 0.0, 3.0, 0.0, 15.0, 1.0, 1.0, 10.0, 6.0, 7.0, 68150], [68152, 1.0, 1.0, 1.0, 34.0, 1.0, 0.0, 1.0, 0.0, 0.0, 0.0, 0.0, 1.0, 0.0, 3.0, 0.0, 2.0, 0.0, 1.0, 11.0, 4.0, 6.0, 68152], [68153, 1.0, 1.0, 1.0, 29.0, 1.0, 0.0, 1.0, 1.0, 1.0, 1.0, 0.0, 1.0, 0.0, 3.0, 0.0, 0.0, 1.0, 1.0, 13.0, 6.0, 8.0, 68153], [68154, 0.0, 1.0, 1.0, 34.0, 0.0, 0.0, 0.0, 1.0, 1.0, 1.0, 0.0, 1.0, 0.0, 1.0, 0.0, 0.0, 0.0, 1.0, 10.0, 6.0, 8.0, 68154], [68155, 1.0, 1.0, 1.0, 34.0, 1.0, 0.0, 0.0, 1.0, 0.0, 1.0, 0.0, 1.0, 0.0, 3.0, 0.0, 0.0, 1.0, 0.0, 10.0, 5.0, 8.0, 68155], [68156, 1.0, 1.0, 1.0, 29.0, 1.0, 0.0, 1.0, 1.0, 1.0, 1.0, 0.0, 1.0, 1.0, 5.0, 5.0, 30.0, 0.0, 0.0, 10.0, 6.0, 1.0, 68156], [68163, 1.0, 1.0, 1.0, 31.0, 1.0, 0.0, 0.0, 1.0, 1.0, 1.0, 0.0, 1.0, 0.0, 3.0, 0.0, 0.0, 0.0, 1.0, 12.0, 4.0, 8.0, 68163], [68171, 1.0, 0.0, 1.0, 29.0, 1.0, 0.0, 1.0, 1.0, 0.0, 1.0, 0.0, 1.0, 0.0, 2.0, 0.0, 0.0, 0.0, 1.0, 10.0, 6.0, 8.0, 68171], [68176, 1.0, 1.0, 1.0, 26.0, 0.0, 0.0, 0.0, 1.0, 1.0, 1.0, 0.0, 1.0, 0.0, 2.0, 0.0, 0.0, 0.0, 0.0, 10.0, 3.0, 1.0, 68176], [68179, 1.0, 1.0, 1.0, 25.0, 0.0, 0.0, 1.0, 1.0, 1.0, 1.0, 0.0, 1.0, 0.0, 3.0, 0.0, 0.0, 0.0, 1.0, 10.0, 6.0, 8.0, 68179]]}}","{""predictions"": [0.0, 1.0, 1.0, 1.0, 0.0, 1.0, 0.0, 0.0, 1.0, 0.0]}",1,"{""model_name"":""labuser70609094f_monitor_demo4f.default.diabetes_model"",""endpoint_name"":""labuser70609094f_endpoint"",""model_version"":""1""}"
null,42c9da0d-ddf6-458e-ba9f-0c80f8522b87,2024-07-08,1720444926921,200,4,"{""dataframe_split"": {""index"": [28490, 28491, 28492, 28493, 28494, 28495, 28496, 28497, 28498, 28499], ""columns"": [""index"", ""HighBP"", ""HighChol"", ""CholCheck"", ""BMI"", ""Smoker"", ""Stroke"", ""HeartDiseaseorAttack"", ""PhysActivity"", ""Fruits"", ""Veggies"", ""HvyAlcoholConsump"", ""AnyHealthcare"", ""NoDocbcCost"", ""GenHlth"", ""MentHlth"", ""PhysHlth"", ""DiffWalk"", ""Sex"", ""Age"", ""Education"", ""Income"", ""id""], ""data"": [[68183, 1.0, 1.0, 1.0, 27.0, 0.0, 0.0, 0.0, 1.0, 0.0, 1.0, 1.0, 1.0, 0.0, 2.0, 2.0, 0.0, 0.0, 0.0, 10.0, 6.0, 7.0, 68183], [68184, 1.0, 1.0, 1.0, 32.0, 1.0, 0.0, 0.0, 1.0, 1.0, 1.0, 0.0, 1.0, 0.0, 4.0, 0.0, 0.0, 0.0, 1.0, 10.0, 5.0, 4.0, 68184], [68188, 1.0, 1.0, 1.0, 26.0, 0.0, 0.0, 0.0, 1.0, 1.0, 1.0, 0.0, 1.0, 0.0, 3.0, 0.0, 1.0, 0.0, 0.0, 11.0, 5.0, 4.0, 68188], [68192, 1.0, 0.0, 1.0, 40.0, 0.0, 1.0, 1.0, 0.0, 0.0, 0.0, 0.0, 1.0, 0.0, 3.0, 10.0, 0.0, 1.0, 1.0, 10.0, 5.0, 5.0, 68192], [68196, 1.0, 1.0, 1.0, 43.0, 0.0, 0.0, 0.0, 0.0, 0.0, 0.0, 0.0, 1.0, 0.0, 4.0, 0.0, 15.0, 1.0, 1.0, 10.0, 5.0, 6.0, 68196], [68201, 0.0, 1.0, 1.0, 28.0, 0.0, 0.0, 0.0, 0.0, 1.0, 0.0, 0.0, 1.0, 0.0, 3.0, 5.0, 0.0, 1.0, 0.0, 11.0, 4.0, 3.0, 68201], [68202, 1.0, 0.0, 1.0, 31.0, 1.0, 0.0, 1.0, 1.0, 0.0, 1.0, 0.0, 1.0, 0.0, 4.0, 0.0, 0.0, 1.0, 1.0, 10.0, 5.0, 2.0, 68202], [68203, 1.0, 1.0, 1.0, 40.0, 0.0, 0.0, 1.0, 0.0, 1.0, 1.0, 0.0, 1.0, 0.0, 4.0, 0.0, 0.0, 1.0, 0.0, 10.0, 5.0, 7.0, 68203], [68206, 1.0, 1.0, 1.0, 30.0, 1.0, 0.0, 0.0, 1.0, 1.0, 1.0, 0.0, 1.0, 0.0, 2.0, 0.0, 0.0, 0.0, 0.0, 12.0, 6.0, 7.0, 68206], [68208, 1.0, 1.0, 1.0, 27.0, 1.0, 1.0, 0.0, 1.0, 1.0, 1.0, 0.0, 1.0, 0.0, 3.0, 0.0, 0.0, 0.0, 1.0, 12.0, 5.0, 7.0, 68208]]}}","{""predictions"": [1.0, 1.0, 1.0, 1.0, 1.0, 1.0, 1.0, 1.0, 0.0, 1.0]}",1,"{""model_name"":""labuser70609094f_monitor_demo4f.default.diabetes_model"",""endpoint_name"":""labuser70609094f_endpoint"",""model_version"":""1""}"
null,03ff8199-9bd0-4cdd-bd98-bfba0090f4fa,2024-07-08,1720444926950,200,4,"{""dataframe_split"": {""index"": [28500, 28501, 28502, 28503, 28504, 28505, 28506, 28507, 28508, 28509], ""columns"": [""index"", ""HighBP"", ""HighChol"", ""CholCheck"", ""BMI"", ""Smoker"", ""Stroke"", ""HeartDiseaseorAttack"", ""PhysActivity"", ""Fruits"", ""Veggies"", ""HvyAlcoholConsump"", ""AnyHealthcare"", ""NoDocbcCost"", ""GenHlth"", ""MentHlth"", ""PhysHlth"", ""DiffWalk"", ""Sex"", ""Age"", ""Education"", ""Income"", ""id""], ""data"": [[68211, 0.0, 1.0, 1.0, 21.0, 0.0, 0.0, 0.0, 1.0, 1.0, 1.0, 0.0, 1.0, 0.0, 2.0, 0.0, 0.0, 0.0, 1.0, 11.0, 6.0, 6.0, 68211], [68213, 0.0, 1.0, 1.0, 33.0, 1.0, 1.0, 1.0, 0.0, 0.0, 0.0, 0.0, 1.0, 0.0, 4.0, 0.0, 0.0, 0.0, 1.0, 11.0, 5.0, 7.0, 68213], [68214, 1.0, 1.0, 1.0, 67.0, 0.0, 0.0, 0.0, 0.0, 1.0, 0.0, 0.0, 1.0, 0.0, 3.0, 5.0, 2.0, 1.0, 0.0, 10.0, 6.0, 7.0, 68214], [68217, 1.0, 1.0, 1.0, 32.0, 0.0, 0.0, 0.0, 1.0, 1.0, 1.0, 0.0, 1.0, 0.0, 2.0, 0.0, 0.0, 0.0, 0.0, 10.0, 5.0, 8.0, 68217], [68218, 0.0, 1.0, 1.0, 29.0, 0.0, 0.0, 1.0, 0.0, 1.0, 1.0, 0.0, 1.0, 0.0, 2.0, 0.0, 30.0, 1.0, 1.0, 10.0, 6.0, 8.0, 68218], [68220, 1.0, 1.0, 1.0, 31.0, 0.0, 0.0, 0.0, 1.0, 1.0, 1.0, 0.0, 1.0, 0.0, 3.0, 0.0, 0.0, 1.0, 1.0, 13.0, 6.0, 5.0, 68220], [68230, 1.0, 1.0, 1.0, 26.0, 0.0, 0.0, 0.0, 1.0, 1.0, 1.0, 0.0, 1.0, 0.0, 2.0, 0.0, 0.0, 0.0, 0.0, 13.0, 4.0, 6.0, 68230], [68231, 1.0, 0.0, 1.0, 30.0, 0.0, 0.0, 0.0, 1.0, 1.0, 1.0, 0.0, 1.0, 0.0, 4.0, 0.0, 30.0, 1.0, 0.0, 10.0, 5.0, 7.0, 68231], [68232, 1.0, 1.0, 1.0, 47.0, 1.0, 1.0, 0.0, 1.0, 0.0, 1.0, 0.0, 1.0, 1.0, 2.0, 30.0, 3.0, 1.0, 0.0, 11.0, 6.0, 2.0, 68232], [68234, 1.0, 1.0, 1.0, 28.0, 0.0, 0.0, 1.0, 1.0, 1.0, 1.0, 0.0, 1.0, 0.0, 3.0, 0.0, 0.0, 0.0, 1.0, 11.0, 6.0, 8.0, 68234]]}}","{""predictions"": [1.0, 1.0, 0.0, 1.0, 0.0, 1.0, 0.0, 1.0, 1.0, 0.0]}",1,"{""model_name"":""labuser70609094f_monitor_demo4f.default.diabetes_model"",""endpoint_name"":""labuser70609094f_endpoint"",""model_version"":""1""}"
null,87db78d4-0c57-42fd-96d2-c0c9da371c43,2024-07-08,1720444926979,200,4,"{""dataframe_split"": {""index"": [28510, 28511, 28512, 28513, 28514, 28515, 28516, 28517, 28518, 28519], ""columns"": [""index"", ""HighBP"", ""HighChol"", ""CholCheck"", ""BMI"", ""Smoker"", ""Stroke"", ""HeartDiseaseorAttack"", ""PhysActivity"", ""Fruits"", ""Veggies"", ""HvyAlcoholConsump"", ""AnyHealthcare"", ""NoDocbcCost"", ""GenHlth"", ""MentHlth"", ""PhysHlth"", ""DiffWalk"", ""Sex"", ""Age"", ""Education"", ""Income"", ""id""], ""data"": [[68237, 1.0, 1.0, 1.0, 37.0, 0.0, 0.0, 1.0, 1.0, 1.0, 1.0, 0.0, 1.0, 0.0, 5.0, 30.0, 0.0, 1.0, 0.0, 11.0, 2.0, 1.0, 68237], [68240, 1.0, 0.0, 1.0, 35.0, 0.0, 0.0, 0.0, 1.0, 1.0, 1.0, 0.0, 1.0, 0.0, 2.0, 0.0, 12.0, 0.0, 0.0, 10.0, 6.0, 6.0, 68240], [68242, 1.0, 1.0, 1.0, 33.0, 0.0, 0.0, 1.0, 1.0, 1.0, 1.0, 0.0, 1.0, 0.0, 3.0, 10.0, 5.0, 0.0, 0.0, 11.0, 6.0, 4.0, 68242], [68244, 1.0, 1.0, 1.0, 27.0, 1.0, 0.0, 1.0, 1.0, 0.0, 1.0, 0.0, 1.0, 0.0, 4.0, 0.0, 0.0, 1.0, 1.0, 12.0, 6.0, 7.0, 68244], [68245, 1.0, 0.0, 1.0, 25.0, 1.0, 0.0, 0.0, 1.0, 1.0, 1.0, 0.0, 1.0, 0.0, 4.0, 30.0, 20.0, 0.0, 0.0, 10.0, 6.0, 7.0, 68245], [68247, 1.0, 0.0, 1.0, 33.0, 0.0, 1.0, 0.0, 0.0, 1.0, 1.0, 0.0, 1.0, 0.0, 4.0, 0.0, 30.0, 1.0, 0.0, 12.0, 3.0, 3.0, 68247], [68249, 1.0, 1.0, 1.0, 32.0, 0.0, 0.0, 0.0, 1.0, 1.0, 1.0, 0.0, 1.0, 0.0, 3.0, 0.0, 0.0, 1.0, 1.0, 11.0, 6.0, 3.0, 68249], [68250, 1.0, 1.0, 1.0, 35.0, 1.0, 0.0, 1.0, 1.0, 1.0, 1.0, 0.0, 1.0, 0.0, 4.0, 0.0, 4.0, 1.0, 1.0, 13.0, 4.0, 2.0, 68250], [68251, 1.0, 1.0, 1.0, 27.0, 1.0, 0.0, 0.0, 1.0, 0.0, 1.0, 0.0, 1.0, 0.0, 3.0, 0.0, 0.0, 0.0, 1.0, 10.0, 5.0, 7.0, 68251], [68255, 1.0, 1.0, 1.0, 48.0, 1.0, 0.0, 0.0, 1.0, 1.0, 1.0, 0.0, 1.0, 0.0, 4.0, 0.0, 0.0, 0.0, 0.0, 10.0, 6.0, 6.0, 68255]]}}","{""predictions"": [0.0, 1.0, 1.0, 0.0, 0.0, 1.0, 0.0, 1.0, 0.0, 1.0]}",1,"{""model_name"":""labuser70609094f_monitor_demo4f.default.diabetes_model"",""endpoint_name"":""labuser70609094f_endpoint"",""model_version"":""1""}"
null,81d8f9f1-7317-46fa-bb02-dfa152d1b0c7,2024-07-08,1720444927254,200,4,"{""dataframe_split"": {""index"": [28600, 28601, 28602, 28603, 28604, 28605, 28606, 28607, 28608, 28609], ""columns"": [""index"", ""HighBP"", ""HighChol"", ""CholCheck"", ""BMI"", ""Smoker"", ""Stroke"", ""HeartDiseaseorAttack"", ""PhysActivity"", ""Fruits"", ""Veggies"", ""HvyAlcoholConsump"", ""AnyHealthcare"", ""NoDocbcCost"", ""GenHlth"", ""MentHlth"", ""PhysHlth"", ""DiffWalk"", ""Sex"", ""Age"", ""Education"", ""Income"", ""id""], ""data"": [[68445, 0.0, 1.0, 1.0, 23.0, 0.0, 0.0, 0.0, 1.0, 0.0, 1.0, 0.0, 1.0, 0.0, 2.0, 0.0, 0.0, 0.0, 1.0, 11.0, 5.0, 8.0, 68445], [68447, 1.0, 0.0, 1.0, 40.0, 0.0, 0.0, 1.0, 1.0, 1.0, 1.0, 0.0, 1.0, 0.0, 4.0, 0.0, 0.0, 0.0, 1.0, 10.0, 6.0, 8.0, 68447], [68449, 1.0, 1.0, 1.0, 27.0, 1.0, 0.0, 0.0, 1.0, 0.0, 0.0, 0.0, 1.0, 0.0, 3.0, 0.0, 0.0, 0.0, 1.0, 10.0, 5.0, 3.0, 68449], [68452, 1.0, 0.0, 1.0, 29.0, 0.0, 0.0, 1.0, 0.0, 1.0, 1.0, 0.0, 1.0, 0.0, 4.0, 0.0, 30.0, 1.0, 0.0, 13.0, 4.0, 4.0, 68452], [68456, 0.0, 1.0, 1.0, 23.0, 1.0, 0.0, 0.0, 1.0, 0.0, 0.0, 0.0, 1.0, 0.0, 2.0, 2.0, 0.0, 0.0, 1.0, 11.0, 6.0, 6.0, 68456], [68458, 0.0, 0.0, 1.0, 24.0, 1.0, 0.0, 0.0, 1.0, 0.0, 1.0, 0.0, 1.0, 0.0, 2.0, 0.0, 0.0, 0.0, 1.0, 11.0, 5.0, 5.0, 68458], [68459, 1.0, 1.0, 1.0, 35.0, 1.0, 0.0, 1.0, 0.0, 1.0, 1.0, 0.0, 1.0, 0.0, 5.0, 0.0, 15.0, 1.0, 0.0, 10.0, 4.0, 5.0, 68459], [68463, 1.0, 1.0, 1.0, 26.0, 0.0, 1.0, 1.0, 0.0, 1.0, 0.0, 0.0, 1.0, 0.0, 5.0, 15.0, 15.0, 1.0, 0.0, 13.0, 3.0, 2.0, 68463], [68464, 1.0, 1.0, 1.0, 38.0, 1.0, 0.0, 0.0, 0.0, 1.0, 0.0, 0.0, 1.0, 0.0, 4.0, 0.0, 0.0, 0.0, 0.0, 10.0, 4.0, 5.0, 68464], [68465, 0.0, 1.0, 1.0, 28.0, 1.0, 0.0, 0.0, 1.0, 0.0, 1.0, 0.0, 1.0, 0.0, 3.0, 0.0, 2.0, 0.0, 1.0, 10.0, 6.0, 8.0, 68465]]}}","{""predictions"": [0.0, 1.0, 0.0, 1.0, 0.0, 0.0, 1.0, 1.0, 1.0, 0.0]}",1,"{""model_name"":""labuser70609094f_monitor_demo4f.default.diabetes_model"",""endpoint_name"":""labuser70609094f_endpoint"",""model_version"":""1""}"
null,db85446f-ef32-473f-bb51-2f8bee38aec5,2024-07-08,1720444927309,200,4,"{""dataframe_split"": {""index"": [28620, 28621, 28622, 28623, 28624, 28625, 28626, 28627, 28628, 28629], ""columns"": [""index"", ""HighBP"", ""HighChol"", ""CholCheck"", ""BMI"", ""Smoker"", ""Stroke"", ""HeartDiseaseorAttack"", ""PhysActivity"", ""Fruits"", ""Veggies"", ""HvyAlcoholConsump"", ""AnyHealthcare"", ""NoDocbcCost"", ""GenHlth"", ""MentHlth"", ""PhysHlth"", ""DiffWalk"", ""Sex"", ""Age"", ""Education"", ""Income"", ""id""], ""data"": [[68483, 1.0, 0.0, 1.0, 30.0, 1.0, 0.0, 0.0, 0.0, 1.0, 1.0, 0.0, 1.0, 0.0, 4.0, 0.0, 30.0, 1.0, 1.0, 11.0, 5.0, 8.0, 68483], [68484, 0.0, 1.0, 1.0, 30.0, 0.0, 0.0, 0.0, 0.0, 0.0, 1.0, 0.0, 1.0, 1.0, 5.0, 30.0, 30.0, 1.0, 0.0, 10.0, 5.0, 4.0, 68484], [68486, 1.0, 1.0, 1.0, 24.0, 1.0, 0.0, 1.0, 1.0, 0.0, 1.0, 0.0, 1.0, 1.0, 5.0, 0.0, 30.0, 0.0, 1.0, 11.0, 5.0, 6.0, 68486], [68488, 1.0, 0.0, 1.0, 28.0, 1.0, 0.0, 1.0, 1.0, 1.0, 1.0, 0.0, 1.0, 0.0, 4.0, 0.0, 2.0, 0.0, 1.0, 12.0, 2.0, 3.0, 68488], [68489, 0.0, 1.0, 1.0, 44.0, 1.0, 0.0, 0.0, 0.0, 0.0, 1.0, 0.0, 1.0, 0.0, 5.0, 15.0, 30.0, 1.0, 1.0, 12.0, 5.0, 5.0, 68489], [68492, 1.0, 1.0, 1.0, 45.0, 1.0, 0.0, 0.0, 0.0, 1.0, 1.0, 0.0, 1.0, 0.0, 5.0, 0.0, 6.0, 0.0, 0.0, 12.0, 4.0, 2.0, 68492], [68495, 1.0, 1.0, 1.0, 34.0, 1.0, 0.0, 1.0, 0.0, 0.0, 1.0, 0.0, 1.0, 0.0, 5.0, 30.0, 30.0, 1.0, 0.0, 11.0, 3.0, 2.0, 68495], [68496, 1.0, 1.0, 1.0, 28.0, 0.0, 0.0, 0.0, 0.0, 1.0, 1.0, 0.0, 1.0, 0.0, 4.0, 2.0, 0.0, 0.0, 0.0, 12.0, 4.0, 4.0, 68496], [68498, 0.0, 1.0, 1.0, 33.0, 1.0, 0.0, 0.0, 0.0, 1.0, 0.0, 0.0, 1.0, 0.0, 4.0, 14.0, 14.0, 1.0, 0.0, 11.0, 5.0, 5.0, 68498], [68502, 0.0, 1.0, 1.0, 26.0, 1.0, 0.0, 0.0, 1.0, 0.0, 1.0, 0.0, 1.0, 0.0, 3.0, 0.0, 2.0, 0.0, 1.0, 13.0, 4.0, 6.0, 68502]]}}","{""predictions"": [1.0, 0.0, 0.0, 1.0, 1.0, 1.0, 1.0, 1.0, 1.0, 1.0]}",1,"{""model_name"":""labuser70609094f_monitor_demo4f.default.diabetes_model"",""endpoint_name"":""labuser70609094f_endpoint"",""model_version"":""1""}"
null,00298fb1-8964-4e74-b52c-0a6217751884,2024-07-08,1720444927653,200,4,"{""dataframe_split"": {""index"": [28740, 28741, 28742, 28743, 28744, 28745, 28746, 28747, 28748, 28749], ""columns"": [""index"", ""HighBP"", ""HighChol"", ""CholCheck"", ""BMI"", ""Smoker"", ""Stroke"", ""HeartDiseaseorAttack"", ""PhysActivity"", ""Fruits"", ""Veggies"", ""HvyAlcoholConsump"", ""AnyHealthcare"", ""NoDocbcCost"", ""GenHlth"", ""MentHlth"", ""PhysHlth"", ""DiffWalk"", ""Sex"", ""Age"", ""Education"", ""Income"", ""id""], ""data"": [[68718, 1.0, 1.0, 1.0, 30.0, 0.0, 0.0, 1.0, 0.0, 1.0, 1.0, 0.0, 1.0, 0.0, 5.0, 4.0, 8.0, 0.0, 0.0, 10.0, 3.0, 4.0, 68718], [68719, 0.0, 1.0, 1.0, 33.0, 1.0, 0.0, 0.0, 1.0, 1.0, 1.0, 0.0, 1.0, 0.0, 3.0, 0.0, 0.0, 0.0, 1.0, 10.0, 6.0, 7.0, 68719], [68721, 1.0, 1.0, 1.0, 39.0, 1.0, 0.0, 1.0, 1.0, 1.0, 0.0, 0.0, 1.0, 0.0, 3.0, 0.0, 0.0, 0.0, 0.0, 10.0, 6.0, 4.0, 68721], [68722, 1.0, 0.0, 1.0, 36.0, 0.0, 0.0, 0.0, 1.0, 0.0, 1.0, 0.0, 1.0, 0.0, 4.0, 0.0, 14.0, 0.0, 0.0, 10.0, 5.0, 7.0, 68722], [68725, 1.0, 0.0, 1.0, 31.0, 1.0, 0.0, 0.0, 1.0, 0.0, 1.0, 0.0, 1.0, 0.0, 2.0, 0.0, 6.0, 0.0, 1.0, 10.0, 6.0, 8.0, 68725], [68726, 1.0, 1.0, 1.0, 28.0, 0.0, 0.0, 0.0, 1.0, 1.0, 1.0, 0.0, 1.0, 0.0, 4.0, 0.0, 30.0, 1.0, 0.0, 11.0, 4.0, 3.0, 68726], [68727, 1.0, 1.0, 1.0, 27.0, 1.0, 0.0, 1.0, 0.0, 0.0, 0.0, 0.0, 1.0, 0.0, 5.0, 0.0, 29.0, 1.0, 1.0, 13.0, 4.0, 4.0, 68727], [68729, 0.0, 1.0, 1.0, 31.0, 1.0, 0.0, 0.0, 0.0, 0.0, 0.0, 0.0, 1.0, 0.0, 4.0, 0.0, 30.0, 1.0, 0.0, 10.0, 4.0, 6.0, 68729], [68734, 1.0, 0.0, 1.0, 41.0, 1.0, 0.0, 1.0, 1.0, 0.0, 0.0, 0.0, 1.0, 0.0, 5.0, 0.0, 15.0, 1.0, 1.0, 11.0, 3.0, 5.0, 68734], [68740, 1.0, 1.0, 1.0, 23.0, 1.0, 0.0, 0.0, 1.0, 1.0, 1.0, 0.0, 1.0, 0.0, 2.0, 0.0, 0.0, 1.0, 1.0, 13.0, 6.0, 7.0, 68740]]}}","{""predictions"": [1.0, 1.0, 1.0, 1.0, 1.0, 1.0, 1.0, 0.0, 1.0, 0.0]}",1,"{""model_name"":""labuser70609094f_monitor_demo4f.default.diabetes_model"",""endpoint_name"":""labuser70609094f_endpoint"",""model_version"":""1""}"
null,224f6551-6b14-41aa-8c47-f66849a8254c,2024-07-08,1720444927686,200,4,"{""dataframe_split"": {""index"": [28750, 28751, 28752, 28753, 28754, 28755, 28756, 28757, 28758, 28759], ""columns"": [""index"", ""HighBP"", ""HighChol"", ""CholCheck"", ""BMI"", ""Smoker"", ""Stroke"", ""HeartDiseaseorAttack"", ""PhysActivity"", ""Fruits"", ""Veggies"", ""HvyAlcoholConsump"", ""AnyHealthcare"", ""NoDocbcCost"", ""GenHlth"", ""MentHlth"", ""PhysHlth"", ""DiffWalk"", ""Sex"", ""Age"", ""Education"", ""Income"", ""id""], ""data"": [[68742, 1.0, 0.0, 1.0, 26.0, 0.0, 0.0, 0.0, 0.0, 1.0, 1.0, 0.0, 1.0, 0.0, 4.0, 0.0, 0.0, 1.0, 1.0, 10.0, 4.0, 6.0, 68742], [68744, 0.0, 1.0, 1.0, 31.0, 1.0, 0.0, 0.0, 1.0, 0.0, 0.0, 0.0, 1.0, 0.0, 5.0, 30.0, 30.0, 1.0, 1.0, 10.0, 3.0, 1.0, 68744], [68745, 0.0, 1.0, 1.0, 35.0, 1.0, 0.0, 0.0, 1.0, 1.0, 1.0, 0.0, 1.0, 0.0, 3.0, 2.0, 0.0, 0.0, 1.0, 11.0, 4.0, 8.0, 68745], [68748, 1.0, 1.0, 1.0, 22.0, 1.0, 1.0, 0.0, 1.0, 0.0, 1.0, 0.0, 1.0, 1.0, 3.0, 5.0, 3.0, 1.0, 1.0, 10.0, 3.0, 2.0, 68748], [68750, 1.0, 1.0, 1.0, 32.0, 1.0, 0.0, 0.0, 1.0, 0.0, 1.0, 0.0, 1.0, 0.0, 3.0, 15.0, 0.0, 1.0, 1.0, 10.0, 5.0, 4.0, 68750], [68752, 1.0, 1.0, 1.0, 30.0, 0.0, 0.0, 0.0, 1.0, 1.0, 1.0, 0.0, 1.0, 0.0, 3.0, 30.0, 0.0, 0.0, 1.0, 10.0, 6.0, 8.0, 68752], [68755, 0.0, 0.0, 1.0, 28.0, 0.0, 0.0, 0.0, 0.0, 1.0, 0.0, 0.0, 1.0, 0.0, 3.0, 0.0, 0.0, 1.0, 1.0, 12.0, 4.0, 4.0, 68755], [68761, 1.0, 0.0, 1.0, 23.0, 1.0, 0.0, 0.0, 1.0, 1.0, 1.0, 0.0, 1.0, 0.0, 2.0, 4.0, 0.0, 0.0, 1.0, 13.0, 6.0, 7.0, 68761], [68764, 1.0, 1.0, 1.0, 30.0, 0.0, 0.0, 0.0, 1.0, 0.0, 0.0, 0.0, 1.0, 0.0, 4.0, 14.0, 21.0, 1.0, 0.0, 10.0, 2.0, 3.0, 68764], [68765, 1.0, 1.0, 1.0, 23.0, 0.0, 1.0, 1.0, 0.0, 0.0, 0.0, 0.0, 1.0, 0.0, 5.0, 5.0, 29.0, 1.0, 1.0, 11.0, 5.0, 5.0, 68765]]}}","{""predictions"": [1.0, 1.0, 0.0, 1.0, 1.0, 1.0, 0.0, 0.0, 0.0, 0.0]}",1,"{""model_name"":""labuser70609094f_monitor_demo4f.default.diabetes_model"",""endpoint_name"":""labuser70609094f_endpoint"",""model_version"":""1""}"
null,2b1a2a2b-8e79-478e-b919-56f189ef6120,2024-07-08,1720444927746,200,4,"{""dataframe_split"": {""index"": [28770, 28771, 28772, 28773, 28774, 28775, 28776, 28777, 28778, 28779], ""columns"": [""index"", ""HighBP"", ""HighChol"", ""CholCheck"", ""BMI"", ""Smoker"", ""Stroke"", ""HeartDiseaseorAttack"", ""PhysActivity"", ""Fruits"", ""Veggies"", ""HvyAlcoholConsump"", ""AnyHealthcare"", ""NoDocbcCost"", ""GenHlth"", ""MentHlth"", ""PhysHlth"", ""DiffWalk"", ""Sex"", ""Age"", ""Education"", ""Income"", ""id""], ""data"": [[68792, 1.0, 1.0, 1.0, 24.0, 1.0, 0.0, 0.0, 0.0, 0.0, 0.0, 0.0, 1.0, 0.0, 5.0, 0.0, 30.0, 0.0, 0.0, 10.0, 3.0, 2.0, 68792], [68794, 1.0, 0.0, 1.0, 30.0, 1.0, 0.0, 0.0, 1.0, 0.0, 1.0, 0.0, 1.0, 0.0, 3.0, 0.0, 7.0, 1.0, 1.0, 13.0, 5.0, 4.0, 68794], [68804, 0.0, 1.0, 1.0, 28.0, 0.0, 0.0, 0.0, 1.0, 1.0, 0.0, 0.0, 1.0, 0.0, 2.0, 0.0, 1.0, 0.0, 0.0, 11.0, 6.0, 7.0, 68804], [68805, 1.0, 1.0, 1.0, 27.0, 0.0, 1.0, 0.0, 1.0, 1.0, 1.0, 0.0, 1.0, 0.0, 4.0, 0.0, 0.0, 1.0, 0.0, 10.0, 4.0, 2.0, 68805], [68806, 1.0, 1.0, 1.0, 24.0, 1.0, 1.0, 1.0, 1.0, 1.0, 1.0, 0.0, 1.0, 0.0, 4.0, 20.0, 10.0, 1.0, 1.0, 10.0, 5.0, 7.0, 68806], [68808, 1.0, 1.0, 1.0, 23.0, 0.0, 0.0, 0.0, 1.0, 1.0, 1.0, 0.0, 1.0, 0.0, 5.0, 10.0, 27.0, 1.0, 0.0, 10.0, 5.0, 1.0, 68808], [68810, 1.0, 1.0, 1.0, 30.0, 1.0, 0.0, 0.0, 1.0, 0.0, 1.0, 0.0, 1.0, 1.0, 4.0, 2.0, 20.0, 0.0, 1.0, 11.0, 4.0, 2.0, 68810], [68811, 1.0, 1.0, 1.0, 37.0, 1.0, 0.0, 0.0, 1.0, 1.0, 1.0, 0.0, 1.0, 0.0, 4.0, 0.0, 0.0, 1.0, 1.0, 11.0, 4.0, 7.0, 68811], [68814, 1.0, 1.0, 1.0, 29.0, 0.0, 0.0, 0.0, 0.0, 0.0, 0.0, 0.0, 1.0, 1.0, 4.0, 0.0, 30.0, 0.0, 0.0, 11.0, 4.0, 6.0, 68814], [68819, 0.0, 1.0, 1.0, 30.0, 0.0, 0.0, 1.0, 1.0, 1.0, 1.0, 0.0, 1.0, 0.0, 3.0, 0.0, 0.0, 1.0, 0.0, 11.0, 5.0, 5.0, 68819]]}}","{""predictions"": [1.0, 0.0, 0.0, 1.0, 1.0, 1.0, 1.0, 1.0, 1.0, 1.0]}",1,"{""model_name"":""labuser70609094f_monitor_demo4f.default.diabetes_model"",""endpoint_name"":""labuser70609094f_endpoint"",""model_version"":""1""}"
null,e744e4be-ef50-48bd-85ff-15c3d5c210fa,2024-07-08,1720444927775,200,4,"{""dataframe_split"": {""index"": [28780, 28781, 28782, 28783, 28784, 28785, 28786, 28787, 28788, 28789], ""columns"": [""index"", ""HighBP"", ""HighChol"", ""CholCheck"", ""BMI"", ""Smoker"", ""Stroke"", ""HeartDiseaseorAttack"", ""PhysActivity"", ""Fruits"", ""Veggies"", ""HvyAlcoholConsump"", ""AnyHealthcare"", ""NoDocbcCost"", ""GenHlth"", ""MentHlth"", ""PhysHlth"", ""DiffWalk"", ""Sex"", ""Age"", ""Education"", ""Income"", ""id""], ""data"": [[68822, 1.0, 0.0, 1.0, 33.0, 1.0, 0.0, 1.0, 0.0, 0.0, 0.0, 0.0, 1.0, 1.0, 5.0, 30.0, 0.0, 1.0, 1.0, 10.0, 4.0, 2.0, 68822], [68824, 1.0, 0.0, 1.0, 32.0, 0.0, 0.0, 0.0, 1.0, 1.0, 1.0, 0.0, 1.0, 0.0, 5.0, 0.0, 20.0, 0.0, 0.0, 12.0, 4.0, 2.0, 68824], [68826, 1.0, 1.0, 1.0, 25.0, 1.0, 0.0, 1.0, 1.0, 1.0, 1.0, 0.0, 1.0, 0.0, 3.0, 0.0, 30.0, 0.0, 1.0, 10.0, 5.0, 5.0, 68826], [68833, 1.0, 0.0, 1.0, 32.0, 0.0, 0.0, 0.0, 1.0, 1.0, 1.0, 0.0, 1.0, 0.0, 2.0, 0.0, 0.0, 0.0, 0.0, 10.0, 5.0, 7.0, 68833], [68838, 1.0, 0.0, 1.0, 24.0, 1.0, 0.0, 0.0, 1.0, 1.0, 1.0, 0.0, 1.0, 0.0, 2.0, 0.0, 0.0, 0.0, 1.0, 10.0, 6.0, 7.0, 68838], [68847, 1.0, 0.0, 1.0, 36.0, 0.0, 0.0, 0.0, 1.0, 0.0, 1.0, 0.0, 1.0, 0.0, 3.0, 0.0, 0.0, 0.0, 0.0, 10.0, 4.0, 4.0, 68847], [68848, 0.0, 0.0, 1.0, 31.0, 0.0, 0.0, 0.0, 1.0, 0.0, 1.0, 0.0, 1.0, 0.0, 2.0, 0.0, 0.0, 1.0, 0.0, 10.0, 5.0, 7.0, 68848], [68851, 1.0, 0.0, 1.0, 33.0, 0.0, 0.0, 1.0, 1.0, 1.0, 1.0, 0.0, 1.0, 0.0, 3.0, 10.0, 14.0, 0.0, 1.0, 11.0, 6.0, 6.0, 68851], [68852, 0.0, 0.0, 1.0, 29.0, 1.0, 0.0, 0.0, 1.0, 1.0, 1.0, 0.0, 1.0, 0.0, 3.0, 0.0, 2.0, 0.0, 1.0, 10.0, 4.0, 6.0, 68852], [68854, 1.0, 1.0, 1.0, 28.0, 1.0, 1.0, 1.0, 0.0, 0.0, 1.0, 0.0, 1.0, 0.0, 5.0, 30.0, 30.0, 1.0, 0.0, 10.0, 4.0, 5.0, 68854]]}}","{""predictions"": [0.0, 1.0, 1.0, 1.0, 0.0, 1.0, 0.0, 1.0, 0.0, 1.0]}",1,"{""model_name"":""labuser70609094f_monitor_demo4f.default.diabetes_model"",""endpoint_name"":""labuser70609094f_endpoint"",""model_version"":""1""}"
null,c95a26f1-6d22-4b78-8293-0094e5d6cd7a,2024-07-08,1720444927802,200,4,"{""dataframe_split"": {""index"": [28790, 28791, 28792, 28793, 28794, 28795, 28796, 28797, 28798, 28799], ""columns"": [""index"", ""HighBP"", ""HighChol"", ""CholCheck"", ""BMI"", ""Smoker"", ""Stroke"", ""HeartDiseaseorAttack"", ""PhysActivity"", ""Fruits"", ""Veggies"", ""HvyAlcoholConsump"", ""AnyHealthcare"", ""NoDocbcCost"", ""GenHlth"", ""MentHlth"", ""PhysHlth"", ""DiffWalk"", ""Sex"", ""Age"", ""Education"", ""Income"", ""id""], ""data"": [[68858, 1.0, 1.0, 1.0, 36.0, 1.0, 0.0, 0.0, 1.0, 0.0, 1.0, 0.0, 1.0, 0.0, 3.0, 0.0, 0.0, 0.0, 1.0, 10.0, 3.0, 6.0, 68858], [68860, 1.0, 0.0, 1.0, 35.0, 1.0, 1.0, 1.0, 1.0, 0.0, 1.0, 0.0, 1.0, 0.0, 5.0, 0.0, 10.0, 1.0, 1.0, 11.0, 4.0, 3.0, 68860], [68863, 0.0, 1.0, 1.0, 24.0, 1.0, 0.0, 1.0, 1.0, 1.0, 1.0, 0.0, 1.0, 0.0, 3.0, 0.0, 6.0, 0.0, 1.0, 13.0, 5.0, 8.0, 68863], [68864, 1.0, 1.0, 1.0, 29.0, 0.0, 0.0, 0.0, 1.0, 0.0, 1.0, 0.0, 1.0, 0.0, 3.0, 15.0, 0.0, 0.0, 1.0, 11.0, 5.0, 6.0, 68864], [68866, 0.0, 0.0, 1.0, 22.0, 0.0, 0.0, 0.0, 1.0, 1.0, 1.0, 0.0, 1.0, 0.0, 3.0, 0.0, 0.0, 0.0, 0.0, 11.0, 6.0, 3.0, 68866], [68868, 1.0, 1.0, 1.0, 31.0, 1.0, 1.0, 0.0, 0.0, 0.0, 0.0, 0.0, 1.0, 0.0, 3.0, 0.0, 0.0, 1.0, 1.0, 12.0, 3.0, 4.0, 68868], [68872, 0.0, 1.0, 1.0, 27.0, 0.0, 0.0, 0.0, 1.0, 1.0, 1.0, 0.0, 1.0, 0.0, 3.0, 1.0, 0.0, 0.0, 0.0, 10.0, 5.0, 6.0, 68872], [68873, 1.0, 0.0, 1.0, 28.0, 0.0, 0.0, 0.0, 1.0, 0.0, 1.0, 0.0, 1.0, 1.0, 4.0, 30.0, 15.0, 1.0, 0.0, 11.0, 5.0, 2.0, 68873], [68875, 1.0, 1.0, 1.0, 32.0, 1.0, 0.0, 0.0, 1.0, 1.0, 1.0, 0.0, 1.0, 0.0, 3.0, 0.0, 0.0, 0.0, 1.0, 10.0, 4.0, 7.0, 68875], [68878, 1.0, 1.0, 1.0, 35.0, 1.0, 1.0, 0.0, 0.0, 0.0, 0.0, 0.0, 1.0, 1.0, 5.0, 0.0, 30.0, 1.0, 0.0, 12.0, 3.0, 2.0, 68878]]}}","{""predictions"": [1.0, 1.0, 1.0, 1.0, 0.0, 1.0, 0.0, 0.0, 1.0, 1.0]}",1,"{""model_name"":""labuser70609094f_monitor_demo4f.default.diabetes_model"",""endpoint_name"":""labuser70609094f_endpoint"",""model_version"":""1""}"
null,ee9b71a8-7152-4523-838d-31e94137d1d7,2024-07-08,1720444927830,200,4,"{""dataframe_split"": {""index"": [28800, 28801, 28802, 28803, 28804, 28805, 28806, 28807, 28808, 28809], ""columns"": [""index"", ""HighBP"", ""HighChol"", ""CholCheck"", ""BMI"", ""Smoker"", ""Stroke"", ""HeartDiseaseorAttack"", ""PhysActivity"", ""Fruits"", ""Veggies"", ""HvyAlcoholConsump"", ""AnyHealthcare"", ""NoDocbcCost"", ""GenHlth"", ""MentHlth"", ""PhysHlth"", ""DiffWalk"", ""Sex"", ""Age"", ""Education"", ""Income"", ""id""], ""data"": [[68880, 0.0, 0.0, 1.0, 25.0, 0.0, 0.0, 1.0, 1.0, 0.0, 0.0, 0.0, 1.0, 0.0, 4.0, 3.0, 5.0, 0.0, 0.0, 10.0, 4.0, 4.0, 68880], [68882, 1.0, 1.0, 1.0, 27.0, 1.0, 0.0, 0.0, 1.0, 0.0, 0.0, 0.0, 1.0, 0.0, 4.0, 15.0, 10.0, 1.0, 1.0, 10.0, 2.0, 1.0, 68882], [68892, 0.0, 0.0, 1.0, 33.0, 0.0, 0.0, 1.0, 0.0, 1.0, 1.0, 0.0, 1.0, 1.0, 4.0, 20.0, 15.0, 1.0, 0.0, 11.0, 4.0, 2.0, 68892], [68893, 1.0, 1.0, 1.0, 33.0, 1.0, 0.0, 0.0, 1.0, 1.0, 1.0, 0.0, 1.0, 0.0, 2.0, 0.0, 0.0, 1.0, 1.0, 12.0, 2.0, 3.0, 68893], [68896, 1.0, 1.0, 1.0, 43.0, 0.0, 0.0, 0.0, 0.0, 0.0, 1.0, 0.0, 1.0, 0.0, 4.0, 2.0, 15.0, 1.0, 0.0, 10.0, 5.0, 7.0, 68896], [68898, 1.0, 1.0, 1.0, 44.0, 1.0, 0.0, 1.0, 1.0, 1.0, 1.0, 0.0, 1.0, 0.0, 5.0, 15.0, 30.0, 1.0, 1.0, 11.0, 3.0, 5.0, 68898], [68905, 1.0, 1.0, 1.0, 32.0, 1.0, 0.0, 0.0, 1.0, 1.0, 1.0, 0.0, 1.0, 0.0, 3.0, 0.0, 0.0, 0.0, 1.0, 10.0, 6.0, 8.0, 68905], [68908, 1.0, 0.0, 1.0, 29.0, 1.0, 0.0, 0.0, 0.0, 0.0, 1.0, 0.0, 1.0, 0.0, 3.0, 0.0, 30.0, 1.0, 1.0, 10.0, 5.0, 2.0, 68908], [68912, 1.0, 1.0, 1.0, 21.0, 0.0, 0.0, 0.0, 1.0, 1.0, 1.0, 0.0, 1.0, 0.0, 4.0, 0.0, 0.0, 0.0, 0.0, 10.0, 5.0, 5.0, 68912], [68916, 0.0, 1.0, 1.0, 27.0, 0.0, 0.0, 0.0, 1.0, 0.0, 0.0, 0.0, 1.0, 1.0, 3.0, 0.0, 0.0, 0.0, 1.0, 11.0, 3.0, 8.0, 68916]]}}","{""predictions"": [1.0, 1.0, 1.0, 0.0, 1.0, 1.0, 0.0, 0.0, 0.0, 1.0]}",1,"{""model_name"":""labuser70609094f_monitor_demo4f.default.diabetes_model"",""endpoint_name"":""labuser70609094f_endpoint"",""model_version"":""1""}"
null,b0eda394-cc41-40a4-aac8-ebb0f32e6cd3,2024-07-08,1720444927858,200,4,"{""dataframe_split"": {""index"": [28810, 28811, 28812, 28813, 28814, 28815, 28816, 28817, 28818, 28819], ""columns"": [""index"", ""HighBP"", ""HighChol"", ""CholCheck"", ""BMI"", ""Smoker"", ""Stroke"", ""HeartDiseaseorAttack"", ""PhysActivity"", ""Fruits"", ""Veggies"", ""HvyAlcoholConsump"", ""AnyHealthcare"", ""NoDocbcCost"", ""GenHlth"", ""MentHlth"", ""PhysHlth"", ""DiffWalk"", ""Sex"", ""Age"", ""Education"", ""Income"", ""id""], ""data"": [[68921, 1.0, 1.0, 1.0, 32.0, 1.0, 0.0, 1.0, 0.0, 1.0, 1.0, 0.0, 1.0, 0.0, 2.0, 0.0, 0.0, 0.0, 1.0, 13.0, 5.0, 4.0, 68921], [68925, 0.0, 0.0, 1.0, 31.0, 0.0, 1.0, 0.0, 1.0, 0.0, 0.0, 0.0, 1.0, 0.0, 2.0, 0.0, 0.0, 0.0, 1.0, 11.0, 6.0, 7.0, 68925], [68926, 0.0, 0.0, 1.0, 28.0, 0.0, 0.0, 0.0, 1.0, 1.0, 1.0, 0.0, 1.0, 0.0, 1.0, 0.0, 0.0, 0.0, 1.0, 12.0, 6.0, 8.0, 68926], [68930, 1.0, 1.0, 1.0, 31.0, 1.0, 0.0, 0.0, 1.0, 1.0, 1.0, 0.0, 1.0, 0.0, 4.0, 25.0, 30.0, 1.0, 1.0, 11.0, 5.0, 6.0, 68930], [68936, 1.0, 0.0, 1.0, 36.0, 0.0, 0.0, 0.0, 1.0, 1.0, 1.0, 0.0, 1.0, 0.0, 2.0, 0.0, 0.0, 0.0, 0.0, 10.0, 5.0, 7.0, 68936], [68942, 1.0, 1.0, 1.0, 25.0, 0.0, 0.0, 0.0, 0.0, 0.0, 0.0, 0.0, 1.0, 0.0, 1.0, 0.0, 0.0, 0.0, 0.0, 13.0, 4.0, 1.0, 68942], [68943, 1.0, 0.0, 1.0, 31.0, 0.0, 0.0, 1.0, 0.0, 0.0, 1.0, 0.0, 1.0, 0.0, 4.0, 10.0, 30.0, 1.0, 0.0, 13.0, 6.0, 5.0, 68943], [68944, 1.0, 0.0, 1.0, 25.0, 1.0, 0.0, 0.0, 0.0, 0.0, 0.0, 0.0, 1.0, 1.0, 4.0, 0.0, 1.0, 0.0, 1.0, 11.0, 3.0, 4.0, 68944], [68946, 1.0, 0.0, 1.0, 32.0, 0.0, 0.0, 0.0, 0.0, 1.0, 1.0, 0.0, 1.0, 0.0, 4.0, 0.0, 16.0, 1.0, 0.0, 12.0, 3.0, 2.0, 68946], [68950, 0.0, 0.0, 1.0, 30.0, 1.0, 0.0, 0.0, 0.0, 0.0, 1.0, 0.0, 1.0, 0.0, 4.0, 0.0, 30.0, 0.0, 1.0, 10.0, 4.0, 5.0, 68950]]}}","{""predictions"": [1.0, 1.0, 0.0, 1.0, 1.0, 0.0, 0.0, 0.0, 1.0, 0.0]}",1,"{""model_name"":""labuser70609094f_monitor_demo4f.default.diabetes_model"",""endpoint_name"":""labuser70609094f_endpoint"",""model_version"":""1""}"
null,3621a9de-c81d-4880-b49d-80065d7e1233,2024-07-08,1720444927885,200,4,"{""dataframe_split"": {""index"": [28820, 28821, 28822, 28823, 28824, 28825, 28826, 28827, 28828, 28829], ""columns"": [""index"", ""HighBP"", ""HighChol"", ""CholCheck"", ""BMI"", ""Smoker"", ""Stroke"", ""HeartDiseaseorAttack"", ""PhysActivity"", ""Fruits"", ""Veggies"", ""HvyAlcoholConsump"", ""AnyHealthcare"", ""NoDocbcCost"", ""GenHlth"", ""MentHlth"", ""PhysHlth"", ""DiffWalk"", ""Sex"", ""Age"", ""Education"", ""Income"", ""id""], ""data"": [[68951, 0.0, 1.0, 1.0, 28.0, 1.0, 0.0, 1.0, 1.0, 1.0, 1.0, 0.0, 1.0, 0.0, 2.0, 0.0, 0.0, 1.0, 1.0, 12.0, 2.0, 5.0, 68951], [68953, 1.0, 1.0, 1.0, 33.0, 0.0, 0.0, 0.0, 1.0, 1.0, 1.0, 0.0, 1.0, 0.0, 4.0, 10.0, 30.0, 0.0, 0.0, 10.0, 6.0, 5.0, 68953], [68954, 1.0, 1.0, 1.0, 32.0, 0.0, 0.0, 0.0, 1.0, 1.0, 0.0, 0.0, 1.0, 0.0, 3.0, 1.0, 20.0, 0.0, 0.0, 11.0, 4.0, 3.0, 68954], [68955, 1.0, 1.0, 1.0, 40.0, 0.0, 0.0, 0.0, 0.0, 1.0, 1.0, 0.0, 1.0, 0.0, 4.0, 5.0, 5.0, 1.0, 0.0, 10.0, 5.0, 6.0, 68955], [68956, 1.0, 0.0, 1.0, 25.0, 1.0, 0.0, 1.0, 1.0, 1.0, 1.0, 0.0, 1.0, 0.0, 4.0, 0.0, 20.0, 1.0, 1.0, 13.0, 2.0, 5.0, 68956], [68957, 1.0, 1.0, 1.0, 26.0, 1.0, 0.0, 0.0, 1.0, 1.0, 1.0, 0.0, 1.0, 0.0, 3.0, 0.0, 0.0, 0.0, 0.0, 11.0, 3.0, 6.0, 68957], [68958, 1.0, 0.0, 1.0, 30.0, 0.0, 0.0, 1.0, 0.0, 1.0, 1.0, 0.0, 1.0, 0.0, 4.0, 5.0, 10.0, 1.0, 1.0, 13.0, 4.0, 1.0, 68958], [68959, 1.0, 1.0, 1.0, 36.0, 1.0, 1.0, 1.0, 1.0, 0.0, 0.0, 0.0, 1.0, 1.0, 5.0, 30.0, 30.0, 0.0, 1.0, 10.0, 3.0, 1.0, 68959], [68961, 1.0, 1.0, 1.0, 27.0, 0.0, 0.0, 0.0, 0.0, 1.0, 1.0, 0.0, 1.0, 0.0, 5.0, 0.0, 30.0, 1.0, 1.0, 10.0, 4.0, 6.0, 68961], [68963, 1.0, 1.0, 1.0, 25.0, 0.0, 0.0, 1.0, 1.0, 1.0, 1.0, 0.0, 1.0, 0.0, 4.0, 0.0, 0.0, 0.0, 0.0, 12.0, 3.0, 3.0, 68963]]}}","{""predictions"": [0.0, 0.0, 1.0, 1.0, 0.0, 0.0, 1.0, 1.0, 0.0, 1.0]}",1,"{""model_name"":""labuser70609094f_monitor_demo4f.default.diabetes_model"",""endpoint_name"":""labuser70609094f_endpoint"",""model_version"":""1""}"
null,76e8d9bc-d2d5-4674-9c78-56f96feff74a,2024-07-08,1720444927914,200,4,"{""dataframe_split"": {""index"": [28830, 28831, 28832, 28833, 28834, 28835, 28836, 28837, 28838, 28839], ""columns"": [""index"", ""HighBP"", ""HighChol"", ""CholCheck"", ""BMI"", ""Smoker"", ""Stroke"", ""HeartDiseaseorAttack"", ""PhysActivity"", ""Fruits"", ""Veggies"", ""HvyAlcoholConsump"", ""AnyHealthcare"", ""NoDocbcCost"", ""GenHlth"", ""MentHlth"", ""PhysHlth"", ""DiffWalk"", ""Sex"", ""Age"", ""Education"", ""Income"", ""id""], ""data"": [[68965, 1.0, 1.0, 1.0, 19.0, 0.0, 0.0, 0.0, 1.0, 1.0, 1.0, 0.0, 1.0, 0.0, 2.0, 0.0, 0.0, 0.0, 0.0, 11.0, 4.0, 3.0, 68965], [68967, 1.0, 0.0, 1.0, 26.0, 0.0, 0.0, 0.0, 0.0, 1.0, 1.0, 0.0, 1.0, 0.0, 2.0, 0.0, 2.0, 0.0, 0.0, 12.0, 4.0, 6.0, 68967], [68969, 0.0, 0.0, 1.0, 31.0, 1.0, 0.0, 1.0, 1.0, 1.0, 1.0, 0.0, 1.0, 0.0, 4.0, 15.0, 27.0, 1.0, 0.0, 12.0, 4.0, 5.0, 68969], [68970, 1.0, 1.0, 1.0, 34.0, 0.0, 0.0, 1.0, 0.0, 0.0, 0.0, 0.0, 1.0, 0.0, 4.0, 1.0, 0.0, 1.0, 1.0, 10.0, 5.0, 8.0, 68970], [68971, 1.0, 1.0, 1.0, 28.0, 1.0, 1.0, 1.0, 0.0, 1.0, 0.0, 0.0, 1.0, 0.0, 4.0, 30.0, 30.0, 1.0, 0.0, 11.0, 5.0, 2.0, 68971], [68972, 1.0, 0.0, 1.0, 23.0, 0.0, 1.0, 0.0, 1.0, 1.0, 1.0, 0.0, 1.0, 0.0, 4.0, 0.0, 15.0, 1.0, 0.0, 13.0, 4.0, 6.0, 68972], [68973, 1.0, 1.0, 1.0, 36.0, 1.0, 1.0, 1.0, 1.0, 1.0, 1.0, 0.0, 1.0, 0.0, 5.0, 5.0, 7.0, 1.0, 1.0, 11.0, 5.0, 4.0, 68973], [68975, 1.0, 1.0, 1.0, 39.0, 1.0, 0.0, 0.0, 0.0, 1.0, 0.0, 0.0, 1.0, 0.0, 3.0, 10.0, 5.0, 0.0, 0.0, 11.0, 4.0, 4.0, 68975], [68976, 1.0, 1.0, 1.0, 26.0, 0.0, 1.0, 1.0, 1.0, 0.0, 1.0, 0.0, 1.0, 0.0, 5.0, 5.0, 0.0, 1.0, 0.0, 10.0, 3.0, 5.0, 68976], [68981, 0.0, 1.0, 1.0, 30.0, 1.0, 1.0, 1.0, 1.0, 1.0, 1.0, 0.0, 1.0, 0.0, 4.0, 1.0, 30.0, 1.0, 1.0, 10.0, 6.0, 7.0, 68981]]}}","{""predictions"": [1.0, 1.0, 0.0, 1.0, 1.0, 0.0, 1.0, 1.0, 1.0, 0.0]}",1,"{""model_name"":""labuser70609094f_monitor_demo4f.default.diabetes_model"",""endpoint_name"":""labuser70609094f_endpoint"",""model_version"":""1""}"
null,67ffd0a9-8568-4607-9257-eafaaa1dbfcc,2024-07-08,1720444927942,200,4,"{""dataframe_split"": {""index"": [28840, 28841, 28842, 28843, 28844, 28845, 28846, 28847, 28848, 28849], ""columns"": [""index"", ""HighBP"", ""HighChol"", ""CholCheck"", ""BMI"", ""Smoker"", ""Stroke"", ""HeartDiseaseorAttack"", ""PhysActivity"", ""Fruits"", ""Veggies"", ""HvyAlcoholConsump"", ""AnyHealthcare"", ""NoDocbcCost"", ""GenHlth"", ""MentHlth"", ""PhysHlth"", ""DiffWalk"", ""Sex"", ""Age"", ""Education"", ""Income"", ""id""], ""data"": [[68982, 1.0, 1.0, 1.0, 25.0, 0.0, 0.0, 0.0, 0.0, 0.0, 0.0, 0.0, 1.0, 0.0, 4.0, 30.0, 30.0, 0.0, 0.0, 10.0, 4.0, 1.0, 68982], [68986, 1.0, 0.0, 1.0, 26.0, 1.0, 0.0, 0.0, 1.0, 1.0, 1.0, 0.0, 1.0, 1.0, 3.0, 3.0, 6.0, 0.0, 0.0, 13.0, 4.0, 4.0, 68986], [68987, 1.0, 1.0, 1.0, 23.0, 0.0, 0.0, 0.0, 1.0, 1.0, 1.0, 0.0, 1.0, 0.0, 2.0, 0.0, 0.0, 0.0, 0.0, 13.0, 4.0, 4.0, 68987], [68989, 1.0, 1.0, 1.0, 26.0, 1.0, 0.0, 1.0, 1.0, 0.0, 1.0, 0.0, 1.0, 0.0, 3.0, 0.0, 0.0, 0.0, 1.0, 10.0, 6.0, 8.0, 68989], [68991, 1.0, 1.0, 1.0, 24.0, 0.0, 0.0, 0.0, 1.0, 0.0, 1.0, 0.0, 1.0, 0.0, 2.0, 0.0, 20.0, 1.0, 0.0, 11.0, 5.0, 2.0, 68991], [68993, 1.0, 0.0, 1.0, 28.0, 1.0, 0.0, 0.0, 0.0, 0.0, 1.0, 0.0, 1.0, 0.0, 2.0, 0.0, 0.0, 0.0, 1.0, 11.0, 4.0, 5.0, 68993], [68994, 1.0, 1.0, 1.0, 55.0, 0.0, 1.0, 0.0, 0.0, 0.0, 0.0, 0.0, 1.0, 0.0, 4.0, 5.0, 30.0, 1.0, 0.0, 10.0, 5.0, 4.0, 68994], [68995, 1.0, 1.0, 1.0, 55.0, 0.0, 0.0, 0.0, 0.0, 1.0, 1.0, 0.0, 1.0, 0.0, 3.0, 0.0, 30.0, 1.0, 0.0, 11.0, 4.0, 7.0, 68995], [68996, 1.0, 1.0, 1.0, 22.0, 0.0, 0.0, 0.0, 1.0, 1.0, 1.0, 0.0, 1.0, 0.0, 3.0, 0.0, 0.0, 0.0, 0.0, 13.0, 6.0, 3.0, 68996], [68997, 1.0, 1.0, 1.0, 34.0, 0.0, 0.0, 0.0, 1.0, 1.0, 1.0, 0.0, 1.0, 0.0, 4.0, 0.0, 3.0, 0.0, 0.0, 11.0, 3.0, 3.0, 68997]]}}","{""predictions"": [0.0, 0.0, 1.0, 0.0, 1.0, 1.0, 1.0, 1.0, 1.0, 1.0]}",1,"{""model_name"":""labuser70609094f_monitor_demo4f.default.diabetes_model"",""endpoint_name"":""labuser70609094f_endpoint"",""model_version"":""1""}"
null,503648ca-48b3-4619-8c4e-1a5ad0f4dbf9,2024-07-08,1720444928145,200,4,"{""dataframe_split"": {""index"": [28910, 28911, 28912, 28913, 28914, 28915, 28916, 28917, 28918, 28919], ""columns"": [""index"", ""HighBP"", ""HighChol"", ""CholCheck"", ""BMI"", ""Smoker"", ""Stroke"", ""HeartDiseaseorAttack"", ""PhysActivity"", ""Fruits"", ""Veggies"", ""HvyAlcoholConsump"", ""AnyHealthcare"", ""NoDocbcCost"", ""GenHlth"", ""MentHlth"", ""PhysHlth"", ""DiffWalk"", ""Sex"", ""Age"", ""Education"", ""Income"", ""id""], ""data"": [[69090, 1.0, 1.0, 1.0, 27.0, 1.0, 0.0, 0.0, 1.0, 0.0, 1.0, 1.0, 1.0, 0.0, 2.0, 0.0, 0.0, 0.0, 0.0, 11.0, 5.0, 4.0, 69090], [69091, 1.0, 0.0, 1.0, 29.0, 1.0, 0.0, 0.0, 1.0, 1.0, 1.0, 0.0, 1.0, 0.0, 4.0, 0.0, 30.0, 1.0, 0.0, 11.0, 6.0, 6.0, 69091], [69092, 1.0, 1.0, 1.0, 28.0, 0.0, 0.0, 0.0, 1.0, 1.0, 1.0, 0.0, 1.0, 0.0, 3.0, 0.0, 0.0, 0.0, 0.0, 10.0, 5.0, 8.0, 69092], [69093, 1.0, 0.0, 1.0, 50.0, 1.0, 0.0, 0.0, 1.0, 1.0, 1.0, 1.0, 1.0, 0.0, 4.0, 30.0, 30.0, 1.0, 0.0, 11.0, 6.0, 6.0, 69093], [69095, 1.0, 1.0, 1.0, 34.0, 1.0, 0.0, 1.0, 1.0, 1.0, 0.0, 0.0, 1.0, 0.0, 2.0, 0.0, 0.0, 0.0, 1.0, 11.0, 6.0, 7.0, 69095], [69100, 1.0, 0.0, 1.0, 32.0, 0.0, 0.0, 0.0, 1.0, 1.0, 1.0, 0.0, 1.0, 0.0, 3.0, 0.0, 15.0, 0.0, 0.0, 13.0, 4.0, 3.0, 69100], [69101, 1.0, 1.0, 1.0, 24.0, 1.0, 0.0, 0.0, 1.0, 1.0, 1.0, 0.0, 1.0, 0.0, 4.0, 0.0, 7.0, 1.0, 0.0, 10.0, 5.0, 7.0, 69101], [69103, 1.0, 1.0, 1.0, 30.0, 0.0, 0.0, 0.0, 1.0, 0.0, 1.0, 0.0, 1.0, 1.0, 3.0, 2.0, 5.0, 1.0, 0.0, 10.0, 4.0, 4.0, 69103], [69104, 0.0, 0.0, 1.0, 28.0, 0.0, 0.0, 0.0, 1.0, 1.0, 1.0, 0.0, 1.0, 0.0, 4.0, 25.0, 20.0, 0.0, 0.0, 13.0, 4.0, 6.0, 69104], [69105, 1.0, 1.0, 1.0, 27.0, 0.0, 0.0, 0.0, 1.0, 1.0, 1.0, 0.0, 1.0, 0.0, 4.0, 0.0, 6.0, 1.0, 1.0, 11.0, 4.0, 7.0, 69105]]}}","{""predictions"": [0.0, 1.0, 1.0, 0.0, 1.0, 1.0, 1.0, 1.0, 0.0, 1.0]}",1,"{""model_name"":""labuser70609094f_monitor_demo4f.default.diabetes_model"",""endpoint_name"":""labuser70609094f_endpoint"",""model_version"":""1""}"
null,fd25ba85-6885-4664-8ff3-c80c14b8a371,2024-07-08,1720444928318,200,4,"{""dataframe_split"": {""index"": [28970, 28971, 28972, 28973, 28974, 28975, 28976, 28977, 28978, 28979], ""columns"": [""index"", ""HighBP"", ""HighChol"", ""CholCheck"", ""BMI"", ""Smoker"", ""Stroke"", ""HeartDiseaseorAttack"", ""PhysActivity"", ""Fruits"", ""Veggies"", ""HvyAlcoholConsump"", ""AnyHealthcare"", ""NoDocbcCost"", ""GenHlth"", ""MentHlth"", ""PhysHlth"", ""DiffWalk"", ""Sex"", ""Age"", ""Education"", ""Income"", ""id""], ""data"": [[69184, 1.0, 1.0, 1.0, 27.0, 1.0, 0.0, 0.0, 1.0, 1.0, 1.0, 0.0, 1.0, 0.0, 3.0, 0.0, 3.0, 0.0, 1.0, 11.0, 6.0, 5.0, 69184], [69185, 0.0, 1.0, 1.0, 24.0, 1.0, 0.0, 0.0, 1.0, 1.0, 1.0, 0.0, 1.0, 0.0, 3.0, 5.0, 0.0, 0.0, 1.0, 10.0, 4.0, 6.0, 69185], [69186, 0.0, 0.0, 1.0, 34.0, 1.0, 0.0, 0.0, 1.0, 0.0, 1.0, 0.0, 1.0, 0.0, 2.0, 0.0, 0.0, 0.0, 1.0, 10.0, 5.0, 6.0, 69186], [69188, 1.0, 1.0, 1.0, 25.0, 1.0, 0.0, 1.0, 1.0, 0.0, 1.0, 0.0, 1.0, 0.0, 5.0, 30.0, 5.0, 1.0, 1.0, 10.0, 5.0, 5.0, 69188], [69189, 1.0, 1.0, 1.0, 33.0, 1.0, 0.0, 1.0, 1.0, 1.0, 1.0, 0.0, 1.0, 0.0, 4.0, 0.0, 0.0, 0.0, 0.0, 10.0, 6.0, 1.0, 69189], [69190, 0.0, 1.0, 1.0, 22.0, 1.0, 0.0, 1.0, 1.0, 1.0, 1.0, 0.0, 1.0, 0.0, 1.0, 0.0, 0.0, 0.0, 1.0, 11.0, 5.0, 7.0, 69190], [69191, 1.0, 1.0, 1.0, 33.0, 0.0, 1.0, 1.0, 0.0, 1.0, 1.0, 0.0, 1.0, 0.0, 4.0, 1.0, 30.0, 1.0, 0.0, 13.0, 4.0, 4.0, 69191], [69192, 0.0, 1.0, 1.0, 26.0, 1.0, 0.0, 0.0, 1.0, 1.0, 1.0, 0.0, 1.0, 0.0, 4.0, 0.0, 0.0, 0.0, 0.0, 12.0, 3.0, 2.0, 69192], [69198, 1.0, 1.0, 1.0, 28.0, 0.0, 0.0, 0.0, 1.0, 0.0, 1.0, 0.0, 1.0, 0.0, 4.0, 0.0, 3.0, 1.0, 0.0, 11.0, 4.0, 5.0, 69198], [69199, 1.0, 1.0, 1.0, 26.0, 0.0, 1.0, 1.0, 0.0, 1.0, 0.0, 0.0, 1.0, 0.0, 2.0, 2.0, 28.0, 1.0, 0.0, 13.0, 4.0, 4.0, 69199]]}}","{""predictions"": [1.0, 0.0, 1.0, 1.0, 0.0, 0.0, 1.0, 1.0, 1.0, 1.0]}",1,"{""model_name"":""labuser70609094f_monitor_demo4f.default.diabetes_model"",""endpoint_name"":""labuser70609094f_endpoint"",""model_version"":""1""}"
null,061afbe5-ac36-4b36-94ca-840f76a23485,2024-07-08,1720444928727,200,5,"{""dataframe_split"": {""index"": [29100, 29101, 29102, 29103, 29104, 29105, 29106, 29107, 29108, 29109], ""columns"": [""index"", ""HighBP"", ""HighChol"", ""CholCheck"", ""BMI"", ""Smoker"", ""Stroke"", ""HeartDiseaseorAttack"", ""PhysActivity"", ""Fruits"", ""Veggies"", ""HvyAlcoholConsump"", ""AnyHealthcare"", ""NoDocbcCost"", ""GenHlth"", ""MentHlth"", ""PhysHlth"", ""DiffWalk"", ""Sex"", ""Age"", ""Education"", ""Income"", ""id""], ""data"": [[69456, 1.0, 1.0, 1.0, 22.0, 0.0, 1.0, 1.0, 0.0, 0.0, 1.0, 0.0, 1.0, 0.0, 5.0, 0.0, 28.0, 0.0, 0.0, 11.0, 4.0, 1.0, 69456], [69458, 1.0, 0.0, 1.0, 28.0, 0.0, 0.0, 0.0, 1.0, 0.0, 0.0, 0.0, 1.0, 0.0, 3.0, 0.0, 0.0, 0.0, 1.0, 11.0, 4.0, 4.0, 69458], [69460, 1.0, 1.0, 1.0, 37.0, 1.0, 0.0, 0.0, 0.0, 1.0, 1.0, 0.0, 1.0, 1.0, 5.0, 5.0, 30.0, 1.0, 1.0, 10.0, 6.0, 5.0, 69460], [69461, 1.0, 1.0, 1.0, 36.0, 1.0, 0.0, 0.0, 0.0, 0.0, 1.0, 1.0, 1.0, 0.0, 5.0, 20.0, 30.0, 1.0, 1.0, 10.0, 5.0, 1.0, 69461], [69465, 1.0, 1.0, 1.0, 30.0, 1.0, 0.0, 1.0, 1.0, 0.0, 1.0, 0.0, 1.0, 0.0, 3.0, 0.0, 0.0, 0.0, 0.0, 11.0, 4.0, 5.0, 69465], [69466, 1.0, 1.0, 1.0, 33.0, 0.0, 0.0, 0.0, 1.0, 1.0, 1.0, 0.0, 1.0, 0.0, 4.0, 0.0, 30.0, 1.0, 1.0, 11.0, 6.0, 3.0, 69466], [69468, 0.0, 0.0, 1.0, 26.0, 1.0, 0.0, 0.0, 1.0, 1.0, 1.0, 0.0, 1.0, 0.0, 2.0, 0.0, 0.0, 0.0, 1.0, 13.0, 4.0, 5.0, 69468], [69469, 0.0, 0.0, 1.0, 23.0, 1.0, 0.0, 0.0, 1.0, 1.0, 1.0, 0.0, 1.0, 0.0, 2.0, 0.0, 0.0, 1.0, 1.0, 13.0, 5.0, 5.0, 69469], [69471, 1.0, 1.0, 1.0, 22.0, 1.0, 0.0, 0.0, 1.0, 1.0, 1.0, 1.0, 1.0, 0.0, 2.0, 0.0, 0.0, 1.0, 1.0, 13.0, 5.0, 5.0, 69471], [69472, 1.0, 0.0, 1.0, 35.0, 0.0, 0.0, 1.0, 1.0, 1.0, 1.0, 0.0, 1.0, 0.0, 4.0, 30.0, 0.0, 0.0, 1.0, 10.0, 6.0, 8.0, 69472]]}}","{""predictions"": [0.0, 0.0, 1.0, 0.0, 1.0, 0.0, 0.0, 1.0, 0.0, 0.0]}",1,"{""model_name"":""labuser70609094f_monitor_demo4f.default.diabetes_model"",""endpoint_name"":""labuser70609094f_endpoint"",""model_version"":""1""}"
null,20db8e1a-7b94-4636-9ef3-b4fdea48d612,2024-07-08,1720444928790,200,7,"{""dataframe_split"": {""index"": [29120, 29121, 29122, 29123, 29124, 29125, 29126, 29127, 29128, 29129], ""columns"": [""index"", ""HighBP"", ""HighChol"", ""CholCheck"", ""BMI"", ""Smoker"", ""Stroke"", ""HeartDiseaseorAttack"", ""PhysActivity"", ""Fruits"", ""Veggies"", ""HvyAlcoholConsump"", ""AnyHealthcare"", ""NoDocbcCost"", ""GenHlth"", ""MentHlth"", ""PhysHlth"", ""DiffWalk"", ""Sex"", ""Age"", ""Education"", ""Income"", ""id""], ""data"": [[69486, 1.0, 1.0, 1.0, 27.0, 1.0, 0.0, 1.0, 1.0, 0.0, 0.0, 0.0, 1.0, 0.0, 3.0, 5.0, 0.0, 0.0, 0.0, 10.0, 5.0, 6.0, 69486], [69487, 1.0, 1.0, 1.0, 37.0, 1.0, 0.0, 0.0, 0.0, 0.0, 1.0, 0.0, 1.0, 0.0, 2.0, 0.0, 0.0, 1.0, 0.0, 11.0, 5.0, 3.0, 69487], [69491, 1.0, 1.0, 1.0, 33.0, 1.0, 0.0, 1.0, 1.0, 0.0, 1.0, 0.0, 1.0, 0.0, 1.0, 0.0, 10.0, 0.0, 1.0, 10.0, 6.0, 8.0, 69491], [69492, 0.0, 1.0, 1.0, 28.0, 1.0, 0.0, 0.0, 1.0, 1.0, 1.0, 0.0, 1.0, 0.0, 4.0, 7.0, 0.0, 1.0, 0.0, 10.0, 5.0, 8.0, 69492], [69494, 1.0, 1.0, 1.0, 29.0, 1.0, 0.0, 0.0, 1.0, 0.0, 1.0, 0.0, 1.0, 0.0, 3.0, 0.0, 0.0, 0.0, 1.0, 10.0, 5.0, 4.0, 69494], [69495, 1.0, 1.0, 1.0, 27.0, 0.0, 0.0, 0.0, 1.0, 1.0, 1.0, 0.0, 1.0, 0.0, 4.0, 20.0, 3.0, 1.0, 0.0, 11.0, 4.0, 5.0, 69495], [69496, 1.0, 1.0, 1.0, 27.0, 0.0, 0.0, 1.0, 0.0, 1.0, 1.0, 0.0, 1.0, 0.0, 3.0, 0.0, 10.0, 0.0, 0.0, 12.0, 5.0, 6.0, 69496], [69497, 1.0, 0.0, 1.0, 32.0, 1.0, 0.0, 0.0, 0.0, 0.0, 1.0, 0.0, 1.0, 0.0, 3.0, 0.0, 0.0, 0.0, 0.0, 10.0, 6.0, 6.0, 69497], [69498, 1.0, 0.0, 1.0, 28.0, 1.0, 1.0, 0.0, 0.0, 0.0, 0.0, 0.0, 1.0, 0.0, 4.0, 0.0, 30.0, 1.0, 1.0, 11.0, 4.0, 5.0, 69498], [69499, 1.0, 1.0, 1.0, 24.0, 1.0, 0.0, 0.0, 0.0, 0.0, 1.0, 0.0, 1.0, 0.0, 5.0, 0.0, 3.0, 0.0, 1.0, 12.0, 4.0, 4.0, 69499]]}}","{""predictions"": [0.0, 0.0, 1.0, 1.0, 1.0, 1.0, 1.0, 1.0, 0.0, 1.0]}",1,"{""model_name"":""labuser70609094f_monitor_demo4f.default.diabetes_model"",""endpoint_name"":""labuser70609094f_endpoint"",""model_version"":""1""}"
null,03ae9170-a5ed-43df-b584-1340914f82f0,2024-07-08,1720444928822,200,4,"{""dataframe_split"": {""index"": [29130, 29131, 29132, 29133, 29134, 29135, 29136, 29137, 29138, 29139], ""columns"": [""index"", ""HighBP"", ""HighChol"", ""CholCheck"", ""BMI"", ""Smoker"", ""Stroke"", ""HeartDiseaseorAttack"", ""PhysActivity"", ""Fruits"", ""Veggies"", ""HvyAlcoholConsump"", ""AnyHealthcare"", ""NoDocbcCost"", ""GenHlth"", ""MentHlth"", ""PhysHlth"", ""DiffWalk"", ""Sex"", ""Age"", ""Education"", ""Income"", ""id""], ""data"": [[69500, 1.0, 1.0, 1.0, 22.0, 1.0, 0.0, 0.0, 1.0, 1.0, 0.0, 0.0, 1.0, 0.0, 4.0, 0.0, 0.0, 0.0, 1.0, 13.0, 4.0, 4.0, 69500], [69502, 1.0, 0.0, 1.0, 31.0, 1.0, 0.0, 0.0, 1.0, 1.0, 1.0, 0.0, 1.0, 0.0, 1.0, 0.0, 0.0, 0.0, 1.0, 10.0, 6.0, 8.0, 69502], [69503, 1.0, 1.0, 1.0, 24.0, 0.0, 1.0, 0.0, 0.0, 1.0, 1.0, 0.0, 1.0, 0.0, 4.0, 0.0, 5.0, 1.0, 1.0, 13.0, 6.0, 8.0, 69503], [69504, 1.0, 0.0, 1.0, 33.0, 0.0, 0.0, 0.0, 1.0, 0.0, 0.0, 0.0, 1.0, 0.0, 2.0, 0.0, 0.0, 0.0, 0.0, 13.0, 5.0, 6.0, 69504], [69505, 1.0, 1.0, 1.0, 40.0, 0.0, 0.0, 0.0, 1.0, 1.0, 0.0, 0.0, 1.0, 0.0, 3.0, 0.0, 30.0, 1.0, 0.0, 11.0, 5.0, 5.0, 69505], [69506, 1.0, 1.0, 1.0, 32.0, 1.0, 0.0, 0.0, 0.0, 0.0, 1.0, 0.0, 1.0, 0.0, 3.0, 0.0, 20.0, 1.0, 0.0, 13.0, 2.0, 4.0, 69506], [69508, 1.0, 1.0, 1.0, 37.0, 1.0, 1.0, 1.0, 1.0, 1.0, 1.0, 0.0, 1.0, 0.0, 5.0, 0.0, 30.0, 1.0, 0.0, 11.0, 4.0, 1.0, 69508], [69510, 1.0, 1.0, 1.0, 28.0, 0.0, 0.0, 0.0, 1.0, 1.0, 1.0, 0.0, 1.0, 0.0, 4.0, 4.0, 21.0, 0.0, 0.0, 13.0, 2.0, 4.0, 69510], [69511, 1.0, 1.0, 1.0, 27.0, 1.0, 1.0, 1.0, 0.0, 1.0, 1.0, 0.0, 1.0, 0.0, 4.0, 30.0, 20.0, 0.0, 0.0, 11.0, 5.0, 5.0, 69511], [69512, 1.0, 1.0, 1.0, 28.0, 1.0, 0.0, 0.0, 1.0, 0.0, 0.0, 0.0, 1.0, 0.0, 1.0, 0.0, 0.0, 0.0, 1.0, 11.0, 5.0, 6.0, 69512]]}}","{""predictions"": [1.0, 0.0, 1.0, 0.0, 1.0, 1.0, 0.0, 0.0, 1.0, 1.0]}",1,"{""model_name"":""labuser70609094f_monitor_demo4f.default.diabetes_model"",""endpoint_name"":""labuser70609094f_endpoint"",""model_version"":""1""}"
null,9ce7d4fc-9760-4ed8-ac7e-a628614ddd4d,2024-07-08,1720444928856,200,7,"{""dataframe_split"": {""index"": [29140, 29141, 29142, 29143, 29144, 29145, 29146, 29147, 29148, 29149], ""columns"": [""index"", ""HighBP"", ""HighChol"", ""CholCheck"", ""BMI"", ""Smoker"", ""Stroke"", ""HeartDiseaseorAttack"", ""PhysActivity"", ""Fruits"", ""Veggies"", ""HvyAlcoholConsump"", ""AnyHealthcare"", ""NoDocbcCost"", ""GenHlth"", ""MentHlth"", ""PhysHlth"", ""DiffWalk"", ""Sex"", ""Age"", ""Education"", ""Income"", ""id""], ""data"": [[69513, 1.0, 1.0, 1.0, 24.0, 1.0, 0.0, 0.0, 0.0, 1.0, 1.0, 0.0, 1.0, 0.0, 4.0, 20.0, 5.0, 0.0, 1.0, 11.0, 5.0, 4.0, 69513], [69514, 1.0, 1.0, 1.0, 28.0, 0.0, 0.0, 1.0, 0.0, 1.0, 1.0, 0.0, 1.0, 0.0, 4.0, 0.0, 2.0, 1.0, 1.0, 10.0, 6.0, 8.0, 69514], [69515, 0.0, 0.0, 1.0, 27.0, 0.0, 0.0, 0.0, 1.0, 0.0, 1.0, 0.0, 1.0, 0.0, 3.0, 0.0, 2.0, 0.0, 1.0, 11.0, 5.0, 8.0, 69515], [69516, 1.0, 0.0, 1.0, 24.0, 1.0, 0.0, 1.0, 1.0, 1.0, 1.0, 0.0, 1.0, 0.0, 3.0, 0.0, 0.0, 1.0, 1.0, 11.0, 5.0, 3.0, 69516], [69517, 0.0, 1.0, 1.0, 30.0, 1.0, 0.0, 0.0, 0.0, 0.0, 0.0, 0.0, 1.0, 0.0, 5.0, 5.0, 30.0, 1.0, 1.0, 10.0, 4.0, 7.0, 69517], [69519, 1.0, 1.0, 1.0, 35.0, 1.0, 0.0, 0.0, 0.0, 0.0, 0.0, 0.0, 1.0, 0.0, 4.0, 15.0, 15.0, 0.0, 0.0, 10.0, 4.0, 5.0, 69519], [69523, 0.0, 1.0, 1.0, 38.0, 0.0, 0.0, 0.0, 1.0, 1.0, 1.0, 0.0, 1.0, 0.0, 2.0, 0.0, 0.0, 0.0, 0.0, 11.0, 5.0, 3.0, 69523], [69526, 1.0, 1.0, 1.0, 23.0, 1.0, 0.0, 1.0, 0.0, 1.0, 1.0, 0.0, 1.0, 0.0, 4.0, 0.0, 30.0, 1.0, 0.0, 13.0, 5.0, 5.0, 69526], [69527, 1.0, 1.0, 1.0, 26.0, 0.0, 0.0, 0.0, 1.0, 0.0, 1.0, 0.0, 1.0, 0.0, 3.0, 2.0, 0.0, 0.0, 0.0, 11.0, 4.0, 2.0, 69527], [69528, 1.0, 1.0, 1.0, 38.0, 0.0, 0.0, 0.0, 0.0, 0.0, 0.0, 0.0, 1.0, 0.0, 3.0, 0.0, 0.0, 0.0, 1.0, 10.0, 6.0, 8.0, 69528]]}}","{""predictions"": [1.0, 1.0, 1.0, 1.0, 1.0, 1.0, 0.0, 1.0, 1.0, 1.0]}",1,"{""model_name"":""labuser70609094f_monitor_demo4f.default.diabetes_model"",""endpoint_name"":""labuser70609094f_endpoint"",""model_version"":""1""}"
null,0f1a49f9-e107-46b4-adbf-e7966cd32355,2024-07-08,1720444928884,200,4,"{""dataframe_split"": {""index"": [29150, 29151, 29152, 29153, 29154, 29155, 29156, 29157, 29158, 29159], ""columns"": [""index"", ""HighBP"", ""HighChol"", ""CholCheck"", ""BMI"", ""Smoker"", ""Stroke"", ""HeartDiseaseorAttack"", ""PhysActivity"", ""Fruits"", ""Veggies"", ""HvyAlcoholConsump"", ""AnyHealthcare"", ""NoDocbcCost"", ""GenHlth"", ""MentHlth"", ""PhysHlth"", ""DiffWalk"", ""Sex"", ""Age"", ""Education"", ""Income"", ""id""], ""data"": [[69531, 1.0, 1.0, 1.0, 24.0, 1.0, 0.0, 0.0, 1.0, 1.0, 1.0, 0.0, 1.0, 0.0, 5.0, 1.0, 30.0, 1.0, 0.0, 13.0, 5.0, 6.0, 69531], [69532, 0.0, 1.0, 1.0, 23.0, 0.0, 0.0, 1.0, 1.0, 1.0, 1.0, 0.0, 1.0, 0.0, 2.0, 0.0, 0.0, 0.0, 1.0, 13.0, 4.0, 5.0, 69532], [69533, 1.0, 1.0, 1.0, 23.0, 1.0, 0.0, 1.0, 0.0, 1.0, 1.0, 0.0, 1.0, 0.0, 4.0, 0.0, 3.0, 0.0, 1.0, 13.0, 3.0, 4.0, 69533], [69534, 1.0, 0.0, 1.0, 26.0, 1.0, 0.0, 0.0, 0.0, 0.0, 1.0, 0.0, 1.0, 0.0, 3.0, 0.0, 0.0, 0.0, 1.0, 11.0, 4.0, 6.0, 69534], [69535, 0.0, 1.0, 1.0, 38.0, 0.0, 0.0, 0.0, 1.0, 1.0, 1.0, 0.0, 1.0, 0.0, 2.0, 0.0, 15.0, 0.0, 0.0, 10.0, 5.0, 8.0, 69535], [69537, 1.0, 1.0, 1.0, 27.0, 1.0, 0.0, 1.0, 1.0, 1.0, 1.0, 0.0, 1.0, 0.0, 3.0, 20.0, 8.0, 0.0, 0.0, 10.0, 5.0, 5.0, 69537], [69538, 1.0, 1.0, 1.0, 27.0, 0.0, 0.0, 0.0, 0.0, 1.0, 1.0, 0.0, 1.0, 0.0, 4.0, 0.0, 30.0, 1.0, 0.0, 12.0, 4.0, 5.0, 69538], [69539, 0.0, 0.0, 1.0, 32.0, 0.0, 0.0, 0.0, 1.0, 1.0, 1.0, 0.0, 1.0, 0.0, 2.0, 0.0, 0.0, 0.0, 0.0, 11.0, 5.0, 6.0, 69539], [69540, 0.0, 1.0, 1.0, 24.0, 0.0, 0.0, 0.0, 0.0, 1.0, 1.0, 0.0, 1.0, 1.0, 4.0, 0.0, 0.0, 0.0, 1.0, 10.0, 4.0, 5.0, 69540], [69543, 1.0, 1.0, 1.0, 23.0, 1.0, 0.0, 0.0, 0.0, 0.0, 0.0, 0.0, 1.0, 0.0, 5.0, 30.0, 30.0, 1.0, 0.0, 10.0, 5.0, 2.0, 69543]]}}","{""predictions"": [1.0, 1.0, 1.0, 1.0, 1.0, 1.0, 0.0, 0.0, 0.0, 0.0]}",1,"{""model_name"":""labuser70609094f_monitor_demo4f.default.diabetes_model"",""endpoint_name"":""labuser70609094f_endpoint"",""model_version"":""1""}"
null,400fc4bc-8600-49ce-a959-4dec410d3ac8,2024-07-08,1720444928914,200,5,"{""dataframe_split"": {""index"": [29160, 29161, 29162, 29163, 29164, 29165, 29166, 29167, 29168, 29169], ""columns"": [""index"", ""HighBP"", ""HighChol"", ""CholCheck"", ""BMI"", ""Smoker"", ""Stroke"", ""HeartDiseaseorAttack"", ""PhysActivity"", ""Fruits"", ""Veggies"", ""HvyAlcoholConsump"", ""AnyHealthcare"", ""NoDocbcCost"", ""GenHlth"", ""MentHlth"", ""PhysHlth"", ""DiffWalk"", ""Sex"", ""Age"", ""Education"", ""Income"", ""id""], ""data"": [[69545, 1.0, 0.0, 1.0, 29.0, 1.0, 0.0, 1.0, 0.0, 0.0, 0.0, 0.0, 1.0, 0.0, 4.0, 0.0, 4.0, 1.0, 0.0, 10.0, 4.0, 3.0, 69545], [69546, 1.0, 1.0, 1.0, 41.0, 0.0, 0.0, 0.0, 0.0, 0.0, 1.0, 1.0, 1.0, 0.0, 3.0, 0.0, 0.0, 1.0, 1.0, 11.0, 6.0, 8.0, 69546], [69549, 1.0, 1.0, 1.0, 22.0, 1.0, 0.0, 1.0, 1.0, 1.0, 1.0, 0.0, 1.0, 0.0, 3.0, 0.0, 1.0, 0.0, 1.0, 13.0, 6.0, 8.0, 69549], [69550, 0.0, 0.0, 1.0, 27.0, 0.0, 0.0, 0.0, 1.0, 1.0, 1.0, 0.0, 1.0, 0.0, 4.0, 1.0, 2.0, 0.0, 1.0, 13.0, 4.0, 7.0, 69550], [69553, 1.0, 1.0, 1.0, 28.0, 0.0, 0.0, 0.0, 0.0, 0.0, 1.0, 0.0, 1.0, 0.0, 1.0, 30.0, 0.0, 0.0, 1.0, 11.0, 5.0, 8.0, 69553], [69554, 1.0, 1.0, 1.0, 35.0, 0.0, 0.0, 0.0, 1.0, 1.0, 1.0, 0.0, 0.0, 0.0, 2.0, 0.0, 0.0, 0.0, 0.0, 10.0, 4.0, 6.0, 69554], [69559, 0.0, 1.0, 1.0, 30.0, 1.0, 0.0, 0.0, 1.0, 0.0, 1.0, 0.0, 1.0, 0.0, 2.0, 0.0, 1.0, 0.0, 1.0, 13.0, 6.0, 6.0, 69559], [69561, 1.0, 1.0, 1.0, 31.0, 1.0, 0.0, 1.0, 0.0, 1.0, 0.0, 0.0, 1.0, 1.0, 5.0, 0.0, 30.0, 1.0, 0.0, 12.0, 5.0, 5.0, 69561], [69566, 1.0, 1.0, 1.0, 30.0, 1.0, 0.0, 0.0, 0.0, 0.0, 1.0, 0.0, 1.0, 0.0, 4.0, 5.0, 10.0, 1.0, 0.0, 12.0, 3.0, 6.0, 69566], [69567, 1.0, 1.0, 1.0, 26.0, 0.0, 0.0, 0.0, 1.0, 1.0, 1.0, 0.0, 1.0, 0.0, 2.0, 1.0, 2.0, 0.0, 0.0, 10.0, 5.0, 6.0, 69567]]}}","{""predictions"": [1.0, 0.0, 1.0, 0.0, 1.0, 0.0, 1.0, 1.0, 1.0, 1.0]}",1,"{""model_name"":""labuser70609094f_monitor_demo4f.default.diabetes_model"",""endpoint_name"":""labuser70609094f_endpoint"",""model_version"":""1""}"
null,a5337b6e-70d5-432a-a2db-5271cae73ae7,2024-07-08,1720444928946,200,6,"{""dataframe_split"": {""index"": [29170, 29171, 29172, 29173, 29174, 29175, 29176, 29177, 29178, 29179], ""columns"": [""index"", ""HighBP"", ""HighChol"", ""CholCheck"", ""BMI"", ""Smoker"", ""Stroke"", ""HeartDiseaseorAttack"", ""PhysActivity"", ""Fruits"", ""Veggies"", ""HvyAlcoholConsump"", ""AnyHealthcare"", ""NoDocbcCost"", ""GenHlth"", ""MentHlth"", ""PhysHlth"", ""DiffWalk"", ""Sex"", ""Age"", ""Education"", ""Income"", ""id""], ""data"": [[69568, 1.0, 1.0, 1.0, 33.0, 1.0, 0.0, 0.0, 0.0, 1.0, 1.0, 0.0, 1.0, 0.0, 3.0, 0.0, 0.0, 0.0, 0.0, 12.0, 4.0, 3.0, 69568], [69570, 1.0, 1.0, 1.0, 32.0, 1.0, 1.0, 1.0, 1.0, 1.0, 1.0, 0.0, 1.0, 0.0, 4.0, 0.0, 30.0, 1.0, 1.0, 12.0, 6.0, 7.0, 69570], [69571, 1.0, 1.0, 1.0, 30.0, 0.0, 0.0, 0.0, 1.0, 1.0, 1.0, 0.0, 1.0, 0.0, 2.0, 0.0, 0.0, 0.0, 0.0, 13.0, 4.0, 7.0, 69571], [69572, 0.0, 0.0, 1.0, 30.0, 1.0, 0.0, 0.0, 0.0, 0.0, 1.0, 0.0, 1.0, 0.0, 2.0, 0.0, 0.0, 0.0, 1.0, 10.0, 5.0, 5.0, 69572], [69573, 0.0, 0.0, 1.0, 32.0, 1.0, 0.0, 0.0, 0.0, 0.0, 1.0, 0.0, 1.0, 0.0, 4.0, 0.0, 5.0, 1.0, 0.0, 12.0, 4.0, 5.0, 69573], [69578, 0.0, 0.0, 1.0, 39.0, 1.0, 0.0, 0.0, 1.0, 1.0, 1.0, 0.0, 1.0, 0.0, 3.0, 0.0, 0.0, 1.0, 1.0, 12.0, 6.0, 6.0, 69578], [69579, 1.0, 1.0, 1.0, 36.0, 1.0, 1.0, 1.0, 0.0, 0.0, 1.0, 0.0, 1.0, 0.0, 3.0, 0.0, 1.0, 0.0, 0.0, 10.0, 5.0, 5.0, 69579], [69580, 1.0, 1.0, 1.0, 28.0, 1.0, 0.0, 0.0, 0.0, 1.0, 0.0, 0.0, 1.0, 0.0, 3.0, 0.0, 0.0, 0.0, 0.0, 13.0, 4.0, 6.0, 69580], [69581, 1.0, 0.0, 1.0, 26.0, 1.0, 0.0, 0.0, 0.0, 1.0, 1.0, 0.0, 1.0, 0.0, 2.0, 3.0, 2.0, 0.0, 0.0, 11.0, 6.0, 8.0, 69581], [69582, 1.0, 0.0, 1.0, 39.0, 1.0, 0.0, 0.0, 1.0, 1.0, 1.0, 0.0, 1.0, 0.0, 3.0, 0.0, 5.0, 0.0, 1.0, 10.0, 6.0, 7.0, 69582]]}}","{""predictions"": [1.0, 0.0, 1.0, 0.0, 0.0, 0.0, 1.0, 0.0, 1.0, 1.0]}",1,"{""model_name"":""labuser70609094f_monitor_demo4f.default.diabetes_model"",""endpoint_name"":""labuser70609094f_endpoint"",""model_version"":""1""}"
null,9fd97189-adc1-4f81-91cf-7158e828038b,2024-07-08,1720444928981,200,8,"{""dataframe_split"": {""index"": [29180, 29181, 29182, 29183, 29184, 29185, 29186, 29187, 29188, 29189], ""columns"": [""index"", ""HighBP"", ""HighChol"", ""CholCheck"", ""BMI"", ""Smoker"", ""Stroke"", ""HeartDiseaseorAttack"", ""PhysActivity"", ""Fruits"", ""Veggies"", ""HvyAlcoholConsump"", ""AnyHealthcare"", ""NoDocbcCost"", ""GenHlth"", ""MentHlth"", ""PhysHlth"", ""DiffWalk"", ""Sex"", ""Age"", ""Education"", ""Income"", ""id""], ""data"": [[69583, 1.0, 1.0, 1.0, 41.0, 1.0, 1.0, 0.0, 0.0, 0.0, 1.0, 0.0, 1.0, 0.0, 3.0, 0.0, 0.0, 1.0, 1.0, 11.0, 6.0, 6.0, 69583], [69585, 1.0, 0.0, 1.0, 43.0, 1.0, 0.0, 1.0, 1.0, 0.0, 1.0, 0.0, 1.0, 0.0, 4.0, 0.0, 5.0, 1.0, 1.0, 12.0, 5.0, 6.0, 69585], [69586, 1.0, 1.0, 1.0, 24.0, 1.0, 0.0, 1.0, 0.0, 1.0, 1.0, 0.0, 1.0, 0.0, 3.0, 0.0, 0.0, 0.0, 0.0, 12.0, 5.0, 4.0, 69586], [69587, 0.0, 0.0, 1.0, 27.0, 1.0, 0.0, 0.0, 1.0, 1.0, 1.0, 0.0, 1.0, 0.0, 2.0, 30.0, 30.0, 0.0, 1.0, 11.0, 6.0, 8.0, 69587], [69588, 1.0, 1.0, 1.0, 23.0, 1.0, 0.0, 0.0, 0.0, 1.0, 0.0, 0.0, 1.0, 0.0, 3.0, 0.0, 0.0, 0.0, 0.0, 12.0, 4.0, 3.0, 69588], [69589, 0.0, 1.0, 1.0, 26.0, 0.0, 0.0, 0.0, 1.0, 0.0, 1.0, 0.0, 1.0, 0.0, 3.0, 0.0, 5.0, 0.0, 1.0, 10.0, 5.0, 8.0, 69589], [69591, 1.0, 0.0, 1.0, 40.0, 1.0, 0.0, 1.0, 0.0, 1.0, 1.0, 0.0, 1.0, 0.0, 4.0, 30.0, 0.0, 1.0, 0.0, 10.0, 5.0, 2.0, 69591], [69594, 1.0, 1.0, 1.0, 35.0, 1.0, 0.0, 1.0, 0.0, 0.0, 1.0, 0.0, 1.0, 0.0, 5.0, 30.0, 30.0, 1.0, 0.0, 10.0, 4.0, 2.0, 69594], [69595, 1.0, 1.0, 1.0, 26.0, 1.0, 0.0, 0.0, 0.0, 1.0, 1.0, 0.0, 1.0, 0.0, 5.0, 30.0, 30.0, 1.0, 1.0, 10.0, 2.0, 6.0, 69595], [69596, 0.0, 1.0, 1.0, 27.0, 0.0, 0.0, 1.0, 1.0, 1.0, 1.0, 0.0, 1.0, 0.0, 5.0, 5.0, 15.0, 1.0, 1.0, 12.0, 6.0, 6.0, 69596]]}}","{""predictions"": [1.0, 1.0, 0.0, 1.0, 1.0, 1.0, 1.0, 1.0, 0.0, 0.0]}",1,"{""model_name"":""labuser70609094f_monitor_demo4f.default.diabetes_model"",""endpoint_name"":""labuser70609094f_endpoint"",""model_version"":""1""}"
null,5adb55ff-f594-4171-aedc-6159a971b9c6,2024-07-08,1720444929016,200,8,"{""dataframe_split"": {""index"": [29190, 29191, 29192, 29193, 29194, 29195, 29196, 29197, 29198, 29199], ""columns"": [""index"", ""HighBP"", ""HighChol"", ""CholCheck"", ""BMI"", ""Smoker"", ""Stroke"", ""HeartDiseaseorAttack"", ""PhysActivity"", ""Fruits"", ""Veggies"", ""HvyAlcoholConsump"", ""AnyHealthcare"", ""NoDocbcCost"", ""GenHlth"", ""MentHlth"", ""PhysHlth"", ""DiffWalk"", ""Sex"", ""Age"", ""Education"", ""Income"", ""id""], ""data"": [[69599, 0.0, 0.0, 1.0, 43.0, 1.0, 0.0, 0.0, 0.0, 1.0, 1.0, 0.0, 1.0, 0.0, 5.0, 0.0, 25.0, 1.0, 0.0, 13.0, 6.0, 3.0, 69599], [69600, 1.0, 0.0, 1.0, 31.0, 0.0, 0.0, 0.0, 1.0, 1.0, 1.0, 0.0, 1.0, 0.0, 3.0, 0.0, 0.0, 0.0, 0.0, 11.0, 6.0, 3.0, 69600], [69601, 1.0, 0.0, 1.0, 30.0, 1.0, 0.0, 0.0, 0.0, 0.0, 0.0, 0.0, 1.0, 0.0, 3.0, 0.0, 0.0, 0.0, 0.0, 12.0, 5.0, 2.0, 69601], [69603, 1.0, 1.0, 1.0, 36.0, 1.0, 0.0, 0.0, 1.0, 0.0, 1.0, 0.0, 1.0, 0.0, 3.0, 27.0, 8.0, 1.0, 1.0, 10.0, 5.0, 6.0, 69603], [69604, 1.0, 0.0, 1.0, 29.0, 0.0, 0.0, 0.0, 1.0, 0.0, 0.0, 0.0, 1.0, 0.0, 2.0, 0.0, 3.0, 0.0, 1.0, 10.0, 5.0, 7.0, 69604], [69605, 1.0, 1.0, 1.0, 35.0, 0.0, 0.0, 0.0, 1.0, 0.0, 1.0, 0.0, 1.0, 0.0, 3.0, 0.0, 0.0, 0.0, 0.0, 10.0, 4.0, 8.0, 69605], [69606, 1.0, 1.0, 1.0, 42.0, 1.0, 0.0, 0.0, 1.0, 1.0, 1.0, 0.0, 1.0, 0.0, 5.0, 30.0, 30.0, 1.0, 1.0, 10.0, 5.0, 6.0, 69606], [69607, 1.0, 1.0, 1.0, 37.0, 1.0, 0.0, 0.0, 0.0, 1.0, 1.0, 0.0, 1.0, 0.0, 3.0, 0.0, 0.0, 0.0, 0.0, 11.0, 4.0, 4.0, 69607], [69608, 1.0, 1.0, 1.0, 29.0, 0.0, 0.0, 1.0, 1.0, 1.0, 1.0, 0.0, 1.0, 0.0, 4.0, 0.0, 5.0, 1.0, 0.0, 11.0, 5.0, 4.0, 69608], [69609, 0.0, 1.0, 1.0, 27.0, 0.0, 0.0, 0.0, 0.0, 1.0, 1.0, 0.0, 1.0, 0.0, 2.0, 0.0, 0.0, 0.0, 0.0, 12.0, 6.0, 6.0, 69609]]}}","{""predictions"": [1.0, 1.0, 1.0, 0.0, 0.0, 1.0, 1.0, 1.0, 1.0, 0.0]}",1,"{""model_name"":""labuser70609094f_monitor_demo4f.default.diabetes_model"",""endpoint_name"":""labuser70609094f_endpoint"",""model_version"":""1""}"
null,446a04dc-ef9b-4d61-a3ff-13119442cfe0,2024-07-08,1720444929049,200,7,"{""dataframe_split"": {""index"": [29200, 29201, 29202, 29203, 29204, 29205, 29206, 29207, 29208, 29209], ""columns"": [""index"", ""HighBP"", ""HighChol"", ""CholCheck"", ""BMI"", ""Smoker"", ""Stroke"", ""HeartDiseaseorAttack"", ""PhysActivity"", ""Fruits"", ""Veggies"", ""HvyAlcoholConsump"", ""AnyHealthcare"", ""NoDocbcCost"", ""GenHlth"", ""MentHlth"", ""PhysHlth"", ""DiffWalk"", ""Sex"", ""Age"", ""Education"", ""Income"", ""id""], ""data"": [[69610, 1.0, 1.0, 1.0, 32.0, 1.0, 0.0, 0.0, 1.0, 0.0, 1.0, 0.0, 1.0, 0.0, 4.0, 0.0, 5.0, 0.0, 1.0, 11.0, 6.0, 8.0, 69610], [69615, 1.0, 1.0, 1.0, 27.0, 1.0, 0.0, 0.0, 1.0, 1.0, 0.0, 0.0, 1.0, 0.0, 4.0, 0.0, 30.0, 0.0, 1.0, 12.0, 5.0, 3.0, 69615], [69618, 0.0, 0.0, 1.0, 36.0, 1.0, 0.0, 0.0, 1.0, 0.0, 1.0, 0.0, 1.0, 0.0, 4.0, 0.0, 2.0, 0.0, 0.0, 11.0, 6.0, 4.0, 69618], [69620, 1.0, 1.0, 1.0, 42.0, 0.0, 0.0, 1.0, 0.0, 1.0, 1.0, 0.0, 1.0, 0.0, 4.0, 1.0, 15.0, 1.0, 0.0, 10.0, 5.0, 4.0, 69620], [69622, 1.0, 1.0, 1.0, 31.0, 0.0, 0.0, 0.0, 1.0, 1.0, 1.0, 0.0, 1.0, 0.0, 3.0, 0.0, 1.0, 0.0, 1.0, 10.0, 5.0, 7.0, 69622], [69623, 1.0, 1.0, 1.0, 24.0, 0.0, 0.0, 0.0, 1.0, 1.0, 1.0, 0.0, 1.0, 0.0, 3.0, 0.0, 3.0, 0.0, 0.0, 13.0, 4.0, 2.0, 69623], [69624, 0.0, 1.0, 1.0, 33.0, 0.0, 0.0, 0.0, 1.0, 1.0, 1.0, 1.0, 1.0, 0.0, 3.0, 10.0, 0.0, 1.0, 0.0, 13.0, 5.0, 6.0, 69624], [69626, 1.0, 1.0, 1.0, 35.0, 0.0, 0.0, 0.0, 1.0, 0.0, 1.0, 0.0, 1.0, 0.0, 2.0, 0.0, 0.0, 0.0, 0.0, 10.0, 5.0, 8.0, 69626], [69627, 1.0, 1.0, 1.0, 35.0, 0.0, 0.0, 0.0, 1.0, 1.0, 1.0, 0.0, 1.0, 0.0, 2.0, 0.0, 3.0, 0.0, 1.0, 10.0, 6.0, 7.0, 69627], [69628, 1.0, 1.0, 1.0, 25.0, 1.0, 0.0, 1.0, 1.0, 0.0, 0.0, 0.0, 1.0, 1.0, 3.0, 1.0, 4.0, 0.0, 1.0, 10.0, 5.0, 4.0, 69628]]}}","{""predictions"": [0.0, 0.0, 1.0, 0.0, 1.0, 1.0, 0.0, 1.0, 0.0, 1.0]}",1,"{""model_name"":""labuser70609094f_monitor_demo4f.default.diabetes_model"",""endpoint_name"":""labuser70609094f_endpoint"",""model_version"":""1""}"
null,80ba85fd-577d-44e5-9520-b7e10a943ad3,2024-07-08,1720444929076,200,4,"{""dataframe_split"": {""index"": [29210, 29211, 29212, 29213, 29214, 29215, 29216, 29217, 29218, 29219], ""columns"": [""index"", ""HighBP"", ""HighChol"", ""CholCheck"", ""BMI"", ""Smoker"", ""Stroke"", ""HeartDiseaseorAttack"", ""PhysActivity"", ""Fruits"", ""Veggies"", ""HvyAlcoholConsump"", ""AnyHealthcare"", ""NoDocbcCost"", ""GenHlth"", ""MentHlth"", ""PhysHlth"", ""DiffWalk"", ""Sex"", ""Age"", ""Education"", ""Income"", ""id""], ""data"": [[69631, 0.0, 0.0, 1.0, 36.0, 0.0, 0.0, 0.0, 1.0, 1.0, 1.0, 0.0, 0.0, 0.0, 3.0, 0.0, 2.0, 0.0, 1.0, 12.0, 4.0, 3.0, 69631], [69632, 1.0, 0.0, 1.0, 27.0, 1.0, 1.0, 1.0, 0.0, 1.0, 1.0, 0.0, 1.0, 0.0, 2.0, 0.0, 6.0, 0.0, 0.0, 11.0, 5.0, 6.0, 69632], [69633, 0.0, 1.0, 1.0, 26.0, 0.0, 0.0, 0.0, 1.0, 1.0, 1.0, 0.0, 1.0, 0.0, 3.0, 0.0, 0.0, 0.0, 0.0, 11.0, 6.0, 8.0, 69633], [69635, 1.0, 1.0, 1.0, 39.0, 0.0, 0.0, 0.0, 1.0, 0.0, 1.0, 0.0, 1.0, 0.0, 3.0, 0.0, 1.0, 0.0, 1.0, 10.0, 6.0, 7.0, 69635], [69636, 1.0, 1.0, 1.0, 42.0, 0.0, 0.0, 0.0, 0.0, 0.0, 1.0, 0.0, 1.0, 0.0, 3.0, 0.0, 4.0, 1.0, 1.0, 10.0, 5.0, 8.0, 69636], [69639, 0.0, 0.0, 1.0, 34.0, 0.0, 0.0, 0.0, 0.0, 1.0, 1.0, 0.0, 1.0, 0.0, 3.0, 2.0, 0.0, 0.0, 1.0, 10.0, 6.0, 7.0, 69639], [69641, 1.0, 1.0, 1.0, 25.0, 0.0, 0.0, 0.0, 1.0, 1.0, 1.0, 0.0, 1.0, 0.0, 4.0, 3.0, 10.0, 0.0, 0.0, 11.0, 5.0, 6.0, 69641], [69643, 0.0, 1.0, 1.0, 32.0, 0.0, 0.0, 0.0, 1.0, 1.0, 1.0, 0.0, 1.0, 0.0, 4.0, 5.0, 10.0, 0.0, 0.0, 11.0, 6.0, 5.0, 69643], [69646, 1.0, 1.0, 1.0, 24.0, 1.0, 0.0, 0.0, 0.0, 0.0, 1.0, 0.0, 1.0, 0.0, 4.0, 0.0, 10.0, 1.0, 0.0, 11.0, 4.0, 2.0, 69646], [69649, 0.0, 0.0, 1.0, 26.0, 1.0, 0.0, 1.0, 1.0, 1.0, 0.0, 0.0, 1.0, 0.0, 2.0, 0.0, 0.0, 0.0, 1.0, 12.0, 6.0, 7.0, 69649]]}}","{""predictions"": [1.0, 0.0, 1.0, 1.0, 1.0, 0.0, 0.0, 0.0, 0.0, 0.0]}",1,"{""model_name"":""labuser70609094f_monitor_demo4f.default.diabetes_model"",""endpoint_name"":""labuser70609094f_endpoint"",""model_version"":""1""}"
null,41a9a831-5797-4bcf-b810-4f293f99234f,2024-07-08,1720444929106,200,4,"{""dataframe_split"": {""index"": [29220, 29221, 29222, 29223, 29224, 29225, 29226, 29227, 29228, 29229], ""columns"": [""index"", ""HighBP"", ""HighChol"", ""CholCheck"", ""BMI"", ""Smoker"", ""Stroke"", ""HeartDiseaseorAttack"", ""PhysActivity"", ""Fruits"", ""Veggies"", ""HvyAlcoholConsump"", ""AnyHealthcare"", ""NoDocbcCost"", ""GenHlth"", ""MentHlth"", ""PhysHlth"", ""DiffWalk"", ""Sex"", ""Age"", ""Education"", ""Income"", ""id""], ""data"": [[69651, 1.0, 1.0, 1.0, 45.0, 1.0, 0.0, 1.0, 0.0, 0.0, 1.0, 0.0, 1.0, 0.0, 4.0, 0.0, 10.0, 1.0, 0.0, 11.0, 5.0, 5.0, 69651], [69653, 0.0, 1.0, 1.0, 23.0, 1.0, 0.0, 1.0, 0.0, 1.0, 1.0, 0.0, 1.0, 0.0, 4.0, 3.0, 10.0, 1.0, 0.0, 11.0, 4.0, 2.0, 69653], [69656, 1.0, 0.0, 1.0, 42.0, 1.0, 0.0, 1.0, 0.0, 1.0, 1.0, 0.0, 1.0, 0.0, 4.0, 30.0, 10.0, 1.0, 0.0, 12.0, 4.0, 2.0, 69656], [69657, 1.0, 0.0, 1.0, 29.0, 0.0, 0.0, 0.0, 1.0, 1.0, 1.0, 0.0, 1.0, 0.0, 3.0, 0.0, 3.0, 1.0, 0.0, 10.0, 4.0, 8.0, 69657], [69660, 1.0, 1.0, 1.0, 35.0, 0.0, 0.0, 1.0, 0.0, 1.0, 1.0, 0.0, 1.0, 0.0, 5.0, 2.0, 30.0, 1.0, 0.0, 12.0, 4.0, 4.0, 69660], [69661, 0.0, 1.0, 1.0, 28.0, 1.0, 0.0, 0.0, 0.0, 1.0, 0.0, 0.0, 1.0, 0.0, 3.0, 0.0, 7.0, 1.0, 0.0, 13.0, 5.0, 5.0, 69661], [69662, 1.0, 0.0, 1.0, 28.0, 1.0, 0.0, 1.0, 0.0, 0.0, 1.0, 0.0, 1.0, 0.0, 5.0, 0.0, 30.0, 1.0, 1.0, 12.0, 6.0, 8.0, 69662], [69663, 0.0, 0.0, 1.0, 30.0, 0.0, 0.0, 0.0, 0.0, 0.0, 0.0, 0.0, 1.0, 0.0, 3.0, 0.0, 0.0, 0.0, 1.0, 10.0, 5.0, 8.0, 69663], [69666, 0.0, 1.0, 1.0, 22.0, 0.0, 0.0, 0.0, 1.0, 1.0, 1.0, 0.0, 1.0, 0.0, 4.0, 0.0, 15.0, 0.0, 1.0, 11.0, 6.0, 8.0, 69666], [69668, 1.0, 1.0, 1.0, 26.0, 1.0, 0.0, 0.0, 0.0, 1.0, 1.0, 0.0, 1.0, 0.0, 4.0, 0.0, 0.0, 0.0, 1.0, 11.0, 5.0, 7.0, 69668]]}}","{""predictions"": [1.0, 1.0, 1.0, 1.0, 1.0, 1.0, 0.0, 0.0, 0.0, 0.0]}",1,"{""model_name"":""labuser70609094f_monitor_demo4f.default.diabetes_model"",""endpoint_name"":""labuser70609094f_endpoint"",""model_version"":""1""}"
null,5ce103d1-208e-4869-9fb8-c95542bcaf5c,2024-07-08,1720444929134,200,5,"{""dataframe_split"": {""index"": [29230, 29231, 29232, 29233, 29234, 29235, 29236, 29237, 29238, 29239], ""columns"": [""index"", ""HighBP"", ""HighChol"", ""CholCheck"", ""BMI"", ""Smoker"", ""Stroke"", ""HeartDiseaseorAttack"", ""PhysActivity"", ""Fruits"", ""Veggies"", ""HvyAlcoholConsump"", ""AnyHealthcare"", ""NoDocbcCost"", ""GenHlth"", ""MentHlth"", ""PhysHlth"", ""DiffWalk"", ""Sex"", ""Age"", ""Education"", ""Income"", ""id""], ""data"": [[69669, 0.0, 0.0, 1.0, 28.0, 0.0, 0.0, 0.0, 1.0, 0.0, 1.0, 0.0, 1.0, 0.0, 1.0, 0.0, 0.0, 0.0, 1.0, 12.0, 6.0, 5.0, 69669], [69670, 1.0, 0.0, 1.0, 38.0, 0.0, 0.0, 0.0, 0.0, 0.0, 1.0, 0.0, 1.0, 0.0, 4.0, 0.0, 30.0, 0.0, 1.0, 10.0, 5.0, 7.0, 69670], [69673, 1.0, 0.0, 1.0, 22.0, 1.0, 0.0, 1.0, 0.0, 1.0, 1.0, 0.0, 1.0, 0.0, 4.0, 0.0, 0.0, 0.0, 1.0, 11.0, 5.0, 8.0, 69673], [69678, 1.0, 1.0, 1.0, 32.0, 0.0, 0.0, 0.0, 1.0, 0.0, 0.0, 0.0, 1.0, 0.0, 3.0, 5.0, 15.0, 1.0, 1.0, 11.0, 6.0, 5.0, 69678], [69680, 1.0, 1.0, 1.0, 30.0, 1.0, 1.0, 0.0, 0.0, 1.0, 1.0, 0.0, 1.0, 0.0, 3.0, 0.0, 10.0, 1.0, 0.0, 13.0, 4.0, 4.0, 69680], [69681, 0.0, 0.0, 1.0, 24.0, 1.0, 0.0, 0.0, 0.0, 1.0, 1.0, 0.0, 1.0, 0.0, 4.0, 10.0, 10.0, 0.0, 1.0, 13.0, 4.0, 4.0, 69681], [69683, 1.0, 1.0, 1.0, 26.0, 0.0, 0.0, 0.0, 1.0, 1.0, 1.0, 0.0, 1.0, 0.0, 3.0, 0.0, 0.0, 0.0, 1.0, 10.0, 5.0, 6.0, 69683], [69684, 0.0, 0.0, 1.0, 24.0, 1.0, 0.0, 0.0, 1.0, 1.0, 1.0, 0.0, 1.0, 0.0, 3.0, 0.0, 3.0, 1.0, 0.0, 12.0, 5.0, 7.0, 69684], [69685, 1.0, 1.0, 1.0, 26.0, 0.0, 0.0, 0.0, 1.0, 0.0, 1.0, 0.0, 1.0, 1.0, 4.0, 30.0, 5.0, 1.0, 0.0, 12.0, 4.0, 4.0, 69685], [69686, 0.0, 1.0, 1.0, 30.0, 1.0, 0.0, 0.0, 0.0, 0.0, 1.0, 0.0, 1.0, 0.0, 3.0, 0.0, 0.0, 1.0, 1.0, 11.0, 4.0, 7.0, 69686]]}}","{""predictions"": [0.0, 0.0, 0.0, 0.0, 1.0, 0.0, 1.0, 0.0, 0.0, 1.0]}",1,"{""model_name"":""labuser70609094f_monitor_demo4f.default.diabetes_model"",""endpoint_name"":""labuser70609094f_endpoint"",""model_version"":""1""}"
null,6a51358d-1a45-42ea-a4fd-aac2ca5b313c,2024-07-08,1720444929426,200,7,"{""dataframe_split"": {""index"": [29320, 29321, 29322, 29323, 29324, 29325, 29326, 29327, 29328, 29329], ""columns"": [""index"", ""HighBP"", ""HighChol"", ""CholCheck"", ""BMI"", ""Smoker"", ""Stroke"", ""HeartDiseaseorAttack"", ""PhysActivity"", ""Fruits"", ""Veggies"", ""HvyAlcoholConsump"", ""AnyHealthcare"", ""NoDocbcCost"", ""GenHlth"", ""MentHlth"", ""PhysHlth"", ""DiffWalk"", ""Sex"", ""Age"", ""Education"", ""Income"", ""id""], ""data"": [[69853, 1.0, 1.0, 0.0, 30.0, 0.0, 0.0, 0.0, 1.0, 1.0, 1.0, 0.0, 1.0, 0.0, 2.0, 0.0, 1.0, 0.0, 1.0, 10.0, 6.0, 8.0, 69853], [69855, 1.0, 0.0, 1.0, 22.0, 0.0, 0.0, 0.0, 0.0, 0.0, 1.0, 0.0, 1.0, 0.0, 5.0, 0.0, 30.0, 0.0, 0.0, 11.0, 4.0, 1.0, 69855], [69857, 1.0, 1.0, 1.0, 33.0, 0.0, 0.0, 0.0, 0.0, 1.0, 1.0, 0.0, 1.0, 0.0, 4.0, 0.0, 1.0, 0.0, 0.0, 10.0, 4.0, 5.0, 69857], [69858, 0.0, 0.0, 1.0, 39.0, 0.0, 0.0, 1.0, 0.0, 1.0, 1.0, 0.0, 0.0, 0.0, 2.0, 0.0, 0.0, 1.0, 1.0, 12.0, 6.0, 8.0, 69858], [69859, 1.0, 1.0, 1.0, 30.0, 0.0, 0.0, 0.0, 1.0, 1.0, 0.0, 0.0, 0.0, 0.0, 3.0, 14.0, 10.0, 0.0, 1.0, 10.0, 4.0, 3.0, 69859], [69860, 1.0, 1.0, 1.0, 24.0, 0.0, 0.0, 0.0, 0.0, 0.0, 1.0, 0.0, 0.0, 1.0, 4.0, 1.0, 1.0, 0.0, 1.0, 10.0, 6.0, 6.0, 69860], [69863, 0.0, 0.0, 1.0, 22.0, 0.0, 0.0, 0.0, 1.0, 1.0, 1.0, 0.0, 1.0, 0.0, 3.0, 0.0, 0.0, 0.0, 0.0, 11.0, 2.0, 6.0, 69863], [69865, 1.0, 1.0, 1.0, 27.0, 1.0, 0.0, 0.0, 1.0, 1.0, 1.0, 0.0, 1.0, 0.0, 4.0, 0.0, 0.0, 0.0, 1.0, 12.0, 6.0, 8.0, 69865], [69866, 1.0, 0.0, 1.0, 27.0, 1.0, 0.0, 0.0, 0.0, 0.0, 1.0, 0.0, 1.0, 1.0, 2.0, 0.0, 30.0, 0.0, 1.0, 13.0, 5.0, 5.0, 69866], [69867, 0.0, 0.0, 1.0, 39.0, 1.0, 0.0, 1.0, 0.0, 1.0, 1.0, 0.0, 1.0, 0.0, 4.0, 0.0, 30.0, 1.0, 1.0, 11.0, 6.0, 7.0, 69867]]}}","{""predictions"": [0.0, 0.0, 1.0, 0.0, 1.0, 1.0, 0.0, 1.0, 0.0, 1.0]}",1,"{""model_name"":""labuser70609094f_monitor_demo4f.default.diabetes_model"",""endpoint_name"":""labuser70609094f_endpoint"",""model_version"":""1""}"
null,a29ac5ee-23ed-4667-b387-15bd6da04fb1,2024-07-08,1720444930048,200,5,"{""dataframe_split"": {""index"": [29510, 29511, 29512, 29513, 29514, 29515, 29516, 29517, 29518, 29519], ""columns"": [""index"", ""HighBP"", ""HighChol"", ""CholCheck"", ""BMI"", ""Smoker"", ""Stroke"", ""HeartDiseaseorAttack"", ""PhysActivity"", ""Fruits"", ""Veggies"", ""HvyAlcoholConsump"", ""AnyHealthcare"", ""NoDocbcCost"", ""GenHlth"", ""MentHlth"", ""PhysHlth"", ""DiffWalk"", ""Sex"", ""Age"", ""Education"", ""Income"", ""id""], ""data"": [[70222, 1.0, 0.0, 1.0, 27.0, 1.0, 0.0, 0.0, 1.0, 0.0, 1.0, 0.0, 1.0, 0.0, 3.0, 4.0, 0.0, 0.0, 1.0, 12.0, 5.0, 4.0, 70222], [70223, 1.0, 1.0, 1.0, 25.0, 1.0, 0.0, 1.0, 0.0, 0.0, 1.0, 0.0, 1.0, 0.0, 4.0, 0.0, 30.0, 1.0, 1.0, 10.0, 4.0, 5.0, 70223], [70225, 1.0, 0.0, 1.0, 36.0, 1.0, 0.0, 0.0, 1.0, 1.0, 1.0, 0.0, 1.0, 0.0, 4.0, 0.0, 3.0, 0.0, 1.0, 12.0, 6.0, 7.0, 70225], [70226, 1.0, 1.0, 1.0, 24.0, 1.0, 0.0, 0.0, 0.0, 1.0, 1.0, 0.0, 1.0, 0.0, 4.0, 0.0, 2.0, 0.0, 1.0, 13.0, 6.0, 7.0, 70226], [70227, 1.0, 1.0, 1.0, 29.0, 1.0, 0.0, 0.0, 1.0, 0.0, 1.0, 0.0, 1.0, 0.0, 5.0, 0.0, 0.0, 1.0, 0.0, 10.0, 5.0, 4.0, 70227], [70228, 1.0, 1.0, 1.0, 25.0, 1.0, 0.0, 0.0, 0.0, 0.0, 0.0, 0.0, 1.0, 0.0, 4.0, 0.0, 10.0, 1.0, 0.0, 13.0, 2.0, 1.0, 70228], [70230, 1.0, 1.0, 1.0, 25.0, 0.0, 0.0, 0.0, 0.0, 1.0, 1.0, 0.0, 1.0, 0.0, 4.0, 0.0, 0.0, 0.0, 0.0, 13.0, 4.0, 3.0, 70230], [70233, 1.0, 1.0, 1.0, 29.0, 0.0, 0.0, 0.0, 1.0, 1.0, 1.0, 0.0, 1.0, 0.0, 3.0, 0.0, 0.0, 0.0, 0.0, 10.0, 4.0, 3.0, 70233], [70237, 1.0, 0.0, 1.0, 39.0, 1.0, 0.0, 0.0, 0.0, 1.0, 1.0, 0.0, 1.0, 0.0, 5.0, 0.0, 2.0, 1.0, 0.0, 12.0, 6.0, 3.0, 70237], [70238, 0.0, 1.0, 1.0, 28.0, 1.0, 0.0, 0.0, 0.0, 1.0, 1.0, 0.0, 1.0, 0.0, 2.0, 0.0, 0.0, 1.0, 1.0, 10.0, 3.0, 2.0, 70238]]}}","{""predictions"": [0.0, 1.0, 1.0, 1.0, 1.0, 1.0, 1.0, 0.0, 1.0, 0.0]}",1,"{""model_name"":""labuser70609094f_monitor_demo4f.default.diabetes_model"",""endpoint_name"":""labuser70609094f_endpoint"",""model_version"":""1""}"
null,64c83781-2d7a-44f0-aefb-78429c6243fb,2024-07-08,1720444930076,200,4,"{""dataframe_split"": {""index"": [29520, 29521, 29522, 29523, 29524, 29525, 29526, 29527, 29528, 29529], ""columns"": [""index"", ""HighBP"", ""HighChol"", ""CholCheck"", ""BMI"", ""Smoker"", ""Stroke"", ""HeartDiseaseorAttack"", ""PhysActivity"", ""Fruits"", ""Veggies"", ""HvyAlcoholConsump"", ""AnyHealthcare"", ""NoDocbcCost"", ""GenHlth"", ""MentHlth"", ""PhysHlth"", ""DiffWalk"", ""Sex"", ""Age"", ""Education"", ""Income"", ""id""], ""data"": [[70239, 1.0, 0.0, 1.0, 26.0, 0.0, 0.0, 0.0, 1.0, 1.0, 1.0, 0.0, 1.0, 0.0, 4.0, 0.0, 2.0, 0.0, 0.0, 11.0, 4.0, 4.0, 70239], [70240, 1.0, 0.0, 1.0, 35.0, 0.0, 0.0, 1.0, 0.0, 0.0, 1.0, 0.0, 1.0, 0.0, 4.0, 0.0, 7.0, 1.0, 0.0, 10.0, 5.0, 4.0, 70240], [70242, 0.0, 1.0, 1.0, 16.0, 1.0, 1.0, 1.0, 0.0, 1.0, 0.0, 0.0, 1.0, 0.0, 4.0, 0.0, 0.0, 0.0, 0.0, 11.0, 2.0, 1.0, 70242], [70244, 1.0, 0.0, 1.0, 25.0, 1.0, 0.0, 0.0, 1.0, 1.0, 1.0, 0.0, 1.0, 0.0, 4.0, 0.0, 7.0, 0.0, 1.0, 10.0, 3.0, 1.0, 70244], [70246, 1.0, 1.0, 1.0, 24.0, 0.0, 0.0, 0.0, 0.0, 0.0, 0.0, 0.0, 1.0, 0.0, 4.0, 0.0, 14.0, 1.0, 0.0, 10.0, 2.0, 1.0, 70246], [70247, 1.0, 0.0, 1.0, 28.0, 0.0, 0.0, 0.0, 0.0, 0.0, 0.0, 0.0, 1.0, 0.0, 5.0, 0.0, 30.0, 1.0, 0.0, 12.0, 4.0, 2.0, 70247], [70248, 1.0, 1.0, 1.0, 23.0, 1.0, 0.0, 1.0, 1.0, 0.0, 0.0, 0.0, 1.0, 0.0, 4.0, 0.0, 0.0, 0.0, 1.0, 13.0, 4.0, 2.0, 70248], [70253, 1.0, 1.0, 1.0, 32.0, 1.0, 0.0, 0.0, 1.0, 0.0, 1.0, 0.0, 1.0, 0.0, 4.0, 3.0, 7.0, 0.0, 0.0, 10.0, 3.0, 3.0, 70253], [70254, 1.0, 1.0, 1.0, 25.0, 0.0, 0.0, 0.0, 1.0, 0.0, 0.0, 0.0, 1.0, 0.0, 4.0, 0.0, 0.0, 0.0, 0.0, 13.0, 5.0, 2.0, 70254], [70255, 1.0, 1.0, 1.0, 28.0, 1.0, 0.0, 0.0, 0.0, 1.0, 1.0, 0.0, 1.0, 0.0, 4.0, 30.0, 7.0, 1.0, 0.0, 12.0, 6.0, 5.0, 70255]]}}","{""predictions"": [1.0, 1.0, 1.0, 0.0, 1.0, 1.0, 1.0, 0.0, 1.0, 1.0]}",1,"{""model_name"":""labuser70609094f_monitor_demo4f.default.diabetes_model"",""endpoint_name"":""labuser70609094f_endpoint"",""model_version"":""1""}"
null,12a3acb7-8057-4c84-ba16-150cb3694f2a,2024-07-08,1720444930132,200,4,"{""dataframe_split"": {""index"": [29540, 29541, 29542, 29543, 29544, 29545, 29546, 29547, 29548, 29549], ""columns"": [""index"", ""HighBP"", ""HighChol"", ""CholCheck"", ""BMI"", ""Smoker"", ""Stroke"", ""HeartDiseaseorAttack"", ""PhysActivity"", ""Fruits"", ""Veggies"", ""HvyAlcoholConsump"", ""AnyHealthcare"", ""NoDocbcCost"", ""GenHlth"", ""MentHlth"", ""PhysHlth"", ""DiffWalk"", ""Sex"", ""Age"", ""Education"", ""Income"", ""id""], ""data"": [[70274, 1.0, 0.0, 1.0, 30.0, 0.0, 1.0, 1.0, 1.0, 1.0, 1.0, 0.0, 1.0, 0.0, 5.0, 0.0, 30.0, 1.0, 0.0, 11.0, 4.0, 1.0, 70274], [70275, 1.0, 0.0, 1.0, 32.0, 0.0, 0.0, 0.0, 1.0, 0.0, 1.0, 0.0, 1.0, 0.0, 4.0, 0.0, 0.0, 0.0, 1.0, 12.0, 3.0, 1.0, 70275], [70276, 0.0, 0.0, 1.0, 28.0, 0.0, 0.0, 1.0, 0.0, 1.0, 1.0, 1.0, 1.0, 0.0, 4.0, 0.0, 0.0, 1.0, 1.0, 11.0, 4.0, 4.0, 70276], [70278, 1.0, 1.0, 1.0, 28.0, 0.0, 0.0, 1.0, 0.0, 1.0, 0.0, 0.0, 1.0, 0.0, 4.0, 0.0, 0.0, 1.0, 0.0, 13.0, 2.0, 1.0, 70278], [70279, 0.0, 0.0, 1.0, 32.0, 1.0, 0.0, 1.0, 0.0, 1.0, 1.0, 0.0, 1.0, 0.0, 4.0, 0.0, 0.0, 1.0, 0.0, 13.0, 3.0, 1.0, 70279], [70282, 1.0, 1.0, 1.0, 27.0, 0.0, 0.0, 0.0, 1.0, 1.0, 1.0, 0.0, 1.0, 0.0, 4.0, 20.0, 10.0, 1.0, 1.0, 11.0, 6.0, 5.0, 70282], [70284, 1.0, 0.0, 1.0, 26.0, 0.0, 0.0, 0.0, 1.0, 1.0, 1.0, 0.0, 1.0, 0.0, 4.0, 0.0, 0.0, 0.0, 1.0, 12.0, 4.0, 3.0, 70284], [70287, 0.0, 0.0, 1.0, 29.0, 1.0, 0.0, 0.0, 1.0, 0.0, 0.0, 0.0, 1.0, 0.0, 4.0, 0.0, 8.0, 0.0, 1.0, 13.0, 4.0, 4.0, 70287], [70288, 0.0, 0.0, 1.0, 23.0, 1.0, 0.0, 0.0, 1.0, 1.0, 1.0, 0.0, 1.0, 0.0, 4.0, 0.0, 0.0, 0.0, 1.0, 12.0, 2.0, 3.0, 70288], [70289, 1.0, 1.0, 1.0, 21.0, 0.0, 1.0, 1.0, 0.0, 1.0, 1.0, 0.0, 1.0, 0.0, 5.0, 30.0, 0.0, 1.0, 0.0, 13.0, 4.0, 1.0, 70289]]}}","{""predictions"": [0.0, 1.0, 1.0, 1.0, 1.0, 0.0, 1.0, 0.0, 1.0, 1.0]}",1,"{""model_name"":""labuser70609094f_monitor_demo4f.default.diabetes_model"",""endpoint_name"":""labuser70609094f_endpoint"",""model_version"":""1""}"
null,4e956807-9280-450a-abbc-d92b75990c7c,2024-07-08,1720444930162,200,4,"{""dataframe_split"": {""index"": [29550, 29551, 29552, 29553, 29554, 29555, 29556, 29557, 29558, 29559], ""columns"": [""index"", ""HighBP"", ""HighChol"", ""CholCheck"", ""BMI"", ""Smoker"", ""Stroke"", ""HeartDiseaseorAttack"", ""PhysActivity"", ""Fruits"", ""Veggies"", ""HvyAlcoholConsump"", ""AnyHealthcare"", ""NoDocbcCost"", ""GenHlth"", ""MentHlth"", ""PhysHlth"", ""DiffWalk"", ""Sex"", ""Age"", ""Education"", ""Income"", ""id""], ""data"": [[70290, 1.0, 1.0, 1.0, 25.0, 1.0, 0.0, 0.0, 1.0, 0.0, 0.0, 0.0, 1.0, 0.0, 5.0, 0.0, 0.0, 1.0, 0.0, 12.0, 3.0, 2.0, 70290], [70291, 1.0, 1.0, 1.0, 25.0, 0.0, 0.0, 1.0, 1.0, 0.0, 1.0, 0.0, 1.0, 0.0, 3.0, 0.0, 0.0, 0.0, 1.0, 10.0, 2.0, 1.0, 70291], [70292, 0.0, 0.0, 1.0, 22.0, 0.0, 0.0, 1.0, 0.0, 0.0, 1.0, 0.0, 1.0, 0.0, 4.0, 0.0, 2.0, 0.0, 1.0, 11.0, 3.0, 1.0, 70292], [70294, 0.0, 0.0, 1.0, 27.0, 0.0, 0.0, 0.0, 1.0, 1.0, 1.0, 0.0, 1.0, 0.0, 4.0, 0.0, 3.0, 0.0, 0.0, 11.0, 3.0, 2.0, 70294], [70295, 1.0, 1.0, 1.0, 34.0, 1.0, 0.0, 0.0, 1.0, 0.0, 1.0, 0.0, 1.0, 0.0, 1.0, 0.0, 0.0, 1.0, 0.0, 11.0, 4.0, 1.0, 70295], [70296, 1.0, 1.0, 1.0, 30.0, 1.0, 0.0, 1.0, 0.0, 0.0, 1.0, 0.0, 1.0, 0.0, 5.0, 0.0, 30.0, 1.0, 0.0, 13.0, 4.0, 2.0, 70296], [70297, 1.0, 1.0, 1.0, 31.0, 1.0, 0.0, 0.0, 0.0, 1.0, 0.0, 0.0, 1.0, 0.0, 3.0, 0.0, 0.0, 0.0, 1.0, 12.0, 6.0, 7.0, 70297], [70299, 1.0, 0.0, 1.0, 40.0, 0.0, 0.0, 0.0, 0.0, 0.0, 1.0, 0.0, 1.0, 0.0, 4.0, 0.0, 30.0, 1.0, 0.0, 10.0, 6.0, 2.0, 70299], [70300, 1.0, 1.0, 1.0, 31.0, 0.0, 0.0, 0.0, 0.0, 0.0, 1.0, 0.0, 1.0, 0.0, 4.0, 30.0, 30.0, 1.0, 0.0, 10.0, 4.0, 3.0, 70300], [70301, 1.0, 1.0, 1.0, 26.0, 0.0, 0.0, 1.0, 1.0, 0.0, 1.0, 0.0, 1.0, 0.0, 5.0, 0.0, 0.0, 1.0, 0.0, 11.0, 4.0, 4.0, 70301]]}}","{""predictions"": [1.0, 1.0, 0.0, 1.0, 1.0, 1.0, 1.0, 1.0, 0.0, 1.0]}",1,"{""model_name"":""labuser70609094f_monitor_demo4f.default.diabetes_model"",""endpoint_name"":""labuser70609094f_endpoint"",""model_version"":""1""}"
null,56ccef68-6169-46fe-95a4-f191e69f9326,2024-07-08,1720444930188,200,4,"{""dataframe_split"": {""index"": [29560, 29561, 29562, 29563, 29564, 29565, 29566, 29567, 29568, 29569], ""columns"": [""index"", ""HighBP"", ""HighChol"", ""CholCheck"", ""BMI"", ""Smoker"", ""Stroke"", ""HeartDiseaseorAttack"", ""PhysActivity"", ""Fruits"", ""Veggies"", ""HvyAlcoholConsump"", ""AnyHealthcare"", ""NoDocbcCost"", ""GenHlth"", ""MentHlth"", ""PhysHlth"", ""DiffWalk"", ""Sex"", ""Age"", ""Education"", ""Income"", ""id""], ""data"": [[70306, 1.0, 1.0, 1.0, 24.0, 0.0, 0.0, 0.0, 1.0, 1.0, 1.0, 0.0, 1.0, 0.0, 4.0, 0.0, 3.0, 0.0, 1.0, 11.0, 4.0, 5.0, 70306], [70308, 1.0, 0.0, 1.0, 29.0, 0.0, 0.0, 1.0, 0.0, 1.0, 1.0, 0.0, 1.0, 0.0, 5.0, 30.0, 30.0, 1.0, 1.0, 11.0, 2.0, 2.0, 70308], [70309, 1.0, 1.0, 1.0, 26.0, 0.0, 0.0, 0.0, 0.0, 1.0, 1.0, 0.0, 1.0, 0.0, 5.0, 30.0, 30.0, 0.0, 0.0, 11.0, 2.0, 2.0, 70309], [70311, 1.0, 0.0, 1.0, 30.0, 0.0, 0.0, 0.0, 0.0, 1.0, 1.0, 0.0, 1.0, 0.0, 4.0, 0.0, 0.0, 0.0, 0.0, 11.0, 4.0, 3.0, 70311], [70312, 0.0, 1.0, 1.0, 35.0, 0.0, 0.0, 0.0, 0.0, 0.0, 1.0, 0.0, 1.0, 0.0, 4.0, 0.0, 6.0, 1.0, 0.0, 10.0, 6.0, 5.0, 70312], [70313, 1.0, 0.0, 1.0, 26.0, 0.0, 0.0, 0.0, 0.0, 0.0, 1.0, 0.0, 1.0, 0.0, 4.0, 0.0, 0.0, 0.0, 0.0, 13.0, 6.0, 6.0, 70313], [70317, 1.0, 1.0, 1.0, 29.0, 0.0, 1.0, 0.0, 0.0, 0.0, 1.0, 0.0, 1.0, 0.0, 5.0, 7.0, 7.0, 1.0, 1.0, 11.0, 5.0, 4.0, 70317], [70318, 1.0, 1.0, 1.0, 29.0, 1.0, 0.0, 0.0, 0.0, 0.0, 0.0, 0.0, 1.0, 0.0, 4.0, 0.0, 0.0, 1.0, 0.0, 13.0, 2.0, 1.0, 70318], [70319, 1.0, 1.0, 1.0, 25.0, 0.0, 0.0, 0.0, 0.0, 1.0, 1.0, 0.0, 1.0, 0.0, 3.0, 0.0, 0.0, 0.0, 0.0, 13.0, 5.0, 3.0, 70319], [70325, 1.0, 1.0, 1.0, 36.0, 0.0, 0.0, 0.0, 1.0, 1.0, 1.0, 0.0, 1.0, 0.0, 4.0, 0.0, 0.0, 0.0, 0.0, 10.0, 4.0, 1.0, 70325]]}}","{""predictions"": [1.0, 1.0, 0.0, 1.0, 1.0, 0.0, 1.0, 1.0, 1.0, 1.0]}",1,"{""model_name"":""labuser70609094f_monitor_demo4f.default.diabetes_model"",""endpoint_name"":""labuser70609094f_endpoint"",""model_version"":""1""}"
null,a769b1a8-afd3-48f1-9e3d-b408380bfea4,2024-07-08,1720444930420,200,5,"{""dataframe_split"": {""index"": [29640, 29641, 29642, 29643, 29644, 29645, 29646, 29647, 29648, 29649], ""columns"": [""index"", ""HighBP"", ""HighChol"", ""CholCheck"", ""BMI"", ""Smoker"", ""Stroke"", ""HeartDiseaseorAttack"", ""PhysActivity"", ""Fruits"", ""Veggies"", ""HvyAlcoholConsump"", ""AnyHealthcare"", ""NoDocbcCost"", ""GenHlth"", ""MentHlth"", ""PhysHlth"", ""DiffWalk"", ""Sex"", ""Age"", ""Education"", ""Income"", ""id""], ""data"": [[70478, 1.0, 0.0, 1.0, 23.0, 0.0, 0.0, 0.0, 0.0, 0.0, 0.0, 0.0, 1.0, 0.0, 4.0, 0.0, 0.0, 0.0, 1.0, 11.0, 4.0, 2.0, 70478], [70479, 1.0, 0.0, 1.0, 31.0, 0.0, 0.0, 0.0, 0.0, 1.0, 1.0, 0.0, 1.0, 0.0, 5.0, 7.0, 30.0, 1.0, 0.0, 11.0, 4.0, 1.0, 70479], [70488, 1.0, 1.0, 1.0, 33.0, 1.0, 0.0, 1.0, 1.0, 1.0, 1.0, 0.0, 1.0, 0.0, 4.0, 30.0, 0.0, 1.0, 1.0, 11.0, 5.0, 5.0, 70488], [70489, 1.0, 1.0, 1.0, 24.0, 0.0, 0.0, 0.0, 0.0, 0.0, 1.0, 0.0, 1.0, 0.0, 4.0, 0.0, 0.0, 0.0, 0.0, 11.0, 2.0, 1.0, 70489], [70494, 1.0, 1.0, 1.0, 23.0, 1.0, 0.0, 0.0, 1.0, 0.0, 1.0, 1.0, 1.0, 0.0, 3.0, 0.0, 0.0, 0.0, 1.0, 12.0, 5.0, 1.0, 70494], [70505, 1.0, 1.0, 1.0, 39.0, 1.0, 0.0, 0.0, 0.0, 0.0, 1.0, 0.0, 1.0, 0.0, 4.0, 0.0, 21.0, 1.0, 0.0, 10.0, 2.0, 1.0, 70505], [70507, 1.0, 0.0, 1.0, 22.0, 1.0, 0.0, 1.0, 1.0, 0.0, 1.0, 0.0, 1.0, 0.0, 4.0, 0.0, 2.0, 1.0, 0.0, 13.0, 3.0, 2.0, 70507], [70510, 0.0, 1.0, 1.0, 28.0, 0.0, 0.0, 0.0, 1.0, 1.0, 1.0, 0.0, 1.0, 0.0, 3.0, 0.0, 30.0, 1.0, 0.0, 10.0, 6.0, 1.0, 70510], [70512, 1.0, 1.0, 1.0, 24.0, 0.0, 0.0, 0.0, 1.0, 0.0, 1.0, 0.0, 1.0, 0.0, 3.0, 0.0, 0.0, 1.0, 1.0, 12.0, 6.0, 5.0, 70512], [70514, 1.0, 1.0, 1.0, 29.0, 0.0, 0.0, 0.0, 0.0, 0.0, 1.0, 0.0, 1.0, 0.0, 3.0, 0.0, 21.0, 1.0, 0.0, 11.0, 6.0, 4.0, 70514]]}}","{""predictions"": [1.0, 1.0, 0.0, 1.0, 0.0, 1.0, 0.0, 0.0, 1.0, 0.0]}",1,"{""model_name"":""labuser70609094f_monitor_demo4f.default.diabetes_model"",""endpoint_name"":""labuser70609094f_endpoint"",""model_version"":""1""}"
